#{"t_start": 1743548783.7213252, "env_id": "None"}
r,l,t,distance_to_target,collision,reached_goal,target
1030.763632,100,1.630328,0.08056691423180365,False,False,[0.5 0.3 0.3]
856.574686,100,2.152663,0.05204819403248193,False,False,[0.5 0.3 0.3]
847.038671,100,2.725322,0.06914477780643499,False,False,[0.5 0.3 0.3]
1088.279836,100,3.289189,0.06273855616418994,False,False,[0.5 0.3 0.3]
676.163606,100,3.81887,0.06956168611411247,False,False,[0.5 0.3 0.3]
1506.993683,100,4.328341,0.07066474203799511,False,False,[0.5 0.3 0.3]
448.677752,100,4.848025,0.03197396552266361,False,False,[0.5 0.3 0.3]
1278.756844,100,5.380929,0.07704161307528144,False,False,[0.5 0.3 0.3]
654.788856,100,5.886215,0.09030035978699869,False,False,[0.5 0.3 0.3]
1041.540169,100,6.394172,0.08224763936021386,False,False,[0.5 0.3 0.3]
1444.530825,100,6.924027,0.04538572425100212,False,False,[0.5 0.3 0.3]
598.819687,100,7.446192,0.058491067006490274,False,False,[0.5 0.3 0.3]
456.164403,100,7.97537,0.09187694901505912,False,False,[0.5 0.3 0.3]
815.957888,100,8.492082,0.08644129755620955,False,False,[0.5 0.3 0.3]
1250.728846,100,9.012507,0.12416815230796902,False,False,[0.5 0.3 0.3]
602.682868,100,9.540678,0.15815574404739233,False,False,[0.5 0.3 0.3]
1532.665789,100,10.052039,0.06747503172115486,False,False,[0.5 0.3 0.3]
826.774526,100,10.567015,0.13868638261313554,False,False,[0.5 0.3 0.3]
1088.244237,100,11.093067,0.1700232260939076,False,False,[0.5 0.3 0.3]
650.859753,100,11.611456,0.06448688905025975,False,False,[0.5 0.3 0.3]
846.714586,100,12.699471,0.037054588820898425,False,False,[0.5 0.3 0.3]
1051.643887,100,13.230006,0.040206884049010135,False,False,[0.5 0.3 0.3]
858.323431,100,13.747083,0.09139056324889602,False,False,[0.5 0.3 0.3]
629.879496,100,14.27696,0.11731223679141825,False,False,[0.5 0.3 0.3]
1268.337468,100,14.871278,0.04663168287491362,False,False,[0.5 0.3 0.3]
579.738874,100,15.400913,0.11214274458687415,False,False,[0.5 0.3 0.3]
667.738223,100,15.929317,0.0855953526619975,False,False,[0.5 0.3 0.3]
1486.993318,100,16.396308,0.06681155343044146,False,False,[0.5 0.3 0.3]
1489.607318,100,16.888624,0.05896456635571543,False,False,[0.5 0.3 0.3]
1298.044651,100,17.423955,0.059517919558789496,False,False,[0.5 0.3 0.3]
1054.881716,100,17.974015,0.05081935844393445,False,False,[0.5 0.3 0.3]
643.249909,100,18.433998,0.12543396546144156,False,False,[0.5 0.3 0.3]
669.821759,100,18.921425,0.04919998888059267,False,False,[0.5 0.3 0.3]
1016.002305,100,19.386759,0.037449158515301714,False,False,[0.5 0.3 0.3]
1279.415524,100,19.853808,0.09666522872937601,False,False,[0.5 0.3 0.3]
1270.187504,100,20.308008,0.09509491228389808,False,False,[0.5 0.3 0.3]
830.096351,100,20.776346,0.06657134910900696,False,False,[0.5 0.3 0.3]
649.21488,100,21.252659,0.05381168626078068,False,False,[0.5 0.3 0.3]
1267.710783,100,21.709237,0.072042790771759,False,False,[0.5 0.3 0.3]
1068.896898,100,22.174005,0.05023435090838136,False,False,[0.5 0.3 0.3]
393.646946,100,23.152395,0.10655561079129414,False,False,[0.5 0.3 0.3]
1057.388509,100,23.615235,0.031717988327301154,False,False,[0.5 0.3 0.3]
1094.863674,100,24.072873,0.14795702085167411,False,False,[0.5 0.3 0.3]
871.38047,100,24.525575,0.07089393946788919,False,False,[0.5 0.3 0.3]
1255.809338,100,24.990742,0.04031633882406578,False,False,[0.5 0.3 0.3]
1100.826703,100,25.496252,0.13827985906938436,False,False,[0.5 0.3 0.3]
1914.066342,100,25.954664,0.038024074372095824,False,False,[0.5 0.3 0.3]
1075.50721,100,26.413955,0.05837324051332649,False,False,[0.5 0.3 0.3]
1277.249822,100,26.88394,0.10034179589258858,False,False,[0.5 0.3 0.3]
1511.099782,100,27.349182,0.10108966648506139,False,False,[0.5 0.3 0.3]
1066.576753,100,27.823562,0.07254541048034589,False,False,[0.5 0.3 0.3]
668.582627,100,28.29126,0.02248074195458761,False,False,[0.5 0.3 0.3]
862.550901,100,28.745306,0.03789359871970245,False,False,[0.5 0.3 0.3]
452.044256,100,29.208869,0.05806690118708926,False,False,[0.5 0.3 0.3]
1485.869991,100,29.67298,0.11518799743432787,False,False,[0.5 0.3 0.3]
842.992399,100,30.131253,0.08536543606445997,False,False,[0.5 0.3 0.3]
1063.596592,100,30.579862,0.12369239222045227,False,False,[0.5 0.3 0.3]
655.889438,100,31.038049,0.05041934053097326,False,False,[0.5 0.3 0.3]
871.053626,100,31.500727,0.1099192487048284,False,False,[0.5 0.3 0.3]
1266.25717,100,31.995493,0.19202186467217613,False,False,[0.5 0.3 0.3]
1490.613382,100,32.508684,0.010424117703469179,False,False,[0.5 0.3 0.3]
672.293865,100,33.55205,0.058836995055898934,False,False,[0.5 0.3 0.3]
1309.371033,100,34.086583,0.14614082938774792,False,False,[0.5 0.3 0.3]
657.925494,100,34.60883,0.04580604098832458,False,False,[0.5 0.3 0.3]
1891.925687,100,35.117185,0.04178723326293842,False,False,[0.5 0.3 0.3]
1084.463561,100,35.620046,0.078518009312099,False,False,[0.5 0.3 0.3]
879.556129,100,36.123225,0.0849583092411357,False,False,[0.5 0.3 0.3]
841.310357,100,36.641266,0.09395063725493465,False,False,[0.5 0.3 0.3]
618.309632,100,37.157754,0.10136449964875566,False,False,[0.5 0.3 0.3]
649.915534,100,37.670147,0.08436450990230386,False,False,[0.5 0.3 0.3]
684.234048,100,38.188515,0.03810529162179846,False,False,[0.5 0.3 0.3]
1275.567612,100,38.694426,0.03921690505896462,False,False,[0.5 0.3 0.3]
1111.357933,100,39.182508,0.05619407123224818,False,False,[0.5 0.3 0.3]
1065.801902,100,39.690193,0.04385607302636756,False,False,[0.5 0.3 0.3]
1701.962285,100,40.20185,0.08635933159426683,False,False,[0.5 0.3 0.3]
1074.685409,100,40.71488,0.05304993027567386,False,False,[0.5 0.3 0.3]
897.535713,100,41.26175,0.13893816299720785,False,False,[0.5 0.3 0.3]
1302.570072,100,41.774172,0.0746966880006839,False,False,[0.5 0.3 0.3]
1286.733544,100,42.293152,0.09648748705204875,False,False,[0.5 0.3 0.3]
1297.287349,100,42.799694,0.03837718399019721,False,False,[0.5 0.3 0.3]
878.537184,100,43.321586,0.07068435497036575,False,False,[0.5 0.3 0.3]
640.85289,100,44.358807,0.10305800246985973,False,False,[0.5 0.3 0.3]
1694.00945,100,44.862379,0.11663023607464428,False,False,[0.5 0.3 0.3]
2126.854729,100,45.383007,0.055011966036959285,False,False,[0.5 0.3 0.3]
617.423846,100,45.902363,0.08737322123775197,False,False,[0.5 0.3 0.3]
1263.624843,100,46.416482,0.099849452941772,False,False,[0.5 0.3 0.3]
403.467764,100,46.923731,0.13216615326873954,False,False,[0.5 0.3 0.3]
423.722768,100,47.39478,0.13137240191585958,False,False,[0.5 0.3 0.3]
868.295561,100,47.859399,0.06890018522969694,False,False,[0.5 0.3 0.3]
1043.461795,100,48.368195,0.030523380858596225,False,False,[0.5 0.3 0.3]
1488.981207,100,48.864904,0.0630266321256207,False,False,[0.5 0.3 0.3]
853.904367,100,49.336829,0.12608117018484763,False,False,[0.5 0.3 0.3]
1056.366248,100,49.802358,0.08485133985227232,False,False,[0.5 0.3 0.3]
1085.190707,100,50.279924,0.08904840190856209,False,False,[0.5 0.3 0.3]
647.319208,100,50.758242,0.053379300699098936,False,False,[0.5 0.3 0.3]
1266.701868,100,51.21983,0.0932640559587985,False,False,[0.5 0.3 0.3]
1289.750933,100,51.680696,0.1298525100991134,False,False,[0.5 0.3 0.3]
861.768125,100,52.159057,0.1344202559260664,False,False,[0.5 0.3 0.3]
1051.323459,100,52.62308,0.0876380978437933,False,False,[0.5 0.3 0.3]
432.427771,100,53.104787,0.10337381357406929,False,False,[0.5 0.3 0.3]
1487.577123,100,53.579487,0.05904571938353357,False,False,[0.5 0.3 0.3]
1061.972477,100,54.051956,0.12340415003065756,False,False,[0.5 0.3 0.3]
1897.361294,100,55.025753,0.04501856618763997,False,False,[0.5 0.3 0.3]
1284.333633,100,55.503299,0.0680166654749333,False,False,[0.5 0.3 0.3]
1245.638343,100,55.958333,0.09814622233342209,False,False,[0.5 0.3 0.3]
1520.299595,100,56.410279,0.11765671624393682,False,False,[0.5 0.3 0.3]
1089.678745,100,56.865466,0.030856203789850427,False,False,[0.5 0.3 0.3]
666.137142,100,57.327758,0.07792777211134826,False,False,[0.5 0.3 0.3]
876.275866,100,57.798803,0.11560525613082295,False,False,[0.5 0.3 0.3]
1049.423446,100,58.267111,0.054987444053779824,False,False,[0.5 0.3 0.3]
1093.28171,100,58.732136,0.09049757906743174,False,False,[0.5 0.3 0.3]
1737.750832,100,59.196524,0.03638280934713761,False,False,[0.5 0.3 0.3]
1057.006754,100,59.684027,0.10022875654769775,False,False,[0.5 0.3 0.3]
882.941016,100,60.154638,0.03152883214411291,False,False,[0.5 0.3 0.3]
694.010279,100,60.612681,0.05214157901162522,False,False,[0.5 0.3 0.3]
681.812263,100,61.090154,0.06671607917194523,False,False,[0.5 0.3 0.3]
675.346287,100,61.562779,0.04515877074056645,False,False,[0.5 0.3 0.3]
851.726146,100,62.029266,0.05854740052444763,False,False,[0.5 0.3 0.3]
1474.322132,100,62.506579,0.1143836024031262,False,False,[0.5 0.3 0.3]
1682.155299,100,62.962027,0.036487660657938695,False,False,[0.5 0.3 0.3]
840.991911,100,63.42738,0.044886474225412275,False,False,[0.5 0.3 0.3]
648.275379,100,63.876801,0.03730851642301608,False,False,[0.5 0.3 0.3]
1076.014258,100,64.8668,0.03525810321328887,False,False,[0.5 0.3 0.3]
1318.266607,100,65.329685,0.07577227472694142,False,False,[0.5 0.3 0.3]
1492.336342,100,65.80268,0.04494782467880143,False,False,[0.5 0.3 0.3]
1706.444983,100,66.265389,0.1189146706833933,False,False,[0.5 0.3 0.3]
891.982286,100,66.729599,0.05202591111137827,False,False,[0.5 0.3 0.3]
2124.886153,100,67.192887,0.11077042366400867,False,False,[0.5 0.3 0.3]
673.760242,100,67.665932,0.05608342592874588,False,False,[0.5 0.3 0.3]
846.621829,100,68.124088,0.02061772605718503,False,False,[0.5 0.3 0.3]
1716.948821,100,68.590098,0.04624777079565261,False,False,[0.5 0.3 0.3]
846.085158,100,69.071367,0.09523137874958458,False,False,[0.5 0.3 0.3]
1876.042054,87,69.485017,0.016767816938738394,False,True,[0.5 0.3 0.3]
905.938949,100,69.95295,0.10274841849906133,False,False,[0.5 0.3 0.3]
1286.950914,100,70.418202,0.03919274346024032,False,False,[0.5 0.3 0.3]
905.145388,100,70.882783,0.07998986967142796,False,False,[0.5 0.3 0.3]
1080.445729,100,71.350737,0.04797735139081898,False,False,[0.5 0.3 0.3]
1495.450408,100,71.810611,0.14190763876240495,False,False,[0.5 0.3 0.3]
1065.747222,100,72.275836,0.07737252606583409,False,False,[0.5 0.3 0.3]
1302.798907,100,72.730131,0.05226025195060971,False,False,[0.5 0.3 0.3]
1482.849365,100,73.197387,0.06502391830624342,False,False,[0.5 0.3 0.3]
666.689384,100,73.665157,0.09567319269746334,False,False,[0.5 0.3 0.3]
1256.425047,100,74.119913,0.10607657170202021,False,False,[0.5 0.3 0.3]
668.993402,100,75.101952,0.06013751529266153,False,False,[0.5 0.3 0.3]
871.317005,100,75.572851,0.03875120170560877,False,False,[0.5 0.3 0.3]
1905.309005,82,75.980985,0.016204849978440166,False,True,[0.5 0.3 0.3]
1482.820934,100,76.453629,0.09986091527813201,False,False,[0.5 0.3 0.3]
1277.293336,100,76.921487,0.07597631064702404,False,False,[0.5 0.3 0.3]
1495.779762,100,77.400067,0.1391118500294902,False,False,[0.5 0.3 0.3]
1499.072352,100,77.865725,0.08959892738971832,False,False,[0.5 0.3 0.3]
1102.127925,100,78.332435,0.10566591345577653,False,False,[0.5 0.3 0.3]
1089.30989,100,78.790971,0.06974943772264137,False,False,[0.5 0.3 0.3]
401.957305,100,79.259848,0.11083462883378815,False,False,[0.5 0.3 0.3]
1294.479383,100,79.707114,0.05497006142648271,False,False,[0.5 0.3 0.3]
1509.745294,100,80.172898,0.04580978483457624,False,False,[0.5 0.3 0.3]
1291.743552,100,80.639326,0.07557628025735141,False,False,[0.5 0.3 0.3]
2153.569842,100,81.100751,0.060379050896073254,False,False,[0.5 0.3 0.3]
1882.622692,100,81.564783,0.11384276895022091,False,False,[0.5 0.3 0.3]
1067.53078,100,82.029764,0.08790100712134152,False,False,[0.5 0.3 0.3]
643.445621,100,82.475375,0.05660232715614019,False,False,[0.5 0.3 0.3]
1725.029992,100,82.943822,0.06125184540542602,False,False,[0.5 0.3 0.3]
447.421702,100,83.397717,0.07036223855828201,False,False,[0.5 0.3 0.3]
854.921853,100,83.864535,0.12295898547548048,False,False,[0.5 0.3 0.3]
1700.03091,100,84.332903,0.07822675583597966,False,False,[0.5 0.3 0.3]
928.850423,100,85.301873,0.0626013282763739,False,False,[0.5 0.3 0.3]
461.66016,100,85.767267,0.1309798740332667,False,False,[0.5 0.3 0.3]
871.00666,100,86.247456,0.07039105416321514,False,False,[0.5 0.3 0.3]
849.065705,100,86.715925,0.06959421949433252,False,False,[0.5 0.3 0.3]
646.802376,100,87.174111,0.0781161104142062,False,False,[0.5 0.3 0.3]
638.230254,100,87.623548,0.07594784720596137,False,False,[0.5 0.3 0.3]
1289.941489,100,88.09742,0.12017309640649558,False,False,[0.5 0.3 0.3]
1464.652167,100,88.559115,0.04508275953591967,False,False,[0.5 0.3 0.3]
1083.047034,100,89.004435,0.06647813360450655,False,False,[0.5 0.3 0.3]
1696.422904,100,89.476113,0.034746973807324104,False,False,[0.5 0.3 0.3]
434.674315,100,89.943347,0.09511893233051805,False,False,[0.5 0.3 0.3]
1298.784167,100,90.403916,0.05257365572166682,False,False,[0.5 0.3 0.3]
2094.730868,100,90.870881,0.016948097984266976,False,False,[0.5 0.3 0.3]
1473.644996,100,91.335533,0.08793766833297562,False,False,[0.5 0.3 0.3]
1679.793138,100,91.787285,0.15571047617092776,False,False,[0.5 0.3 0.3]
1142.153103,100,92.260877,0.05800932425680972,False,False,[0.5 0.3 0.3]
1488.143804,100,92.733319,0.033474114076255314,False,False,[0.5 0.3 0.3]
1459.599309,100,93.22385,0.034136976682302124,False,False,[0.5 0.3 0.3]
1245.620405,100,93.683899,0.07206860714575927,False,False,[0.5 0.3 0.3]
641.095359,100,94.150624,0.12297209148209985,False,False,[0.5 0.3 0.3]
460.987785,100,95.106472,0.0525687742906703,False,False,[0.5 0.3 0.3]
882.151284,100,95.566381,0.09292557997479388,False,False,[0.5 0.3 0.3]
1267.777634,100,96.039234,0.09676308973981024,False,False,[0.5 0.3 0.3]
1282.189467,100,96.508564,0.06422735653748171,False,False,[0.5 0.3 0.3]
1093.956152,100,96.97272,0.09358430516167218,False,False,[0.5 0.3 0.3]
1491.890513,100,97.437887,0.05563796920628856,False,False,[0.5 0.3 0.3]
1459.358969,100,97.882483,0.04262294015055301,False,False,[0.5 0.3 0.3]
1102.219536,100,98.354711,0.0775183518327739,False,False,[0.5 0.3 0.3]
1514.886081,100,98.829074,0.10680190542662653,False,False,[0.5 0.3 0.3]
665.855959,100,99.298287,0.060732392157386926,False,False,[0.5 0.3 0.3]
690.512403,100,99.760435,0.0661834227695261,False,False,[0.5 0.3 0.3]
423.449189,100,100.231795,0.06269512901876015,False,False,[0.5 0.3 0.3]
617.466252,100,100.689624,0.08069506501935919,False,False,[0.5 0.3 0.3]
2128.313115,100,101.149935,0.08264120969470061,False,False,[0.5 0.3 0.3]
1111.292652,100,101.62461,0.0856027996732441,False,False,[0.5 0.3 0.3]
1713.501774,100,102.100501,0.036105100756507726,False,False,[0.5 0.3 0.3]
1500.217222,100,102.550603,0.15627261597541323,False,False,[0.5 0.3 0.3]
1919.810009,100,103.030155,0.04151168381697119,False,False,[0.5 0.3 0.3]
852.403492,100,103.490517,0.0339799195495088,False,False,[0.5 0.3 0.3]
458.39957,100,103.963537,0.05523558374778467,False,False,[0.5 0.3 0.3]
1077.606771,100,104.42966,0.10279416750018858,False,False,[0.5 0.3 0.3]
894.987229,100,105.427778,0.06607645717682659,False,False,[0.5 0.3 0.3]
1302.415043,100,105.887675,0.07263775214597568,False,False,[0.5 0.3 0.3]
1490.938073,100,106.363005,0.096180686300475,False,False,[0.5 0.3 0.3]
655.963031,100,106.828948,0.09497518738445468,False,False,[0.5 0.3 0.3]
863.936452,100,107.287904,0.11625522261380974,False,False,[0.5 0.3 0.3]
2138.263586,79,107.683014,0.03514801218930166,False,True,[0.5 0.3 0.3]
1098.043156,100,108.150929,0.032986936182429163,False,False,[0.5 0.3 0.3]
887.804812,100,108.609421,0.04156869603589533,False,False,[0.5 0.3 0.3]
906.926744,100,109.081987,0.09502358273090139,False,False,[0.5 0.3 0.3]
933.840312,100,109.54586,0.0337654023652496,False,False,[0.5 0.3 0.3]
1099.0295,100,110.017621,0.0525640039889527,False,False,[0.5 0.3 0.3]
1098.66767,100,110.480758,0.07168594469223016,False,False,[0.5 0.3 0.3]
873.155622,100,110.948931,0.050048930621841556,False,False,[0.5 0.3 0.3]
659.200384,100,111.407986,0.10709809264136709,False,False,[0.5 0.3 0.3]
1100.637263,100,111.870801,0.04351120818570347,False,False,[0.5 0.3 0.3]
1505.701413,100,112.330227,0.06954688104734524,False,False,[0.5 0.3 0.3]
2332.744525,100,112.789794,0.06834563983618218,False,False,[0.5 0.3 0.3]
1295.774221,100,113.251985,0.07703460268874694,False,False,[0.5 0.3 0.3]
1100.36666,100,113.71786,0.09312657090785795,False,False,[0.5 0.3 0.3]
664.721572,100,114.175829,0.09000549634199595,False,False,[0.5 0.3 0.3]
690.280849,100,115.132015,0.05064074954479071,False,False,[0.5 0.3 0.3]
1076.783253,100,115.611421,0.06240891447460704,False,False,[0.5 0.3 0.3]
1477.419056,100,116.082287,0.07715776355950717,False,False,[0.5 0.3 0.3]
696.615926,100,116.538842,0.06305370185289935,False,False,[0.5 0.3 0.3]
864.861337,100,117.00718,0.07062864666822345,False,False,[0.5 0.3 0.3]
444.62385,100,117.464042,0.13605690600249717,False,False,[0.5 0.3 0.3]
1309.350115,100,117.907436,0.11016142070985077,False,False,[0.5 0.3 0.3]
865.534233,100,118.376143,0.12763234287245112,False,False,[0.5 0.3 0.3]
1285.775342,100,118.867589,0.08384418911273599,False,False,[0.5 0.3 0.3]
1312.78679,100,119.326109,0.06392969646364298,False,False,[0.5 0.3 0.3]
634.825013,100,119.787632,0.1365498513581854,False,False,[0.5 0.3 0.3]
1031.979317,100,120.246481,0.11312272758929086,False,False,[0.5 0.3 0.3]
852.715444,100,120.712072,0.08810453968828312,False,False,[0.5 0.3 0.3]
1076.031095,100,121.18984,0.08246121194687765,False,False,[0.5 0.3 0.3]
863.914804,100,121.656273,0.030896497302624386,False,False,[0.5 0.3 0.3]
1501.927416,100,122.116536,0.011479277639707115,False,False,[0.5 0.3 0.3]
910.216493,100,122.571693,0.07496835780988113,False,False,[0.5 0.3 0.3]
1250.975928,100,123.033413,0.04105423109172147,False,False,[0.5 0.3 0.3]
1304.578724,100,123.477419,0.08836110276411913,False,False,[0.5 0.3 0.3]
892.641998,100,123.93741,0.08004378939214814,False,False,[0.5 0.3 0.3]
1115.200116,100,124.405377,0.07381775280825566,False,False,[0.5 0.3 0.3]
1267.320007,100,125.39498,0.09038191678247752,False,False,[0.5 0.3 0.3]
896.314027,100,125.850047,0.09898769263290658,False,False,[0.5 0.3 0.3]
1076.672289,100,126.313457,0.09510613627817374,False,False,[0.5 0.3 0.3]
1337.192519,100,126.772366,0.030895411822643326,False,False,[0.5 0.3 0.3]
1507.71264,100,127.246186,0.12787963355719337,False,False,[0.5 0.3 0.3]
1314.952001,100,127.743923,0.1291659492463136,False,False,[0.5 0.3 0.3]
1116.873001,100,128.197439,0.04393445691630238,False,False,[0.5 0.3 0.3]
1118.019395,100,128.668701,0.06719569200017499,False,False,[0.5 0.3 0.3]
1048.059158,100,129.126598,0.06364701905026258,False,False,[0.5 0.3 0.3]
1684.332844,100,129.587522,0.06993381909336518,False,False,[0.5 0.3 0.3]
1083.594415,100,130.047827,0.0815277758308502,False,False,[0.5 0.3 0.3]
1312.116426,100,130.518325,0.11142247860605102,False,False,[0.5 0.3 0.3]
1267.857976,100,130.987242,0.06751666809073545,False,False,[0.5 0.3 0.3]
1287.003848,100,131.454405,0.0818450843913736,False,False,[0.5 0.3 0.3]
1073.477368,100,131.92613,0.08435344812841038,False,False,[0.5 0.3 0.3]
1719.371791,100,132.384326,0.05826692495956827,False,False,[0.5 0.3 0.3]
888.936577,100,132.843728,0.0652035587333605,False,False,[0.5 0.3 0.3]
1759.325069,100,133.304543,0.09829422179974831,False,False,[0.5 0.3 0.3]
883.04689,100,133.775863,0.10265905572251188,False,False,[0.5 0.3 0.3]
942.10163,100,134.237474,0.07326224426562969,False,False,[0.5 0.3 0.3]
1097.168044,100,135.227285,0.0876892065643895,False,False,[0.5 0.3 0.3]
880.365514,100,135.68985,0.0897143380808407,False,False,[0.5 0.3 0.3]
1305.904102,100,136.17341,0.05180335024894895,False,False,[0.5 0.3 0.3]
693.562541,100,136.636404,0.02604510443032889,False,False,[0.5 0.3 0.3]
1287.873537,100,137.110688,0.02337741433675915,False,False,[0.5 0.3 0.3]
1302.280871,100,137.581579,0.08559744235467204,False,False,[0.5 0.3 0.3]
2308.762301,100,138.043133,0.028369747148635514,False,False,[0.5 0.3 0.3]
1480.292314,100,138.50876,0.14936801176931525,False,False,[0.5 0.3 0.3]
490.472501,100,138.979201,0.08027040500490042,False,False,[0.5 0.3 0.3]
1109.86941,100,139.451588,0.06823640491370109,False,False,[0.5 0.3 0.3]
854.357485,100,139.921905,0.0875347140495567,False,False,[0.5 0.3 0.3]
1722.894967,100,140.384422,0.09711184578993624,False,False,[0.5 0.3 0.3]
1523.776229,100,140.855167,0.030011276371847688,False,False,[0.5 0.3 0.3]
874.724806,100,141.324759,0.09481879624448901,False,False,[0.5 0.3 0.3]
888.78322,100,141.780214,0.08208164254003403,False,False,[0.5 0.3 0.3]
877.026361,100,142.243887,0.08040350283723405,False,False,[0.5 0.3 0.3]
1069.927589,100,142.7128,0.0906907932876985,False,False,[0.5 0.3 0.3]
1099.71015,100,143.184466,0.12578327986292548,False,False,[0.5 0.3 0.3]
1495.221884,100,143.66147,0.026525226934065168,False,False,[0.5 0.3 0.3]
1500.573625,100,144.105514,0.041157010978024045,False,False,[0.5 0.3 0.3]
1078.947527,100,144.580387,0.12449317223153751,False,False,[0.5 0.3 0.3]
1130.63649,100,145.572599,0.03887894559619661,False,False,[0.5 0.3 0.3]
1501.144137,100,146.026397,0.056488657806246866,False,False,[0.5 0.3 0.3]
1318.057712,100,146.480019,0.10008803639591635,False,False,[0.5 0.3 0.3]
1686.739069,100,146.949789,0.09525805168969137,False,False,[0.5 0.3 0.3]
1092.03902,100,147.416824,0.14761418218279318,False,False,[0.5 0.3 0.3]
1525.781279,100,147.886609,0.04744870869385277,False,False,[0.5 0.3 0.3]
442.880573,100,148.344337,0.13034584298073582,False,False,[0.5 0.3 0.3]
884.565873,100,148.824381,0.10723138886869055,False,False,[0.5 0.3 0.3]
1717.832579,100,149.296373,0.014037715198433404,False,False,[0.5 0.3 0.3]
857.080085,100,149.772079,0.08967327448411892,False,False,[0.5 0.3 0.3]
858.276225,100,150.239004,0.07186928094796002,False,False,[0.5 0.3 0.3]
1299.075302,100,150.714113,0.10376571967071667,False,False,[0.5 0.3 0.3]
1506.685354,100,151.173835,0.058563439992846265,False,False,[0.5 0.3 0.3]
1303.922664,100,151.647396,0.08111161623606451,False,False,[0.5 0.3 0.3]
1083.420548,100,152.118821,0.027493766964050894,False,False,[0.5 0.3 0.3]
1320.01562,100,152.603503,0.06468961846316028,False,False,[0.5 0.3 0.3]
1726.866549,100,153.078333,0.09009440562634317,False,False,[0.5 0.3 0.3]
2110.661876,100,153.552797,0.07742077240315046,False,False,[0.5 0.3 0.3]
673.189086,100,154.020823,0.07679728345560807,False,False,[0.5 0.3 0.3]
1061.624647,100,154.489637,0.06414084919991331,False,False,[0.5 0.3 0.3]
1065.064347,100,155.494357,0.06803455918011014,False,False,[0.5 0.3 0.3]
1250.316831,100,155.957521,0.08815020602496444,False,False,[0.5 0.3 0.3]
633.691512,100,156.429997,0.11139287671762846,False,False,[0.5 0.3 0.3]
1689.893092,100,156.88729,0.06726425361148776,False,False,[0.5 0.3 0.3]
1697.483404,100,157.35439,0.10329227603523392,False,False,[0.5 0.3 0.3]
689.629389,100,157.810857,0.0963299340192442,False,False,[0.5 0.3 0.3]
1756.977352,100,158.272906,0.12279312131764106,False,False,[0.5 0.3 0.3]
1116.284289,100,158.734814,0.07978670433743287,False,False,[0.5 0.3 0.3]
1115.338105,100,159.205172,0.051218998919952255,False,False,[0.5 0.3 0.3]
913.281101,100,159.666031,0.1097133585060141,False,False,[0.5 0.3 0.3]
458.485009,100,160.133461,0.07480973206390538,False,False,[0.5 0.3 0.3]
1708.412278,100,160.60495,0.063771831013918,False,False,[0.5 0.3 0.3]
879.438231,100,161.087214,0.08675575650414843,False,False,[0.5 0.3 0.3]
1332.169786,100,161.548613,0.08804545484581672,False,False,[0.5 0.3 0.3]
1113.743513,100,162.022659,0.06190386697402927,False,False,[0.5 0.3 0.3]
1326.7621,100,162.479802,0.03176725421672005,False,False,[0.5 0.3 0.3]
683.400875,100,162.959242,0.052744282079072106,False,False,[0.5 0.3 0.3]
1742.681761,100,163.419496,0.04626937465498375,False,False,[0.5 0.3 0.3]
1951.046942,100,163.886423,0.028022101803154786,False,False,[0.5 0.3 0.3]
2129.536832,100,164.362823,0.10652673214578508,False,False,[0.5 0.3 0.3]
856.922127,100,164.816625,0.05320774337995281,False,False,[0.5 0.3 0.3]
1918.744852,100,165.81625,0.040854017248566826,False,False,[0.5 0.3 0.3]
1538.674364,100,166.280986,0.049080381564731004,False,False,[0.5 0.3 0.3]
1709.623031,100,166.741489,0.03738676230958807,False,False,[0.5 0.3 0.3]
1364.279003,100,167.218064,0.06436813827047265,False,False,[0.5 0.3 0.3]
1653.506393,100,167.685565,0.07276716813181729,False,False,[0.5 0.3 0.3]
1514.989609,100,168.153142,0.034274926745649116,False,False,[0.5 0.3 0.3]
1347.160155,100,168.610814,0.04445000254111568,False,False,[0.5 0.3 0.3]
715.216655,100,169.079572,0.11615208784398844,False,False,[0.5 0.3 0.3]
395.202189,100,169.553331,0.04256185889540397,False,False,[0.5 0.3 0.3]
1490.430263,100,170.03545,0.10240134795026332,False,False,[0.5 0.3 0.3]
1684.6245,100,170.509498,0.05236433077461901,False,False,[0.5 0.3 0.3]
1724.597394,100,170.97487,0.03514224506076593,False,False,[0.5 0.3 0.3]
1092.509442,100,171.446593,0.05441287850284393,False,False,[0.5 0.3 0.3]
426.929185,100,171.917598,0.07814003301746635,False,False,[0.5 0.3 0.3]
1096.389268,100,172.377403,0.03346515641047227,False,False,[0.5 0.3 0.3]
1513.236049,100,172.838596,0.051458618839387286,False,False,[0.5 0.3 0.3]
1710.410309,100,173.30547,0.03140072061597671,False,False,[0.5 0.3 0.3]
1048.704234,100,173.778507,0.03657367281406159,False,False,[0.5 0.3 0.3]
2562.662341,100,174.226459,0.06630206784707271,False,False,[0.5 0.3 0.3]
711.55394,100,174.695069,0.1264120715325561,False,False,[0.5 0.3 0.3]
882.624216,100,175.700393,0.090056294296967,False,False,[0.5 0.3 0.3]
1711.639501,100,176.166313,0.052524386748044986,False,False,[0.5 0.3 0.3]
2140.515804,100,176.620164,0.07155583686477174,False,False,[0.5 0.3 0.3]
890.480569,100,177.094781,0.05563180093754114,False,False,[0.5 0.3 0.3]
1715.267505,100,177.550051,0.06871377223816341,False,False,[0.5 0.3 0.3]
893.217269,100,178.049576,0.05871278154542433,False,False,[0.5 0.3 0.3]
1733.57243,100,178.527734,0.06998201932523061,False,False,[0.5 0.3 0.3]
877.277166,100,178.996343,0.047384419190382776,False,False,[0.5 0.3 0.3]
1290.864723,100,179.460282,0.0153920343541444,False,False,[0.5 0.3 0.3]
1271.170576,100,179.937424,0.01615453744453353,False,False,[0.5 0.3 0.3]
864.268017,100,180.389313,0.04023840887144538,False,False,[0.5 0.3 0.3]
880.029108,100,180.856724,0.10633582410969136,False,False,[0.5 0.3 0.3]
1058.263965,100,181.339803,0.10888933263351458,False,False,[0.5 0.3 0.3]
1534.533424,100,181.798158,0.14613994825945878,False,False,[0.5 0.3 0.3]
889.600635,100,182.275804,0.04988594255251203,False,False,[0.5 0.3 0.3]
1707.555932,100,182.748925,0.08988509196089217,False,False,[0.5 0.3 0.3]
2143.841053,100,183.209524,0.08731226502522121,False,False,[0.5 0.3 0.3]
710.525388,100,183.662411,0.029774036830017628,False,False,[0.5 0.3 0.3]
669.652476,100,184.131694,0.055206796797760194,False,False,[0.5 0.3 0.3]
1337.009631,100,184.599377,0.05784622433074407,False,False,[0.5 0.3 0.3]
1289.030297,100,185.054815,0.04693860161352527,False,False,[0.5 0.3 0.3]
1104.023222,100,186.063437,0.018965883539261444,False,False,[0.5 0.3 0.3]
1310.928865,100,186.519636,0.09188231067786769,False,False,[0.5 0.3 0.3]
878.845778,100,186.977721,0.06342798675630322,False,False,[0.5 0.3 0.3]
1546.12381,100,187.455129,0.04927427668819777,False,False,[0.5 0.3 0.3]
1073.811526,100,187.917474,0.08041105634453803,False,False,[0.5 0.3 0.3]
463.823243,100,188.376977,0.023458946821099152,False,False,[0.5 0.3 0.3]
1127.565398,100,188.842555,0.12434363349048144,False,False,[0.5 0.3 0.3]
1333.394212,100,189.303967,0.08127703256963141,False,False,[0.5 0.3 0.3]
1338.414365,100,189.774955,0.06948255524498806,False,False,[0.5 0.3 0.3]
885.534237,100,190.244693,0.07078025906755835,False,False,[0.5 0.3 0.3]
1352.755845,100,190.712751,0.119984811549812,False,False,[0.5 0.3 0.3]
1322.547894,100,191.199456,0.15425321395989447,False,False,[0.5 0.3 0.3]
1309.246926,100,191.664832,0.05714330220403091,False,False,[0.5 0.3 0.3]
1522.399095,100,192.133861,0.10966976414247458,False,False,[0.5 0.3 0.3]
1684.952325,100,192.598116,0.09169755337917665,False,False,[0.5 0.3 0.3]
1488.247367,100,193.063972,0.0981145926096473,False,False,[0.5 0.3 0.3]
663.164644,100,193.538033,0.06550193574886898,False,False,[0.5 0.3 0.3]
1069.566509,100,194.018566,0.10039493199660769,False,False,[0.5 0.3 0.3]
920.844537,100,194.480872,0.0318378093664386,False,False,[0.5 0.3 0.3]
1322.44018,100,194.949612,0.04109193551183337,False,False,[0.5 0.3 0.3]
1883.483846,100,195.96425,0.030473829980850412,False,False,[0.5 0.3 0.3]
2143.655111,100,196.428654,0.05589581773028135,False,False,[0.5 0.3 0.3]
1764.502432,100,196.900267,0.06313372063872215,False,False,[0.5 0.3 0.3]
1521.819088,100,197.364589,0.07532098259726475,False,False,[0.5 0.3 0.3]
494.799634,100,197.824609,0.13125531763990952,False,False,[0.5 0.3 0.3]
1512.584764,100,198.29802,0.040573953738170944,False,False,[0.5 0.3 0.3]
1127.183739,100,198.75677,0.047791135418509045,False,False,[0.5 0.3 0.3]
3392.365175,100,199.211894,0.06359625100006451,False,False,[0.5 0.3 0.3]
436.596601,100,199.677957,0.11549870529711523,False,False,[0.5 0.3 0.3]
1916.12045,100,200.147589,0.05371202873601489,False,False,[0.5 0.3 0.3]
1734.968102,100,200.614643,0.12142689624497105,False,False,[0.5 0.3 0.3]
1304.439895,100,201.086062,0.053148208653721954,False,False,[0.5 0.3 0.3]
1315.959572,100,201.565431,0.046980109900294616,False,False,[0.5 0.3 0.3]
1302.021187,100,202.034269,0.04124125928817585,False,False,[0.5 0.3 0.3]
1093.332417,100,202.504546,0.10778971236742711,False,False,[0.5 0.3 0.3]
896.570827,100,202.966053,0.017869884256778188,False,False,[0.5 0.3 0.3]
1081.334653,100,203.433517,0.06671182253785728,False,False,[0.5 0.3 0.3]
667.198634,100,203.89393,0.14179550886344205,False,False,[0.5 0.3 0.3]
1946.766224,87,204.3231,0.02002785788770832,False,True,[0.5 0.3 0.3]
689.603521,100,204.774593,0.06949698993755672,False,False,[0.5 0.3 0.3]
1119.106672,100,205.236204,0.036218695670920446,False,False,[0.5 0.3 0.3]
1716.884656,100,206.232435,0.08150975476411998,False,False,[0.5 0.3 0.3]
1519.902576,100,206.686382,0.05782671222649848,False,False,[0.5 0.3 0.3]
1531.140689,100,207.145592,0.0913577819027319,False,False,[0.5 0.3 0.3]
863.111902,100,207.612632,0.02880746512663113,False,False,[0.5 0.3 0.3]
911.750926,100,208.084926,0.07126083401555679,False,False,[0.5 0.3 0.3]
1072.478422,100,208.553061,0.12900624146170644,False,False,[0.5 0.3 0.3]
690.589221,100,209.020995,0.0659020326338679,False,False,[0.5 0.3 0.3]
1531.00956,100,209.498679,0.06087277216571168,False,False,[0.5 0.3 0.3]
924.100242,100,209.956988,0.0648284659598581,False,False,[0.5 0.3 0.3]
1551.831536,100,210.446526,0.04755704091347884,False,False,[0.5 0.3 0.3]
1532.072112,100,210.924405,0.06098150879322845,False,False,[0.5 0.3 0.3]
1934.372601,100,211.395022,0.01642530676727698,False,False,[0.5 0.3 0.3]
1291.634885,100,211.853477,0.058451389216708706,False,False,[0.5 0.3 0.3]
1953.795125,100,212.322885,0.06101239481024617,False,False,[0.5 0.3 0.3]
1526.315834,100,212.774556,0.04081055994501608,False,False,[0.5 0.3 0.3]
1284.202374,100,213.240608,0.06324595049861838,False,False,[0.5 0.3 0.3]
1463.962912,100,213.716468,0.04340989291365218,False,False,[0.5 0.3 0.3]
654.025449,100,214.184117,0.10814813730148701,False,False,[0.5 0.3 0.3]
700.306204,100,214.655668,0.0769907601730076,False,False,[0.5 0.3 0.3]
1934.272128,100,215.112793,0.024964086783906037,False,False,[0.5 0.3 0.3]
880.02436,100,216.110838,0.06015207402530378,False,False,[0.5 0.3 0.3]
1332.832451,100,216.589296,0.09180294678726238,False,False,[0.5 0.3 0.3]
664.027717,100,217.075842,0.0703458719483364,False,False,[0.5 0.3 0.3]
1512.928092,100,217.546095,0.05463597855734233,False,False,[0.5 0.3 0.3]
1268.596058,100,218.024401,0.036129605826349144,False,False,[0.5 0.3 0.3]
706.756288,100,218.519992,0.08925939716880307,False,False,[0.5 0.3 0.3]
1069.679421,100,218.988625,0.10397602180126078,False,False,[0.5 0.3 0.3]
909.095042,100,219.453729,0.04601047134832746,False,False,[0.5 0.3 0.3]
908.659942,100,219.917488,0.17971535418194823,False,False,[0.5 0.3 0.3]
1083.178131,100,220.369447,0.06343315058732703,False,False,[0.5 0.3 0.3]
886.527513,100,220.831073,0.05556916624174447,False,False,[0.5 0.3 0.3]
1101.567081,100,221.296473,0.032738513218957994,False,False,[0.5 0.3 0.3]
1099.165132,100,221.759893,0.0325912139355236,False,False,[0.5 0.3 0.3]
1343.245926,100,222.222176,0.11034853010436536,False,False,[0.5 0.3 0.3]
1130.840303,100,222.690216,0.024929542031950778,False,False,[0.5 0.3 0.3]
1056.797159,100,223.150859,0.07069570627753588,False,False,[0.5 0.3 0.3]
1085.432511,100,223.621171,0.08341855963829563,False,False,[0.5 0.3 0.3]
1103.51202,100,224.080604,0.04821676582771332,False,False,[0.5 0.3 0.3]
1095.71408,100,224.542541,0.12351739894639047,False,False,[0.5 0.3 0.3]
1931.237503,100,225.002804,0.005507694153631868,False,False,[0.5 0.3 0.3]
692.075362,100,225.474813,0.027551954532885364,False,False,[0.5 0.3 0.3]
868.555711,100,226.471745,0.06542462178953823,False,False,[0.5 0.3 0.3]
1671.851301,100,226.949592,0.13077858063767855,False,False,[0.5 0.3 0.3]
704.944268,100,227.40681,0.053177374632775436,False,False,[0.5 0.3 0.3]
1701.303862,100,227.874614,0.04504087423325734,False,False,[0.5 0.3 0.3]
911.448992,100,228.330543,0.08395411565196666,False,False,[0.5 0.3 0.3]
923.93051,100,228.805155,0.08177806165785588,False,False,[0.5 0.3 0.3]
1279.754571,100,229.280846,0.05497789130912701,False,False,[0.5 0.3 0.3]
503.026728,100,229.756665,0.06241711850425693,False,False,[0.5 0.3 0.3]
2162.728971,100,230.218935,0.03913337216565934,False,False,[0.5 0.3 0.3]
1528.404297,100,230.686755,0.041663085268749456,False,False,[0.5 0.3 0.3]
920.218793,100,231.163021,0.06872637102041716,False,False,[0.5 0.3 0.3]
1276.871476,100,231.638136,0.08240366427586888,False,False,[0.5 0.3 0.3]
712.693944,100,232.102288,0.04933768635678702,False,False,[0.5 0.3 0.3]
894.557976,100,232.564707,0.08963280755356963,False,False,[0.5 0.3 0.3]
1710.200701,100,233.027386,0.02952558576363519,False,False,[0.5 0.3 0.3]
680.582258,100,233.491277,0.0938797943126047,False,False,[0.5 0.3 0.3]
1534.57732,100,233.96322,0.1068748372786272,False,False,[0.5 0.3 0.3]
1542.13145,100,234.453794,0.08619646113364494,False,False,[0.5 0.3 0.3]
1507.122229,100,234.926186,0.07656730833365885,False,False,[0.5 0.3 0.3]
1323.198501,100,235.390404,0.015435783218175429,False,False,[0.5 0.3 0.3]
1083.835454,100,236.420671,0.13858552463484158,False,False,[0.5 0.3 0.3]
1714.477443,100,236.886108,0.041208503448632944,False,False,[0.5 0.3 0.3]
1308.446995,100,237.349928,0.016567531833103895,False,False,[0.5 0.3 0.3]
1324.838351,100,237.812859,0.03134909601424037,False,False,[0.5 0.3 0.3]
1097.981708,100,238.269815,0.06035542202617745,False,False,[0.5 0.3 0.3]
717.927773,100,238.745974,0.08086135049520007,False,False,[0.5 0.3 0.3]
713.653226,100,239.198949,0.11360010608333583,False,False,[0.5 0.3 0.3]
465.77176,100,239.669331,0.051821882046023546,False,False,[0.5 0.3 0.3]
431.335623,100,240.140832,0.08637139988695215,False,False,[0.5 0.3 0.3]
878.877814,100,240.613867,0.04041861896122256,False,False,[0.5 0.3 0.3]
912.538891,100,241.088623,0.06126207806028658,False,False,[0.5 0.3 0.3]
1340.606991,100,241.553412,0.11809443725912273,False,False,[0.5 0.3 0.3]
1291.064039,100,242.025326,0.0889835397308591,False,False,[0.5 0.3 0.3]
1140.619406,100,242.515502,0.07533758188366436,False,False,[0.5 0.3 0.3]
1096.445832,100,242.987024,0.1150474545409927,False,False,[0.5 0.3 0.3]
1496.511595,100,243.453458,0.06775389093972911,False,False,[0.5 0.3 0.3]
1497.393586,100,243.91733,0.048598204030530945,False,False,[0.5 0.3 0.3]
1079.233515,100,244.388085,0.04459059980025217,False,False,[0.5 0.3 0.3]
1725.300428,100,244.847262,0.04249369925736855,False,False,[0.5 0.3 0.3]
1109.550169,100,245.304452,0.047078712594813506,False,False,[0.5 0.3 0.3]
1495.091662,100,245.770349,0.08471424383201501,False,False,[0.5 0.3 0.3]
1302.346736,100,246.775893,0.17218800958099215,False,False,[0.5 0.3 0.3]
917.015604,100,247.240352,0.06712899892557682,False,False,[0.5 0.3 0.3]
1051.743313,100,247.709421,0.027263131981313256,False,False,[0.5 0.3 0.3]
735.487452,100,248.181005,0.08203976692839005,False,False,[0.5 0.3 0.3]
1530.637689,100,248.648952,0.14125718522077968,False,False,[0.5 0.3 0.3]
880.690093,100,249.109111,0.0757200678938975,False,False,[0.5 0.3 0.3]
1519.979164,100,249.571169,0.07364956756778451,False,False,[0.5 0.3 0.3]
661.209657,100,250.036989,0.08469378370334736,False,False,[0.5 0.3 0.3]
1748.50869,100,250.51425,0.03652126539595889,False,False,[0.5 0.3 0.3]
1103.97622,100,250.977585,0.05619981136553555,False,False,[0.5 0.3 0.3]
707.11751,100,251.437151,0.07020023160102666,False,False,[0.5 0.3 0.3]
1283.325463,100,251.901642,0.05254784863118848,False,False,[0.5 0.3 0.3]
1334.58348,100,252.354619,0.05065905491527053,False,False,[0.5 0.3 0.3]
1102.620716,100,252.814119,0.08111255261471718,False,False,[0.5 0.3 0.3]
877.788437,100,253.281253,0.052860100737827806,False,False,[0.5 0.3 0.3]
2127.687799,84,253.683297,0.023705956901767522,False,True,[0.5 0.3 0.3]
2330.24052,100,254.150373,0.09244912645508592,False,False,[0.5 0.3 0.3]
1504.921545,100,254.617227,0.08612316823636576,False,False,[0.5 0.3 0.3]
1110.696914,100,255.094759,0.06056731382774554,False,False,[0.5 0.3 0.3]
1373.409356,88,255.519235,0.2250098324711259,True,False,[0.5 0.3 0.3]
667.316375,100,256.507035,0.07667504070828304,False,False,[0.5 0.3 0.3]
652.860078,100,256.980092,0.08263681586619515,False,False,[0.5 0.3 0.3]
905.183747,100,257.4609,0.05583242374014823,False,False,[0.5 0.3 0.3]
1323.624525,100,257.922141,0.1295724505884781,False,False,[0.5 0.3 0.3]
1597.133607,100,258.417043,0.06889343239552159,False,False,[0.5 0.3 0.3]
1513.343995,100,258.871764,0.13145215880667296,False,False,[0.5 0.3 0.3]
879.28041,100,259.329255,0.13958368569078652,False,False,[0.5 0.3 0.3]
875.551185,100,259.795094,0.17558294974229294,False,False,[0.5 0.3 0.3]
1108.67474,100,260.261181,0.047105384621681165,False,False,[0.5 0.3 0.3]
1097.286896,100,260.722238,0.09488169442673149,False,False,[0.5 0.3 0.3]
1259.812898,100,261.197127,0.08968434306633857,False,False,[0.5 0.3 0.3]
1121.547987,100,261.66063,0.035609539624774575,False,False,[0.5 0.3 0.3]
1267.700962,100,262.127655,0.09551807995615152,False,False,[0.5 0.3 0.3]
662.803951,100,262.585684,0.07634428028443321,False,False,[0.5 0.3 0.3]
1290.932241,100,263.059188,0.12240637834769727,False,False,[0.5 0.3 0.3]
1929.401821,100,263.527827,0.04854190281072364,False,False,[0.5 0.3 0.3]
451.809709,100,263.989896,0.06922631171948251,False,False,[0.5 0.3 0.3]
877.137262,100,264.462411,0.06300455023952854,False,False,[0.5 0.3 0.3]
879.754137,100,264.9216,0.10014264351473989,False,False,[0.5 0.3 0.3]
880.180381,100,265.387478,0.05666539599063379,False,False,[0.5 0.3 0.3]
874.383965,100,265.849287,0.07888485759970108,False,False,[0.5 0.3 0.3]
1102.516294,100,266.907238,0.05633295383532588,False,False,[0.5 0.3 0.3]
1520.440966,100,267.392618,0.11380243655894785,False,False,[0.5 0.3 0.3]
871.722612,100,267.865091,0.028957827808571576,False,False,[0.5 0.3 0.3]
1234.008626,100,268.332347,0.037591315021923866,False,False,[0.5 0.3 0.3]
689.23731,100,268.795013,0.10693890234662899,False,False,[0.5 0.3 0.3]
2152.277855,100,269.263319,0.06795424487903769,False,False,[0.5 0.3 0.3]
-45.115232,14,269.419491,0.3697075518347368,True,False,[0.5 0.3 0.3]
1531.680536,100,269.878516,0.056111877578960204,False,False,[0.5 0.3 0.3]
1349.268032,100,270.343782,0.08832851607020548,False,False,[0.5 0.3 0.3]
1918.977193,100,270.802618,0.11480135618361233,False,False,[0.5 0.3 0.3]
1520.455062,100,271.270242,0.09785790831110036,False,False,[0.5 0.3 0.3]
923.058049,100,271.733365,0.03359853456622251,False,False,[0.5 0.3 0.3]
698.616828,100,272.193506,0.10876842119652023,False,False,[0.5 0.3 0.3]
882.237612,100,272.659641,0.10151169216077097,False,False,[0.5 0.3 0.3]
1513.229494,100,273.135313,0.018021991260046735,False,False,[0.5 0.3 0.3]
-46.63905,17,273.300017,0.2588313767990401,True,False,[0.5 0.3 0.3]
1517.705243,100,273.767092,0.054692993561208714,False,False,[0.5 0.3 0.3]
1060.698185,100,274.231641,0.0805144026261961,False,False,[0.5 0.3 0.3]
2338.684599,100,274.710853,0.023324728125190812,False,False,[0.5 0.3 0.3]
1260.052443,100,275.203293,0.11749670266584937,False,False,[0.5 0.3 0.3]
911.044408,100,275.657964,0.08451454466990778,False,False,[0.5 0.3 0.3]
1109.63921,100,276.12893,0.018482686920692486,False,False,[0.5 0.3 0.3]
1313.894705,100,277.120906,0.06459627557724847,False,False,[0.5 0.3 0.3]
1729.501291,100,277.582205,0.09078432981724838,False,False,[0.5 0.3 0.3]
444.802239,100,278.04562,0.11869369330232922,False,False,[0.5 0.3 0.3]
1719.318124,100,278.515848,0.0288243790960109,False,False,[0.5 0.3 0.3]
663.030067,100,278.987728,0.04664068376607821,False,False,[0.5 0.3 0.3]
1332.752891,100,279.448772,0.06000936486573964,False,False,[0.5 0.3 0.3]
1309.458194,100,279.914029,0.10850147267619385,False,False,[0.5 0.3 0.3]
1516.154499,100,280.378301,0.06431736579317691,False,False,[0.5 0.3 0.3]
1101.369623,100,280.842405,0.10213196179869252,False,False,[0.5 0.3 0.3]
682.487114,100,281.31327,0.07990170394973406,False,False,[0.5 0.3 0.3]
684.669257,100,281.7839,0.06508149100036309,False,False,[0.5 0.3 0.3]
443.43576,100,282.242881,0.05658848616422589,False,False,[0.5 0.3 0.3]
1317.438185,100,282.732322,0.055875469112046834,False,False,[0.5 0.3 0.3]
552.789767,94,283.175351,0.20733834449471414,True,False,[0.5 0.3 0.3]
1508.920887,100,283.648516,0.06339516387278575,False,False,[0.5 0.3 0.3]
885.670236,100,284.101469,0.09043552712214424,False,False,[0.5 0.3 0.3]
1740.340425,100,284.583558,0.1342533943310748,False,False,[0.5 0.3 0.3]
887.229194,100,285.06571,0.056941484114478774,False,False,[0.5 0.3 0.3]
929.844881,100,285.546796,0.07403213452870298,False,False,[0.5 0.3 0.3]
1479.46772,100,286.030076,0.03744317982286215,False,False,[0.5 0.3 0.3]
1504.249371,100,286.507082,0.05027826269149858,False,False,[0.5 0.3 0.3]
1332.354308,100,287.509171,0.044796020932045474,False,False,[0.5 0.3 0.3]
1092.100239,100,288.004917,0.07300129297858145,False,False,[0.5 0.3 0.3]
1096.094915,100,288.477447,0.050707821102084306,False,False,[0.5 0.3 0.3]
1073.544929,100,288.97857,0.062458309717739025,False,False,[0.5 0.3 0.3]
1490.819547,100,289.452756,0.10629829530859684,False,False,[0.5 0.3 0.3]
1697.003365,100,289.936954,0.1125410253505934,False,False,[0.5 0.3 0.3]
690.835937,100,290.423687,0.05611399888690335,False,False,[0.5 0.3 0.3]
704.142376,100,290.899583,0.08442666959188154,False,False,[0.5 0.3 0.3]
879.880228,100,291.362488,0.06905007566027638,False,False,[0.5 0.3 0.3]
1290.375954,100,291.83169,0.09530067829037292,False,False,[0.5 0.3 0.3]
1531.815092,100,292.298388,0.02862860983462503,False,False,[0.5 0.3 0.3]
1761.109951,100,292.780999,0.09750643511278513,False,False,[0.5 0.3 0.3]
680.017048,100,293.245656,0.1007278375570514,False,False,[0.5 0.3 0.3]
1102.022077,100,293.711024,0.0427119845069483,False,False,[0.5 0.3 0.3]
883.413283,100,294.191709,0.07399814984659296,False,False,[0.5 0.3 0.3]
1535.212954,100,294.650203,0.024777296945235686,False,False,[0.5 0.3 0.3]
927.775501,100,295.124868,0.07583158465186629,False,False,[0.5 0.3 0.3]
1121.533223,100,295.60437,0.06869474837987752,False,False,[0.5 0.3 0.3]
909.368974,100,296.078739,0.021680764897598737,False,False,[0.5 0.3 0.3]
917.417084,100,296.536642,0.07915372196659325,False,False,[0.5 0.3 0.3]
1520.390181,100,297.564031,0.031004144917985893,False,False,[0.5 0.3 0.3]
1893.679684,100,298.016659,0.031788524443272737,False,False,[0.5 0.3 0.3]
1472.028074,100,298.497395,0.11991962341890385,False,False,[0.5 0.3 0.3]
692.042872,100,298.96378,0.12805399414854443,False,False,[0.5 0.3 0.3]
701.40214,100,299.42461,0.026910768139086636,False,False,[0.5 0.3 0.3]
891.530915,100,299.885849,0.041662882301897755,False,False,[0.5 0.3 0.3]
2112.485152,76,300.265839,0.018811007904121043,False,True,[0.5 0.3 0.3]
1928.066742,100,300.739638,0.07911560376460935,False,False,[0.5 0.3 0.3]
1508.314886,100,301.214017,0.1387797325282298,False,False,[0.5 0.3 0.3]
1325.228099,100,301.696865,0.06391658735286825,False,False,[0.5 0.3 0.3]
665.988588,100,302.171513,0.09999732653052415,False,False,[0.5 0.3 0.3]
1905.566915,100,302.652007,0.12581709943261257,False,False,[0.5 0.3 0.3]
1516.509124,100,303.106089,0.08122664257004103,False,False,[0.5 0.3 0.3]
874.24003,100,303.582541,0.011847517785512367,False,False,[0.5 0.3 0.3]
1114.493683,100,304.051367,0.08431313496586437,False,False,[0.5 0.3 0.3]
1303.326579,100,304.50683,0.04743429836008787,False,False,[0.5 0.3 0.3]
2179.555055,87,304.957402,0.029666323431246595,False,True,[0.5 0.3 0.3]
850.836157,100,305.423499,0.12343585770229458,False,False,[0.5 0.3 0.3]
1729.356675,100,305.893598,0.06901247861420405,False,False,[0.5 0.3 0.3]
904.618905,100,306.353653,0.035167217123759094,False,False,[0.5 0.3 0.3]
1062.566939,100,306.828213,0.058792527610631494,False,False,[0.5 0.3 0.3]
684.022923,100,307.873522,0.01967666119362222,False,False,[0.5 0.3 0.3]
1710.202102,100,308.34002,0.08306337985036623,False,False,[0.5 0.3 0.3]
1551.369215,100,308.817672,0.08158508980159108,False,False,[0.5 0.3 0.3]
1276.557742,100,309.295496,0.10684106935735531,False,False,[0.5 0.3 0.3]
1286.529667,100,309.767289,0.04332450747875112,False,False,[0.5 0.3 0.3]
2143.686529,100,310.242433,0.16023197870390965,False,False,[0.5 0.3 0.3]
1304.746316,100,310.700066,0.05139966531839803,False,False,[0.5 0.3 0.3]
885.396664,100,311.165591,0.02162278657290616,False,False,[0.5 0.3 0.3]
1135.785903,100,311.630313,0.02120251645543735,False,False,[0.5 0.3 0.3]
467.200727,100,312.109397,0.0773323985958634,False,False,[0.5 0.3 0.3]
1316.848361,100,312.567266,0.05233632128413749,False,False,[0.5 0.3 0.3]
1087.378803,100,313.059681,0.16546903846801236,False,False,[0.5 0.3 0.3]
1511.8658,100,313.520175,0.042608533382593725,False,False,[0.5 0.3 0.3]
909.920464,100,313.997159,0.06924455100153604,False,False,[0.5 0.3 0.3]
1099.783703,100,314.460847,0.17097041315487013,False,False,[0.5 0.3 0.3]
666.398014,100,314.937438,0.05828556057425095,False,False,[0.5 0.3 0.3]
1061.952697,100,315.404217,0.11174552188864154,False,False,[0.5 0.3 0.3]
695.646069,100,315.879185,0.0516272128766013,False,False,[0.5 0.3 0.3]
912.240411,100,316.348555,0.07317060605231294,False,False,[0.5 0.3 0.3]
2357.917637,100,316.815265,0.025763884341411625,False,False,[0.5 0.3 0.3]
1364.65042,100,317.821129,0.05211753927622471,False,False,[0.5 0.3 0.3]
1951.173382,100,318.282486,0.04545814024748961,False,False,[0.5 0.3 0.3]
905.765376,100,318.738992,0.027462374006879037,False,False,[0.5 0.3 0.3]
1294.397743,100,319.198943,0.10092852998922092,False,False,[0.5 0.3 0.3]
1500.423406,100,319.654498,0.06351078179963361,False,False,[0.5 0.3 0.3]
1100.38838,100,320.125689,0.03010937196659398,False,False,[0.5 0.3 0.3]
1307.047262,100,320.590155,0.0560906309896846,False,False,[0.5 0.3 0.3]
909.08403,100,321.091241,0.07724784084294511,False,False,[0.5 0.3 0.3]
1084.162955,100,321.554343,0.13559841534263048,False,False,[0.5 0.3 0.3]
1706.353518,100,322.026404,0.11364226993645528,False,False,[0.5 0.3 0.3]
721.898063,100,322.491448,0.1350590063107451,False,False,[0.5 0.3 0.3]
1848.320361,70,322.840889,0.026064910081278786,False,True,[0.5 0.3 0.3]
1313.938529,100,323.304119,0.11594284370880464,False,False,[0.5 0.3 0.3]
663.935359,100,323.768252,0.030482318627447866,False,False,[0.5 0.3 0.3]
1916.42856,100,324.238496,0.016398919534292046,False,False,[0.5 0.3 0.3]
879.407854,100,324.707721,0.0463734242499955,False,False,[0.5 0.3 0.3]
719.479865,100,325.170717,0.027078443149623772,False,False,[0.5 0.3 0.3]
1935.257238,100,325.638012,0.10469269588913523,False,False,[0.5 0.3 0.3]
1520.456167,100,326.123059,0.07280156309551655,False,False,[0.5 0.3 0.3]
677.09858,100,326.587858,0.1423857892421497,False,False,[0.5 0.3 0.3]
1541.713438,100,327.067436,0.0521760916200603,False,False,[0.5 0.3 0.3]
1078.181002,100,328.053731,0.08112613068402465,False,False,[0.5 0.3 0.3]
1094.322496,100,328.530026,0.08812977207295947,False,False,[0.5 0.3 0.3]
1320.362364,100,329.004248,0.055634473034360504,False,False,[0.5 0.3 0.3]
1519.125199,100,329.489579,0.11339442183666627,False,False,[0.5 0.3 0.3]
1713.80897,100,329.968815,0.02390726435856152,False,False,[0.5 0.3 0.3]
1312.745777,100,330.421804,0.01928613713702591,False,False,[0.5 0.3 0.3]
1529.818615,100,330.880175,0.06058704307574332,False,False,[0.5 0.3 0.3]
1143.428661,100,331.350144,0.0790841662288308,False,False,[0.5 0.3 0.3]
464.912404,100,331.818351,0.1689647537145755,False,False,[0.5 0.3 0.3]
2148.514734,100,332.284103,0.06717514911700828,False,False,[0.5 0.3 0.3]
1732.442414,100,332.746409,0.08470909312302398,False,False,[0.5 0.3 0.3]
1100.330444,100,333.224384,0.11802397867578959,False,False,[0.5 0.3 0.3]
1352.586929,100,333.688807,0.021711423859036832,False,False,[0.5 0.3 0.3]
671.111899,100,334.165888,0.05624127186388104,False,False,[0.5 0.3 0.3]
662.7917,100,334.63444,0.045121778593093485,False,False,[0.5 0.3 0.3]
1107.633393,100,335.106495,0.044391865650008806,False,False,[0.5 0.3 0.3]
1321.010872,100,335.575023,0.10196879577515583,False,False,[0.5 0.3 0.3]
1530.060316,100,336.054166,0.06080705941540713,False,False,[0.5 0.3 0.3]
1308.949523,100,336.526645,0.03780247407451581,False,False,[0.5 0.3 0.3]
2346.29397,100,337.004109,0.10355952947741141,False,False,[0.5 0.3 0.3]
1121.08111,100,337.47695,0.03537147145476602,False,False,[0.5 0.3 0.3]
531.71092,100,338.492792,0.036125932319475314,False,False,[0.5 0.3 0.3]
1913.409904,100,338.950875,0.06911983679445365,False,False,[0.5 0.3 0.3]
690.639363,100,339.422268,0.15212963804160123,False,False,[0.5 0.3 0.3]
1939.580856,100,339.880223,0.06804775553762679,False,False,[0.5 0.3 0.3]
2382.83262,100,340.359527,0.03938959456097469,False,False,[0.5 0.3 0.3]
667.952277,100,340.825237,0.08419936347684033,False,False,[0.5 0.3 0.3]
1910.729411,100,341.297961,0.08736071864314601,False,False,[0.5 0.3 0.3]
692.730588,100,341.765533,0.09704854688766484,False,False,[0.5 0.3 0.3]
1094.623644,100,342.23596,0.13360935352353442,False,False,[0.5 0.3 0.3]
1105.996625,100,342.683568,0.08887881777754875,False,False,[0.5 0.3 0.3]
1091.145932,100,343.166378,0.14567555113804903,False,False,[0.5 0.3 0.3]
1909.976973,100,343.63519,0.031298140322405625,False,False,[0.5 0.3 0.3]
1305.465646,100,344.106339,0.09289070916155577,False,False,[0.5 0.3 0.3]
939.313248,100,344.576382,0.024113546815119555,False,False,[0.5 0.3 0.3]
1695.875606,100,345.058625,0.03204629022831499,False,False,[0.5 0.3 0.3]
1101.19783,100,345.523592,0.09138835901558641,False,False,[0.5 0.3 0.3]
1918.635356,100,345.980279,0.01596563942959858,False,False,[0.5 0.3 0.3]
1521.91332,100,346.453154,0.0805877541283478,False,False,[0.5 0.3 0.3]
505.496757,100,346.923747,0.1318597637996667,False,False,[0.5 0.3 0.3]
1119.616978,100,347.389165,0.10639342184268906,False,False,[0.5 0.3 0.3]
687.616283,100,348.39333,0.06948660712625844,False,False,[0.5 0.3 0.3]
747.00362,100,348.84994,0.05806094057444723,False,False,[0.5 0.3 0.3]
460.330988,100,349.312036,0.053829699512298726,False,False,[0.5 0.3 0.3]
1097.15493,100,349.776623,0.10985961017195459,False,False,[0.5 0.3 0.3]
1066.184197,100,350.249203,0.055186582872716244,False,False,[0.5 0.3 0.3]
1885.297041,100,350.70822,0.08790920366346451,False,False,[0.5 0.3 0.3]
1755.143135,100,351.175599,0.06011864147862841,False,False,[0.5 0.3 0.3]
1291.396608,100,351.640238,0.04084915974600439,False,False,[0.5 0.3 0.3]
712.228116,100,352.114151,0.06972696659123928,False,False,[0.5 0.3 0.3]
1723.279511,100,352.571979,0.05351450094368103,False,False,[0.5 0.3 0.3]
1142.860136,100,353.07378,0.08174949385726513,False,False,[0.5 0.3 0.3]
885.312841,100,353.540608,0.11639027068666814,False,False,[0.5 0.3 0.3]
1493.234647,100,354.002188,0.09239747149808022,False,False,[0.5 0.3 0.3]
917.330483,100,354.472287,0.05533250654493398,False,False,[0.5 0.3 0.3]
1311.920642,100,354.9361,0.01611815585252311,False,False,[0.5 0.3 0.3]
1325.911966,100,355.398669,0.09296357833567463,False,False,[0.5 0.3 0.3]
1348.495123,100,355.85727,0.04563051177746467,False,False,[0.5 0.3 0.3]
1509.602691,100,356.325607,0.09202520550752712,False,False,[0.5 0.3 0.3]
1544.012471,100,356.793969,0.07771411728673637,False,False,[0.5 0.3 0.3]
1104.24564,100,357.264441,0.08891638730949168,False,False,[0.5 0.3 0.3]
910.002596,100,357.71574,0.0497450360106001,False,False,[0.5 0.3 0.3]
1924.76024,100,358.704104,0.044152092217365185,False,False,[0.5 0.3 0.3]
1940.419124,100,359.17219,0.07052762891243475,False,False,[0.5 0.3 0.3]
919.330856,100,359.643847,0.01743427154311102,False,False,[0.5 0.3 0.3]
1533.23439,100,360.099011,0.031234062687189614,False,False,[0.5 0.3 0.3]
1544.395376,100,360.575466,0.05248398145708089,False,False,[0.5 0.3 0.3]
1723.306664,100,361.072523,0.04998696383893709,False,False,[0.5 0.3 0.3]
1705.35898,100,361.554508,0.07679923404506542,False,False,[0.5 0.3 0.3]
693.910028,100,362.012277,0.1420363192778069,False,False,[0.5 0.3 0.3]
2151.636204,100,362.474433,0.06675844576129349,False,False,[0.5 0.3 0.3]
1309.106874,100,362.936277,0.07369075791200393,False,False,[0.5 0.3 0.3]
496.199648,100,363.411584,0.07832305337091514,False,False,[0.5 0.3 0.3]
1111.027271,100,363.873997,0.04763890934822448,False,False,[0.5 0.3 0.3]
1743.069428,100,364.329543,0.018267489727174385,False,False,[0.5 0.3 0.3]
905.346704,100,364.774024,0.035734937926418034,False,False,[0.5 0.3 0.3]
1715.221685,100,365.249766,0.053126348937859134,False,False,[0.5 0.3 0.3]
904.967167,100,365.716883,0.05960329870947286,False,False,[0.5 0.3 0.3]
1324.560424,100,366.200105,0.06564099585622095,False,False,[0.5 0.3 0.3]
1157.240928,100,366.666705,0.11518798148882274,False,False,[0.5 0.3 0.3]
1702.332394,100,367.124325,0.07103197214296862,False,False,[0.5 0.3 0.3]
678.221157,100,367.592735,0.09831830406274072,False,False,[0.5 0.3 0.3]
1141.581944,100,368.580438,0.007406359882105547,False,False,[0.5 0.3 0.3]
1526.86848,100,369.077522,0.11991424198857366,False,False,[0.5 0.3 0.3]
1724.974683,100,369.560325,0.029139877748526038,False,False,[0.5 0.3 0.3]
681.657706,100,370.020626,0.03780816823392188,False,False,[0.5 0.3 0.3]
1282.773714,100,370.501885,0.09080961285029146,False,False,[0.5 0.3 0.3]
1813.593926,56,370.803794,0.0301617831739783,False,True,[0.5 0.3 0.3]
1100.938406,100,371.277884,0.029592321356643143,False,False,[0.5 0.3 0.3]
684.346602,100,371.74197,0.0431848465120521,False,False,[0.5 0.3 0.3]
1101.157108,100,372.197597,0.048086200243960146,False,False,[0.5 0.3 0.3]
1123.304035,100,372.68837,0.0901299766617336,False,False,[0.5 0.3 0.3]
1778.201659,100,373.133694,0.08474475809520773,False,False,[0.5 0.3 0.3]
1524.435595,100,373.617792,0.1009802347166877,False,False,[0.5 0.3 0.3]
2330.92465,100,374.065694,0.041216057540429056,False,False,[0.5 0.3 0.3]
1063.585828,100,374.541334,0.047941392810352444,False,False,[0.5 0.3 0.3]
1743.612449,100,375.003522,0.023473430465864174,False,False,[0.5 0.3 0.3]
1334.012146,100,375.476111,0.0457823277392694,False,False,[0.5 0.3 0.3]
700.094811,100,375.933171,0.04889179334012277,False,False,[0.5 0.3 0.3]
1739.170746,100,376.393698,0.07129317370085786,False,False,[0.5 0.3 0.3]
871.980206,100,376.919355,0.10121959123304072,False,False,[0.5 0.3 0.3]
1108.471706,100,377.442345,0.10575990515064457,False,False,[0.5 0.3 0.3]
701.51357,100,377.949571,0.17609335060597428,False,False,[0.5 0.3 0.3]
1123.401778,100,379.047667,0.03910017734072302,False,False,[0.5 0.3 0.3]
1337.620097,100,379.568018,0.08704114291227666,False,False,[0.5 0.3 0.3]
1282.939699,100,380.079006,0.06585852534921717,False,False,[0.5 0.3 0.3]
1326.816615,100,380.583431,0.03920219053129206,False,False,[0.5 0.3 0.3]
889.95701,100,381.113444,0.08199666938225585,False,False,[0.5 0.3 0.3]
667.381573,100,381.609839,0.054642669354424515,False,False,[0.5 0.3 0.3]
678.76936,100,382.115828,0.09196898690281928,False,False,[0.5 0.3 0.3]
2150.107094,100,382.633834,0.042596916804914495,False,False,[0.5 0.3 0.3]
1696.187634,100,383.141632,0.06448478868160092,False,False,[0.5 0.3 0.3]
1709.093733,100,383.661403,0.10932361481082853,False,False,[0.5 0.3 0.3]
876.694662,100,384.158601,0.129693169225322,False,False,[0.5 0.3 0.3]
2135.105709,100,384.683352,0.06647125916341264,False,False,[0.5 0.3 0.3]
1519.210355,100,385.212903,0.07788572940659783,False,False,[0.5 0.3 0.3]
1296.210714,100,385.716739,0.09323055509710158,False,False,[0.5 0.3 0.3]
1094.564596,100,386.229742,0.1125214755979331,False,False,[0.5 0.3 0.3]
931.500806,100,386.756392,0.09292954217912779,False,False,[0.5 0.3 0.3]
1326.928835,100,387.279765,0.04847489156533324,False,False,[0.5 0.3 0.3]
1733.861503,100,387.775433,0.01882812817590807,False,False,[0.5 0.3 0.3]
1170.716334,100,388.285541,0.03821992855556888,False,False,[0.5 0.3 0.3]
1533.086346,100,388.803035,0.08614749086429259,False,False,[0.5 0.3 0.3]
1110.254781,100,389.315315,0.09434930286198272,False,False,[0.5 0.3 0.3]
883.325238,100,390.368169,0.05525004726211293,False,False,[0.5 0.3 0.3]
1291.538771,100,390.878841,0.11703396483195806,False,False,[0.5 0.3 0.3]
876.081238,100,391.387661,0.04282582921491401,False,False,[0.5 0.3 0.3]
496.501573,100,391.886071,0.10215436679645247,False,False,[0.5 0.3 0.3]
1746.407398,100,392.357323,0.04153351084956517,False,False,[0.5 0.3 0.3]
1110.692372,100,392.834435,0.06248902499379525,False,False,[0.5 0.3 0.3]
910.13545,100,393.330195,0.10243459273371555,False,False,[0.5 0.3 0.3]
1734.031573,100,393.834769,0.05815933731059279,False,False,[0.5 0.3 0.3]
1121.808499,100,394.303471,0.09733565733491638,False,False,[0.5 0.3 0.3]
1720.322881,100,394.757302,0.04770259801154142,False,False,[0.5 0.3 0.3]
1341.097309,100,395.219359,0.04303317489396674,False,False,[0.5 0.3 0.3]
1508.577874,100,395.693221,0.03234460001471872,False,False,[0.5 0.3 0.3]
1917.984565,100,396.169804,0.0585510147632502,False,False,[0.5 0.3 0.3]
885.36793,100,396.634786,0.061763933819697754,False,False,[0.5 0.3 0.3]
1098.865234,100,397.117336,0.1481847851701109,False,False,[0.5 0.3 0.3]
1540.181096,100,397.573697,0.10305222318289317,False,False,[0.5 0.3 0.3]
1935.700724,100,398.049316,0.06334979195825517,False,False,[0.5 0.3 0.3]
1883.452448,74,398.422176,0.04580146066807999,False,True,[0.5 0.3 0.3]
890.973591,100,398.909019,0.14183506841184154,False,False,[0.5 0.3 0.3]
1726.844844,100,399.362916,0.022685142345066717,False,False,[0.5 0.3 0.3]
1524.500471,100,400.342966,0.09080633156236938,False,False,[0.5 0.3 0.3]
1301.670592,100,400.805705,0.0348603104656818,False,False,[0.5 0.3 0.3]
739.789976,100,401.287607,0.03332867615139992,False,False,[0.5 0.3 0.3]
1095.278581,100,401.752231,0.11204099589512329,False,False,[0.5 0.3 0.3]
1914.083389,100,402.248775,0.12949594164152253,False,False,[0.5 0.3 0.3]
1100.750472,100,402.72015,0.05525694678099393,False,False,[0.5 0.3 0.3]
1548.389838,100,403.201232,0.06513686610675783,False,False,[0.5 0.3 0.3]
1530.323154,100,403.673551,0.05589620582753304,False,False,[0.5 0.3 0.3]
1123.75548,100,404.147703,0.027341329322185227,False,False,[0.5 0.3 0.3]
1748.042366,100,404.596119,0.09343227867159501,False,False,[0.5 0.3 0.3]
1327.89324,100,405.067138,0.09166441041248075,False,False,[0.5 0.3 0.3]
1109.712826,100,405.533577,0.08715185840609035,False,False,[0.5 0.3 0.3]
688.973798,100,406.004604,0.012877919615383837,False,False,[0.5 0.3 0.3]
1126.941985,100,406.477988,0.04056255562599024,False,False,[0.5 0.3 0.3]
1714.195185,100,406.937304,0.14823662558377598,False,False,[0.5 0.3 0.3]
2354.541027,100,407.396293,0.07579732189024334,False,False,[0.5 0.3 0.3]
1098.254808,100,407.849617,0.15595309968925133,False,False,[0.5 0.3 0.3]
2156.298699,100,408.31046,0.08942857595109849,False,False,[0.5 0.3 0.3]
1757.768251,100,408.780748,0.042820589779779546,False,False,[0.5 0.3 0.3]
1928.855417,100,409.252027,0.04804859811392418,False,False,[0.5 0.3 0.3]
1159.679061,100,409.710912,0.11342024381659406,False,False,[0.5 0.3 0.3]
1283.697761,100,410.739807,0.04728797271602425,False,False,[0.5 0.3 0.3]
891.416572,100,411.20932,0.013378086906831184,False,False,[0.5 0.3 0.3]
482.680895,100,411.681397,0.12421997616255935,False,False,[0.5 0.3 0.3]
1944.825257,100,412.152483,0.15284952485546166,False,False,[0.5 0.3 0.3]
1323.241289,100,412.617307,0.08296825116404662,False,False,[0.5 0.3 0.3]
919.621747,100,413.100095,0.09713837984259882,False,False,[0.5 0.3 0.3]
1116.529054,100,413.578407,0.03456609758373456,False,False,[0.5 0.3 0.3]
2151.146383,100,414.044518,0.060342655878017924,False,False,[0.5 0.3 0.3]
1103.36315,100,414.50975,0.0839965306308081,False,False,[0.5 0.3 0.3]
1519.214745,100,414.960518,0.12234621443939812,False,False,[0.5 0.3 0.3]
936.025284,100,415.426613,0.11461149796732464,False,False,[0.5 0.3 0.3]
901.366306,100,415.889865,0.06163846713793233,False,False,[0.5 0.3 0.3]
1337.956666,100,416.36984,0.012703364132406383,False,False,[0.5 0.3 0.3]
1117.510725,100,416.84037,0.05063686499189647,False,False,[0.5 0.3 0.3]
1091.417206,100,417.304832,0.10052341402152086,False,False,[0.5 0.3 0.3]
878.678124,100,417.770922,0.02173065848470005,False,False,[0.5 0.3 0.3]
1680.245346,100,418.247217,0.10746343552018818,False,False,[0.5 0.3 0.3]
911.778838,100,418.737551,0.07079317733484927,False,False,[0.5 0.3 0.3]
1338.455944,100,419.212433,0.1012476175042857,False,False,[0.5 0.3 0.3]
1756.383225,100,419.680004,0.0492232635531126,False,False,[0.5 0.3 0.3]
1953.535098,100,420.663127,0.06901685132108701,False,False,[0.5 0.3 0.3]
1751.170158,100,421.133084,0.03088621495352692,False,False,[0.5 0.3 0.3]
1080.944745,100,421.592914,0.04910073637322618,False,False,[0.5 0.3 0.3]
936.945893,100,422.088163,0.056704785931263275,False,False,[0.5 0.3 0.3]
1727.829536,100,422.594787,0.05974115850570136,False,False,[0.5 0.3 0.3]
1686.864308,100,423.108292,0.09968061526211429,False,False,[0.5 0.3 0.3]
1499.83491,100,423.640652,0.01950679214000584,False,False,[0.5 0.3 0.3]
1097.457776,100,424.154472,0.13235172771880038,False,False,[0.5 0.3 0.3]
1907.299011,100,424.653649,0.05280962050688138,False,False,[0.5 0.3 0.3]
1731.560142,100,425.171025,0.12266918037786549,False,False,[0.5 0.3 0.3]
1316.851391,100,425.690997,0.1333737179617008,False,False,[0.5 0.3 0.3]
1319.709354,100,426.207477,0.02971826815643192,False,False,[0.5 0.3 0.3]
1335.699434,100,426.754562,0.07899791042116579,False,False,[0.5 0.3 0.3]
641.763693,100,427.291287,0.15542165037235742,False,False,[0.5 0.3 0.3]
908.363246,100,427.796175,0.15116918682100627,False,False,[0.5 0.3 0.3]
1109.455442,100,428.31529,0.15600126002578057,False,False,[0.5 0.3 0.3]
2164.238591,100,428.837048,0.052883882355453396,False,False,[0.5 0.3 0.3]
1096.357032,100,429.371318,0.11400920512397157,False,False,[0.5 0.3 0.3]
1480.685283,100,429.877709,0.11328347566340945,False,False,[0.5 0.3 0.3]
884.714519,100,430.393633,0.06196461112393799,False,False,[0.5 0.3 0.3]
891.807126,100,430.89756,0.16628745071744713,False,False,[0.5 0.3 0.3]
1288.211431,100,431.973247,0.08111154588295695,False,False,[0.5 0.3 0.3]
1150.120768,100,432.489815,0.07820596345772561,False,False,[0.5 0.3 0.3]
1107.142595,100,432.993484,0.09982499447592726,False,False,[0.5 0.3 0.3]
896.76983,100,433.516603,0.07679188710320665,False,False,[0.5 0.3 0.3]
1497.910496,100,434.023456,0.042813955160744724,False,False,[0.5 0.3 0.3]
1552.227133,100,434.534313,0.05586524085912666,False,False,[0.5 0.3 0.3]
1931.904929,100,435.031533,0.11861883191570069,False,False,[0.5 0.3 0.3]
1110.22779,100,435.583772,0.030435997905541568,False,False,[0.5 0.3 0.3]
1726.83948,100,436.099384,0.11444040220818534,False,False,[0.5 0.3 0.3]
1533.547464,100,436.610755,0.07109404441434013,False,False,[0.5 0.3 0.3]
1107.118291,100,437.11873,0.1874988219322797,False,False,[0.5 0.3 0.3]
1344.017459,100,437.620467,0.07178512144494481,False,False,[0.5 0.3 0.3]
1545.682394,100,438.099323,0.035107288537927765,False,False,[0.5 0.3 0.3]
2131.938215,100,438.577782,0.08470364274695322,False,False,[0.5 0.3 0.3]
1149.14567,100,439.028045,0.11911622861681645,False,False,[0.5 0.3 0.3]
2564.326565,100,439.499851,0.07342300023934382,False,False,[0.5 0.3 0.3]
1722.119312,100,439.980154,0.0781905352505712,False,False,[0.5 0.3 0.3]
1093.938434,100,440.46403,0.10442623456946189,False,False,[0.5 0.3 0.3]
1176.775381,100,440.923985,0.05404977620742226,False,False,[0.5 0.3 0.3]
1327.649966,100,441.394661,0.1175096760234058,False,False,[0.5 0.3 0.3]
1111.687227,100,442.405812,0.11077213386918146,False,False,[0.5 0.3 0.3]
899.234633,100,442.865517,0.0285807640943183,False,False,[0.5 0.3 0.3]
1301.483806,100,443.329189,0.07275929820458074,False,False,[0.5 0.3 0.3]
2551.112409,100,443.844694,0.07675709285757056,False,False,[0.5 0.3 0.3]
1068.713432,100,444.313725,0.0912256194675754,False,False,[0.5 0.3 0.3]
1554.10721,100,444.779818,0.059013997423407585,False,False,[0.5 0.3 0.3]
950.543831,100,445.249233,0.06489789199308028,False,False,[0.5 0.3 0.3]
2354.179061,100,445.729189,0.11115691527590624,False,False,[0.5 0.3 0.3]
1766.225007,100,446.193708,0.12019228781424136,False,False,[0.5 0.3 0.3]
684.350794,100,446.666833,0.07910813213578426,False,False,[0.5 0.3 0.3]
1314.208617,100,447.134371,0.11038052279611338,False,False,[0.5 0.3 0.3]
893.710134,100,447.603339,0.11279505509941296,False,False,[0.5 0.3 0.3]
1534.093906,100,448.071055,0.0564349513965278,False,False,[0.5 0.3 0.3]
2337.101142,100,448.542858,0.03465223951430284,False,False,[0.5 0.3 0.3]
1961.882239,100,449.015962,0.10859446610975307,False,False,[0.5 0.3 0.3]
897.731169,100,449.489511,0.0502903786947495,False,False,[0.5 0.3 0.3]
1353.079579,100,449.96163,0.04837642415256981,False,False,[0.5 0.3 0.3]
1563.434458,100,450.413591,0.10698368706573787,False,False,[0.5 0.3 0.3]
1683.396003,100,450.889941,0.15191166754257227,False,False,[0.5 0.3 0.3]
1922.095547,100,451.396066,0.09271431579798303,False,False,[0.5 0.3 0.3]
1074.896256,100,451.862685,0.029188419870396963,False,False,[0.5 0.3 0.3]
1539.148559,100,452.868472,0.059523128482407775,False,False,[0.5 0.3 0.3]
1764.639695,100,453.331529,0.12010530819607286,False,False,[0.5 0.3 0.3]
1514.580392,100,453.792675,0.02206194852081257,False,False,[0.5 0.3 0.3]
897.22211,100,454.272952,0.09093968729152282,False,False,[0.5 0.3 0.3]
916.076343,100,454.747426,0.06562888573625382,False,False,[0.5 0.3 0.3]
1301.525168,100,455.227339,0.09176364591408122,False,False,[0.5 0.3 0.3]
1527.112315,100,455.706359,0.08452312820134326,False,False,[0.5 0.3 0.3]
1304.121716,100,456.175703,0.07578558587729502,False,False,[0.5 0.3 0.3]
1741.618724,100,456.642596,0.10050171770591104,False,False,[0.5 0.3 0.3]
1325.330594,100,457.112653,0.07984324446413557,False,False,[0.5 0.3 0.3]
1556.834736,100,457.583118,0.02994353455385634,False,False,[0.5 0.3 0.3]
1325.794513,100,458.046159,0.05230631058756632,False,False,[0.5 0.3 0.3]
1308.668823,100,458.502726,0.031176870249858275,False,False,[0.5 0.3 0.3]
1709.855104,100,458.971923,0.02390000381806101,False,False,[0.5 0.3 0.3]
1530.976619,100,459.453514,0.08881130258587819,False,False,[0.5 0.3 0.3]
1322.529899,100,459.916799,0.07788951958707883,False,False,[0.5 0.3 0.3]
1134.063425,100,460.375623,0.0884836756644067,False,False,[0.5 0.3 0.3]
1952.481934,100,460.850103,0.04104177700317991,False,False,[0.5 0.3 0.3]
1313.465513,100,461.316813,0.05766456421441239,False,False,[0.5 0.3 0.3]
1299.768681,100,461.781696,0.0914531052140175,False,False,[0.5 0.3 0.3]
1304.476501,100,462.788735,0.07848320099967891,False,False,[0.5 0.3 0.3]
2149.231255,100,463.247743,0.05221616073865031,False,False,[0.5 0.3 0.3]
-27.938072,19,463.424869,0.21528698546479405,True,False,[0.5 0.3 0.3]
-59.784897,51,463.711821,0.6757606324765248,True,False,[0.5 0.3 0.3]
842.887496,100,464.188127,0.06886245898712692,False,False,[0.5 0.3 0.3]
694.286041,100,464.649405,0.06402017732122552,False,False,[0.5 0.3 0.3]
890.803472,100,465.113522,0.12021093273486369,False,False,[0.5 0.3 0.3]
1326.40421,100,465.577216,0.03410170033453041,False,False,[0.5 0.3 0.3]
497.49643,100,466.051468,0.09620159836059834,False,False,[0.5 0.3 0.3]
883.233342,100,466.512371,0.09733928222555438,False,False,[0.5 0.3 0.3]
1111.812726,100,467.022193,0.08608013522708931,False,False,[0.5 0.3 0.3]
690.330456,100,467.556763,0.09052490923497405,False,False,[0.5 0.3 0.3]
1547.334526,100,468.064302,0.062282865291895355,False,False,[0.5 0.3 0.3]
924.484946,100,468.577425,0.05786627113080297,False,False,[0.5 0.3 0.3]
1288.979342,100,469.109684,0.0638903165883816,False,False,[0.5 0.3 0.3]
898.344577,100,469.627537,0.08932138743015676,False,False,[0.5 0.3 0.3]
1306.827639,100,470.144129,0.07941029034128023,False,False,[0.5 0.3 0.3]
1330.361979,100,470.667228,0.08940091830846207,False,False,[0.5 0.3 0.3]
2396.574714,92,471.149771,0.03628997286455378,False,True,[0.5 0.3 0.3]
1721.719693,100,471.666785,0.05181981418411892,False,False,[0.5 0.3 0.3]
1357.653749,100,472.177016,0.05313896016581436,False,False,[0.5 0.3 0.3]
682.127927,100,472.684687,0.07193508857221778,False,False,[0.5 0.3 0.3]
892.96133,100,473.747128,0.08807152887754595,False,False,[0.5 0.3 0.3]
1707.148102,100,474.265921,0.023887139729218094,False,False,[0.5 0.3 0.3]
910.557047,100,474.775614,0.10986435342973418,False,False,[0.5 0.3 0.3]
1297.944463,100,475.287587,0.08341761145426695,False,False,[0.5 0.3 0.3]
1979.512808,100,475.795842,0.04696672475856816,False,False,[0.5 0.3 0.3]
1534.414735,100,476.309165,0.07857785878054299,False,False,[0.5 0.3 0.3]
1944.285036,100,476.837902,0.07953481394341153,False,False,[0.5 0.3 0.3]
2163.606588,86,477.290888,0.04352200392388802,False,True,[0.5 0.3 0.3]
1912.74413,100,477.804977,0.04755797052761236,False,False,[0.5 0.3 0.3]
1295.444525,100,478.323383,0.09988607370997411,False,False,[0.5 0.3 0.3]
1510.423259,100,478.839189,0.09223269312002998,False,False,[0.5 0.3 0.3]
1111.202667,100,479.34251,0.04288084651783781,False,False,[0.5 0.3 0.3]
1314.165689,100,479.846437,0.053531711572896115,False,False,[0.5 0.3 0.3]
1533.622949,100,480.365492,0.07002007154756508,False,False,[0.5 0.3 0.3]
1080.330776,100,480.87752,0.09768733258683897,False,False,[0.5 0.3 0.3]
681.606997,100,481.393714,0.05838606945187794,False,False,[0.5 0.3 0.3]
885.434066,100,481.912347,0.07526490507855454,False,False,[0.5 0.3 0.3]
1101.12155,100,482.380156,0.08227814422886799,False,False,[0.5 0.3 0.3]
1974.212545,100,482.838537,0.039454798213668936,False,False,[0.5 0.3 0.3]
1307.172431,100,483.343765,0.08457682537345497,False,False,[0.5 0.3 0.3]
1522.400448,100,483.858011,0.041974794369773964,False,False,[0.5 0.3 0.3]
1334.993655,100,484.839782,0.017571756583016823,False,False,[0.5 0.3 0.3]
1100.099821,100,485.310494,0.07275110905163162,False,False,[0.5 0.3 0.3]
1143.455608,100,485.767841,0.06756389527675184,False,False,[0.5 0.3 0.3]
886.413403,100,486.250175,0.07129246097040363,False,False,[0.5 0.3 0.3]
1528.71052,100,486.711336,0.11026430551994372,False,False,[0.5 0.3 0.3]
1503.735378,100,487.182319,0.0676430324839093,False,False,[0.5 0.3 0.3]
1725.845818,100,487.660148,0.07331181813893871,False,False,[0.5 0.3 0.3]
918.943025,100,488.118087,0.04649230452877311,False,False,[0.5 0.3 0.3]
927.120258,100,488.603876,0.08498786610605533,False,False,[0.5 0.3 0.3]
1157.069283,100,489.074009,0.05576277255269014,False,False,[0.5 0.3 0.3]
2153.183389,100,489.535195,0.06445995242865198,False,False,[0.5 0.3 0.3]
1086.480622,100,490.003629,0.04666097870107058,False,False,[0.5 0.3 0.3]
884.170842,100,490.492821,0.0491691261985032,False,False,[0.5 0.3 0.3]
1757.906495,100,490.961576,0.036819902466498196,False,False,[0.5 0.3 0.3]
1723.451858,100,491.427998,0.07847872020785779,False,False,[0.5 0.3 0.3]
1087.47746,100,491.88366,0.05886178294135908,False,False,[0.5 0.3 0.3]
704.978806,100,492.391624,0.07116080618673709,False,False,[0.5 0.3 0.3]
1307.93391,100,492.861543,0.05547393213934355,False,False,[0.5 0.3 0.3]
1510.512887,100,493.338973,0.05613897605370367,False,False,[0.5 0.3 0.3]
1947.499721,100,493.802187,0.0653655508466782,False,False,[0.5 0.3 0.3]
1089.89419,100,494.807425,0.08903052288023797,False,False,[0.5 0.3 0.3]
1337.763886,100,495.279891,0.04802003458755851,False,False,[0.5 0.3 0.3]
1751.273382,100,495.75323,0.09825427158087242,False,False,[0.5 0.3 0.3]
1738.2056,100,496.212922,0.021925042778261707,False,False,[0.5 0.3 0.3]
909.666534,100,496.69165,0.12365622895081962,False,False,[0.5 0.3 0.3]
669.798349,100,497.169634,0.10589062810356058,False,False,[0.5 0.3 0.3]
1303.757154,100,497.626664,0.0937996106164378,False,False,[0.5 0.3 0.3]
1107.950581,100,498.087085,0.12998911225677962,False,False,[0.5 0.3 0.3]
928.129012,100,498.557192,0.01275406829299189,False,False,[0.5 0.3 0.3]
1135.341398,100,499.031918,0.04894521745810245,False,False,[0.5 0.3 0.3]
1548.638423,100,499.489641,0.04837682160602078,False,False,[0.5 0.3 0.3]
870.682482,100,499.958193,0.03083724330104493,False,False,[0.5 0.3 0.3]
1762.380971,100,500.449098,0.07640255778514575,False,False,[0.5 0.3 0.3]
2170.825861,100,500.914728,0.06680520779891455,False,False,[0.5 0.3 0.3]
695.783453,100,501.381552,0.05446191995352825,False,False,[0.5 0.3 0.3]
1331.584837,100,501.853237,0.03351168112866213,False,False,[0.5 0.3 0.3]
1110.82082,100,502.335167,0.08533358504107383,False,False,[0.5 0.3 0.3]
1536.107795,100,502.793727,0.0744162644164559,False,False,[0.5 0.3 0.3]
890.731233,100,503.260573,0.06027877044192287,False,False,[0.5 0.3 0.3]
1308.612553,100,503.712988,0.14013298623789197,False,False,[0.5 0.3 0.3]
1324.538695,100,504.17883,0.05297817891199586,False,False,[0.5 0.3 0.3]
1104.539471,100,505.17658,0.062132246829431706,False,False,[0.5 0.3 0.3]
2541.893024,100,505.640273,0.14171830684388256,False,False,[0.5 0.3 0.3]
1521.617171,100,506.108665,0.024202422331139818,False,False,[0.5 0.3 0.3]
668.975583,100,506.575384,0.06832840993643458,False,False,[0.5 0.3 0.3]
690.554421,100,507.043291,0.06686398381033078,False,False,[0.5 0.3 0.3]
1339.742995,100,507.517475,0.07169204575959288,False,False,[0.5 0.3 0.3]
498.6577,100,507.991876,0.0571221551341232,False,False,[0.5 0.3 0.3]
1127.409431,100,508.485955,0.09059277661771556,False,False,[0.5 0.3 0.3]
1137.767953,100,508.943268,0.09807064826600895,False,False,[0.5 0.3 0.3]
1970.344852,92,509.384476,0.049682529458162136,False,True,[0.5 0.3 0.3]
1339.983926,100,509.858018,0.0643663047275476,False,False,[0.5 0.3 0.3]
1115.933249,100,510.316274,0.04840025118898388,False,False,[0.5 0.3 0.3]
1508.645422,100,510.786583,0.05537908801421538,False,False,[0.5 0.3 0.3]
1127.084513,100,511.25226,0.03696863169040026,False,False,[0.5 0.3 0.3]
1719.808462,100,511.7439,0.049774427288843265,False,False,[0.5 0.3 0.3]
1086.047032,100,512.26592,0.13919467167050423,False,False,[0.5 0.3 0.3]
1300.730892,100,512.775183,0.08191936939153484,False,False,[0.5 0.3 0.3]
2557.772963,100,513.274136,0.11970491775781167,False,False,[0.5 0.3 0.3]
863.234402,100,513.804244,0.053875081104982465,False,False,[0.5 0.3 0.3]
686.490404,100,514.308902,0.05015806256717063,False,False,[0.5 0.3 0.3]
889.176716,100,515.387935,0.09497756785326218,False,False,[0.5 0.3 0.3]
1729.703938,100,515.891637,0.15096325945136826,False,False,[0.5 0.3 0.3]
1307.991636,100,516.401108,0.026718570420151067,False,False,[0.5 0.3 0.3]
1751.792359,100,516.939298,0.10874814862641222,False,False,[0.5 0.3 0.3]
1112.069259,100,517.460005,0.20329826928267986,False,False,[0.5 0.3 0.3]
1329.607279,100,517.97002,0.08770764477121216,False,False,[0.5 0.3 0.3]
1565.185714,100,518.481553,0.11215061158064417,False,False,[0.5 0.3 0.3]
2153.561695,100,518.987679,0.035003820514393845,False,False,[0.5 0.3 0.3]
909.559938,100,519.501081,0.0424400237448098,False,False,[0.5 0.3 0.3]
685.255099,100,520.021499,0.057646656828641105,False,False,[0.5 0.3 0.3]
1737.452484,100,520.528417,0.10721215991859188,False,False,[0.5 0.3 0.3]
1097.964403,100,521.041815,0.02818255928941993,False,False,[0.5 0.3 0.3]
1133.394165,100,521.543146,0.0640785530271914,False,False,[0.5 0.3 0.3]
1097.111584,100,522.044876,0.07585459542343291,False,False,[0.5 0.3 0.3]
1093.201431,100,522.552215,0.07252411160421826,False,False,[0.5 0.3 0.3]
1728.263348,100,523.065634,0.08579558919848276,False,False,[0.5 0.3 0.3]
1342.471292,100,523.585579,0.04343679860638515,False,False,[0.5 0.3 0.3]
1323.289388,100,524.087237,0.0716611594562397,False,False,[0.5 0.3 0.3]
1092.365347,100,524.596452,0.10171725288947513,False,False,[0.5 0.3 0.3]
1503.031729,100,525.12366,0.09007619799957987,False,False,[0.5 0.3 0.3]
710.827585,100,525.665738,0.08491042652208342,False,False,[0.5 0.3 0.3]
695.132772,100,526.730188,0.09068708482973911,False,False,[0.5 0.3 0.3]
1934.965942,100,527.217572,0.05685990676647088,False,False,[0.5 0.3 0.3]
1498.93376,100,527.680855,0.08236204917907088,False,False,[0.5 0.3 0.3]
908.071808,100,528.191656,0.0682109225690163,False,False,[0.5 0.3 0.3]
1529.748183,100,528.699183,0.0689202575144995,False,False,[0.5 0.3 0.3]
1118.569176,100,529.179935,0.027298974432694554,False,False,[0.5 0.3 0.3]
1479.187723,100,529.651602,0.10811408618624777,False,False,[0.5 0.3 0.3]
1123.880349,100,530.104321,0.11021818750870135,False,False,[0.5 0.3 0.3]
1536.741065,100,530.575405,0.05900665313460067,False,False,[0.5 0.3 0.3]
1717.211563,100,531.04072,0.033958158165788406,False,False,[0.5 0.3 0.3]
1523.29547,100,531.483101,0.041244808131691436,False,False,[0.5 0.3 0.3]
1294.45534,100,531.940349,0.019928175728101037,False,False,[0.5 0.3 0.3]
1133.166974,100,532.397695,0.02475110580942897,False,False,[0.5 0.3 0.3]
2131.007402,100,532.869859,0.08241869415305773,False,False,[0.5 0.3 0.3]
1296.930604,100,533.359393,0.06100417686177101,False,False,[0.5 0.3 0.3]
1294.770275,100,533.863342,0.049875537003299206,False,False,[0.5 0.3 0.3]
1540.889162,100,534.319524,0.07420434504404909,False,False,[0.5 0.3 0.3]
1866.346673,71,534.677282,0.007612436313943147,False,True,[0.5 0.3 0.3]
759.404053,100,535.133571,0.08104026455551123,False,False,[0.5 0.3 0.3]
1941.413742,100,535.591181,0.039757735114296436,False,False,[0.5 0.3 0.3]
1100.460558,100,536.581441,0.05783090938153326,False,False,[0.5 0.3 0.3]
935.240376,100,537.062032,0.06440751294173881,False,False,[0.5 0.3 0.3]
1500.036593,100,537.536097,0.10228978483111305,False,False,[0.5 0.3 0.3]
899.435169,100,537.989867,0.04409825100038837,False,False,[0.5 0.3 0.3]
1091.155087,100,538.442291,0.028830059886665947,False,False,[0.5 0.3 0.3]
1742.709178,100,538.9273,0.03478665029983378,False,False,[0.5 0.3 0.3]
645.244897,100,539.392095,0.10574978686024747,False,False,[0.5 0.3 0.3]
1156.701865,100,539.861136,0.14327005096732434,False,False,[0.5 0.3 0.3]
1825.792749,62,540.181584,0.02668084996466282,False,True,[0.5 0.3 0.3]
1945.870111,100,540.656034,0.07970301730828354,False,False,[0.5 0.3 0.3]
926.821428,100,541.187035,0.0812598109595398,False,False,[0.5 0.3 0.3]
1333.237121,100,541.65175,0.06004780889064371,False,False,[0.5 0.3 0.3]
925.910096,100,542.116558,0.09509136479103907,False,False,[0.5 0.3 0.3]
1546.05514,100,542.575055,0.04790355042878601,False,False,[0.5 0.3 0.3]
1087.810117,100,543.052572,0.13317631687698508,False,False,[0.5 0.3 0.3]
1930.331897,100,543.503102,0.11620528163730179,False,False,[0.5 0.3 0.3]
911.039371,100,543.997974,0.1093801778083656,False,False,[0.5 0.3 0.3]
688.669503,100,544.463734,0.1509252456263485,False,False,[0.5 0.3 0.3]
1502.287143,100,544.935331,0.06681079460048404,False,False,[0.5 0.3 0.3]
1090.88733,100,545.400604,0.09210495124964518,False,False,[0.5 0.3 0.3]
873.059893,100,545.866842,0.06154309567268837,False,False,[0.5 0.3 0.3]
1726.807678,100,546.866877,0.13303176747236486,False,False,[0.5 0.3 0.3]
1531.593962,100,547.330952,0.08493451029917604,False,False,[0.5 0.3 0.3]
1509.737152,100,547.806933,0.09525267842742871,False,False,[0.5 0.3 0.3]
1738.283244,100,548.271808,0.05596100825933682,False,False,[0.5 0.3 0.3]
1309.106538,100,548.740629,0.09423012223269434,False,False,[0.5 0.3 0.3]
1711.324887,100,549.243454,0.026771999632032417,False,False,[0.5 0.3 0.3]
1539.137657,100,549.703482,0.08324634154112345,False,False,[0.5 0.3 0.3]
1295.783891,100,550.172256,0.08747841846028,False,False,[0.5 0.3 0.3]
924.690375,100,550.640479,0.08006268944902424,False,False,[0.5 0.3 0.3]
1330.829037,100,551.1223,0.10755952813645778,False,False,[0.5 0.3 0.3]
1308.403609,100,551.576074,0.025505833279790186,False,False,[0.5 0.3 0.3]
1320.742377,100,552.069592,0.043153178640769896,False,False,[0.5 0.3 0.3]
1925.764062,100,552.532886,0.035137101967554284,False,False,[0.5 0.3 0.3]
2163.88653,100,552.996113,0.040557382317503846,False,False,[0.5 0.3 0.3]
1724.557733,100,553.456222,0.05372997779333338,False,False,[0.5 0.3 0.3]
1094.313597,100,553.92997,0.13826340985961227,False,False,[0.5 0.3 0.3]
1299.069235,100,554.402119,0.014226649645099095,False,False,[0.5 0.3 0.3]
1344.826394,100,554.875805,0.031558607629167505,False,False,[0.5 0.3 0.3]
1520.938651,100,555.348162,0.08322626120629517,False,False,[0.5 0.3 0.3]
2158.528523,100,555.804137,0.046463518989035835,False,False,[0.5 0.3 0.3]
686.016551,100,556.267081,0.04516145852294102,False,False,[0.5 0.3 0.3]
1952.940002,100,557.275734,0.06993615621214606,False,False,[0.5 0.3 0.3]
1512.766523,100,557.73923,0.06392630603585892,False,False,[0.5 0.3 0.3]
1754.120658,100,558.199769,0.06572755248491831,False,False,[0.5 0.3 0.3]
1731.313721,100,558.669701,0.0984706209107803,False,False,[0.5 0.3 0.3]
1555.108783,100,559.145049,0.013423189328715883,False,False,[0.5 0.3 0.3]
702.032864,100,559.611941,0.06688721261923283,False,False,[0.5 0.3 0.3]
1712.666791,100,560.085847,0.029829723622498642,False,False,[0.5 0.3 0.3]
1311.441421,100,560.549096,0.017753485223615473,False,False,[0.5 0.3 0.3]
1531.80729,100,561.016862,0.05667008428089181,False,False,[0.5 0.3 0.3]
1500.574274,100,561.483513,0.052817065477200324,False,False,[0.5 0.3 0.3]
1146.802685,100,561.959916,0.03865032204094977,False,False,[0.5 0.3 0.3]
1118.653568,100,562.425014,0.03714382079317794,False,False,[0.5 0.3 0.3]
1503.373592,100,562.878851,0.09668064578445289,False,False,[0.5 0.3 0.3]
1305.36784,100,563.355214,0.04134104186373033,False,False,[0.5 0.3 0.3]
946.754232,100,563.810573,0.06569010495669786,False,False,[0.5 0.3 0.3]
915.600907,100,564.276101,0.040431498458032254,False,False,[0.5 0.3 0.3]
1527.477034,100,564.735776,0.08989891281175348,False,False,[0.5 0.3 0.3]
1095.166183,100,565.229097,0.09719570043632302,False,False,[0.5 0.3 0.3]
1300.418368,100,565.702749,0.025781243778107345,False,False,[0.5 0.3 0.3]
1745.729097,100,566.183337,0.07996524695969345,False,False,[0.5 0.3 0.3]
1776.466302,100,567.177148,0.04756784754006391,False,False,[0.5 0.3 0.3]
1527.73301,100,567.636045,0.07041497892573803,False,False,[0.5 0.3 0.3]
1735.645413,100,568.106224,0.08700269421653217,False,False,[0.5 0.3 0.3]
679.315636,100,568.566226,0.13617642062186902,False,False,[0.5 0.3 0.3]
1352.584652,100,569.032103,0.05590723672015606,False,False,[0.5 0.3 0.3]
1308.703581,100,569.505611,0.046593577495984244,False,False,[0.5 0.3 0.3]
1534.367579,100,569.964283,0.026864595956374793,False,False,[0.5 0.3 0.3]
1746.162925,100,570.431243,0.03590766209012693,False,False,[0.5 0.3 0.3]
1531.101862,100,570.906727,0.11916426177152216,False,False,[0.5 0.3 0.3]
1336.45591,100,571.377097,0.06509767876622662,False,False,[0.5 0.3 0.3]
1527.655261,100,571.851711,0.06481209843417407,False,False,[0.5 0.3 0.3]
1696.36131,100,572.322652,0.10298384716482555,False,False,[0.5 0.3 0.3]
1729.881362,100,572.786174,0.06727872710064002,False,False,[0.5 0.3 0.3]
1119.313602,100,573.266948,0.04190148674925515,False,False,[0.5 0.3 0.3]
1318.51928,100,573.723661,0.08249798388908221,False,False,[0.5 0.3 0.3]
1312.038092,100,574.191093,0.08801422554008043,False,False,[0.5 0.3 0.3]
1344.149123,100,574.6659,0.05813618773582246,False,False,[0.5 0.3 0.3]
1101.480842,100,575.125068,0.14759806704793763,False,False,[0.5 0.3 0.3]
918.793523,100,575.589748,0.07429796530781423,False,False,[0.5 0.3 0.3]
458.785263,100,576.063251,0.0760991780519269,False,False,[0.5 0.3 0.3]
715.45804,100,576.529453,0.08212560209933582,False,False,[0.5 0.3 0.3]
1714.014414,100,577.544305,0.11745448410448152,False,False,[0.5 0.3 0.3]
686.249467,100,578.02243,0.025321492149360365,False,False,[0.5 0.3 0.3]
1135.65479,100,578.480811,0.12678038813168488,False,False,[0.5 0.3 0.3]
1286.84766,100,578.946938,0.10068361632703447,False,False,[0.5 0.3 0.3]
1751.772122,100,579.422263,0.043721931305399295,False,False,[0.5 0.3 0.3]
2353.559788,100,579.886689,0.06382953850717403,False,False,[0.5 0.3 0.3]
1328.524343,100,580.358684,0.05433953638975046,False,False,[0.5 0.3 0.3]
1081.268108,100,580.823576,0.06402797732562873,False,False,[0.5 0.3 0.3]
2145.57385,100,581.307133,0.07270849142616992,False,False,[0.5 0.3 0.3]
1300.858278,100,581.774374,0.07286329967698159,False,False,[0.5 0.3 0.3]
1516.10117,100,582.253104,0.0673344338865384,False,False,[0.5 0.3 0.3]
1712.324167,100,582.717412,0.10380981968738345,False,False,[0.5 0.3 0.3]
1118.081791,100,583.188463,0.12828505919987418,False,False,[0.5 0.3 0.3]
1116.453295,100,583.683125,0.07000573571711859,False,False,[0.5 0.3 0.3]
2052.103089,68,584.035421,0.04506927029819728,False,True,[0.5 0.3 0.3]
1726.944901,100,584.510811,0.09290820064791601,False,False,[0.5 0.3 0.3]
1332.198149,100,584.966007,0.12981957832088542,False,False,[0.5 0.3 0.3]
888.765263,100,585.431896,0.09754923379240311,False,False,[0.5 0.3 0.3]
721.022838,100,585.90496,0.07254569350203369,False,False,[0.5 0.3 0.3]
923.128784,100,586.382309,0.06865356409921552,False,False,[0.5 0.3 0.3]
1095.751915,100,586.846523,0.05546454943110646,False,False,[0.5 0.3 0.3]
1747.978489,100,587.847873,0.06342483701189937,False,False,[0.5 0.3 0.3]
894.646934,100,588.312513,0.10975667551206017,False,False,[0.5 0.3 0.3]
1518.090926,100,588.776683,0.06225442618964535,False,False,[0.5 0.3 0.3]
1737.506557,100,589.27511,0.06270677471292439,False,False,[0.5 0.3 0.3]
879.347634,100,589.747849,0.09405201512586289,False,False,[0.5 0.3 0.3]
1111.564303,100,590.210659,0.08354246823066812,False,False,[0.5 0.3 0.3]
1105.93383,100,590.663963,0.10195961736429081,False,False,[0.5 0.3 0.3]
700.991861,100,591.138947,0.0683420034265296,False,False,[0.5 0.3 0.3]
1110.630109,100,591.600382,0.08918687189512364,False,False,[0.5 0.3 0.3]
1723.03234,100,592.085791,0.09976063797636402,False,False,[0.5 0.3 0.3]
1716.990002,100,592.565793,0.13730193924069273,False,False,[0.5 0.3 0.3]
1725.176322,100,593.035802,0.03606469924876657,False,False,[0.5 0.3 0.3]
921.241424,81,593.438654,0.20435081799786944,True,False,[0.5 0.3 0.3]
703.939139,100,593.9143,0.04021387333761831,False,False,[0.5 0.3 0.3]
1729.865103,100,594.367444,0.028365466961205173,False,False,[0.5 0.3 0.3]
1118.784974,100,594.834021,0.11469014001472164,False,False,[0.5 0.3 0.3]
1758.820757,100,595.291195,0.08315849075156899,False,False,[0.5 0.3 0.3]
1870.39526,68,595.654006,0.039523643858495404,False,True,[0.5 0.3 0.3]
1109.9447,100,596.11591,0.06528515655250397,False,False,[0.5 0.3 0.3]
1331.821753,100,596.58989,0.06921240380294402,False,False,[0.5 0.3 0.3]
1319.281943,100,597.593315,0.046606971573045455,False,False,[0.5 0.3 0.3]
899.202445,100,598.061559,0.09384815867432345,False,False,[0.5 0.3 0.3]
697.18235,100,598.535871,0.07975742509415411,False,False,[0.5 0.3 0.3]
1340.821467,100,598.999717,0.0546743797971474,False,False,[0.5 0.3 0.3]
1949.346004,100,599.462815,0.045414909644513723,False,False,[0.5 0.3 0.3]
2368.431232,100,599.934098,0.03431418147433321,False,False,[0.5 0.3 0.3]
1129.146433,100,600.396408,0.04060514370302133,False,False,[0.5 0.3 0.3]
1532.498842,100,600.867939,0.09274450000240013,False,False,[0.5 0.3 0.3]
1342.412944,100,601.334298,0.025795294353795153,False,False,[0.5 0.3 0.3]
692.491434,100,601.799692,0.1577244849982579,False,False,[0.5 0.3 0.3]
906.283922,100,602.264076,0.09290135479437991,False,False,[0.5 0.3 0.3]
3222.270552,93,602.696696,0.04604153049095697,False,True,[0.5 0.3 0.3]
1506.411753,100,603.160045,0.11103900218606558,False,False,[0.5 0.3 0.3]
1528.491119,100,603.635461,0.06246618202938748,False,False,[0.5 0.3 0.3]
692.24858,100,604.108394,0.046633785640598384,False,False,[0.5 0.3 0.3]
1951.970036,100,604.580295,0.08160681221654077,False,False,[0.5 0.3 0.3]
1336.347891,100,605.036522,0.04508315183330891,False,False,[0.5 0.3 0.3]
1142.19717,100,605.514006,0.07356192427265133,False,False,[0.5 0.3 0.3]
1107.529714,100,605.982674,0.127712626464762,False,False,[0.5 0.3 0.3]
1531.439169,100,606.436706,0.025663252627801447,False,False,[0.5 0.3 0.3]
1949.004235,100,606.898091,0.00822113259842474,False,False,[0.5 0.3 0.3]
1713.202798,100,607.892669,0.025355901992721218,False,False,[0.5 0.3 0.3]
1311.403953,100,608.351741,0.058049894992702945,False,False,[0.5 0.3 0.3]
1128.190571,100,608.816868,0.08833550698767466,False,False,[0.5 0.3 0.3]
1095.490382,100,609.279713,0.09338560124925757,False,False,[0.5 0.3 0.3]
1157.723488,100,609.738387,0.1329512050329044,False,False,[0.5 0.3 0.3]
1125.585481,100,610.207958,0.030783990485710132,False,False,[0.5 0.3 0.3]
1735.441877,100,610.695314,0.04430679613505655,False,False,[0.5 0.3 0.3]
1122.429015,100,611.169213,0.024851447288547365,False,False,[0.5 0.3 0.3]
1109.594121,100,611.638171,0.06992508801667963,False,False,[0.5 0.3 0.3]
1740.956509,44,611.914753,0.03555054129695852,False,True,[0.5 0.3 0.3]
1347.363009,100,612.384515,0.034537849813715264,False,False,[0.5 0.3 0.3]
1135.828777,100,612.854099,0.0380802188792247,False,False,[0.5 0.3 0.3]
1115.587786,100,613.311714,0.10675762126519024,False,False,[0.5 0.3 0.3]
1505.910104,100,613.795917,0.06518495206148406,False,False,[0.5 0.3 0.3]
1910.943554,100,614.273595,0.02049338532576104,False,False,[0.5 0.3 0.3]
931.759185,100,614.747505,0.055690466487358425,False,False,[0.5 0.3 0.3]
1939.493408,100,615.217983,0.052570703345620806,False,False,[0.5 0.3 0.3]
905.799878,100,615.688401,0.12271093657685556,False,False,[0.5 0.3 0.3]
887.272148,100,616.16474,0.1279735888605972,False,False,[0.5 0.3 0.3]
1549.4542,100,616.640132,0.025967482791503033,False,False,[0.5 0.3 0.3]
707.355895,100,617.110523,0.0506119072721127,False,False,[0.5 0.3 0.3]
1360.974119,100,618.100626,0.04579197879893338,False,False,[0.5 0.3 0.3]
1518.227368,100,618.578569,0.12027791991444974,False,False,[0.5 0.3 0.3]
1733.807141,100,619.036624,0.08033857836966178,False,False,[0.5 0.3 0.3]
1746.128989,100,619.499444,0.09451642073768364,False,False,[0.5 0.3 0.3]
686.914552,100,619.963444,0.022923758864805344,False,False,[0.5 0.3 0.3]
1332.357387,100,620.431345,0.20565748610569867,False,False,[0.5 0.3 0.3]
716.063124,100,620.898167,0.04187118623348919,False,False,[0.5 0.3 0.3]
1299.941501,100,621.362464,0.12235740889853546,False,False,[0.5 0.3 0.3]
1734.227857,100,621.84914,0.04242044472238071,False,False,[0.5 0.3 0.3]
1107.271302,100,622.325721,0.12371698503787369,False,False,[0.5 0.3 0.3]
1327.658018,100,622.793766,0.13967959839698563,False,False,[0.5 0.3 0.3]
1545.56259,100,623.253519,0.024006806810651204,False,False,[0.5 0.3 0.3]
1133.847673,100,623.723992,0.028583021677154992,False,False,[0.5 0.3 0.3]
1100.011729,100,624.198812,0.09929838992564777,False,False,[0.5 0.3 0.3]
1384.181215,100,624.652879,0.04145568425451829,False,False,[0.5 0.3 0.3]
1510.030237,100,625.109121,0.10002612983629541,False,False,[0.5 0.3 0.3]
1142.831884,100,625.567011,0.03510635071995536,False,False,[0.5 0.3 0.3]
1572.187884,100,626.033684,0.05106666679134954,False,False,[0.5 0.3 0.3]
1113.418374,100,626.505553,0.1142582156106254,False,False,[0.5 0.3 0.3]
905.310495,100,626.978256,0.09185746293511257,False,False,[0.5 0.3 0.3]
1580.208018,100,627.434672,0.07319669146103511,False,False,[0.5 0.3 0.3]
1343.348054,100,628.450702,0.058374341346048776,False,False,[0.5 0.3 0.3]
1091.245493,100,628.935122,0.04339881877712824,False,False,[0.5 0.3 0.3]
1537.420675,100,629.390646,0.05175834529681194,False,False,[0.5 0.3 0.3]
1525.140116,100,629.88272,0.06243092175334298,False,False,[0.5 0.3 0.3]
2127.875068,100,630.346801,0.1290641523531419,False,False,[0.5 0.3 0.3]
1725.142849,100,630.820995,0.0724169726848579,False,False,[0.5 0.3 0.3]
1106.535295,100,631.290703,0.10490973075322436,False,False,[0.5 0.3 0.3]
1321.178627,100,631.7555,0.10866196463783742,False,False,[0.5 0.3 0.3]
686.011174,100,632.233413,0.08169048755739881,False,False,[0.5 0.3 0.3]
1110.996148,100,632.700969,0.0405309798354362,False,False,[0.5 0.3 0.3]
1320.025686,100,633.171512,0.04707469263950344,False,False,[0.5 0.3 0.3]
1109.817376,100,633.640216,0.07269188230827199,False,False,[0.5 0.3 0.3]
1087.25304,100,634.103251,0.061065274123499914,False,False,[0.5 0.3 0.3]
1527.006861,100,634.571274,0.12024814871693414,False,False,[0.5 0.3 0.3]
1937.406855,100,635.03712,0.09453794033257297,False,False,[0.5 0.3 0.3]
1516.696657,100,635.501184,0.05977774184410777,False,False,[0.5 0.3 0.3]
1539.642051,100,635.960125,0.05379885709126148,False,False,[0.5 0.3 0.3]
880.174268,100,636.431077,0.12686555118419623,False,False,[0.5 0.3 0.3]
1114.920988,100,636.91194,0.10815298435357144,False,False,[0.5 0.3 0.3]
1331.523429,100,637.366765,0.019077857322887852,False,False,[0.5 0.3 0.3]
881.079669,100,638.36396,0.01608832141139199,False,False,[0.5 0.3 0.3]
1307.913431,100,638.830109,0.0975297013254427,False,False,[0.5 0.3 0.3]
949.599613,100,639.289254,0.06396421832057107,False,False,[0.5 0.3 0.3]
1973.389272,100,639.765584,0.15083892839226856,False,False,[0.5 0.3 0.3]
1315.657668,100,640.246521,0.10695185585960253,False,False,[0.5 0.3 0.3]
1138.514333,100,640.709548,0.03563569805963638,False,False,[0.5 0.3 0.3]
1542.774569,100,641.181878,0.08045180889051884,False,False,[0.5 0.3 0.3]
907.558773,100,641.649233,0.1470250866210792,False,False,[0.5 0.3 0.3]
1294.785908,100,642.118208,0.06866501505470517,False,False,[0.5 0.3 0.3]
910.383792,100,642.588813,0.08602430435560918,False,False,[0.5 0.3 0.3]
2160.389253,100,643.064671,0.12270433677814564,False,False,[0.5 0.3 0.3]
1341.758445,100,643.534115,0.05644932485407955,False,False,[0.5 0.3 0.3]
1549.223303,100,643.999402,0.03401819397772274,False,False,[0.5 0.3 0.3]
1755.072775,100,644.475088,0.048682708950295604,False,False,[0.5 0.3 0.3]
1122.248566,100,644.936662,0.13381183112144523,False,False,[0.5 0.3 0.3]
1543.659064,100,645.396195,0.06771504178055263,False,False,[0.5 0.3 0.3]
692.423393,100,645.870337,0.09054292122703457,False,False,[0.5 0.3 0.3]
1094.769544,100,646.363193,0.09420041347316217,False,False,[0.5 0.3 0.3]
1110.093707,100,646.830918,0.03740853248930735,False,False,[0.5 0.3 0.3]
1946.266225,100,647.30487,0.04305916447948254,False,False,[0.5 0.3 0.3]
1124.694494,100,647.775306,0.06024904076039679,False,False,[0.5 0.3 0.3]
1892.397235,76,648.675815,0.039104101852789015,False,True,[0.5 0.3 0.3]
1952.349302,100,649.152096,0.09175560944227823,False,False,[0.5 0.3 0.3]
1959.989223,100,649.606971,0.04822836559262236,False,False,[0.5 0.3 0.3]
1078.906265,100,650.066075,0.02623797597798683,False,False,[0.5 0.3 0.3]
1495.863799,100,650.543554,0.025875258005825935,False,False,[0.5 0.3 0.3]
919.88973,100,651.015605,0.06450909034061464,False,False,[0.5 0.3 0.3]
1319.275859,100,651.480764,0.10134412005673367,False,False,[0.5 0.3 0.3]
882.759654,100,651.943589,0.07016042065305976,False,False,[0.5 0.3 0.3]
916.609572,100,652.413139,0.09004634927778617,False,False,[0.5 0.3 0.3]
940.255216,100,652.876912,0.05873488406297245,False,False,[0.5 0.3 0.3]
902.297132,100,653.358821,0.06829958791612435,False,False,[0.5 0.3 0.3]
1111.517544,100,653.828649,0.09293706078801664,False,False,[0.5 0.3 0.3]
1539.411845,100,654.29373,0.028733088330429722,False,False,[0.5 0.3 0.3]
1507.217477,100,654.776707,0.11106205264037015,False,False,[0.5 0.3 0.3]
1723.506748,100,655.261859,0.06948261365979282,False,False,[0.5 0.3 0.3]
1318.379548,100,655.720222,0.06565246538397997,False,False,[0.5 0.3 0.3]
1323.563786,100,656.214723,0.13693444258506782,False,False,[0.5 0.3 0.3]
2382.491106,100,656.691258,0.08631118760125951,False,False,[0.5 0.3 0.3]
1327.332232,100,657.150548,0.09634938545770999,False,False,[0.5 0.3 0.3]
1908.972944,71,657.503775,0.03579527579836986,False,True,[0.5 0.3 0.3]
1116.496638,100,657.980455,0.05986442503225173,False,False,[0.5 0.3 0.3]
1720.059366,100,658.984662,0.09706843376762112,False,False,[0.5 0.3 0.3]
1120.570124,100,659.464797,0.05255817528487294,False,False,[0.5 0.3 0.3]
1310.847122,100,659.940696,0.038517187278660166,False,False,[0.5 0.3 0.3]
1327.63974,100,660.40858,0.041080884205974645,False,False,[0.5 0.3 0.3]
1286.460958,100,660.884795,0.04676596143533737,False,False,[0.5 0.3 0.3]
1319.483064,100,661.357771,0.05202187536570191,False,False,[0.5 0.3 0.3]
1314.663091,100,661.834878,0.10282762055830119,False,False,[0.5 0.3 0.3]
1115.535051,100,662.304002,0.0741366785694357,False,False,[0.5 0.3 0.3]
926.057219,100,662.791627,0.06072740583654667,False,False,[0.5 0.3 0.3]
1110.598746,83,663.185282,0.22806898385141774,True,False,[0.5 0.3 0.3]
755.208388,100,663.637686,0.05436810079101914,False,False,[0.5 0.3 0.3]
1522.56069,100,664.11794,0.12045394533497164,False,False,[0.5 0.3 0.3]
1325.924073,100,664.590791,0.054662813928036444,False,False,[0.5 0.3 0.3]
1304.891063,100,665.056354,0.11417377582216202,False,False,[0.5 0.3 0.3]
1734.363708,100,665.533869,0.06559203803686624,False,False,[0.5 0.3 0.3]
1120.102619,100,665.990547,0.13598153554822556,False,False,[0.5 0.3 0.3]
492.542445,100,666.458665,0.10777123667273644,False,False,[0.5 0.3 0.3]
1543.889106,100,666.943064,0.044589877546275684,False,False,[0.5 0.3 0.3]
1278.512223,100,667.418648,0.072268336881809,False,False,[0.5 0.3 0.3]
1513.368802,100,667.909313,0.0731154366841304,False,False,[0.5 0.3 0.3]
884.297739,100,668.913179,0.034718181562175876,False,False,[0.5 0.3 0.3]
1941.772952,100,669.380017,0.06584441615449478,False,False,[0.5 0.3 0.3]
1323.645373,100,669.846812,0.031668668957274965,False,False,[0.5 0.3 0.3]
1125.856916,100,670.31828,0.0492632131776712,False,False,[0.5 0.3 0.3]
504.98328,100,670.805071,0.09779471875439398,False,False,[0.5 0.3 0.3]
1361.601271,100,671.280029,0.04596697247202024,False,False,[0.5 0.3 0.3]
1142.947686,100,671.750295,0.0967003076291369,False,False,[0.5 0.3 0.3]
914.070667,100,672.219687,0.09820186056868242,False,False,[0.5 0.3 0.3]
1131.363565,100,672.680333,0.07486354913345365,False,False,[0.5 0.3 0.3]
938.778073,100,673.153442,0.015121553643533688,False,False,[0.5 0.3 0.3]
1338.701993,100,673.629108,0.0673400713887831,False,False,[0.5 0.3 0.3]
1959.302746,100,674.079678,0.0394608469061028,False,False,[0.5 0.3 0.3]
1329.967541,100,674.549502,0.12693892154055425,False,False,[0.5 0.3 0.3]
1081.89313,100,675.017965,0.026637351010300483,False,False,[0.5 0.3 0.3]
1297.066199,100,675.484455,0.11879373180669728,False,False,[0.5 0.3 0.3]
1952.377694,100,675.956528,0.08040244403212074,False,False,[0.5 0.3 0.3]
906.346117,100,676.411916,0.09871258515559744,False,False,[0.5 0.3 0.3]
1528.894307,100,676.904486,0.05870285261391866,False,False,[0.5 0.3 0.3]
1123.923091,100,677.370747,0.11036928908383264,False,False,[0.5 0.3 0.3]
1761.879137,100,677.834206,0.06365210046420632,False,False,[0.5 0.3 0.3]
2178.882839,100,678.300668,0.08010505786758576,False,False,[0.5 0.3 0.3]
1301.816179,100,679.313397,0.049543814895384855,False,False,[0.5 0.3 0.3]
1071.123468,100,679.796787,0.05742604671716774,False,False,[0.5 0.3 0.3]
1142.575286,100,680.266117,0.09801667086474304,False,False,[0.5 0.3 0.3]
1333.432649,100,680.728889,0.03529011800657386,False,False,[0.5 0.3 0.3]
1126.048794,100,681.185013,0.07290676117305797,False,False,[0.5 0.3 0.3]
728.18966,100,681.644497,0.06628243253307349,False,False,[0.5 0.3 0.3]
1319.673125,100,682.102577,0.058494797292002326,False,False,[0.5 0.3 0.3]
901.782944,100,682.573936,0.04291034117834422,False,False,[0.5 0.3 0.3]
1111.882767,100,683.04515,0.07744886163532452,False,False,[0.5 0.3 0.3]
1121.222796,100,683.513455,0.07153399745322668,False,False,[0.5 0.3 0.3]
1293.271132,100,683.982513,0.06995528511457261,False,False,[0.5 0.3 0.3]
2168.022809,100,684.453748,0.061597815328666546,False,False,[0.5 0.3 0.3]
1315.014298,100,684.928011,0.044108805765013304,False,False,[0.5 0.3 0.3]
695.693013,100,685.398058,0.08387164485813073,False,False,[0.5 0.3 0.3]
1308.88342,100,685.862669,0.05231128183511096,False,False,[0.5 0.3 0.3]
1142.796123,100,686.33161,0.04345255223981875,False,False,[0.5 0.3 0.3]
1101.281672,100,686.802335,0.09099990511483796,False,False,[0.5 0.3 0.3]
1350.371262,100,687.297999,0.03763300301595891,False,False,[0.5 0.3 0.3]
1766.594548,100,687.771807,0.06477602775899251,False,False,[0.5 0.3 0.3]
1297.708252,100,688.238581,0.03489474799781005,False,False,[0.5 0.3 0.3]
892.290684,100,689.255356,0.07934588240540114,False,False,[0.5 0.3 0.3]
2377.150971,100,689.722147,0.11635653860582686,False,False,[0.5 0.3 0.3]
1740.812756,100,690.189452,0.04176351335698599,False,False,[0.5 0.3 0.3]
1120.815862,100,690.649712,0.09966060721428899,False,False,[0.5 0.3 0.3]
951.629253,100,691.137054,0.05941316030385012,False,False,[0.5 0.3 0.3]
2153.30581,100,691.619937,0.1076303425491247,False,False,[0.5 0.3 0.3]
1711.917117,100,692.072975,0.10748285569049724,False,False,[0.5 0.3 0.3]
1340.280835,100,692.543879,0.030275166703558953,False,False,[0.5 0.3 0.3]
1752.697596,100,693.024753,0.07380615558894257,False,False,[0.5 0.3 0.3]
889.585575,100,693.487194,0.13138584325374805,False,False,[0.5 0.3 0.3]
1770.669304,100,693.971433,0.043475431792125395,False,False,[0.5 0.3 0.3]
876.244906,100,694.429092,0.06667092061103704,False,False,[0.5 0.3 0.3]
1319.34842,100,694.891292,0.07325692916839187,False,False,[0.5 0.3 0.3]
505.414355,100,695.38677,0.05103888712967522,False,False,[0.5 0.3 0.3]
1111.894225,100,695.852423,0.027579086215415466,False,False,[0.5 0.3 0.3]
1361.400389,100,696.330394,0.07265534156591302,False,False,[0.5 0.3 0.3]
913.124994,100,696.797194,0.11234394028004899,False,False,[0.5 0.3 0.3]
897.415663,100,697.258806,0.07038242220516827,False,False,[0.5 0.3 0.3]
1108.129138,100,697.732284,0.0433606026862494,False,False,[0.5 0.3 0.3]
1332.210232,100,698.20305,0.11112196630269539,False,False,[0.5 0.3 0.3]
537.249928,100,698.675033,0.11201942305501258,False,False,[0.5 0.3 0.3]
1499.509526,100,699.681718,0.04496501529735866,False,False,[0.5 0.3 0.3]
684.91726,100,700.151902,0.08813772845269137,False,False,[0.5 0.3 0.3]
1143.407032,100,700.612144,0.052084605848749306,False,False,[0.5 0.3 0.3]
533.947108,100,701.097104,0.04951725726053726,False,False,[0.5 0.3 0.3]
1966.428419,100,701.561754,0.04975614849654641,False,False,[0.5 0.3 0.3]
1338.831721,100,702.044001,0.04918307347570856,False,False,[0.5 0.3 0.3]
1296.139233,100,702.510765,0.08277043994430056,False,False,[0.5 0.3 0.3]
734.920466,100,702.980692,0.044227078908248445,False,False,[0.5 0.3 0.3]
913.003938,100,703.477704,0.12160610063797817,False,False,[0.5 0.3 0.3]
2771.06469,79,703.875298,0.030429731003624814,False,True,[0.5 0.3 0.3]
658.42254,100,704.350783,0.0694599263982996,False,False,[0.5 0.3 0.3]
1139.10038,100,704.830187,0.04078273147096186,False,False,[0.5 0.3 0.3]
895.632608,100,705.288333,0.03913718341098149,False,False,[0.5 0.3 0.3]
1097.060163,100,705.757649,0.09282807382094602,False,False,[0.5 0.3 0.3]
1122.199917,100,706.2269,0.06876445070068088,False,False,[0.5 0.3 0.3]
1763.379071,100,706.697231,0.07715335685411479,False,False,[0.5 0.3 0.3]
1104.7737,100,707.162364,0.07121755633823305,False,False,[0.5 0.3 0.3]
502.478736,100,707.635763,0.12447733475574861,False,False,[0.5 0.3 0.3]
1093.95852,100,708.114924,0.03985586506458544,False,False,[0.5 0.3 0.3]
1335.221741,100,708.581809,0.09669962200607338,False,False,[0.5 0.3 0.3]
714.710774,100,709.582604,0.02589180933992436,False,False,[0.5 0.3 0.3]
1962.109122,100,710.055452,0.18605682369232618,False,False,[0.5 0.3 0.3]
1304.859789,100,710.525598,0.05527096058055219,False,False,[0.5 0.3 0.3]
1532.02032,100,710.986253,0.08272291253142006,False,False,[0.5 0.3 0.3]
1557.819426,100,711.460817,0.10123080378944843,False,False,[0.5 0.3 0.3]
2188.763579,100,711.930017,0.09316422513337998,False,False,[0.5 0.3 0.3]
1513.851022,100,712.388335,0.02764234611693734,False,False,[0.5 0.3 0.3]
894.909236,100,712.85437,0.10958074419495112,False,False,[0.5 0.3 0.3]
1101.58881,100,713.333525,0.10326765060823495,False,False,[0.5 0.3 0.3]
1125.159085,100,713.812496,0.037914170492502654,False,False,[0.5 0.3 0.3]
1358.210295,100,714.282375,0.09526231429546649,False,False,[0.5 0.3 0.3]
1140.738052,100,714.746805,0.04676449135782622,False,False,[0.5 0.3 0.3]
1322.176457,100,715.20578,0.10498089536381618,False,False,[0.5 0.3 0.3]
1943.685856,100,715.677083,0.17413294893438236,False,False,[0.5 0.3 0.3]
1540.37709,100,716.147946,0.011985788399422498,False,False,[0.5 0.3 0.3]
1740.39028,100,716.606196,0.1120173699161471,False,False,[0.5 0.3 0.3]
1779.543319,100,717.07589,0.052924826920410825,False,False,[0.5 0.3 0.3]
1339.746015,100,717.554741,0.019601840585880676,False,False,[0.5 0.3 0.3]
1335.747138,100,718.021949,0.038317009574675806,False,False,[0.5 0.3 0.3]
1365.36491,100,718.495423,0.07212107218764056,False,False,[0.5 0.3 0.3]
1128.494042,100,718.992515,0.0364958527268078,False,False,[0.5 0.3 0.3]
1310.130599,100,720.046797,0.06110360686812597,False,False,[0.5 0.3 0.3]
501.402558,100,720.523303,0.1341546500846892,False,False,[0.5 0.3 0.3]
935.84521,100,720.999924,0.03934003000129207,False,False,[0.5 0.3 0.3]
1158.551806,100,721.474703,0.10073690085233081,False,False,[0.5 0.3 0.3]
905.270489,100,721.941648,0.09038186654773783,False,False,[0.5 0.3 0.3]
1091.566307,100,722.409348,0.09740690943569712,False,False,[0.5 0.3 0.3]
917.138978,100,722.870714,0.08311003342323127,False,False,[0.5 0.3 0.3]
1134.978781,100,723.337685,0.09889720981784111,False,False,[0.5 0.3 0.3]
1747.129156,100,723.79726,0.06258647532912898,False,False,[0.5 0.3 0.3]
2584.192472,100,724.271948,0.06238196715610496,False,False,[0.5 0.3 0.3]
1297.860195,100,724.735848,0.037874661777243565,False,False,[0.5 0.3 0.3]
934.166165,100,725.19743,0.09830733233055075,False,False,[0.5 0.3 0.3]
1123.391343,100,725.670189,0.038278340709278345,False,False,[0.5 0.3 0.3]
1749.711575,100,726.148228,0.02018933860038225,False,False,[0.5 0.3 0.3]
2985.694337,100,726.599183,0.06445759992602912,False,False,[0.5 0.3 0.3]
1574.448458,100,727.079,0.04856651023655714,False,False,[0.5 0.3 0.3]
725.901781,100,727.556991,0.04676344090482506,False,False,[0.5 0.3 0.3]
733.164174,100,728.026851,0.09111156678333135,False,False,[0.5 0.3 0.3]
1155.122527,100,728.493906,0.1134659417666589,False,False,[0.5 0.3 0.3]
1737.419473,100,728.955075,0.07863963554056201,False,False,[0.5 0.3 0.3]
1312.520496,100,729.972486,0.06410061194077554,False,False,[0.5 0.3 0.3]
1927.964987,100,730.441871,0.07277937341901852,False,False,[0.5 0.3 0.3]
921.096533,100,730.906318,0.018186659394973537,False,False,[0.5 0.3 0.3]
2617.146266,94,731.347141,0.02512998807173284,False,True,[0.5 0.3 0.3]
1117.605913,100,731.827118,0.08327573868774049,False,False,[0.5 0.3 0.3]
1723.4207,100,732.300285,0.12148861574817024,False,False,[0.5 0.3 0.3]
1517.737324,100,732.765558,0.07952353751482157,False,False,[0.5 0.3 0.3]
736.796749,100,733.226122,0.06944085148106789,False,False,[0.5 0.3 0.3]
1139.762213,100,733.698999,0.031180835637233513,False,False,[0.5 0.3 0.3]
2153.353802,100,734.181932,0.016639286100772147,False,False,[0.5 0.3 0.3]
1526.317665,100,734.65903,0.07745946352769441,False,False,[0.5 0.3 0.3]
1314.054133,100,735.122828,0.10532404878220152,False,False,[0.5 0.3 0.3]
923.850752,100,735.624071,0.09257528379890101,False,False,[0.5 0.3 0.3]
1336.531721,100,736.084678,0.06373144305196111,False,False,[0.5 0.3 0.3]
908.808535,100,736.546069,0.029789484156214217,False,False,[0.5 0.3 0.3]
699.716283,100,737.017268,0.09528957383205776,False,False,[0.5 0.3 0.3]
1533.61391,100,737.478588,0.09369887766226857,False,False,[0.5 0.3 0.3]
1953.285551,100,737.956724,0.09793863651894177,False,False,[0.5 0.3 0.3]
2163.551582,100,738.422949,0.033286030960065674,False,False,[0.5 0.3 0.3]
1315.543133,100,738.909064,0.09772475970462408,False,False,[0.5 0.3 0.3]
1971.759384,100,739.373847,0.16110161044061846,False,False,[0.5 0.3 0.3]
1527.911863,100,740.385671,0.043726481446230106,False,False,[0.5 0.3 0.3]
905.793878,100,740.841003,0.06626889886102703,False,False,[0.5 0.3 0.3]
1750.021553,100,741.303325,0.029813246580544496,False,False,[0.5 0.3 0.3]
1335.365149,100,741.765517,0.0599708573353039,False,False,[0.5 0.3 0.3]
1546.167398,100,742.226712,0.04266395602668852,False,False,[0.5 0.3 0.3]
1113.700109,100,742.691125,0.05195710311509406,False,False,[0.5 0.3 0.3]
1098.674072,100,743.149276,0.0824966809179715,False,False,[0.5 0.3 0.3]
1551.933882,100,743.641273,0.07163658602520794,False,False,[0.5 0.3 0.3]
1130.479653,100,744.111567,0.08961287876683462,False,False,[0.5 0.3 0.3]
1564.959323,100,744.580745,0.05406366450061572,False,False,[0.5 0.3 0.3]
1530.409407,100,745.036557,0.020354366508197396,False,False,[0.5 0.3 0.3]
2181.753875,83,745.44444,0.029502431137222153,False,True,[0.5 0.3 0.3]
1138.755992,100,745.914391,0.053412532266329645,False,False,[0.5 0.3 0.3]
773.277098,100,746.377391,0.039595647082481145,False,False,[0.5 0.3 0.3]
1098.799757,100,746.844239,0.0367583567194142,False,False,[0.5 0.3 0.3]
1370.717001,100,747.308043,0.05315001997734514,False,False,[0.5 0.3 0.3]
1539.542867,100,747.775486,0.12056874458992188,False,False,[0.5 0.3 0.3]
1111.645112,100,748.241693,0.049862677919088286,False,False,[0.5 0.3 0.3]
1542.970955,100,748.707252,0.05465118386005111,False,False,[0.5 0.3 0.3]
1891.007633,67,749.056689,0.01663103209208071,False,True,[0.5 0.3 0.3]
1569.688962,100,749.513551,0.05178893268888619,False,False,[0.5 0.3 0.3]
1336.748704,100,750.514034,0.03947113500723166,False,False,[0.5 0.3 0.3]
1990.906501,100,750.982221,0.07511934638829602,False,False,[0.5 0.3 0.3]
1847.433781,70,751.347575,0.039060396840285366,False,True,[0.5 0.3 0.3]
2558.308355,100,751.807335,0.1032669874181961,False,False,[0.5 0.3 0.3]
1358.941048,100,752.294651,0.08855753880869088,False,False,[0.5 0.3 0.3]
1323.706901,100,752.750463,0.1175035329136659,False,False,[0.5 0.3 0.3]
1542.121041,100,753.223081,0.06751578610853758,False,False,[0.5 0.3 0.3]
1527.162592,100,753.690761,0.09157580424169713,False,False,[0.5 0.3 0.3]
922.178084,100,754.154498,0.06951162336971382,False,False,[0.5 0.3 0.3]
1779.105371,100,754.635369,0.08282386806905408,False,False,[0.5 0.3 0.3]
1731.272902,100,755.104141,0.10685365711760951,False,False,[0.5 0.3 0.3]
1943.003839,100,755.57374,0.03187472128388857,False,False,[0.5 0.3 0.3]
923.239658,100,756.0508,0.0820467330514859,False,False,[0.5 0.3 0.3]
713.219078,100,756.529433,0.08237997508431844,False,False,[0.5 0.3 0.3]
1325.585899,100,757.001722,0.03212319584965755,False,False,[0.5 0.3 0.3]
1517.464793,100,757.464023,0.09737809500843918,False,False,[0.5 0.3 0.3]
1162.701132,100,757.942609,0.0512881095192392,False,False,[0.5 0.3 0.3]
1765.424621,100,758.418848,0.034822741925379985,False,False,[0.5 0.3 0.3]
899.256151,100,758.887118,0.09274454428992004,False,False,[0.5 0.3 0.3]
1729.027489,100,759.345767,0.08715158206862068,False,False,[0.5 0.3 0.3]
1341.076661,100,759.833828,0.07545737235208723,False,False,[0.5 0.3 0.3]
1345.006307,100,760.836286,0.07045133748765016,False,False,[0.5 0.3 0.3]
727.856358,100,761.302833,0.08277100217334067,False,False,[0.5 0.3 0.3]
1125.162986,100,761.783193,0.07986081177605797,False,False,[0.5 0.3 0.3]
869.075742,100,762.266231,0.12335363621939249,False,False,[0.5 0.3 0.3]
909.789728,100,762.734628,0.09728823874201115,False,False,[0.5 0.3 0.3]
1543.023142,100,763.202431,0.2161286048237111,False,False,[0.5 0.3 0.3]
1120.41801,100,763.665088,0.10169924662779646,False,False,[0.5 0.3 0.3]
920.349552,100,764.136441,0.07977699994604974,False,False,[0.5 0.3 0.3]
926.967288,100,764.61081,0.07906534084738884,False,False,[0.5 0.3 0.3]
2186.434791,100,765.063444,0.08136425188817151,False,False,[0.5 0.3 0.3]
910.745146,100,765.530022,0.07360797636992375,False,False,[0.5 0.3 0.3]
946.306258,100,765.983272,0.07051519844201401,False,False,[0.5 0.3 0.3]
952.554114,100,766.450003,0.07806948660967712,False,False,[0.5 0.3 0.3]
1535.255041,100,766.920198,0.05453092618460677,False,False,[0.5 0.3 0.3]
909.255332,100,767.391817,0.11358776978075745,False,False,[0.5 0.3 0.3]
1305.829355,100,767.879359,0.09691995479504942,False,False,[0.5 0.3 0.3]
484.980047,100,768.3607,0.10570281509883016,False,False,[0.5 0.3 0.3]
1762.739704,100,768.832371,0.04822331030427415,False,False,[0.5 0.3 0.3]
1918.780286,100,769.29047,0.08712360058279521,False,False,[0.5 0.3 0.3]
918.78917,100,769.758451,0.03754145351968614,False,False,[0.5 0.3 0.3]
1157.993423,100,770.773543,0.04325270909128617,False,False,[0.5 0.3 0.3]
1777.586511,100,771.22715,0.043485749534216,False,False,[0.5 0.3 0.3]
1543.811319,100,771.702447,0.11128023234480673,False,False,[0.5 0.3 0.3]
1162.076814,100,772.165536,0.108799858029945,False,False,[0.5 0.3 0.3]
1142.77775,100,772.638766,0.07268200774177701,False,False,[0.5 0.3 0.3]
1348.294355,100,773.103453,0.02629017209022905,False,False,[0.5 0.3 0.3]
1082.398766,100,773.562407,0.1278894154263039,False,False,[0.5 0.3 0.3]
1109.773216,100,774.034086,0.06309971704512798,False,False,[0.5 0.3 0.3]
1936.11085,100,774.515872,0.07301385159306022,False,False,[0.5 0.3 0.3]
2127.87184,100,774.987456,0.07695967218685842,False,False,[0.5 0.3 0.3]
2565.352836,100,775.453888,0.07101295964159689,False,False,[0.5 0.3 0.3]
934.85156,100,775.943844,0.14541598552546267,False,False,[0.5 0.3 0.3]
1979.63108,100,776.418981,0.09446738782798295,False,False,[0.5 0.3 0.3]
1301.605287,100,776.889899,0.047413633459337814,False,False,[0.5 0.3 0.3]
1317.259434,100,777.366235,0.05686610419333846,False,False,[0.5 0.3 0.3]
947.141979,100,777.826597,0.026996283554211322,False,False,[0.5 0.3 0.3]
1331.201195,100,778.295103,0.0971016668551108,False,False,[0.5 0.3 0.3]
1116.281456,100,778.762588,0.049332512043264956,False,False,[0.5 0.3 0.3]
915.304079,100,779.230119,0.030761173851334506,False,False,[0.5 0.3 0.3]
2371.429614,100,779.694068,0.02453213212916011,False,False,[0.5 0.3 0.3]
1572.2432,100,780.164013,0.020685895223377403,False,False,[0.5 0.3 0.3]
1289.99003,100,781.166377,0.056221711398142304,False,False,[0.5 0.3 0.3]
898.720272,100,781.629233,0.07978385493914428,False,False,[0.5 0.3 0.3]
751.449866,100,782.096936,0.019038967623066363,False,False,[0.5 0.3 0.3]
1574.090355,100,782.566766,0.030928525017937646,False,False,[0.5 0.3 0.3]
1159.085219,100,783.030483,0.048245880716197176,False,False,[0.5 0.3 0.3]
1306.222631,100,783.490538,0.06425319693635839,False,False,[0.5 0.3 0.3]
1750.085238,100,783.98103,0.02547313942643368,False,False,[0.5 0.3 0.3]
1516.574812,100,784.451508,0.10734669349787834,False,False,[0.5 0.3 0.3]
2340.893601,100,784.921459,0.1172814402277495,False,False,[0.5 0.3 0.3]
1570.239659,100,785.384555,0.055679410644218406,False,False,[0.5 0.3 0.3]
1133.512122,100,785.847504,0.06902406329712792,False,False,[0.5 0.3 0.3]
1990.998574,100,786.310771,0.05346397552583435,False,False,[0.5 0.3 0.3]
1718.660623,100,786.776412,0.06673759406653483,False,False,[0.5 0.3 0.3]
1510.679119,100,787.243733,0.05955986297176422,False,False,[0.5 0.3 0.3]
1980.249391,91,787.669672,0.02713709817059908,False,True,[0.5 0.3 0.3]
1502.778587,100,788.146183,0.0817894797712042,False,False,[0.5 0.3 0.3]
1099.346537,100,788.621258,0.05165896249308919,False,False,[0.5 0.3 0.3]
1516.545047,100,789.101532,0.08061915257196114,False,False,[0.5 0.3 0.3]
2385.055474,100,789.558634,0.04179502138223314,False,False,[0.5 0.3 0.3]
1549.61255,100,790.024998,0.058316294278553456,False,False,[0.5 0.3 0.3]
2177.858701,100,791.024907,0.10896777508559581,False,False,[0.5 0.3 0.3]
1352.558647,100,791.482296,0.028493938465963133,False,False,[0.5 0.3 0.3]
736.279457,100,791.971991,0.07326290329778352,False,False,[0.5 0.3 0.3]
1336.379281,100,792.439007,0.04122254699368819,False,False,[0.5 0.3 0.3]
1336.435034,100,792.910473,0.07187212395495189,False,False,[0.5 0.3 0.3]
949.114002,100,793.383082,0.057992182277836486,False,False,[0.5 0.3 0.3]
1583.217254,100,793.856675,0.0856489048398156,False,False,[0.5 0.3 0.3]
2123.539968,100,794.325721,0.09097848741462686,False,False,[0.5 0.3 0.3]
905.21576,100,794.794958,0.13886424834013752,False,False,[0.5 0.3 0.3]
1318.079724,100,795.271273,0.08399292038215288,False,False,[0.5 0.3 0.3]
1125.33878,100,795.725866,0.06633595176377709,False,False,[0.5 0.3 0.3]
1543.236622,100,796.20997,0.04577466684186845,False,False,[0.5 0.3 0.3]
1336.320267,100,796.676306,0.13623020158346477,False,False,[0.5 0.3 0.3]
1359.755049,100,797.145635,0.07681522825790477,False,False,[0.5 0.3 0.3]
1532.822977,100,797.600132,0.03425180173585233,False,False,[0.5 0.3 0.3]
722.021126,100,798.070136,0.12244632442318118,False,False,[0.5 0.3 0.3]
1739.523346,100,798.552407,0.06319103592031527,False,False,[0.5 0.3 0.3]
1513.543623,100,799.017713,0.13053542010295802,False,False,[0.5 0.3 0.3]
906.647353,100,799.485491,0.04548874824065435,False,False,[0.5 0.3 0.3]
1326.814756,100,799.98051,0.05847154817260718,False,False,[0.5 0.3 0.3]
1117.970118,100,800.431701,0.034199334990077664,False,False,[0.5 0.3 0.3]
898.289988,100,801.406147,0.1140328838579663,False,False,[0.5 0.3 0.3]
1531.538809,100,801.874587,0.04171503655363339,False,False,[0.5 0.3 0.3]
1104.661995,100,802.346788,0.045663216963084806,False,False,[0.5 0.3 0.3]
917.55651,100,802.816405,0.04538709413090354,False,False,[0.5 0.3 0.3]
1517.491675,100,803.283278,0.054454451762894526,False,False,[0.5 0.3 0.3]
1133.616182,100,803.75331,0.06559408492865954,False,False,[0.5 0.3 0.3]
1326.409344,100,804.220403,0.03158390113911505,False,False,[0.5 0.3 0.3]
1132.914034,100,804.68457,0.05096749050327972,False,False,[0.5 0.3 0.3]
1336.304596,100,805.161576,0.07938398050183268,False,False,[0.5 0.3 0.3]
1944.636519,100,805.627792,0.04506130469170657,False,False,[0.5 0.3 0.3]
507.734818,100,806.093569,0.0897018994146509,False,False,[0.5 0.3 0.3]
1335.498399,100,806.553434,0.01336386170373612,False,False,[0.5 0.3 0.3]
529.727401,100,807.02738,0.13198867274664894,False,False,[0.5 0.3 0.3]
726.953131,100,807.504133,0.036408347534983065,False,False,[0.5 0.3 0.3]
1752.004137,100,807.99422,0.0324425107673768,False,False,[0.5 0.3 0.3]
1742.990501,100,808.462202,0.09348992580346498,False,False,[0.5 0.3 0.3]
1110.350483,100,808.943399,0.05389370055898455,False,False,[0.5 0.3 0.3]
1107.324839,100,809.409101,0.0359549106390747,False,False,[0.5 0.3 0.3]
1711.459782,100,809.876803,0.11861625043476985,False,False,[0.5 0.3 0.3]
1160.622417,100,810.338065,0.09626091760619258,False,False,[0.5 0.3 0.3]
1324.080177,100,811.319612,0.1159309589174966,False,False,[0.5 0.3 0.3]
1338.584791,100,811.787568,0.16646630547500627,False,False,[0.5 0.3 0.3]
929.931127,100,812.263418,0.01587468497071822,False,False,[0.5 0.3 0.3]
1751.871162,100,812.738528,0.14195508756151212,False,False,[0.5 0.3 0.3]
2000.002446,100,813.21561,0.07402743599681563,False,False,[0.5 0.3 0.3]
1738.494911,100,813.680741,0.05164393731049066,False,False,[0.5 0.3 0.3]
1173.345749,100,814.14777,0.09165114881402166,False,False,[0.5 0.3 0.3]
705.921492,100,814.611689,0.11210475119502791,False,False,[0.5 0.3 0.3]
2563.51021,100,815.085448,0.056267135197758174,False,False,[0.5 0.3 0.3]
1569.822021,100,815.557564,0.07586967352588582,False,False,[0.5 0.3 0.3]
1361.350742,100,816.054943,0.057948376851273506,False,False,[0.5 0.3 0.3]
1545.11284,100,816.518711,0.017070926199632516,False,False,[0.5 0.3 0.3]
498.303496,100,816.991315,0.06567933832206993,False,False,[0.5 0.3 0.3]
1750.426614,100,817.461735,0.08770130041435108,False,False,[0.5 0.3 0.3]
1565.356426,100,817.929186,0.10862160290845566,False,False,[0.5 0.3 0.3]
2496.313409,73,818.300251,0.04488335035375714,False,True,[0.5 0.3 0.3]
1156.218722,100,818.764699,0.07448949844575078,False,False,[0.5 0.3 0.3]
1110.33869,100,819.225026,0.09924620130615826,False,False,[0.5 0.3 0.3]
932.082323,100,819.681974,0.040013397280020964,False,False,[0.5 0.3 0.3]
1547.121712,100,820.157767,0.04675800228716307,False,False,[0.5 0.3 0.3]
1747.053146,100,820.626714,0.12239782475316711,False,False,[0.5 0.3 0.3]
1533.512416,100,821.644625,0.04054360245612174,False,False,[0.5 0.3 0.3]
709.692851,100,822.102072,0.06569759174859174,False,False,[0.5 0.3 0.3]
2170.50413,100,822.572427,0.06421976995058186,False,False,[0.5 0.3 0.3]
715.91834,100,823.037034,0.11355885351611812,False,False,[0.5 0.3 0.3]
1732.384184,100,823.510417,0.07905968147259793,False,False,[0.5 0.3 0.3]
2563.067687,100,824.002801,0.03540382466358253,False,False,[0.5 0.3 0.3]
1370.417859,100,824.46595,0.08110238625729008,False,False,[0.5 0.3 0.3]
1722.834524,100,824.93801,0.04046001032689899,False,False,[0.5 0.3 0.3]
2162.416391,100,825.422536,0.022765856081170835,False,False,[0.5 0.3 0.3]
1324.560991,100,825.877475,0.07754736335353296,False,False,[0.5 0.3 0.3]
1361.857937,100,826.35091,0.09288638578619776,False,False,[0.5 0.3 0.3]
1105.982047,100,826.805624,0.10621788869610589,False,False,[0.5 0.3 0.3]
1536.992321,100,827.270149,0.10854271384463768,False,False,[0.5 0.3 0.3]
1319.942281,100,827.723746,0.09779016042963455,False,False,[0.5 0.3 0.3]
1097.738228,100,828.180852,0.05130906405457744,False,False,[0.5 0.3 0.3]
1741.396616,100,828.65921,0.04366711032952724,False,False,[0.5 0.3 0.3]
1538.144618,100,829.129558,0.08285964517785162,False,False,[0.5 0.3 0.3]
1333.452599,100,829.603932,0.10175030220856977,False,False,[0.5 0.3 0.3]
684.62581,100,830.069765,0.12221615846871357,False,False,[0.5 0.3 0.3]
2747.837246,100,830.531172,0.11883590211723605,False,False,[0.5 0.3 0.3]
2150.905218,100,831.550506,0.0729182804109117,False,False,[0.5 0.3 0.3]
912.517754,100,832.038595,0.07530780161479758,False,False,[0.5 0.3 0.3]
1762.246545,100,832.500472,0.03729176689979107,False,False,[0.5 0.3 0.3]
1756.146338,100,832.969263,0.09032467506504406,False,False,[0.5 0.3 0.3]
1546.606762,100,833.432069,0.060560921773521896,False,False,[0.5 0.3 0.3]
1351.037598,100,833.909945,0.09098016479592419,False,False,[0.5 0.3 0.3]
1761.205353,100,834.37032,0.11948033875703616,False,False,[0.5 0.3 0.3]
1569.109601,100,834.826304,0.06804789109829765,False,False,[0.5 0.3 0.3]
1107.365859,100,835.298889,0.09817508088147853,False,False,[0.5 0.3 0.3]
1322.668556,100,835.773775,0.04178445889699724,False,False,[0.5 0.3 0.3]
1954.063979,100,836.256739,0.07803723399335245,False,False,[0.5 0.3 0.3]
1141.711113,100,836.72836,0.09367065715014104,False,False,[0.5 0.3 0.3]
1745.911774,100,837.20829,0.03852438290722901,False,False,[0.5 0.3 0.3]
1552.297439,100,837.673298,0.01686097419522014,False,False,[0.5 0.3 0.3]
1116.445604,100,838.141469,0.05605182324078835,False,False,[0.5 0.3 0.3]
1987.008083,100,838.606767,0.10497620632401368,False,False,[0.5 0.3 0.3]
1144.417878,100,839.078241,0.1548496536242057,False,False,[0.5 0.3 0.3]
1123.041983,100,839.579024,0.08839074794071813,False,False,[0.5 0.3 0.3]
2172.898421,100,840.048348,0.0831348104444958,False,False,[0.5 0.3 0.3]
1952.84947,100,840.514753,0.10140322192016496,False,False,[0.5 0.3 0.3]
1508.24746,100,840.976851,0.14274809016081505,False,False,[0.5 0.3 0.3]
1729.727712,100,841.998848,0.0624329940100215,False,False,[0.5 0.3 0.3]
2972.419025,74,842.365205,0.017657625966397653,False,True,[0.5 0.3 0.3]
1516.814523,100,842.82546,0.03151040768814686,False,False,[0.5 0.3 0.3]
1343.299113,100,843.299609,0.06029748371270559,False,False,[0.5 0.3 0.3]
3052.210438,100,843.773569,0.05727893184978223,False,False,[0.5 0.3 0.3]
1321.884665,100,844.254638,0.03487711757073816,False,False,[0.5 0.3 0.3]
1163.117775,100,844.740599,0.07558268912613735,False,False,[0.5 0.3 0.3]
922.522903,100,845.229917,0.12116862891801157,False,False,[0.5 0.3 0.3]
1306.991841,100,845.699692,0.0663006451887857,False,False,[0.5 0.3 0.3]
1331.013963,100,846.171609,0.08247561943664611,False,False,[0.5 0.3 0.3]
1725.350456,100,846.635052,0.13307693881622243,False,False,[0.5 0.3 0.3]
913.746133,100,847.09789,0.0714589685986643,False,False,[0.5 0.3 0.3]
1535.74768,100,847.585319,0.05734713250075872,False,False,[0.5 0.3 0.3]
1982.909187,100,848.044482,0.041711325128692286,False,False,[0.5 0.3 0.3]
932.806746,100,848.518069,0.09145420281336285,False,False,[0.5 0.3 0.3]
1335.139432,100,848.977178,0.15224131543121264,False,False,[0.5 0.3 0.3]
1931.592817,100,849.447879,0.04608973533290101,False,False,[0.5 0.3 0.3]
1547.14858,100,849.908453,0.019930191263160434,False,False,[0.5 0.3 0.3]
1535.58246,100,850.366113,0.15607948059879392,False,False,[0.5 0.3 0.3]
1116.133149,100,850.840536,0.046299966770089886,False,False,[0.5 0.3 0.3]
1538.620197,100,851.310849,0.07949716159248371,False,False,[0.5 0.3 0.3]
1511.645801,100,852.324847,0.09420816665286207,False,False,[0.5 0.3 0.3]
1121.982219,100,852.786951,0.10166450390078402,False,False,[0.5 0.3 0.3]
1140.632332,100,853.262074,0.02194860666062183,False,False,[0.5 0.3 0.3]
1100.85742,100,853.738105,0.03637687187641636,False,False,[0.5 0.3 0.3]
1737.891356,100,854.210984,0.09867287644763334,False,False,[0.5 0.3 0.3]
1320.381303,100,854.670266,0.06886437526409463,False,False,[0.5 0.3 0.3]
1177.437498,100,855.132902,0.037917998888747716,False,False,[0.5 0.3 0.3]
1323.808274,100,855.629567,0.07676341475960012,False,False,[0.5 0.3 0.3]
702.64536,100,856.106735,0.07944036829319556,False,False,[0.5 0.3 0.3]
2179.405394,100,856.570454,0.08813837465563516,False,False,[0.5 0.3 0.3]
1968.352156,100,857.076685,0.0786052559822232,False,False,[0.5 0.3 0.3]
1124.678753,100,857.599933,0.045594500277330044,False,False,[0.5 0.3 0.3]
1957.853831,100,858.113219,0.03603126524563741,False,False,[0.5 0.3 0.3]
916.584015,100,858.6241,0.04453469967036105,False,False,[0.5 0.3 0.3]
963.027147,100,859.142085,0.12562944031813236,False,False,[0.5 0.3 0.3]
948.325251,100,859.670663,0.038132013282221884,False,False,[0.5 0.3 0.3]
1337.936166,100,860.199891,0.06271791841248547,False,False,[0.5 0.3 0.3]
1543.65212,100,860.7163,0.06929683520229367,False,False,[0.5 0.3 0.3]
1128.868843,100,861.238085,0.04790499386463523,False,False,[0.5 0.3 0.3]
1140.518742,100,861.758115,0.07068226541492385,False,False,[0.5 0.3 0.3]
895.724047,100,862.834693,0.050119433278543055,False,False,[0.5 0.3 0.3]
1745.497212,100,863.351768,0.040549021849543,False,False,[0.5 0.3 0.3]
1347.904262,100,863.897394,0.07841278699816621,False,False,[0.5 0.3 0.3]
1078.724467,100,864.400558,0.07219950105512822,False,False,[0.5 0.3 0.3]
1138.151958,100,864.903601,0.04245821333268995,False,False,[0.5 0.3 0.3]
1525.059947,100,865.411169,0.04153171834007712,False,False,[0.5 0.3 0.3]
2190.541206,100,865.93731,0.10221477814533642,False,False,[0.5 0.3 0.3]
938.510901,100,866.4463,0.07173323106980398,False,False,[0.5 0.3 0.3]
1334.21048,100,866.95279,0.15241308418701305,False,False,[0.5 0.3 0.3]
1137.423439,100,867.460761,0.06408551264834891,False,False,[0.5 0.3 0.3]
1735.565708,100,867.962508,0.022440145070992863,False,False,[0.5 0.3 0.3]
1319.69935,100,868.468128,0.16253604194684482,False,False,[0.5 0.3 0.3]
1757.095342,100,868.97869,0.15595942610097419,False,False,[0.5 0.3 0.3]
1343.617078,100,869.496245,0.1295723523042915,False,False,[0.5 0.3 0.3]
1352.324473,100,870.022556,0.06007400903322727,False,False,[0.5 0.3 0.3]
1127.675189,100,870.535576,0.02812920552980425,False,False,[0.5 0.3 0.3]
1763.781479,100,871.042435,0.03406591905411174,False,False,[0.5 0.3 0.3]
912.915428,100,871.540816,0.1469271015145844,False,False,[0.5 0.3 0.3]
1125.723626,100,872.045474,0.07994059903976367,False,False,[0.5 0.3 0.3]
2185.270032,100,872.531433,0.05722007531142988,False,False,[0.5 0.3 0.3]
938.498367,100,873.57292,0.06728209915647647,False,False,[0.5 0.3 0.3]
1556.415342,100,874.061648,0.0780103549783686,False,False,[0.5 0.3 0.3]
691.748833,100,874.529242,0.06617712043631242,False,False,[0.5 0.3 0.3]
1129.360827,100,874.987856,0.1302699359222235,False,False,[0.5 0.3 0.3]
1323.166416,100,875.451224,0.023295355069947538,False,False,[0.5 0.3 0.3]
717.925521,100,875.924569,0.21183158182935327,False,False,[0.5 0.3 0.3]
486.62768,100,876.406667,0.05339038500442892,False,False,[0.5 0.3 0.3]
947.13962,100,876.876637,0.08177822322472544,False,False,[0.5 0.3 0.3]
1134.281989,100,877.358676,0.09279557684062456,False,False,[0.5 0.3 0.3]
492.179926,100,877.834455,0.15797991375928438,False,False,[0.5 0.3 0.3]
1905.325481,73,878.214659,0.020632267273297308,False,True,[0.5 0.3 0.3]
1324.401898,100,878.708771,0.0822578872383994,False,False,[0.5 0.3 0.3]
2567.584838,100,879.174355,0.025152884875780643,False,False,[0.5 0.3 0.3]
679.633032,100,879.631398,0.10577632164037906,False,False,[0.5 0.3 0.3]
697.433636,100,880.090667,0.044449474730565326,False,False,[0.5 0.3 0.3]
1327.690643,100,880.576379,0.09006244234046569,False,False,[0.5 0.3 0.3]
1567.505894,100,881.040769,0.06313537256157052,False,False,[0.5 0.3 0.3]
2162.188441,100,881.510236,0.11569726099962586,False,False,[0.5 0.3 0.3]
1322.48599,100,881.989,0.07032227286458743,False,False,[0.5 0.3 0.3]
2572.806831,100,882.450685,0.01590482120920147,False,False,[0.5 0.3 0.3]
1934.844967,100,882.914243,0.10767915468749158,False,False,[0.5 0.3 0.3]
932.389928,100,883.913417,0.03997852965666981,False,False,[0.5 0.3 0.3]
898.342201,100,884.38955,0.06411764013440875,False,False,[0.5 0.3 0.3]
1534.374367,100,884.849782,0.04293543733521653,False,False,[0.5 0.3 0.3]
919.328519,100,885.300518,0.1104489941780339,False,False,[0.5 0.3 0.3]
1526.908988,100,885.777009,0.0648838921903407,False,False,[0.5 0.3 0.3]
1736.639398,100,886.246393,0.06328923832984715,False,False,[0.5 0.3 0.3]
724.134926,100,886.714443,0.11988518555595518,False,False,[0.5 0.3 0.3]
1526.203597,100,887.18736,0.05951690589291736,False,False,[0.5 0.3 0.3]
1533.144913,100,887.655734,0.11670272418171632,False,False,[0.5 0.3 0.3]
940.725157,100,888.126978,0.09055240845522011,False,False,[0.5 0.3 0.3]
696.723223,100,888.610264,0.05930968477647696,False,False,[0.5 0.3 0.3]
1142.852211,100,889.078571,0.17948561213052208,False,False,[0.5 0.3 0.3]
1773.362616,100,889.529201,0.07001020742330956,False,False,[0.5 0.3 0.3]
1099.166914,100,890.00521,0.07501366744806211,False,False,[0.5 0.3 0.3]
1336.54056,100,890.468095,0.09548153454013698,False,False,[0.5 0.3 0.3]
1325.932519,100,890.934769,0.06195032942492937,False,False,[0.5 0.3 0.3]
1121.060296,100,891.403788,0.11775927751090555,False,False,[0.5 0.3 0.3]
1963.646612,100,891.877907,0.09371229170177386,False,False,[0.5 0.3 0.3]
926.669862,100,892.343989,0.12854517813158897,False,False,[0.5 0.3 0.3]
2185.379582,100,892.839847,0.05778581951515257,False,False,[0.5 0.3 0.3]
508.475526,100,893.314253,0.06829813099505246,False,False,[0.5 0.3 0.3]
1938.291025,100,894.32945,0.026888187095961778,False,False,[0.5 0.3 0.3]
2198.86561,100,894.789523,0.10290273248929789,False,False,[0.5 0.3 0.3]
1555.230462,100,895.2601,0.051516595740573635,False,False,[0.5 0.3 0.3]
1145.771563,100,895.713112,0.15111338798690424,False,False,[0.5 0.3 0.3]
2159.036476,86,896.149092,0.04216719859729588,False,True,[0.5 0.3 0.3]
895.007939,100,896.620745,0.07551994578930894,False,False,[0.5 0.3 0.3]
711.318784,100,897.074754,0.06262663361866745,False,False,[0.5 0.3 0.3]
2169.537743,100,897.548144,0.09660262467049953,False,False,[0.5 0.3 0.3]
2352.9785,100,898.022682,0.028282560845572978,False,False,[0.5 0.3 0.3]
2369.255162,100,898.487333,0.031478933791201924,False,False,[0.5 0.3 0.3]
718.693624,100,898.961277,0.026351381573469338,False,False,[0.5 0.3 0.3]
1549.124645,100,899.438884,0.04962281658391752,False,False,[0.5 0.3 0.3]
693.515234,100,899.896293,0.09819601274061851,False,False,[0.5 0.3 0.3]
1542.105809,100,900.373461,0.03284805103703403,False,False,[0.5 0.3 0.3]
701.934543,100,900.869112,0.05724645253874757,False,False,[0.5 0.3 0.3]
1786.810774,100,901.347513,0.04781623683739107,False,False,[0.5 0.3 0.3]
1328.905319,100,901.839836,0.07138490729599585,False,False,[0.5 0.3 0.3]
899.82994,100,902.339559,0.08148634093986903,False,False,[0.5 0.3 0.3]
1143.933536,100,902.843383,0.04278073950450681,False,False,[0.5 0.3 0.3]
2031.340769,93,903.33159,0.014279386095817564,False,True,[0.5 0.3 0.3]
2199.722258,100,904.385633,0.07622854921299024,False,False,[0.5 0.3 0.3]
1356.804471,100,904.896553,0.11685780646907022,False,False,[0.5 0.3 0.3]
1345.978532,100,905.42124,0.09678658499031519,False,False,[0.5 0.3 0.3]
2366.085078,100,905.95582,0.03133247348616261,False,False,[0.5 0.3 0.3]
1775.914019,100,906.490864,0.07423644940811826,False,False,[0.5 0.3 0.3]
2187.88299,100,907.006368,0.08675355021365613,False,False,[0.5 0.3 0.3]
1352.744069,100,907.518394,0.03635758098941674,False,False,[0.5 0.3 0.3]
1311.748281,100,908.026827,0.04019714048207026,False,False,[0.5 0.3 0.3]
1313.248738,100,908.541917,0.11203160195053724,False,False,[0.5 0.3 0.3]
1556.679368,100,909.042482,0.09029389891015822,False,False,[0.5 0.3 0.3]
1533.013143,100,909.576467,0.10414900108825434,False,False,[0.5 0.3 0.3]
1512.152755,100,910.102548,0.11688298244825578,False,False,[0.5 0.3 0.3]
1148.064778,100,910.629559,0.09952434095807737,False,False,[0.5 0.3 0.3]
1716.569315,100,911.136794,0.05107499162034085,False,False,[0.5 0.3 0.3]
1773.196104,100,911.646773,0.022528890071476716,False,False,[0.5 0.3 0.3]
1139.278625,100,912.15799,0.055326092760665364,False,False,[0.5 0.3 0.3]
1749.054469,100,912.682709,0.06379309809965077,False,False,[0.5 0.3 0.3]
1119.511958,100,913.197965,0.07397351734610817,False,False,[0.5 0.3 0.3]
1933.995188,100,913.707269,0.05729814807188735,False,False,[0.5 0.3 0.3]
1109.090081,100,914.223271,0.1046674256036489,False,False,[0.5 0.3 0.3]
1762.299881,100,914.750558,0.06923463356025304,False,False,[0.5 0.3 0.3]
1139.69501,100,915.826474,0.12926542089680615,False,False,[0.5 0.3 0.3]
918.290795,100,916.356734,0.049222003871042454,False,False,[0.5 0.3 0.3]
927.896622,100,916.897416,0.13292088437690144,False,False,[0.5 0.3 0.3]
1368.490133,100,917.417013,0.10980284577686815,False,False,[0.5 0.3 0.3]
927.487338,100,917.911388,0.14792765296266303,False,False,[0.5 0.3 0.3]
1352.118063,100,918.388223,0.049756120080106846,False,False,[0.5 0.3 0.3]
1973.726352,100,918.862781,0.07187712081127196,False,False,[0.5 0.3 0.3]
1533.987426,100,919.327413,0.01793560826427417,False,False,[0.5 0.3 0.3]
1738.521875,100,919.780563,0.061870225380376634,False,False,[0.5 0.3 0.3]
1121.13209,100,920.248721,0.09220160643295446,False,False,[0.5 0.3 0.3]
1536.104608,100,920.717047,0.04728616103422694,False,False,[0.5 0.3 0.3]
1335.054795,100,921.194594,0.05670894186973514,False,False,[0.5 0.3 0.3]
904.560648,100,921.658608,0.04604953700438705,False,False,[0.5 0.3 0.3]
694.492642,100,922.119146,0.06363733589151757,False,False,[0.5 0.3 0.3]
1942.965144,100,922.591195,0.04543772088890029,False,False,[0.5 0.3 0.3]
672.361377,100,923.052107,0.11793956911322916,False,False,[0.5 0.3 0.3]
1544.690705,100,923.506369,0.01447423179689474,False,False,[0.5 0.3 0.3]
1325.356184,100,923.977344,0.05030662244972093,False,False,[0.5 0.3 0.3]
1544.401635,100,924.444328,0.08572979274265013,False,False,[0.5 0.3 0.3]
888.035252,100,924.917724,0.10553963829753822,False,False,[0.5 0.3 0.3]
914.338713,100,925.893394,0.1097793372661257,False,False,[0.5 0.3 0.3]
1737.825031,100,926.392418,0.030531314093220248,False,False,[0.5 0.3 0.3]
1567.41688,100,926.877154,0.023289491542482613,False,False,[0.5 0.3 0.3]
1133.539083,100,927.340242,0.09275499284041332,False,False,[0.5 0.3 0.3]
1130.211018,100,927.794605,0.03573275403532632,False,False,[0.5 0.3 0.3]
1109.800692,100,928.263961,0.0624339103585851,False,False,[0.5 0.3 0.3]
489.652528,71,928.622627,0.2376185635404365,True,False,[0.5 0.3 0.3]
-52.021694,13,928.774249,0.328292744015244,True,False,[0.5 0.3 0.3]
1771.114007,100,929.240287,0.03702749351668992,False,False,[0.5 0.3 0.3]
1757.14354,100,929.718346,0.06720323629867207,False,False,[0.5 0.3 0.3]
1559.688263,100,930.177159,0.03210715840411374,False,False,[0.5 0.3 0.3]
1111.134465,100,930.653583,0.055260621147461934,False,False,[0.5 0.3 0.3]
1323.641077,100,931.118951,0.11035752362836715,False,False,[0.5 0.3 0.3]
2399.875489,100,931.574747,0.042191674039941306,False,False,[0.5 0.3 0.3]
1511.482828,100,932.037463,0.13098211301883808,False,False,[0.5 0.3 0.3]
1141.884502,100,932.508014,0.09353518848628498,False,False,[0.5 0.3 0.3]
715.565862,100,932.970354,0.03580092583099694,False,False,[0.5 0.3 0.3]
1368.397833,100,933.442483,0.06507541252449404,False,False,[0.5 0.3 0.3]
1122.188356,100,933.909972,0.14523711774000167,False,False,[0.5 0.3 0.3]
706.572177,100,934.38948,0.15752034574135612,False,False,[0.5 0.3 0.3]
1106.78667,100,934.85855,0.12483315744083995,False,False,[0.5 0.3 0.3]
1751.187832,100,935.326204,0.09217476374149562,False,False,[0.5 0.3 0.3]
2174.075318,100,936.327943,0.08462569243325783,False,False,[0.5 0.3 0.3]
2167.201179,100,936.778331,0.08984894113564465,False,False,[0.5 0.3 0.3]
1559.992437,100,937.240998,0.10468865124773766,False,False,[0.5 0.3 0.3]
1722.891279,100,937.709553,0.1282278172942271,False,False,[0.5 0.3 0.3]
1945.618481,100,938.173147,0.047327423406540906,False,False,[0.5 0.3 0.3]
1108.010036,100,938.634938,0.03673158287053376,False,False,[0.5 0.3 0.3]
1115.635337,100,939.106349,0.0977349338307105,False,False,[0.5 0.3 0.3]
1315.834503,100,939.570186,0.040632703615067524,False,False,[0.5 0.3 0.3]
1520.566674,100,940.032574,0.03511667149124225,False,False,[0.5 0.3 0.3]
1304.748889,100,940.492606,0.03685761642175809,False,False,[0.5 0.3 0.3]
2150.598522,100,940.956202,0.003674179023036185,False,False,[0.5 0.3 0.3]
1329.926901,100,941.418935,0.09870417987354367,False,False,[0.5 0.3 0.3]
1088.455838,100,941.883414,0.021158770357428518,False,False,[0.5 0.3 0.3]
1333.055953,100,942.372482,0.032343451978608107,False,False,[0.5 0.3 0.3]
1718.592526,100,942.850087,0.0743986844618573,False,False,[0.5 0.3 0.3]
932.183917,100,943.30482,0.11053817425435557,False,False,[0.5 0.3 0.3]
1546.887253,100,943.766417,0.03914452307484885,False,False,[0.5 0.3 0.3]
1127.585793,100,944.213154,0.10240512599271628,False,False,[0.5 0.3 0.3]
958.821416,100,944.684365,0.03631259623488503,False,False,[0.5 0.3 0.3]
1131.036293,100,945.171885,0.11118376032021988,False,False,[0.5 0.3 0.3]
2197.922906,91,945.595108,0.03179968056030981,False,True,[0.5 0.3 0.3]
1545.44299,100,946.562973,0.09133200675336224,False,False,[0.5 0.3 0.3]
1299.819785,100,947.08522,0.10959065535874161,False,False,[0.5 0.3 0.3]
926.797866,100,947.589214,0.07555013951268715,False,False,[0.5 0.3 0.3]
1103.812666,100,948.098481,0.08566597168710087,False,False,[0.5 0.3 0.3]
925.832942,100,948.629231,0.14321066749045067,False,False,[0.5 0.3 0.3]
895.037721,100,949.167656,0.09093478588032672,False,False,[0.5 0.3 0.3]
918.680698,100,949.678053,0.08039383316257899,False,False,[0.5 0.3 0.3]
1756.432913,100,950.220613,0.04480167228648107,False,False,[0.5 0.3 0.3]
1122.616082,100,950.742169,0.06776799719290924,False,False,[0.5 0.3 0.3]
1136.062428,100,951.270905,0.09602696742508887,False,False,[0.5 0.3 0.3]
722.940318,100,951.775384,0.11334413094014568,False,False,[0.5 0.3 0.3]
1932.59126,100,952.294586,0.06942956968859385,False,False,[0.5 0.3 0.3]
880.74158,100,952.791912,0.046341128667160704,False,False,[0.5 0.3 0.3]
1555.541693,100,953.31613,0.15542572065144758,False,False,[0.5 0.3 0.3]
1575.392962,100,953.833599,0.0559820606660433,False,False,[0.5 0.3 0.3]
925.412855,100,954.348742,0.05963478728137774,False,False,[0.5 0.3 0.3]
1917.150703,100,954.877341,0.057450091177884806,False,False,[0.5 0.3 0.3]
1564.590708,100,955.403381,0.024384190071267534,False,False,[0.5 0.3 0.3]
1500.309349,100,955.918651,0.1416410610466155,False,False,[0.5 0.3 0.3]
1538.975746,100,956.447545,0.050048106516379115,False,False,[0.5 0.3 0.3]
1116.944659,100,957.504725,0.07575324038371407,False,False,[0.5 0.3 0.3]
1563.909991,100,958.017274,0.08530622464779831,False,False,[0.5 0.3 0.3]
1125.295006,100,958.519497,0.050738038032716024,False,False,[0.5 0.3 0.3]
1924.651566,100,959.056987,0.0646104143465589,False,False,[0.5 0.3 0.3]
1131.931113,100,959.564867,0.048474966029409386,False,False,[0.5 0.3 0.3]
935.267827,100,960.062749,0.03220426212615793,False,False,[0.5 0.3 0.3]
1731.683879,100,960.569543,0.049627870500336665,False,False,[0.5 0.3 0.3]
1527.51257,100,961.0783,0.082173617023258,False,False,[0.5 0.3 0.3]
1122.72989,100,961.596044,0.06125041371202983,False,False,[0.5 0.3 0.3]
738.99177,100,962.09153,0.05011995273921114,False,False,[0.5 0.3 0.3]
520.996927,100,962.560737,0.08279109143932865,False,False,[0.5 0.3 0.3]
1359.136899,100,963.039194,0.056804019499037954,False,False,[0.5 0.3 0.3]
1527.833223,100,963.54325,0.0972260682955514,False,False,[0.5 0.3 0.3]
909.136674,100,964.038786,0.07072174438739579,False,False,[0.5 0.3 0.3]
2351.847021,100,964.504525,0.19163718139073674,False,False,[0.5 0.3 0.3]
1336.989068,100,964.98315,0.05734702185854062,False,False,[0.5 0.3 0.3]
1342.744394,100,965.447416,0.09436526847480493,False,False,[0.5 0.3 0.3]
2155.491657,100,965.903474,0.08592534135823386,False,False,[0.5 0.3 0.3]
1785.431735,100,966.361871,0.07373381468118079,False,False,[0.5 0.3 0.3]
1353.424789,100,966.857964,0.0227585666106997,False,False,[0.5 0.3 0.3]
1579.583618,100,967.333623,0.03412506271273871,False,False,[0.5 0.3 0.3]
1147.182801,100,968.297659,0.05064637838781818,False,False,[0.5 0.3 0.3]
1117.165121,100,968.764403,0.07195650013311002,False,False,[0.5 0.3 0.3]
1960.513938,100,969.228199,0.12166814886520864,False,False,[0.5 0.3 0.3]
920.116973,100,969.690516,0.0943234021622131,False,False,[0.5 0.3 0.3]
1521.396793,100,970.155736,0.09144236194099845,False,False,[0.5 0.3 0.3]
1770.890766,100,970.611766,0.08680142245094889,False,False,[0.5 0.3 0.3]
925.953895,100,971.089547,0.026278035495923467,False,False,[0.5 0.3 0.3]
1149.321823,100,971.555995,0.15147744295660862,False,False,[0.5 0.3 0.3]
1287.79385,100,972.020447,0.09016897970085361,False,False,[0.5 0.3 0.3]
1925.659022,100,972.479565,0.09395499148023989,False,False,[0.5 0.3 0.3]
1098.667976,100,972.954691,0.027275131719425534,False,False,[0.5 0.3 0.3]
1556.223968,100,973.423311,0.07537124945337388,False,False,[0.5 0.3 0.3]
906.595213,100,973.884409,0.11802076064274873,False,False,[0.5 0.3 0.3]
892.163367,100,974.374095,0.07886870181766052,False,False,[0.5 0.3 0.3]
1555.243025,100,974.849352,0.07306029455828407,False,False,[0.5 0.3 0.3]
745.129524,100,975.318846,0.09923665742582322,False,False,[0.5 0.3 0.3]
715.224183,100,975.779588,0.06153494109203778,False,False,[0.5 0.3 0.3]
1157.812112,100,976.242392,0.07358694125740838,False,False,[0.5 0.3 0.3]
1942.17632,100,976.716384,0.033041870938667034,False,False,[0.5 0.3 0.3]
-34.392643,19,976.896866,0.24616337119747933,True,False,[0.5 0.3 0.3]
1532.59287,100,977.379084,0.08072713215931959,False,False,[0.5 0.3 0.3]
1964.271243,100,978.307111,0.04631483021603194,False,False,[0.5 0.3 0.3]
1573.164421,100,978.765671,0.10552619868734148,False,False,[0.5 0.3 0.3]
1131.313852,100,979.23263,0.10798620796638451,False,False,[0.5 0.3 0.3]
2187.624035,100,979.703617,0.10438374609603379,False,False,[0.5 0.3 0.3]
1139.73511,100,980.170521,0.03256585887899109,False,False,[0.5 0.3 0.3]
502.543021,100,980.64402,0.0679720388485521,False,False,[0.5 0.3 0.3]
1564.681815,100,981.121907,0.024837847720769596,False,False,[0.5 0.3 0.3]
1337.377681,100,981.595171,0.19860622891355953,False,False,[0.5 0.3 0.3]
695.943769,100,982.062467,0.12640565498233436,False,False,[0.5 0.3 0.3]
1334.546687,100,982.568612,0.06524983726232648,False,False,[0.5 0.3 0.3]
1116.69826,100,983.02966,0.03681382413182603,False,False,[0.5 0.3 0.3]
763.086009,100,983.501185,0.06479384638366448,False,False,[0.5 0.3 0.3]
910.415503,100,983.973524,0.07137483160027706,False,False,[0.5 0.3 0.3]
1359.895923,100,984.434362,0.10088435756536758,False,False,[0.5 0.3 0.3]
2377.809934,100,984.885248,0.05531210956958129,False,False,[0.5 0.3 0.3]
1145.302167,100,985.352107,0.09561936772632677,False,False,[0.5 0.3 0.3]
705.686084,100,985.809401,0.09963344465106952,False,False,[0.5 0.3 0.3]
1522.715483,100,986.294396,0.14448478583602753,False,False,[0.5 0.3 0.3]
1962.203853,91,986.729398,0.018514989747068816,False,True,[0.5 0.3 0.3]
1564.302172,100,987.195132,0.03660982954052812,False,False,[0.5 0.3 0.3]
1142.33891,100,988.174761,0.17190081594582293,False,False,[0.5 0.3 0.3]
1325.150654,100,988.639719,0.08309197292707529,False,False,[0.5 0.3 0.3]
1571.30665,100,989.101444,0.08730973700782323,False,False,[0.5 0.3 0.3]
1591.845238,100,989.576707,0.037741480800189756,False,False,[0.5 0.3 0.3]
1540.238707,100,990.046823,0.08289390567513719,False,False,[0.5 0.3 0.3]
734.528086,100,990.528511,0.09955201272444131,False,False,[0.5 0.3 0.3]
1137.514735,100,990.989258,0.14048114281388432,False,False,[0.5 0.3 0.3]
1133.109305,100,991.468454,0.030940911049227603,False,False,[0.5 0.3 0.3]
495.69541,100,991.971522,0.014234601016060593,False,False,[0.5 0.3 0.3]
909.480055,100,992.48209,0.12615816336827787,False,False,[0.5 0.3 0.3]
1105.106412,100,993.005264,0.10396801931569231,False,False,[0.5 0.3 0.3]
1552.077285,100,993.527843,0.03447244664946672,False,False,[0.5 0.3 0.3]
1131.46375,100,994.033661,0.06754674827490458,False,False,[0.5 0.3 0.3]
899.504981,100,994.537056,0.099445633431845,False,False,[0.5 0.3 0.3]
1340.577069,100,995.043557,0.06167276839076854,False,False,[0.5 0.3 0.3]
1130.704581,100,995.571283,0.10619225015052634,False,False,[0.5 0.3 0.3]
1338.645258,100,996.079602,0.07943508377123723,False,False,[0.5 0.3 0.3]
1346.190993,100,996.592785,0.043800721552614476,False,False,[0.5 0.3 0.3]
110.544363,49,996.91442,0.23707378691075778,True,False,[0.5 0.3 0.3]
1538.116637,100,997.441098,0.08465001976039023,False,False,[0.5 0.3 0.3]
1740.418015,100,997.962677,0.04807835216454199,False,False,[0.5 0.3 0.3]
953.820042,100,999.017768,0.08771122612290934,False,False,[0.5 0.3 0.3]
1981.439634,100,999.542185,0.08010518934615311,False,False,[0.5 0.3 0.3]
1199.998829,100,1000.049542,0.07291072361586069,False,False,[0.5 0.3 0.3]
1525.704745,100,1000.549179,0.057530274896656325,False,False,[0.5 0.3 0.3]
1351.732008,100,1001.070898,0.03268434446126355,False,False,[0.5 0.3 0.3]
1941.770662,100,1001.585315,0.09620870784438466,False,False,[0.5 0.3 0.3]
1149.45621,100,1002.107465,0.04599062054637681,False,False,[0.5 0.3 0.3]
1319.466151,100,1002.62348,0.0844251090824154,False,False,[0.5 0.3 0.3]
1339.467759,100,1003.145325,0.10061145941170244,False,False,[0.5 0.3 0.3]
1534.661643,100,1003.672896,0.0727863818897166,False,False,[0.5 0.3 0.3]
1564.732066,100,1004.193232,0.060389976900990634,False,False,[0.5 0.3 0.3]
1105.137696,100,1004.708837,0.07161883928741798,False,False,[0.5 0.3 0.3]
1340.357222,100,1005.218259,0.14252943723636993,False,False,[0.5 0.3 0.3]
2407.394971,89,1005.689178,0.019066146038766385,False,True,[0.5 0.3 0.3]
1298.078685,100,1006.201909,0.07156155627631375,False,False,[0.5 0.3 0.3]
1345.138393,100,1006.709608,0.09902427110325149,False,False,[0.5 0.3 0.3]
1120.656515,100,1007.248969,0.09768888013208037,False,False,[0.5 0.3 0.3]
1983.396872,100,1007.75018,0.04746304908983396,False,False,[0.5 0.3 0.3]
1513.367131,100,1008.219031,0.0770102085344427,False,False,[0.5 0.3 0.3]
2010.467194,100,1008.683613,0.06916917325904262,False,False,[0.5 0.3 0.3]
1348.454584,100,1009.148454,0.07853836188568755,False,False,[0.5 0.3 0.3]
2668.806751,93,1010.098545,0.041825781308080165,False,True,[0.5 0.3 0.3]
1383.462232,100,1010.564075,0.0697862654225997,False,False,[0.5 0.3 0.3]
1547.767161,100,1011.035576,0.049454870960017036,False,False,[0.5 0.3 0.3]
2122.795054,100,1011.507639,0.07540385439540571,False,False,[0.5 0.3 0.3]
1761.814308,100,1011.975107,0.11396789416194994,False,False,[0.5 0.3 0.3]
1144.613894,100,1012.440741,0.11472412863953305,False,False,[0.5 0.3 0.3]
2014.568322,100,1012.89361,0.0550025625533007,False,False,[0.5 0.3 0.3]
1327.665233,100,1013.358548,0.06619174591823983,False,False,[0.5 0.3 0.3]
1325.065751,100,1013.828415,0.06985036112356036,False,False,[0.5 0.3 0.3]
1371.023218,100,1014.295526,0.07183775103626112,False,False,[0.5 0.3 0.3]
1154.186788,100,1014.76678,0.05845002811377153,False,False,[0.5 0.3 0.3]
1111.007515,100,1015.25001,0.11797531305932846,False,False,[0.5 0.3 0.3]
615.691983,100,1015.710156,0.21360359762740977,True,False,[0.5 0.3 0.3]
913.838414,100,1016.186672,0.07749570433433044,False,False,[0.5 0.3 0.3]
1132.079845,100,1016.660882,0.12020601779479789,False,False,[0.5 0.3 0.3]
1566.559804,100,1017.128752,0.015640843434378656,False,False,[0.5 0.3 0.3]
1349.465748,100,1017.596,0.04514153467314528,False,False,[0.5 0.3 0.3]
1521.562015,100,1018.067603,0.0867263129322997,False,False,[0.5 0.3 0.3]
704.731119,100,1018.534894,0.07523628441409982,False,False,[0.5 0.3 0.3]
913.221295,100,1019.001016,0.0840721346999037,False,False,[0.5 0.3 0.3]
1953.384842,100,1019.469018,0.05036224396140289,False,False,[0.5 0.3 0.3]
1351.95032,100,1020.460934,0.029279421976886953,False,False,[0.5 0.3 0.3]
916.608631,100,1020.930988,0.05588461029289545,False,False,[0.5 0.3 0.3]
1129.130214,100,1021.408758,0.048257421256695396,False,False,[0.5 0.3 0.3]
1961.014636,100,1021.870671,0.08895399953433013,False,False,[0.5 0.3 0.3]
1371.853559,100,1022.334522,0.11072349457552569,False,False,[0.5 0.3 0.3]
1760.073292,100,1022.799821,0.09068479129128362,False,False,[0.5 0.3 0.3]
1134.906536,100,1023.295233,0.06191362731906657,False,False,[0.5 0.3 0.3]
917.645536,100,1023.767892,0.06710671219032435,False,False,[0.5 0.3 0.3]
1744.201981,100,1024.234814,0.19272548812978485,False,False,[0.5 0.3 0.3]
1533.086159,100,1024.702833,0.045979519047224124,False,False,[0.5 0.3 0.3]
1947.547914,100,1025.176314,0.046614202802446554,False,False,[0.5 0.3 0.3]
1603.862833,100,1025.626291,0.02680257568376785,False,False,[0.5 0.3 0.3]
724.389601,100,1026.088109,0.10702041430252952,False,False,[0.5 0.3 0.3]
1556.492603,100,1026.546156,0.13043621793772894,False,False,[0.5 0.3 0.3]
908.625324,100,1027.022698,0.10129682191367467,False,False,[0.5 0.3 0.3]
1122.593438,100,1027.484766,0.030067915033373117,False,False,[0.5 0.3 0.3]
723.681183,100,1027.964681,0.10179140882832653,False,False,[0.5 0.3 0.3]
2162.987371,100,1028.433821,0.0899731430995818,False,False,[0.5 0.3 0.3]
1114.900153,100,1028.899494,0.037831994675907955,False,False,[0.5 0.3 0.3]
2383.541943,100,1029.385259,0.07635127785013132,False,False,[0.5 0.3 0.3]
1130.976525,100,1030.380387,0.05247486155498368,False,False,[0.5 0.3 0.3]
723.683011,100,1030.841022,0.10709461482092833,False,False,[0.5 0.3 0.3]
1952.861765,100,1031.329371,0.021057233620845696,False,False,[0.5 0.3 0.3]
694.578949,100,1031.813293,0.07342821861543378,False,False,[0.5 0.3 0.3]
944.757898,100,1032.287852,0.11218079294498691,False,False,[0.5 0.3 0.3]
1528.587154,100,1032.757982,0.044761777927506304,False,False,[0.5 0.3 0.3]
1148.538549,100,1033.217407,0.019400178524130982,False,False,[0.5 0.3 0.3]
1775.925413,100,1033.679666,0.023708053265912327,False,False,[0.5 0.3 0.3]
1345.247879,100,1034.162857,0.01684075806188047,False,False,[0.5 0.3 0.3]
1750.411783,100,1034.614105,0.038075044168631826,False,False,[0.5 0.3 0.3]
746.136873,100,1035.089485,0.06600642917959991,False,False,[0.5 0.3 0.3]
1553.947892,100,1035.557582,0.11038894370446407,False,False,[0.5 0.3 0.3]
1127.110821,100,1036.030122,0.06254195070658929,False,False,[0.5 0.3 0.3]
1124.301898,100,1036.489481,0.08590557896515601,False,False,[0.5 0.3 0.3]
1544.292604,100,1036.973617,0.10972271260233891,False,False,[0.5 0.3 0.3]
1580.893358,100,1037.446061,0.040931968058102806,False,False,[0.5 0.3 0.3]
1141.087462,100,1037.935145,0.07821976255412919,False,False,[0.5 0.3 0.3]
947.78536,100,1038.405188,0.03887273503527107,False,False,[0.5 0.3 0.3]
1113.402616,100,1038.874839,0.07841571300712588,False,False,[0.5 0.3 0.3]
1089.896534,100,1039.333805,0.09393782899378705,False,False,[0.5 0.3 0.3]
1321.808024,100,1040.327567,0.08108087071159013,False,False,[0.5 0.3 0.3]
1785.347841,100,1040.806406,0.06964648516389657,False,False,[0.5 0.3 0.3]
1993.439125,100,1041.267915,0.03737224348202623,False,False,[0.5 0.3 0.3]
1354.958916,100,1041.724684,0.11372743995331092,False,False,[0.5 0.3 0.3]
1344.663863,100,1042.193871,0.0342729203325011,False,False,[0.5 0.3 0.3]
1525.673446,100,1042.655611,0.0417878524910534,False,False,[0.5 0.3 0.3]
1329.08305,100,1043.124107,0.08650950575039144,False,False,[0.5 0.3 0.3]
496.162625,100,1043.583347,0.053143201926163626,False,False,[0.5 0.3 0.3]
1123.117248,100,1044.061142,0.13384631941343272,False,False,[0.5 0.3 0.3]
1304.768319,100,1044.533168,0.08193932837860425,False,False,[0.5 0.3 0.3]
935.594456,100,1045.006364,0.06857007992372784,False,False,[0.5 0.3 0.3]
2394.557028,100,1045.453785,0.09215180899480524,False,False,[0.5 0.3 0.3]
673.751685,100,1045.926313,0.05906740361843163,False,False,[0.5 0.3 0.3]
1341.602674,100,1046.40335,0.056639001648026446,False,False,[0.5 0.3 0.3]
1758.900218,100,1046.869766,0.09584531333002203,False,False,[0.5 0.3 0.3]
1346.716153,100,1047.347087,0.03372773708923711,False,False,[0.5 0.3 0.3]
1552.671049,100,1047.800239,0.05651768047786912,False,False,[0.5 0.3 0.3]
928.306415,100,1048.279321,0.02181884710718737,False,False,[0.5 0.3 0.3]
731.292481,100,1048.745704,0.07327210127479403,False,False,[0.5 0.3 0.3]
1543.327369,100,1049.220169,0.057670813513113206,False,False,[0.5 0.3 0.3]
1735.449743,100,1049.687135,0.05201735473332307,False,False,[0.5 0.3 0.3]
2391.145313,100,1050.694874,0.03178273822988306,False,False,[0.5 0.3 0.3]
1354.211359,100,1051.163509,0.08791382420597585,False,False,[0.5 0.3 0.3]
1930.882372,100,1051.637135,0.04189577615622631,False,False,[0.5 0.3 0.3]
1151.159781,100,1052.104613,0.07830341864303121,False,False,[0.5 0.3 0.3]
950.299027,100,1052.577041,0.03853440687758279,False,False,[0.5 0.3 0.3]
1553.209209,100,1053.046299,0.07183102811123077,False,False,[0.5 0.3 0.3]
1947.984463,100,1053.505392,0.057580024285607136,False,False,[0.5 0.3 0.3]
2777.701915,100,1053.98351,0.06520672055824236,False,False,[0.5 0.3 0.3]
1126.314605,100,1054.459701,0.025316726599360528,False,False,[0.5 0.3 0.3]
1340.092795,100,1054.92318,0.13101746007633494,False,False,[0.5 0.3 0.3]
1347.922884,100,1055.411369,0.04241713452401014,False,False,[0.5 0.3 0.3]
1570.054085,100,1055.877717,0.03695999383733466,False,False,[0.5 0.3 0.3]
732.512065,100,1056.359453,0.027852006220950794,False,False,[0.5 0.3 0.3]
1549.503047,100,1056.821205,0.12848335260699897,False,False,[0.5 0.3 0.3]
1354.145614,100,1057.275664,0.14974935543385492,False,False,[0.5 0.3 0.3]
980.973783,100,1057.735668,0.06665371407065966,False,False,[0.5 0.3 0.3]
733.786329,100,1058.208003,0.11186734659820645,False,False,[0.5 0.3 0.3]
2400.83078,100,1058.677545,0.14810776654798907,False,False,[0.5 0.3 0.3]
1549.444352,100,1059.138518,0.09148507596985224,False,False,[0.5 0.3 0.3]
1970.098714,100,1059.606193,0.028298243372157167,False,False,[0.5 0.3 0.3]
1768.75428,100,1060.607745,0.07496449968247876,False,False,[0.5 0.3 0.3]
2189.828955,100,1061.059521,0.0382016074033697,False,False,[0.5 0.3 0.3]
1366.679245,100,1061.533961,0.07215435946812593,False,False,[0.5 0.3 0.3]
947.83566,100,1062.011968,0.09668129479750583,False,False,[0.5 0.3 0.3]
1140.369781,100,1062.492497,0.07619561380140849,False,False,[0.5 0.3 0.3]
1135.595698,100,1062.956034,0.08718378934213022,False,False,[0.5 0.3 0.3]
1887.956985,71,1063.336573,0.027695119357919552,False,True,[0.5 0.3 0.3]
1748.563406,100,1063.810741,0.09869940639222642,False,False,[0.5 0.3 0.3]
2379.228836,100,1064.278311,0.052493210392966685,False,False,[0.5 0.3 0.3]
915.169933,100,1064.751354,0.06428159869886219,False,False,[0.5 0.3 0.3]
709.253999,100,1065.22379,0.15158075319422604,False,False,[0.5 0.3 0.3]
1544.437652,100,1065.692333,0.042076059450945426,False,False,[0.5 0.3 0.3]
936.272564,100,1066.171359,0.12369727519882226,False,False,[0.5 0.3 0.3]
1120.554476,100,1066.647192,0.079800379640165,False,False,[0.5 0.3 0.3]
957.796602,100,1067.108281,0.08575834532622024,False,False,[0.5 0.3 0.3]
909.693521,100,1067.565159,0.08193759434124387,False,False,[0.5 0.3 0.3]
1557.489235,100,1068.042602,0.04242061940528319,False,False,[0.5 0.3 0.3]
1760.340106,100,1068.514542,0.054208837748174324,False,False,[0.5 0.3 0.3]
2161.862835,100,1068.975899,0.044182840075616424,False,False,[0.5 0.3 0.3]
893.010374,100,1069.446682,0.07122108603790663,False,False,[0.5 0.3 0.3]
1770.114471,100,1069.919435,0.03736988918571093,False,False,[0.5 0.3 0.3]
1757.674923,100,1070.901122,0.09200898209626329,False,False,[0.5 0.3 0.3]
1849.207588,63,1071.263755,0.02796789520522873,False,True,[0.5 0.3 0.3]
1754.655338,100,1071.720172,0.020329206709473812,False,False,[0.5 0.3 0.3]
1763.074221,100,1072.199929,0.15282302962005506,False,False,[0.5 0.3 0.3]
1769.48121,100,1072.683009,0.0250652571773581,False,False,[0.5 0.3 0.3]
924.132991,100,1073.143957,0.02620426048539554,False,False,[0.5 0.3 0.3]
1316.983261,100,1073.62051,0.04093393515275896,False,False,[0.5 0.3 0.3]
1121.676733,100,1074.082053,0.050332519071490056,False,False,[0.5 0.3 0.3]
936.891352,100,1074.546522,0.07776863024614689,False,False,[0.5 0.3 0.3]
465.276015,100,1075.018646,0.0871747742833291,False,False,[0.5 0.3 0.3]
2008.40078,99,1075.475728,0.0498478411465832,False,True,[0.5 0.3 0.3]
2137.813472,100,1075.946018,0.08778333668853291,False,False,[0.5 0.3 0.3]
1119.921049,100,1076.432333,0.10538797399012143,False,False,[0.5 0.3 0.3]
1737.888837,100,1076.89774,0.03938746601936885,False,False,[0.5 0.3 0.3]
918.252228,100,1077.367888,0.07451808151490735,False,False,[0.5 0.3 0.3]
1759.418003,100,1077.826551,0.020174067157292173,False,False,[0.5 0.3 0.3]
1160.567376,100,1078.293721,0.07578177818144913,False,False,[0.5 0.3 0.3]
1967.558877,100,1078.762537,0.0559663469031394,False,False,[0.5 0.3 0.3]
1352.061979,100,1079.261655,0.036788445487609,False,False,[0.5 0.3 0.3]
2131.687964,100,1079.738173,0.04195633637213118,False,False,[0.5 0.3 0.3]
1315.206056,100,1080.208462,0.07983254746089687,False,False,[0.5 0.3 0.3]
1556.240813,100,1081.239304,0.05132504952339662,False,False,[0.5 0.3 0.3]
2153.858295,100,1081.710829,0.05953915078911586,False,False,[0.5 0.3 0.3]
1733.571331,100,1082.178363,0.08440826487699986,False,False,[0.5 0.3 0.3]
1763.698496,100,1082.646445,0.0695153883127443,False,False,[0.5 0.3 0.3]
1527.700676,100,1083.11879,0.043665266189050596,False,False,[0.5 0.3 0.3]
1758.081329,100,1083.583716,0.09726638503201512,False,False,[0.5 0.3 0.3]
1735.809592,100,1084.048462,0.06657139409245763,False,False,[0.5 0.3 0.3]
1528.664513,100,1084.509291,0.10886503397053435,False,False,[0.5 0.3 0.3]
1757.508668,100,1084.992479,0.0815199923374773,False,False,[0.5 0.3 0.3]
1115.137811,100,1085.44932,0.05203130693024948,False,False,[0.5 0.3 0.3]
1586.720996,100,1085.914631,0.06543146077002368,False,False,[0.5 0.3 0.3]
1375.232061,100,1086.369562,0.051014788479555186,False,False,[0.5 0.3 0.3]
1349.584942,100,1086.858532,0.014525102121350499,False,False,[0.5 0.3 0.3]
978.415832,100,1087.351847,0.07253705197174248,False,False,[0.5 0.3 0.3]
932.215336,100,1087.820478,0.13220523360707825,False,False,[0.5 0.3 0.3]
2359.07553,100,1088.272603,0.043013260105620656,False,False,[0.5 0.3 0.3]
1360.923521,100,1088.760515,0.05723531641292809,False,False,[0.5 0.3 0.3]
1948.489773,100,1089.229181,0.034123081117540824,False,False,[0.5 0.3 0.3]
774.022473,100,1089.693817,0.0368817735248179,False,False,[0.5 0.3 0.3]
1118.395298,100,1090.159628,0.004822174002432412,False,False,[0.5 0.3 0.3]
1328.201297,100,1090.641396,0.06032741080279681,False,False,[0.5 0.3 0.3]
1145.061707,100,1091.629223,0.09357250913758244,False,False,[0.5 0.3 0.3]
1959.522421,100,1092.095827,0.06801951509022151,False,False,[0.5 0.3 0.3]
2181.080143,100,1092.540117,0.07880810716006588,False,False,[0.5 0.3 0.3]
1379.678439,100,1093.004844,0.12212559814769872,False,False,[0.5 0.3 0.3]
1119.138587,100,1093.485954,0.06248697662602396,False,False,[0.5 0.3 0.3]
1751.885988,100,1093.954846,0.049761123388953186,False,False,[0.5 0.3 0.3]
1943.902197,100,1094.408043,0.018262763365612892,False,False,[0.5 0.3 0.3]
2144.41056,100,1094.871826,0.07356474145164607,False,False,[0.5 0.3 0.3]
946.706843,100,1095.369809,0.09485216486887135,False,False,[0.5 0.3 0.3]
1337.751281,100,1095.827128,0.037953621413326075,False,False,[0.5 0.3 0.3]
2616.54594,100,1096.296042,0.1095101601003344,False,False,[0.5 0.3 0.3]
501.731438,100,1096.775997,0.055646156786545296,False,False,[0.5 0.3 0.3]
1137.904887,100,1097.24956,0.06954233600704124,False,False,[0.5 0.3 0.3]
1756.29056,100,1097.717762,0.1230871293187359,False,False,[0.5 0.3 0.3]
1095.661603,100,1098.176971,0.12369519145530164,False,False,[0.5 0.3 0.3]
928.582888,100,1098.644562,0.08232090103780236,False,False,[0.5 0.3 0.3]
1329.361516,100,1099.113972,0.0601227126689306,False,False,[0.5 0.3 0.3]
1151.379629,100,1099.576602,0.03745975983026145,False,False,[0.5 0.3 0.3]
938.319492,100,1100.051111,0.06593290216257185,False,False,[0.5 0.3 0.3]
1160.455882,100,1100.514289,0.048335567290298385,False,False,[0.5 0.3 0.3]
1158.030651,100,1101.513826,0.10255396835882644,False,False,[0.5 0.3 0.3]
1334.1853,100,1101.977784,0.09819772859299038,False,False,[0.5 0.3 0.3]
1986.540976,100,1102.430381,0.08307817272113217,False,False,[0.5 0.3 0.3]
2166.413851,100,1102.901965,0.04032781437603222,False,False,[0.5 0.3 0.3]
1954.758781,100,1103.382349,0.06416452843870138,False,False,[0.5 0.3 0.3]
1764.908666,100,1103.873938,0.03424386982111375,False,False,[0.5 0.3 0.3]
900.584239,100,1104.334177,0.058993234398488095,False,False,[0.5 0.3 0.3]
1534.632267,100,1104.806562,0.10502701728817072,False,False,[0.5 0.3 0.3]
1549.089907,100,1105.286756,0.04603413859727797,False,False,[0.5 0.3 0.3]
1745.747208,100,1105.754524,0.030103118893740826,False,False,[0.5 0.3 0.3]
1145.079196,100,1106.226332,0.06924739344501654,False,False,[0.5 0.3 0.3]
910.609932,100,1106.684844,0.10687911087521598,False,False,[0.5 0.3 0.3]
2570.915728,100,1107.161096,0.13634404201733621,False,False,[0.5 0.3 0.3]
931.641761,100,1107.635934,0.1272304037346749,False,False,[0.5 0.3 0.3]
1116.825119,100,1108.102847,0.13985922121415448,False,False,[0.5 0.3 0.3]
1375.884238,100,1108.569037,0.032383778508495095,False,False,[0.5 0.3 0.3]
1757.015723,100,1109.045411,0.08975423989456482,False,False,[0.5 0.3 0.3]
1319.433598,100,1109.529052,0.016717836568852562,False,False,[0.5 0.3 0.3]
2809.644784,100,1109.988203,0.009378196117827198,False,False,[0.5 0.3 0.3]
2166.48336,100,1110.45263,0.04520621402720493,False,False,[0.5 0.3 0.3]
1742.337524,100,1110.91308,0.10151902411261579,False,False,[0.5 0.3 0.3]
1778.165432,100,1111.973799,0.03685066073463561,False,False,[0.5 0.3 0.3]
1368.773602,100,1112.449159,0.09443185666257112,False,False,[0.5 0.3 0.3]
2563.464198,100,1112.917099,0.08905789649685844,False,False,[0.5 0.3 0.3]
1335.946123,100,1113.389995,0.120829086796033,False,False,[0.5 0.3 0.3]
2184.479464,100,1113.847793,0.06773980956912125,False,False,[0.5 0.3 0.3]
921.957219,100,1114.323522,0.05579958592552314,False,False,[0.5 0.3 0.3]
1724.688036,100,1114.794531,0.059936034227871055,False,False,[0.5 0.3 0.3]
1311.462032,100,1115.271244,0.051386906291146506,False,False,[0.5 0.3 0.3]
1585.746686,100,1115.736538,0.01716405741117968,False,False,[0.5 0.3 0.3]
1981.196184,100,1116.199239,0.09404035248241342,False,False,[0.5 0.3 0.3]
1346.020229,100,1116.681013,0.1205953420301936,False,False,[0.5 0.3 0.3]
1342.642367,100,1117.159228,0.08971327275006111,False,False,[0.5 0.3 0.3]
2002.051262,100,1117.617095,0.08971916725136168,False,False,[0.5 0.3 0.3]
1332.039637,100,1118.101096,0.05667570767778315,False,False,[0.5 0.3 0.3]
1545.364647,100,1118.563593,0.09579867053822473,False,False,[0.5 0.3 0.3]
1128.617413,100,1119.040257,0.10433467425633226,False,False,[0.5 0.3 0.3]
1140.672826,100,1119.517558,0.09340776850161656,False,False,[0.5 0.3 0.3]
1354.371238,100,1120.013879,0.03243804223737572,False,False,[0.5 0.3 0.3]
2136.418837,100,1120.486606,0.08983820727659873,False,False,[0.5 0.3 0.3]
938.038318,100,1120.966154,0.0784226720144897,False,False,[0.5 0.3 0.3]
1096.370008,100,1121.972306,0.10873780313831025,False,False,[0.5 0.3 0.3]
1358.456067,100,1122.449771,0.0251230422866522,False,False,[0.5 0.3 0.3]
1799.459814,100,1122.901531,0.026134988630034377,False,False,[0.5 0.3 0.3]
1549.415743,100,1123.380317,0.05235076291716528,False,False,[0.5 0.3 0.3]
1979.337192,100,1123.85052,0.05735104707413045,False,False,[0.5 0.3 0.3]
1338.343674,100,1124.319058,0.07499638144161846,False,False,[0.5 0.3 0.3]
1958.120939,100,1124.777013,0.0602070504183737,False,False,[0.5 0.3 0.3]
1529.060694,100,1125.243793,0.02723379161525811,False,False,[0.5 0.3 0.3]
919.078191,100,1125.716001,0.17809296545345663,False,False,[0.5 0.3 0.3]
1366.155169,100,1126.172423,0.08161025681976566,False,False,[0.5 0.3 0.3]
1965.832824,100,1126.638979,0.05614988833622905,False,False,[0.5 0.3 0.3]
507.592567,100,1127.099253,0.06415259197763112,False,False,[0.5 0.3 0.3]
1346.563886,100,1127.565576,0.03886714845596264,False,False,[0.5 0.3 0.3]
1752.600117,100,1128.049397,0.06991689590833812,False,False,[0.5 0.3 0.3]
1327.648945,100,1128.511948,0.04822695098309188,False,False,[0.5 0.3 0.3]
1569.022681,100,1128.981066,0.08397525081103861,False,False,[0.5 0.3 0.3]
1374.520423,100,1129.460276,0.04415522416409925,False,False,[0.5 0.3 0.3]
1146.454163,100,1129.940383,0.10425237397696643,False,False,[0.5 0.3 0.3]
1546.056302,100,1130.400387,0.05926422552129531,False,False,[0.5 0.3 0.3]
1737.747269,100,1130.864303,0.06391582741633065,False,False,[0.5 0.3 0.3]
2166.871629,100,1131.872344,0.030726245404622318,False,False,[0.5 0.3 0.3]
733.409281,100,1132.337327,0.07976809444581943,False,False,[0.5 0.3 0.3]
913.037187,100,1132.798007,0.18166346084056081,False,False,[0.5 0.3 0.3]
1536.443786,100,1133.274318,0.048349233935573235,False,False,[0.5 0.3 0.3]
943.428454,100,1133.750089,0.08779580943137469,False,False,[0.5 0.3 0.3]
1162.560997,100,1134.222548,0.11839715951684751,False,False,[0.5 0.3 0.3]
1344.422892,100,1134.674238,0.08686422801350946,False,False,[0.5 0.3 0.3]
940.79297,100,1135.149615,0.1156361960087308,False,False,[0.5 0.3 0.3]
2213.727082,89,1135.584226,0.04100928725920204,False,True,[0.5 0.3 0.3]
1121.686486,100,1136.049154,0.03178377528629439,False,False,[0.5 0.3 0.3]
1965.195184,100,1136.526092,0.07404317609802405,False,False,[0.5 0.3 0.3]
1140.798933,100,1136.996966,0.06050961318004818,False,False,[0.5 0.3 0.3]
1339.350559,100,1137.458642,0.07713692613393928,False,False,[0.5 0.3 0.3]
2202.393194,100,1137.940984,0.06551908439880254,False,False,[0.5 0.3 0.3]
1341.6365,100,1138.408435,0.03711073605712436,False,False,[0.5 0.3 0.3]
960.631873,100,1138.855081,0.13584270755695046,False,False,[0.5 0.3 0.3]
918.126389,100,1139.335207,0.04379816192192207,False,False,[0.5 0.3 0.3]
1750.710437,100,1139.806726,0.10138095482404301,False,False,[0.5 0.3 0.3]
1582.256581,100,1140.284094,0.04768794655505029,False,False,[0.5 0.3 0.3]
1127.557144,100,1140.746597,0.06648252311596627,False,False,[0.5 0.3 0.3]
1772.386667,100,1141.204103,0.05272665779230179,False,False,[0.5 0.3 0.3]
954.562588,100,1142.221744,0.06831756997388785,False,False,[0.5 0.3 0.3]
1367.777307,100,1142.674435,0.04633728024992821,False,False,[0.5 0.3 0.3]
1563.447481,100,1143.134092,0.0374044385917128,False,False,[0.5 0.3 0.3]
1152.268114,100,1143.608397,0.07768964842196593,False,False,[0.5 0.3 0.3]
929.278531,100,1144.10947,0.12160461018009723,False,False,[0.5 0.3 0.3]
1570.994353,100,1144.576685,0.06753449342390853,False,False,[0.5 0.3 0.3]
1112.09671,100,1145.046981,0.1136970100321791,False,False,[0.5 0.3 0.3]
2552.936432,100,1145.506368,0.11239956713209216,False,False,[0.5 0.3 0.3]
934.670848,100,1145.986348,0.05197193385554264,False,False,[0.5 0.3 0.3]
2179.398513,100,1146.444329,0.018046396603548294,False,False,[0.5 0.3 0.3]
1740.078042,100,1146.91379,0.0732533195628892,False,False,[0.5 0.3 0.3]
1371.246189,100,1147.395477,0.07126366743040882,False,False,[0.5 0.3 0.3]
1138.292589,100,1147.86254,0.10476928267487451,False,False,[0.5 0.3 0.3]
1104.228509,100,1148.332502,0.10220722002243599,False,False,[0.5 0.3 0.3]
1836.851891,55,1148.623388,0.04869664145031421,False,True,[0.5 0.3 0.3]
1764.376623,100,1149.103771,0.08541593667117771,False,False,[0.5 0.3 0.3]
2546.158937,100,1149.584392,0.08314245354369437,False,False,[0.5 0.3 0.3]
1555.101458,100,1150.052556,0.15067139176306946,False,False,[0.5 0.3 0.3]
1326.28169,100,1150.517663,0.06134114409762695,False,False,[0.5 0.3 0.3]
507.041115,100,1150.993577,0.06405297835649908,False,False,[0.5 0.3 0.3]
938.998154,100,1151.47423,0.06007171398483469,False,False,[0.5 0.3 0.3]
1754.647686,100,1152.493195,0.017493784412245417,False,False,[0.5 0.3 0.3]
1940.053171,100,1152.96875,0.10380994185033714,False,False,[0.5 0.3 0.3]
704.990691,100,1153.440821,0.09356233531453143,False,False,[0.5 0.3 0.3]
1764.547396,100,1153.910862,0.03325948160687738,False,False,[0.5 0.3 0.3]
1560.609482,100,1154.384265,0.0787280740763572,False,False,[0.5 0.3 0.3]
721.739469,100,1154.851956,0.028326306444872846,False,False,[0.5 0.3 0.3]
1742.802351,100,1155.3073,0.06317726941702012,False,False,[0.5 0.3 0.3]
1359.035988,100,1155.788336,0.04745641813361364,False,False,[0.5 0.3 0.3]
1321.379872,100,1156.259086,0.06889173086743818,False,False,[0.5 0.3 0.3]
1544.800768,100,1156.722959,0.05963196288252625,False,False,[0.5 0.3 0.3]
1338.405302,100,1157.192785,0.06021094961374164,False,False,[0.5 0.3 0.3]
1961.952201,100,1157.669711,0.08230051826011121,False,False,[0.5 0.3 0.3]
1335.393029,100,1158.133658,0.10290677854420772,False,False,[0.5 0.3 0.3]
1719.701271,100,1158.585363,0.05887093553571768,False,False,[0.5 0.3 0.3]
1321.125883,100,1159.06043,0.12650486453030066,False,False,[0.5 0.3 0.3]
1343.060098,100,1159.527181,0.09245963482679091,False,False,[0.5 0.3 0.3]
954.764478,100,1159.993877,0.11778610323703169,False,False,[0.5 0.3 0.3]
1339.437612,100,1160.494187,0.054200891752723836,False,False,[0.5 0.3 0.3]
1754.305059,100,1160.96342,0.03229058365619227,False,False,[0.5 0.3 0.3]
1973.745618,100,1161.437383,0.07697451633107329,False,False,[0.5 0.3 0.3]
1135.75349,100,1162.434697,0.05458022242554568,False,False,[0.5 0.3 0.3]
1151.870953,100,1162.896874,0.0583107172179919,False,False,[0.5 0.3 0.3]
1319.200145,100,1163.379849,0.021803790366001018,False,False,[0.5 0.3 0.3]
1977.839733,100,1163.866694,0.04940599604784136,False,False,[0.5 0.3 0.3]
2610.749043,94,1164.325368,0.04664015746557408,False,True,[0.5 0.3 0.3]
2394.952361,100,1164.799891,0.041005367099506015,False,False,[0.5 0.3 0.3]
1323.822607,100,1165.258944,0.1056602795348187,False,False,[0.5 0.3 0.3]
908.554848,100,1165.73627,0.0818306807937308,False,False,[0.5 0.3 0.3]
1957.152764,100,1166.216457,0.08938474876835215,False,False,[0.5 0.3 0.3]
920.149919,100,1166.685059,0.0808963537400207,False,False,[0.5 0.3 0.3]
1552.740721,100,1167.148005,0.018972470682308687,False,False,[0.5 0.3 0.3]
899.778508,100,1167.610013,0.03404165191784127,False,False,[0.5 0.3 0.3]
1351.466936,100,1168.0788,0.08107739661644803,False,False,[0.5 0.3 0.3]
955.079334,100,1168.556632,0.08197966120826639,False,False,[0.5 0.3 0.3]
1483.686088,100,1169.012722,0.0386888465839255,False,False,[0.5 0.3 0.3]
1546.364995,100,1169.475651,0.02456624596734789,False,False,[0.5 0.3 0.3]
1117.780978,100,1169.950457,0.029955364093690935,False,False,[0.5 0.3 0.3]
505.544455,100,1170.437423,0.08618972205978936,False,False,[0.5 0.3 0.3]
1731.838461,100,1170.909303,0.09272226538918096,False,False,[0.5 0.3 0.3]
1576.759533,100,1171.386187,0.07863947913169222,False,False,[0.5 0.3 0.3]
1160.885883,100,1171.851591,0.016440592399517055,False,False,[0.5 0.3 0.3]
1753.620386,100,1172.860372,0.07488173978011742,False,False,[0.5 0.3 0.3]
1134.996225,100,1173.324208,0.03930907861544116,False,False,[0.5 0.3 0.3]
1129.259136,100,1173.79232,0.07881223054997179,False,False,[0.5 0.3 0.3]
1328.822264,100,1174.259389,0.0831253800269208,False,False,[0.5 0.3 0.3]
1351.507979,100,1174.724895,0.04303901075665082,False,False,[0.5 0.3 0.3]
1341.98617,100,1175.195428,0.028846295358343665,False,False,[0.5 0.3 0.3]
1772.443942,100,1175.659575,0.027380072146420183,False,False,[0.5 0.3 0.3]
1526.261454,100,1176.140386,0.09600923517370119,False,False,[0.5 0.3 0.3]
2184.679404,100,1176.640587,0.03301139668959241,False,False,[0.5 0.3 0.3]
1772.388612,100,1177.107234,0.05785705909956042,False,False,[0.5 0.3 0.3]
1081.917799,100,1177.572532,0.08170062699635744,False,False,[0.5 0.3 0.3]
1534.84387,100,1178.05678,0.08854841920182661,False,False,[0.5 0.3 0.3]
1760.652924,100,1178.533917,0.013360093587675325,False,False,[0.5 0.3 0.3]
1115.693002,100,1178.989564,0.04906484756162303,False,False,[0.5 0.3 0.3]
925.502651,100,1179.454235,0.08110001466328164,False,False,[0.5 0.3 0.3]
947.398698,100,1179.94167,0.0790104597329721,False,False,[0.5 0.3 0.3]
1305.117979,100,1180.405769,0.03699041286062548,False,False,[0.5 0.3 0.3]
1348.316857,100,1180.863544,0.07803712273221602,False,False,[0.5 0.3 0.3]
1744.797187,100,1181.333513,0.07593325905423054,False,False,[0.5 0.3 0.3]
2369.351008,100,1181.792454,0.06134015389535548,False,False,[0.5 0.3 0.3]
1990.745966,100,1182.819069,0.1093575949330585,False,False,[0.5 0.3 0.3]
1754.681453,100,1183.303722,0.05545523335233145,False,False,[0.5 0.3 0.3]
-16.682066,22,1183.497596,0.23096885303927797,True,False,[0.5 0.3 0.3]
2196.955166,100,1183.963985,0.06321977065020479,False,False,[0.5 0.3 0.3]
920.682903,100,1184.437695,0.15332401194851672,False,False,[0.5 0.3 0.3]
2149.824823,100,1184.928164,0.10681735943024429,False,False,[0.5 0.3 0.3]
1338.837583,100,1185.389375,0.06234203732369126,False,False,[0.5 0.3 0.3]
1963.601905,100,1185.843471,0.06270231009978874,False,False,[0.5 0.3 0.3]
1945.459974,100,1186.322428,0.06038038493311426,False,False,[0.5 0.3 0.3]
1301.91797,100,1186.788517,0.0803845695691148,False,False,[0.5 0.3 0.3]
1713.899553,100,1187.261322,0.15526987406761436,False,False,[0.5 0.3 0.3]
953.766822,100,1187.738989,0.06963002693038482,False,False,[0.5 0.3 0.3]
1945.058383,80,1188.130415,0.03920182493476228,False,True,[0.5 0.3 0.3]
1559.002402,100,1188.632523,0.10679192008264153,False,False,[0.5 0.3 0.3]
1528.838381,100,1189.116134,0.0386954717856449,False,False,[0.5 0.3 0.3]
1760.996876,100,1189.581173,0.07787725405596023,False,False,[0.5 0.3 0.3]
1116.4285,100,1190.062408,0.030290295511893706,False,False,[0.5 0.3 0.3]
1317.664676,100,1190.560163,0.05453678026318398,False,False,[0.5 0.3 0.3]
1171.699227,100,1191.026804,0.07580643593726012,False,False,[0.5 0.3 0.3]
1764.157353,100,1191.492763,0.08477932467974497,False,False,[0.5 0.3 0.3]
1749.279599,100,1191.957989,0.09657393965933626,False,False,[0.5 0.3 0.3]
910.001688,100,1192.421728,0.1394166657628187,False,False,[0.5 0.3 0.3]
969.452378,100,1193.419071,0.03708439640035688,False,False,[0.5 0.3 0.3]
1580.911321,100,1193.883392,0.07018845047686219,False,False,[0.5 0.3 0.3]
1556.513324,100,1194.360537,0.1442905818514744,False,False,[0.5 0.3 0.3]
933.47594,100,1194.840143,0.03923107493217751,False,False,[0.5 0.3 0.3]
1141.344766,100,1195.296292,0.06420549636303965,False,False,[0.5 0.3 0.3]
1170.96517,100,1195.761068,0.16004028342520263,False,False,[0.5 0.3 0.3]
929.595359,100,1196.231348,0.0766415286560154,False,False,[0.5 0.3 0.3]
1363.4075,100,1196.707411,0.0866038712309762,False,False,[0.5 0.3 0.3]
1122.617719,100,1197.172253,0.11725813201688594,False,False,[0.5 0.3 0.3]
1379.946963,100,1197.630173,0.038374119436417414,False,False,[0.5 0.3 0.3]
1162.212451,100,1198.105934,0.025591703608356144,False,False,[0.5 0.3 0.3]
1530.197698,100,1198.593343,0.03467119081471318,False,False,[0.5 0.3 0.3]
1778.601448,100,1199.053428,0.10747031539004878,False,False,[0.5 0.3 0.3]
2429.655254,88,1199.464469,0.021418110152685254,False,True,[0.5 0.3 0.3]
1535.857804,100,1199.932767,0.0554111048372619,False,False,[0.5 0.3 0.3]
1155.248564,100,1200.419742,0.06599584624792179,False,False,[0.5 0.3 0.3]
733.327233,100,1200.879828,0.023673384912472204,False,False,[0.5 0.3 0.3]
1529.811704,100,1201.359695,0.0907936601311641,False,False,[0.5 0.3 0.3]
1389.174992,100,1201.820828,0.08063203233004065,False,False,[0.5 0.3 0.3]
1147.2906,100,1202.296218,0.11403734603141677,False,False,[0.5 0.3 0.3]
1113.589447,100,1202.763382,0.021873002211237322,False,False,[0.5 0.3 0.3]
1124.06813,100,1203.779148,0.0626362719973609,False,False,[0.5 0.3 0.3]
1943.009506,75,1204.169597,0.036673243523031494,False,True,[0.5 0.3 0.3]
1361.399363,100,1204.640759,0.12186963104769875,False,False,[0.5 0.3 0.3]
1346.857553,100,1205.116718,0.06286792232011434,False,False,[0.5 0.3 0.3]
1137.792407,100,1205.576772,0.13443406524215182,False,False,[0.5 0.3 0.3]
1783.726651,100,1206.045098,0.08117873681987202,False,False,[0.5 0.3 0.3]
1332.619464,100,1206.543653,0.07721702469214632,False,False,[0.5 0.3 0.3]
2121.021816,74,1206.949882,0.03832797861244998,False,True,[0.5 0.3 0.3]
1566.669686,100,1207.406817,0.049262540994003366,False,False,[0.5 0.3 0.3]
1348.688143,100,1207.885326,0.09354656739430714,False,False,[0.5 0.3 0.3]
1160.600782,100,1208.362065,0.10477662869118858,False,False,[0.5 0.3 0.3]
2005.069303,100,1208.824719,0.07163252883109235,False,False,[0.5 0.3 0.3]
2196.870827,100,1209.30027,0.04175901842560686,False,False,[0.5 0.3 0.3]
1856.728832,58,1209.613514,0.03821748028024835,False,True,[0.5 0.3 0.3]
2387.263678,100,1210.0744,0.031425895364489226,False,False,[0.5 0.3 0.3]
1141.538614,100,1210.556185,0.07303399029467487,False,False,[0.5 0.3 0.3]
2395.84019,100,1211.025147,0.04539328119974933,False,False,[0.5 0.3 0.3]
1547.741177,100,1211.484544,0.12829755953881192,False,False,[0.5 0.3 0.3]
1564.433778,100,1211.950479,0.09706532169933942,False,False,[0.5 0.3 0.3]
1767.730808,100,1212.424262,0.11381791074471337,False,False,[0.5 0.3 0.3]
1755.938149,100,1212.881257,0.05558418974370962,False,False,[0.5 0.3 0.3]
1352.133058,100,1213.854806,0.10384221207705553,False,False,[0.5 0.3 0.3]
2348.165044,82,1214.25286,0.047898135990285196,False,True,[0.5 0.3 0.3]
1327.562472,100,1214.747697,0.04420791661373929,False,False,[0.5 0.3 0.3]
1165.06749,100,1215.23572,0.07114620345509211,False,False,[0.5 0.3 0.3]
916.164796,100,1215.703265,0.08146982044701297,False,False,[0.5 0.3 0.3]
1357.652855,100,1216.18491,0.1018302847374878,False,False,[0.5 0.3 0.3]
1138.377055,100,1216.648217,0.04103451585312611,False,False,[0.5 0.3 0.3]
1338.188547,100,1217.100173,0.07163121954237808,False,False,[0.5 0.3 0.3]
1135.996303,100,1217.564935,0.05012782669330569,False,False,[0.5 0.3 0.3]
1713.667189,100,1218.038933,0.08887569323781702,False,False,[0.5 0.3 0.3]
1329.016214,100,1218.509162,0.12845565787951385,False,False,[0.5 0.3 0.3]
1576.110469,100,1218.973843,0.04293767027948488,False,False,[0.5 0.3 0.3]
1367.656959,100,1219.424765,0.093263364312088,False,False,[0.5 0.3 0.3]
1337.792971,100,1219.877442,0.12837700421802212,False,False,[0.5 0.3 0.3]
1122.674335,100,1220.333625,0.04881296666965889,False,False,[0.5 0.3 0.3]
1133.356729,100,1220.802322,0.054311217642523675,False,False,[0.5 0.3 0.3]
1133.263441,100,1221.26989,0.04466767407013716,False,False,[0.5 0.3 0.3]
1355.927989,100,1221.741666,0.05407386749779162,False,False,[0.5 0.3 0.3]
1780.657111,100,1222.207537,0.05034964980589258,False,False,[0.5 0.3 0.3]
1335.418765,100,1222.706028,0.09928225148610136,False,False,[0.5 0.3 0.3]
1571.161246,100,1223.171768,0.03753577863227754,False,False,[0.5 0.3 0.3]
2159.031979,100,1224.161361,0.036489435174612214,False,False,[0.5 0.3 0.3]
1325.263382,100,1224.638208,0.09127026455203334,False,False,[0.5 0.3 0.3]
2416.418837,100,1225.112083,0.0709471374674955,False,False,[0.5 0.3 0.3]
2253.480481,100,1225.585273,0.02123446283952816,False,True,[0.5 0.3 0.3]
1545.175639,100,1226.054981,0.15400567599524626,False,False,[0.5 0.3 0.3]
1987.956526,100,1226.533455,0.056369071979591595,False,False,[0.5 0.3 0.3]
1548.112206,100,1227.005786,0.0770436707663536,False,False,[0.5 0.3 0.3]
1130.293286,100,1227.469756,0.07043915769165691,False,False,[0.5 0.3 0.3]
1965.328703,100,1227.936716,0.06647606727720513,False,False,[0.5 0.3 0.3]
1994.684586,100,1228.404937,0.03017119244523447,False,False,[0.5 0.3 0.3]
1340.029722,100,1228.868935,0.131229975343658,False,False,[0.5 0.3 0.3]
1146.227532,100,1229.327383,0.07485062160977321,False,False,[0.5 0.3 0.3]
1364.781607,100,1229.79638,0.10443009390449373,False,False,[0.5 0.3 0.3]
1576.428329,100,1230.278583,0.0742491850069829,False,False,[0.5 0.3 0.3]
1777.929734,100,1230.772641,0.07025155215721965,False,False,[0.5 0.3 0.3]
961.558505,100,1231.239293,0.06250989981173088,False,False,[0.5 0.3 0.3]
1384.255849,100,1231.701138,0.013497511061095794,False,False,[0.5 0.3 0.3]
960.97481,100,1232.16722,0.038003043776810776,False,False,[0.5 0.3 0.3]
1318.79623,100,1232.648756,0.0531855255154078,False,False,[0.5 0.3 0.3]
1761.822033,100,1233.113597,0.026680379010413324,False,False,[0.5 0.3 0.3]
1528.990079,100,1234.096186,0.054479736284278005,False,False,[0.5 0.3 0.3]
2177.630147,100,1234.557336,0.041630815535532134,False,False,[0.5 0.3 0.3]
2412.465443,100,1235.039552,0.04392522996431083,False,False,[0.5 0.3 0.3]
1171.514078,100,1235.50411,0.04179779487536072,False,False,[0.5 0.3 0.3]
1298.293712,100,1235.953519,0.06472736756049717,False,False,[0.5 0.3 0.3]
1598.083095,100,1236.428222,0.05633287540640792,False,False,[0.5 0.3 0.3]
1340.927686,100,1236.913539,0.08392162080473978,False,False,[0.5 0.3 0.3]
912.200939,100,1237.380585,0.07264469425689847,False,False,[0.5 0.3 0.3]
733.364528,100,1237.858934,0.03686348550138243,False,False,[0.5 0.3 0.3]
1368.720888,100,1238.326437,0.03628312580565937,False,False,[0.5 0.3 0.3]
1150.592274,100,1238.831413,0.0451445086406838,False,False,[0.5 0.3 0.3]
1752.205526,100,1239.304281,0.10851118129365044,False,False,[0.5 0.3 0.3]
1533.807167,100,1239.771744,0.07690806537647299,False,False,[0.5 0.3 0.3]
1754.478518,100,1240.23419,0.147169170052158,False,False,[0.5 0.3 0.3]
1958.61926,100,1240.714797,0.0852837551646651,False,False,[0.5 0.3 0.3]
935.345439,100,1241.189929,0.07068686242819765,False,False,[0.5 0.3 0.3]
736.373253,100,1241.66478,0.1294979932589854,False,False,[0.5 0.3 0.3]
1344.482066,100,1242.125899,0.05528976574883833,False,False,[0.5 0.3 0.3]
904.795757,100,1242.587283,0.05561180783616057,False,False,[0.5 0.3 0.3]
1537.043717,100,1243.056751,0.05578230569459563,False,False,[0.5 0.3 0.3]
965.575436,100,1243.515028,0.03442837033449296,False,False,[0.5 0.3 0.3]
1155.667142,100,1244.528521,0.057395571151111394,False,False,[0.5 0.3 0.3]
938.731833,100,1245.012222,0.1160236266517743,False,False,[0.5 0.3 0.3]
1171.52411,100,1245.476188,0.08405774112651769,False,False,[0.5 0.3 0.3]
1969.033393,100,1245.931805,0.03585578057157168,False,False,[0.5 0.3 0.3]
1156.410078,100,1246.396843,0.05951798134297762,False,False,[0.5 0.3 0.3]
1557.339432,100,1246.895305,0.06209234113580161,False,False,[0.5 0.3 0.3]
1149.029857,100,1247.356908,0.07579737340112458,False,False,[0.5 0.3 0.3]
1145.04049,100,1247.823784,0.045676979225149655,False,False,[0.5 0.3 0.3]
1341.381634,100,1248.285684,0.06544197758205983,False,False,[0.5 0.3 0.3]
1763.999667,100,1248.739006,0.04870546088693844,False,False,[0.5 0.3 0.3]
930.36179,100,1249.202943,0.09058774087545969,False,False,[0.5 0.3 0.3]
1582.565271,100,1249.654738,0.07198087174222467,False,False,[0.5 0.3 0.3]
1138.761333,100,1250.124668,0.10740886172719613,False,False,[0.5 0.3 0.3]
1975.214378,100,1250.58212,0.023775306928441528,False,False,[0.5 0.3 0.3]
1973.141523,100,1251.068188,0.059148471090806204,False,False,[0.5 0.3 0.3]
1385.767257,100,1251.530275,0.038388648385376686,False,False,[0.5 0.3 0.3]
1366.887756,100,1252.003115,0.04340718673817766,False,False,[0.5 0.3 0.3]
1560.541252,100,1252.469142,0.11186549301717158,False,False,[0.5 0.3 0.3]
505.36533,100,1252.953801,0.10864296856821089,False,False,[0.5 0.3 0.3]
2622.578615,100,1253.411764,0.03008034887936803,False,False,[0.5 0.3 0.3]
949.538415,100,1254.397282,0.04215968746089295,False,False,[0.5 0.3 0.3]
1337.383298,100,1254.859385,0.0641468445318382,False,False,[0.5 0.3 0.3]
1559.468111,100,1255.327813,0.05080398129902418,False,False,[0.5 0.3 0.3]
2172.398776,100,1255.784546,0.08763445970622732,False,False,[0.5 0.3 0.3]
1749.204237,100,1256.254799,0.115799452078218,False,False,[0.5 0.3 0.3]
1551.037991,100,1256.718159,0.08009062217804833,False,False,[0.5 0.3 0.3]
1970.533261,100,1257.195881,0.10766589032892147,False,False,[0.5 0.3 0.3]
1534.420873,100,1257.66533,0.0559774559545613,False,False,[0.5 0.3 0.3]
913.36324,100,1258.133801,0.07117690177461476,False,False,[0.5 0.3 0.3]
1964.96089,100,1258.61131,0.0344510653272714,False,False,[0.5 0.3 0.3]
1538.641947,100,1259.101528,0.08951415065074554,False,False,[0.5 0.3 0.3]
1144.238517,100,1259.562562,0.1090151242870438,False,False,[0.5 0.3 0.3]
1773.623242,100,1260.026457,0.013945732101132579,False,False,[0.5 0.3 0.3]
1358.842773,100,1260.490063,0.08983658525752557,False,False,[0.5 0.3 0.3]
1767.46433,100,1260.962538,0.061194011231225705,False,False,[0.5 0.3 0.3]
1959.837753,100,1261.441159,0.04138653140499387,False,False,[0.5 0.3 0.3]
1559.333266,100,1261.905577,0.05673085825865429,False,False,[0.5 0.3 0.3]
1152.750425,100,1262.379164,0.057310282577560566,False,False,[0.5 0.3 0.3]
1346.869071,100,1262.861357,0.06491638700342399,False,False,[0.5 0.3 0.3]
1363.638935,100,1263.328482,0.19845379069202398,False,False,[0.5 0.3 0.3]
722.917321,100,1263.792347,0.07172309417340894,False,False,[0.5 0.3 0.3]
1172.218968,100,1264.777695,0.05439884774808969,False,False,[0.5 0.3 0.3]
1567.029477,100,1265.267069,0.08383841945033663,False,False,[0.5 0.3 0.3]
1342.225719,100,1265.727481,0.06153494220081705,False,False,[0.5 0.3 0.3]
2372.617793,100,1266.19058,0.03698705241019641,False,False,[0.5 0.3 0.3]
1766.670732,100,1266.649478,0.04881774070375136,False,False,[0.5 0.3 0.3]
1172.910253,100,1267.121064,0.05847345423775844,False,False,[0.5 0.3 0.3]
741.661541,100,1267.595752,0.07039707114688636,False,False,[0.5 0.3 0.3]
1309.198765,100,1268.069457,0.014692207479848203,False,False,[0.5 0.3 0.3]
1155.064815,100,1268.522458,0.16412388301515551,False,False,[0.5 0.3 0.3]
1881.853313,67,1268.875635,0.03726495765750343,False,True,[0.5 0.3 0.3]
953.304701,100,1269.337095,0.06411553881849487,False,False,[0.5 0.3 0.3]
1784.296269,50,1269.62349,0.012125252493251549,False,True,[0.5 0.3 0.3]
1542.160726,100,1270.092445,0.06581494477417159,False,False,[0.5 0.3 0.3]
2594.735645,100,1270.566674,0.09137735567429017,False,False,[0.5 0.3 0.3]
970.265717,100,1271.062541,0.0377587931770139,False,False,[0.5 0.3 0.3]
2173.206525,100,1271.545543,0.08251563327272267,False,False,[0.5 0.3 0.3]
1366.733682,100,1272.016439,0.0414114473505595,False,False,[0.5 0.3 0.3]
1170.336576,100,1272.485238,0.10967333605385216,False,False,[0.5 0.3 0.3]
2343.437276,100,1272.96105,0.10593432456752155,False,False,[0.5 0.3 0.3]
2151.817009,100,1273.439477,0.056298198514971365,False,False,[0.5 0.3 0.3]
1555.561244,100,1273.901096,0.05990542589386946,False,False,[0.5 0.3 0.3]
730.67767,100,1274.91006,0.14481493434173087,False,False,[0.5 0.3 0.3]
1157.926292,100,1275.386975,0.042993467481541606,False,False,[0.5 0.3 0.3]
1770.062784,100,1275.845506,0.0756078950160974,False,False,[0.5 0.3 0.3]
943.363257,100,1276.304441,0.05159208452954264,False,False,[0.5 0.3 0.3]
1156.024878,100,1276.790041,0.0404725105839025,False,False,[0.5 0.3 0.3]
1136.932777,100,1277.256967,0.0692856131380974,False,False,[0.5 0.3 0.3]
2155.765512,100,1277.713818,0.0344610435507499,False,False,[0.5 0.3 0.3]
711.96284,100,1278.177158,0.11591448702706518,False,False,[0.5 0.3 0.3]
728.757066,100,1278.629088,0.10359289070966798,False,False,[0.5 0.3 0.3]
1738.200643,100,1279.139538,0.03173519405272089,False,False,[0.5 0.3 0.3]
907.527252,100,1279.610626,0.023673369752158214,False,False,[0.5 0.3 0.3]
1151.67593,100,1280.086157,0.016871984091450926,False,False,[0.5 0.3 0.3]
937.674736,100,1280.544343,0.08571609295067632,False,False,[0.5 0.3 0.3]
908.016967,100,1281.00421,0.020583720976226343,False,False,[0.5 0.3 0.3]
1549.515231,100,1281.482217,0.049365269115266876,False,False,[0.5 0.3 0.3]
2563.411323,100,1281.93074,0.1725751942851596,False,False,[0.5 0.3 0.3]
528.497966,100,1282.396081,0.07045059407228559,False,False,[0.5 0.3 0.3]
938.939042,100,1282.860514,0.04345603007748925,False,False,[0.5 0.3 0.3]
1367.078474,100,1283.319573,0.005012245071006827,False,False,[0.5 0.3 0.3]
937.599632,100,1283.792348,0.03553000677333784,False,False,[0.5 0.3 0.3]
1148.198663,100,1284.777724,0.03714951309835068,False,False,[0.5 0.3 0.3]
1345.248163,77,1285.160997,0.22731818240177518,True,False,[0.5 0.3 0.3]
1752.728786,100,1285.629822,0.08005745891625826,False,False,[0.5 0.3 0.3]
744.507655,100,1286.102095,0.03326394353634238,False,False,[0.5 0.3 0.3]
1757.29928,100,1286.561951,0.09969102410903502,False,False,[0.5 0.3 0.3]
706.312755,100,1287.054214,0.07027675874278823,False,False,[0.5 0.3 0.3]
1143.658595,100,1287.524827,0.07168952612660406,False,False,[0.5 0.3 0.3]
1543.285163,100,1287.987495,0.08396779867324959,False,False,[0.5 0.3 0.3]
934.399771,100,1288.456663,0.061012641063242105,False,False,[0.5 0.3 0.3]
1147.170589,100,1288.909332,0.05895123632026441,False,False,[0.5 0.3 0.3]
931.970115,100,1289.401392,0.033059052584229476,False,False,[0.5 0.3 0.3]
921.023776,100,1289.8718,0.053359161034221184,False,False,[0.5 0.3 0.3]
1378.70035,100,1290.338951,0.03301404059158064,False,False,[0.5 0.3 0.3]
1542.437463,100,1290.798859,0.041475069560969476,False,False,[0.5 0.3 0.3]
909.884655,100,1291.27883,0.09542660512906433,False,False,[0.5 0.3 0.3]
1154.230182,100,1291.747439,0.06260357472846599,False,False,[0.5 0.3 0.3]
1348.296566,100,1292.220528,0.04427414424722623,False,False,[0.5 0.3 0.3]
755.482873,100,1292.679045,0.09716033144338768,False,False,[0.5 0.3 0.3]
1323.132823,100,1293.147172,0.0910532610588394,False,False,[0.5 0.3 0.3]
1762.839781,100,1293.625405,0.03050328346674177,False,False,[0.5 0.3 0.3]
1123.655829,100,1294.102751,0.023154634973533077,False,False,[0.5 0.3 0.3]
1556.279589,100,1295.122378,0.07899688337497739,False,False,[0.5 0.3 0.3]
929.949493,100,1295.598806,0.050659048887059806,False,False,[0.5 0.3 0.3]
1131.207577,100,1296.073768,0.15215530514775316,False,False,[0.5 0.3 0.3]
1168.912449,100,1296.541373,0.06763441245335067,False,False,[0.5 0.3 0.3]
1354.184931,100,1297.007819,0.11262169964919821,False,False,[0.5 0.3 0.3]
1732.833859,100,1297.471384,0.10713589902690741,False,False,[0.5 0.3 0.3]
1787.929735,100,1297.951586,0.08782551732670041,False,False,[0.5 0.3 0.3]
743.918354,100,1298.421074,0.07705747940666717,False,False,[0.5 0.3 0.3]
1542.898348,100,1298.882565,0.04298966786004468,False,False,[0.5 0.3 0.3]
1175.559236,100,1299.344348,0.05833748235577017,False,False,[0.5 0.3 0.3]
1132.155307,100,1299.82953,0.10391712550671907,False,False,[0.5 0.3 0.3]
1348.070144,100,1300.296968,0.10197604010019393,False,False,[0.5 0.3 0.3]
1093.187985,100,1300.755449,0.0553226217552478,False,False,[0.5 0.3 0.3]
1942.674445,100,1301.22941,0.02181832783479769,False,False,[0.5 0.3 0.3]
1504.276253,100,1301.711311,0.09386562021047086,False,False,[0.5 0.3 0.3]
1954.379572,100,1302.177273,0.021096316321983694,False,False,[0.5 0.3 0.3]
1348.062197,100,1302.642689,0.09156510408471764,False,False,[0.5 0.3 0.3]
1966.410481,100,1303.11151,0.02414886643610547,False,False,[0.5 0.3 0.3]
1091.421078,100,1303.600635,0.048679095675752175,False,False,[0.5 0.3 0.3]
1743.741003,100,1304.054342,0.070999074085219,False,False,[0.5 0.3 0.3]
1151.991326,100,1304.518946,0.08090722989875669,False,False,[0.5 0.3 0.3]
1304.315848,100,1305.508858,0.12084050369647124,False,False,[0.5 0.3 0.3]
1336.794226,100,1305.983069,0.06199695898262029,False,False,[0.5 0.3 0.3]
906.847848,100,1306.445375,0.06721793013677298,False,False,[0.5 0.3 0.3]
1972.489525,100,1306.911019,0.058034809637642015,False,False,[0.5 0.3 0.3]
1953.594423,100,1307.380458,0.0710694113393575,False,False,[0.5 0.3 0.3]
1093.059015,100,1307.85471,0.11397640992111017,False,False,[0.5 0.3 0.3]
1577.574371,100,1308.3248,0.05048301568684652,False,False,[0.5 0.3 0.3]
727.890619,100,1308.786367,0.08356449007361909,False,False,[0.5 0.3 0.3]
1110.264198,100,1309.248382,0.06033349623982071,False,False,[0.5 0.3 0.3]
1561.870066,100,1309.72772,0.08691366698509395,False,False,[0.5 0.3 0.3]
893.920702,100,1310.197297,0.14229452599731227,False,False,[0.5 0.3 0.3]
897.396347,100,1310.658763,0.08658750394937942,False,False,[0.5 0.3 0.3]
1534.483973,100,1311.137326,0.08943427315955095,False,False,[0.5 0.3 0.3]
1324.103297,100,1311.633797,0.17513530046015094,False,False,[0.5 0.3 0.3]
1737.268454,100,1312.098556,0.01076603368238172,False,False,[0.5 0.3 0.3]
1087.262763,100,1312.550536,0.02623686005510288,False,False,[0.5 0.3 0.3]
1741.327844,100,1313.007489,0.09706898470134406,False,False,[0.5 0.3 0.3]
918.743548,100,1313.487278,0.07372814692373679,False,False,[0.5 0.3 0.3]
1340.676146,100,1313.972383,0.07024589145006965,False,False,[0.5 0.3 0.3]
525.162854,100,1314.423381,0.040093988878703156,False,False,[0.5 0.3 0.3]
2168.13617,100,1315.433549,0.03412912238051882,False,False,[0.5 0.3 0.3]
1785.120278,100,1315.894117,0.11361095825215263,False,False,[0.5 0.3 0.3]
1378.545519,100,1316.359985,0.09562455020006072,False,False,[0.5 0.3 0.3]
1149.72573,100,1316.817415,0.08094290544766831,False,False,[0.5 0.3 0.3]
1558.476096,100,1317.281429,0.034342203297500276,False,False,[0.5 0.3 0.3]
965.421265,100,1317.759501,0.08025438305669089,False,False,[0.5 0.3 0.3]
1107.552542,100,1318.212459,0.08230151645907989,False,False,[0.5 0.3 0.3]
1759.825371,100,1318.687418,0.049559772947688895,False,False,[0.5 0.3 0.3]
1712.844075,100,1319.144523,0.0872797042798632,False,False,[0.5 0.3 0.3]
1556.902359,100,1319.609966,0.07249788872136445,False,False,[0.5 0.3 0.3]
920.756584,100,1320.109645,0.0278038195512903,False,False,[0.5 0.3 0.3]
1544.771545,100,1320.584473,0.04995104663339233,False,False,[0.5 0.3 0.3]
1138.176797,100,1321.057474,0.08352940982320375,False,False,[0.5 0.3 0.3]
1133.978973,100,1321.529212,0.116701185357741,False,False,[0.5 0.3 0.3]
897.074141,100,1322.017445,0.059125042517809,False,False,[0.5 0.3 0.3]
1354.456394,100,1322.479903,0.0742410993124134,False,False,[0.5 0.3 0.3]
942.053144,100,1322.948788,0.028564505286588215,False,False,[0.5 0.3 0.3]
1373.002846,100,1323.39967,0.1251612983381076,False,False,[0.5 0.3 0.3]
1370.211026,100,1323.864405,0.06339407822938012,False,False,[0.5 0.3 0.3]
955.019916,100,1324.327557,0.07182621240487752,False,False,[0.5 0.3 0.3]
1941.212841,100,1325.321242,0.025664384885159607,False,False,[0.5 0.3 0.3]
1337.421284,100,1325.794456,0.055157678370476554,False,False,[0.5 0.3 0.3]
2196.434597,100,1326.270354,0.10500962083693194,False,False,[0.5 0.3 0.3]
1551.799029,100,1326.732214,0.10281044718460726,False,False,[0.5 0.3 0.3]
1977.206608,100,1327.197011,0.051959214053596436,False,False,[0.5 0.3 0.3]
1583.296388,100,1327.665528,0.03328571233683253,False,False,[0.5 0.3 0.3]
1544.34589,100,1328.150502,0.05218261285631083,False,False,[0.5 0.3 0.3]
1146.753511,100,1328.630074,0.058526785818467694,False,False,[0.5 0.3 0.3]
1534.570131,100,1329.099958,0.05044029208600131,False,False,[0.5 0.3 0.3]
1343.199228,100,1329.556126,0.09854905262620803,False,False,[0.5 0.3 0.3]
1159.104978,100,1330.058925,0.06346783578657732,False,False,[0.5 0.3 0.3]
1138.343455,100,1330.5304,0.061726616785819664,False,False,[0.5 0.3 0.3]
1364.530614,100,1330.998884,0.09433145687820343,False,False,[0.5 0.3 0.3]
1759.965612,100,1331.474066,0.10932415970894806,False,False,[0.5 0.3 0.3]
923.188287,100,1331.95407,0.04800651605800131,False,False,[0.5 0.3 0.3]
1339.576258,100,1332.423325,0.03464016738225719,False,False,[0.5 0.3 0.3]
1334.241985,100,1332.893893,0.048532186968134716,False,False,[0.5 0.3 0.3]
926.915681,100,1333.365448,0.06900719123185557,False,False,[0.5 0.3 0.3]
919.993154,100,1333.836133,0.044908574886424316,False,False,[0.5 0.3 0.3]
1883.12234,68,1334.192584,0.013515058327541097,False,True,[0.5 0.3 0.3]
916.729808,100,1334.658393,0.09588559372700521,False,False,[0.5 0.3 0.3]
963.078512,100,1335.640836,0.06500420754634288,False,False,[0.5 0.3 0.3]
1370.598937,100,1336.134133,0.0692070981558585,False,False,[0.5 0.3 0.3]
1534.007829,100,1336.593625,0.07717204983860781,False,False,[0.5 0.3 0.3]
894.296166,100,1337.121225,0.0608717449189636,False,False,[0.5 0.3 0.3]
1540.198652,100,1337.629499,0.09533051013609721,False,False,[0.5 0.3 0.3]
1520.329942,100,1338.163312,0.07218278372960703,False,False,[0.5 0.3 0.3]
957.270415,100,1338.679222,0.07107524482643902,False,False,[0.5 0.3 0.3]
1736.434718,100,1339.196418,0.07158741797910344,False,False,[0.5 0.3 0.3]
773.648376,100,1339.707324,0.07006492428444158,False,False,[0.5 0.3 0.3]
1951.022911,100,1340.234096,0.17861261862788638,False,False,[0.5 0.3 0.3]
1143.325728,100,1340.737773,0.02378841432486901,False,False,[0.5 0.3 0.3]
945.001073,100,1341.253924,0.04667402033749129,False,False,[0.5 0.3 0.3]
1147.663279,100,1341.768517,0.07936439454184031,False,False,[0.5 0.3 0.3]
1559.241884,100,1342.285098,0.15951801638652127,False,False,[0.5 0.3 0.3]
1134.453826,100,1342.803653,0.08018021962512972,False,False,[0.5 0.3 0.3]
1379.116912,100,1343.337089,0.08306030081668438,False,False,[0.5 0.3 0.3]
1970.249515,100,1343.857749,0.045031657221372354,False,False,[0.5 0.3 0.3]
1341.762981,100,1344.364488,0.06400267888263292,False,False,[0.5 0.3 0.3]
1338.52382,100,1344.888869,0.09203254122876901,False,False,[0.5 0.3 0.3]
1582.266557,100,1345.412607,0.033939395450776934,False,False,[0.5 0.3 0.3]
1117.040396,100,1345.913993,0.049436965204665506,False,False,[0.5 0.3 0.3]
1314.710483,100,1346.988915,0.12221075558152035,False,False,[0.5 0.3 0.3]
1780.592741,100,1347.496792,0.09734837986908734,False,False,[0.5 0.3 0.3]
1148.019817,100,1348.000242,0.0574577069632058,False,False,[0.5 0.3 0.3]
1107.946224,100,1348.51484,0.045165780999027225,False,False,[0.5 0.3 0.3]
1326.834372,100,1349.035906,0.11025117490630433,False,False,[0.5 0.3 0.3]
1336.354312,100,1349.538545,0.018931259640800273,False,False,[0.5 0.3 0.3]
749.654965,100,1350.05914,0.04300256962860056,False,False,[0.5 0.3 0.3]
1945.519776,100,1350.576014,0.04408382723115488,False,False,[0.5 0.3 0.3]
1240.498623,94,1351.069385,0.22892334196802308,True,False,[0.5 0.3 0.3]
1534.495134,100,1351.58588,0.046088792029281726,False,False,[0.5 0.3 0.3]
2181.419896,100,1352.081326,0.04018396664630385,False,False,[0.5 0.3 0.3]
1991.115006,100,1352.568344,0.08882691567461755,False,False,[0.5 0.3 0.3]
1539.339353,100,1353.043984,0.14645077171920792,False,False,[0.5 0.3 0.3]
2160.152179,100,1353.555691,0.07904555603931422,False,False,[0.5 0.3 0.3]
2806.32239,100,1354.061891,0.05496959996503466,False,False,[0.5 0.3 0.3]
907.015223,100,1354.544312,0.05197666343857138,False,False,[0.5 0.3 0.3]
1383.400454,100,1355.010585,0.05723691556746701,False,False,[0.5 0.3 0.3]
1386.759253,100,1355.474024,0.11599809478688802,False,False,[0.5 0.3 0.3]
942.101504,100,1355.949924,0.04080509355178939,False,False,[0.5 0.3 0.3]
262.209327,68,1356.309659,0.21826492115020626,True,False,[0.5 0.3 0.3]
1567.406387,100,1356.775891,0.02101417440487636,False,False,[0.5 0.3 0.3]
742.262035,100,1357.760037,0.05927011474963729,False,False,[0.5 0.3 0.3]
1117.299844,100,1358.229383,0.05681695967119025,False,False,[0.5 0.3 0.3]
1565.388605,100,1358.707446,0.08611411974355876,False,False,[0.5 0.3 0.3]
718.046861,100,1359.178147,0.0882825419025255,False,False,[0.5 0.3 0.3]
950.288891,100,1359.642696,0.10321225736337566,False,False,[0.5 0.3 0.3]
1776.586051,100,1360.108443,0.03785688309571788,False,False,[0.5 0.3 0.3]
1371.918424,100,1360.573576,0.08938890514348037,False,False,[0.5 0.3 0.3]
1785.99822,100,1361.040346,0.026646885646309626,False,False,[0.5 0.3 0.3]
2414.70661,100,1361.504646,0.0469651497823656,False,False,[0.5 0.3 0.3]
1170.56279,100,1361.98704,0.10997859435822248,False,False,[0.5 0.3 0.3]
1876.077669,69,1362.351338,0.028127156858432912,False,True,[0.5 0.3 0.3]
1535.045594,100,1362.828452,0.054172203108676174,False,False,[0.5 0.3 0.3]
1153.538089,100,1363.292076,0.14648141442835094,False,False,[0.5 0.3 0.3]
1567.794037,100,1363.757133,0.02225893937304933,False,False,[0.5 0.3 0.3]
531.269439,100,1364.219732,0.11228055442917066,False,False,[0.5 0.3 0.3]
1568.960611,100,1364.683532,0.09816315627868484,False,False,[0.5 0.3 0.3]
1792.489244,100,1365.155201,0.030342309022019592,False,False,[0.5 0.3 0.3]
1584.770278,100,1365.621875,0.09220773450756646,False,False,[0.5 0.3 0.3]
955.244991,100,1366.088305,0.15528555904922056,False,False,[0.5 0.3 0.3]
1608.599513,100,1366.563554,0.05238500918743023,False,False,[0.5 0.3 0.3]
500.758135,100,1367.573286,0.04381988936397331,False,False,[0.5 0.3 0.3]
1731.064707,100,1368.047938,0.1149945818025898,False,False,[0.5 0.3 0.3]
1136.486402,100,1368.523128,0.05978361517899366,False,False,[0.5 0.3 0.3]
1550.633626,100,1368.983512,0.06303223422488997,False,False,[0.5 0.3 0.3]
1348.122004,100,1369.447521,0.08869878296042898,False,False,[0.5 0.3 0.3]
529.994644,100,1369.909165,0.09407495417688735,False,False,[0.5 0.3 0.3]
1782.924019,100,1370.383988,0.1383559444803885,False,False,[0.5 0.3 0.3]
1553.616149,100,1370.856511,0.051306301130758236,False,False,[0.5 0.3 0.3]
1378.580731,100,1371.326141,0.11136930181123894,False,False,[0.5 0.3 0.3]
1986.4551,100,1371.784149,0.045818636469167555,False,False,[0.5 0.3 0.3]
1546.703432,100,1372.241328,0.09847114365898588,False,False,[0.5 0.3 0.3]
1581.83738,100,1372.707122,0.09791165928210412,False,False,[0.5 0.3 0.3]
1145.668012,100,1373.17206,0.02455911943425154,False,False,[0.5 0.3 0.3]
1358.92184,100,1373.65653,0.1680261514935644,False,False,[0.5 0.3 0.3]
1336.098311,100,1374.125089,0.08711350939154976,False,False,[0.5 0.3 0.3]
1564.286701,100,1374.603966,0.12491122336999845,False,False,[0.5 0.3 0.3]
1140.349704,100,1375.080297,0.11144685946215546,False,False,[0.5 0.3 0.3]
2807.052216,100,1375.550808,0.042057347339212015,False,False,[0.5 0.3 0.3]
1575.853953,100,1376.015676,0.056846474933912795,False,False,[0.5 0.3 0.3]
1779.551971,100,1376.469008,0.05782172883283233,False,False,[0.5 0.3 0.3]
481.7634,100,1376.938421,0.09721888348813026,False,False,[0.5 0.3 0.3]
1332.29006,100,1377.923803,0.03658129749247004,False,False,[0.5 0.3 0.3]
1786.334274,100,1378.393202,0.04687275642777527,False,False,[0.5 0.3 0.3]
1993.383185,100,1378.862428,0.045859232060506745,False,False,[0.5 0.3 0.3]
1741.503021,100,1379.328815,0.07861067805021416,False,False,[0.5 0.3 0.3]
2009.426411,92,1379.772689,0.03972871809605952,False,True,[0.5 0.3 0.3]
1350.468839,100,1380.225611,0.07355363948900724,False,False,[0.5 0.3 0.3]
1973.526394,100,1380.702241,0.0237367124756039,False,False,[0.5 0.3 0.3]
1188.377706,100,1381.166926,0.08140682662545694,False,False,[0.5 0.3 0.3]
1552.516558,100,1381.632409,0.08517395618292709,False,False,[0.5 0.3 0.3]
1120.397745,100,1382.142308,0.1402319492911569,False,False,[0.5 0.3 0.3]
1142.493467,100,1382.685104,0.0289623896636878,False,False,[0.5 0.3 0.3]
726.349567,100,1383.192626,0.052025647139825916,False,False,[0.5 0.3 0.3]
2239.302171,97,1383.694405,0.04354150796220635,False,True,[0.5 0.3 0.3]
1964.659881,100,1384.218256,0.1022754997705476,False,False,[0.5 0.3 0.3]
1131.734991,100,1384.723714,0.049798050838636344,False,False,[0.5 0.3 0.3]
1549.870064,100,1385.253874,0.11632066571958224,False,False,[0.5 0.3 0.3]
1802.164379,100,1385.769386,0.08150759226055906,False,False,[0.5 0.3 0.3]
1349.555561,100,1386.305088,0.037581297640283395,False,False,[0.5 0.3 0.3]
709.779623,100,1386.833735,0.10909569901846732,False,False,[0.5 0.3 0.3]
1957.182217,100,1387.341417,0.019257878574786332,False,False,[0.5 0.3 0.3]
1768.127677,100,1388.394792,0.06011441921096847,False,False,[0.5 0.3 0.3]
1572.527115,100,1388.907914,0.12084969334934695,False,False,[0.5 0.3 0.3]
1766.885015,100,1389.41414,0.05914775455153097,False,False,[0.5 0.3 0.3]
1549.393701,100,1389.925843,0.0879581612748662,False,False,[0.5 0.3 0.3]
730.714268,100,1390.4348,0.0375192924471225,False,False,[0.5 0.3 0.3]
1151.861333,100,1390.969101,0.09027161240873698,False,False,[0.5 0.3 0.3]
1959.612571,100,1391.491303,0.10173970080575276,False,False,[0.5 0.3 0.3]
933.364334,100,1392.004794,0.057954882048537,False,False,[0.5 0.3 0.3]
1111.356584,100,1392.511371,0.058056859456259505,False,False,[0.5 0.3 0.3]
1330.039665,100,1393.036186,0.16139033234388694,False,False,[0.5 0.3 0.3]
1312.417447,100,1393.544981,0.08834221036294294,False,False,[0.5 0.3 0.3]
1567.382956,100,1394.052976,0.04943609094695291,False,False,[0.5 0.3 0.3]
1948.553893,100,1394.586264,0.06465109466395448,False,False,[0.5 0.3 0.3]
953.698419,100,1395.109109,0.03518045229982357,False,False,[0.5 0.3 0.3]
1764.28089,100,1395.631604,0.0844354027144385,False,False,[0.5 0.3 0.3]
942.073462,100,1396.156177,0.06582488933963292,False,False,[0.5 0.3 0.3]
1550.57583,100,1396.656953,0.1203686381078807,False,False,[0.5 0.3 0.3]
2398.234802,100,1397.172276,0.03227309455761911,False,False,[0.5 0.3 0.3]
1189.341158,100,1397.642588,0.019876247808245,False,False,[0.5 0.3 0.3]
1184.260003,100,1398.137791,0.0522420016882321,False,False,[0.5 0.3 0.3]
1575.581757,100,1398.649975,0.06347587996767555,False,False,[0.5 0.3 0.3]
1168.096937,100,1399.655936,0.04184204009580288,False,False,[0.5 0.3 0.3]
1728.709251,100,1400.128983,0.03249326049504159,False,False,[0.5 0.3 0.3]
532.415144,100,1400.595805,0.09158783989073196,False,False,[0.5 0.3 0.3]
2560.591199,100,1401.087104,0.08234802534830095,False,False,[0.5 0.3 0.3]
1101.58154,100,1401.55151,0.10922841614804658,False,False,[0.5 0.3 0.3]
729.554689,100,1402.016532,0.0727421609551207,False,False,[0.5 0.3 0.3]
1949.245236,100,1402.497229,0.05330776772337353,False,False,[0.5 0.3 0.3]
1350.169622,100,1402.978122,0.08617209138723071,False,False,[0.5 0.3 0.3]
1779.234683,100,1403.443747,0.06718872375901433,False,False,[0.5 0.3 0.3]
726.898372,100,1403.907454,0.10228017939520632,False,False,[0.5 0.3 0.3]
1748.021779,100,1404.373763,0.052900207113455014,False,False,[0.5 0.3 0.3]
2389.704925,100,1404.83227,0.042990813365661046,False,False,[0.5 0.3 0.3]
1145.632598,100,1405.297644,0.040576969082073776,False,False,[0.5 0.3 0.3]
1815.016424,100,1405.757276,0.06517802387305807,False,False,[0.5 0.3 0.3]
1362.61279,100,1406.233316,0.14506484705059455,False,False,[0.5 0.3 0.3]
1391.433378,100,1406.696043,0.06565699387447214,False,False,[0.5 0.3 0.3]
951.0595,100,1407.176447,0.05658671369842757,False,False,[0.5 0.3 0.3]
1983.988906,100,1407.638131,0.049137454690413696,False,False,[0.5 0.3 0.3]
1872.42097,58,1407.953394,0.03991474039594803,False,True,[0.5 0.3 0.3]
1964.210931,100,1408.412088,0.08980238812009918,False,False,[0.5 0.3 0.3]
1560.527876,100,1408.87404,0.07156161040909954,False,False,[0.5 0.3 0.3]
1144.621869,100,1409.877839,0.08490465542367183,False,False,[0.5 0.3 0.3]
1348.64427,100,1410.341538,0.05153077930987302,False,False,[0.5 0.3 0.3]
1577.871325,100,1410.813558,0.08015094219179791,False,False,[0.5 0.3 0.3]
1747.79669,100,1411.296378,0.12962381117900518,False,False,[0.5 0.3 0.3]
1345.378888,100,1411.765834,0.07884651499792372,False,False,[0.5 0.3 0.3]
1769.042181,100,1412.229663,0.06688734222853968,False,False,[0.5 0.3 0.3]
1357.912646,100,1412.694149,0.041588450755521186,False,False,[0.5 0.3 0.3]
1142.580787,100,1413.16619,0.025298215874233896,False,False,[0.5 0.3 0.3]
2579.052722,100,1413.633492,0.05447090719477431,False,False,[0.5 0.3 0.3]
782.778967,100,1414.112424,0.05782509889417229,False,False,[0.5 0.3 0.3]
2589.339792,100,1414.572173,0.09042762535336218,False,False,[0.5 0.3 0.3]
1584.082914,100,1415.030289,0.07356983694633897,False,False,[0.5 0.3 0.3]
1125.891481,100,1415.490731,0.045337647966127256,False,False,[0.5 0.3 0.3]
1767.963515,100,1415.948457,0.11610764925855492,False,False,[0.5 0.3 0.3]
1549.858559,100,1416.418392,0.06798917606105143,False,False,[0.5 0.3 0.3]
1734.952591,100,1416.89068,0.08307747171724543,False,False,[0.5 0.3 0.3]
914.873417,100,1417.376232,0.0534463811569831,False,False,[0.5 0.3 0.3]
1779.46508,100,1417.834703,0.05861266345160483,False,False,[0.5 0.3 0.3]
2428.446908,94,1418.288979,0.035045211422741855,False,True,[0.5 0.3 0.3]
747.61803,100,1418.776446,0.11181435745600546,False,False,[0.5 0.3 0.3]
2801.311157,100,1419.775416,0.04828150464783312,False,False,[0.5 0.3 0.3]
1170.866365,100,1420.236268,0.06463004738454561,False,False,[0.5 0.3 0.3]
1953.58912,100,1420.708554,0.06456511450830817,False,False,[0.5 0.3 0.3]
1369.229646,100,1421.184393,0.1044161861953725,False,False,[0.5 0.3 0.3]
1108.436644,100,1421.652324,0.01933393230879632,False,False,[0.5 0.3 0.3]
1760.328301,100,1422.116668,0.10355301687916042,False,False,[0.5 0.3 0.3]
1757.376172,100,1422.575934,0.06270255855169546,False,False,[0.5 0.3 0.3]
1182.912014,100,1423.039092,0.03272440218478774,False,False,[0.5 0.3 0.3]
1388.343148,100,1423.516293,0.06966345490862237,False,False,[0.5 0.3 0.3]
719.439144,100,1423.994643,0.09649391376082425,False,False,[0.5 0.3 0.3]
726.049635,100,1424.456578,0.02879497464199605,False,False,[0.5 0.3 0.3]
706.596799,100,1424.920658,0.0614542886897464,False,False,[0.5 0.3 0.3]
2374.266126,100,1425.399659,0.12355664290128661,False,False,[0.5 0.3 0.3]
2030.799142,100,1425.864475,0.08166638449350046,False,False,[0.5 0.3 0.3]
1960.049699,100,1426.329116,0.07937161324001989,False,False,[0.5 0.3 0.3]
1196.039533,100,1426.836916,0.0641835717824457,False,False,[0.5 0.3 0.3]
1736.697022,100,1427.371169,0.11696633173136389,False,False,[0.5 0.3 0.3]
1351.414519,100,1427.888948,0.13139572125126683,False,False,[0.5 0.3 0.3]
1376.49778,100,1428.402409,0.042317488829126636,False,False,[0.5 0.3 0.3]
564.946825,100,1428.900624,0.09597804355902614,False,False,[0.5 0.3 0.3]
2154.952972,100,1429.416417,0.04311925502276387,False,False,[0.5 0.3 0.3]
934.419083,100,1430.469077,0.05364266149878088,False,False,[0.5 0.3 0.3]
1561.179952,100,1430.983087,0.08679652492497603,False,False,[0.5 0.3 0.3]
713.370196,100,1431.506946,0.007247494001369308,False,False,[0.5 0.3 0.3]
1121.367895,100,1432.017077,0.11319381403690469,False,False,[0.5 0.3 0.3]
938.127863,100,1432.532441,0.11669131419207744,False,False,[0.5 0.3 0.3]
920.824188,100,1433.025834,0.09283138839997952,False,False,[0.5 0.3 0.3]
1171.684759,100,1433.53871,0.02571755147573378,False,False,[0.5 0.3 0.3]
1343.610679,100,1434.062465,0.10731424964001501,False,False,[0.5 0.3 0.3]
511.156421,100,1434.58528,0.14918345512965792,False,False,[0.5 0.3 0.3]
1970.963608,100,1435.125201,0.053581539056739284,False,False,[0.5 0.3 0.3]
1756.349564,100,1435.648639,0.06410252511307865,False,False,[0.5 0.3 0.3]
1967.564418,100,1436.167392,0.1053736231782101,False,False,[0.5 0.3 0.3]
937.300729,100,1436.684828,0.028561519434657283,False,False,[0.5 0.3 0.3]
1973.545436,100,1437.20078,0.03849720906292339,False,False,[0.5 0.3 0.3]
1160.191652,100,1437.727807,0.08182014276159587,False,False,[0.5 0.3 0.3]
1734.991581,100,1438.239657,0.007831348459248487,False,False,[0.5 0.3 0.3]
1207.812124,100,1438.759077,0.05004857283889446,False,False,[0.5 0.3 0.3]
1883.492022,67,1439.141988,0.025902845806442795,False,True,[0.5 0.3 0.3]
2161.823593,100,1439.660527,0.04608117941288917,False,False,[0.5 0.3 0.3]
1978.774447,100,1440.177574,0.1665657949989449,False,False,[0.5 0.3 0.3]
1751.103016,100,1440.695476,0.07387666477719355,False,False,[0.5 0.3 0.3]
713.099171,100,1441.73886,0.0876150269468804,False,False,[0.5 0.3 0.3]
936.435665,100,1442.234516,0.1479813860004488,False,False,[0.5 0.3 0.3]
1150.353072,100,1442.709886,0.08139343724379841,False,False,[0.5 0.3 0.3]
707.364244,100,1443.227504,0.04013127284438206,False,False,[0.5 0.3 0.3]
1138.17181,100,1443.738598,0.08723384590130216,False,False,[0.5 0.3 0.3]
1982.994068,100,1444.211125,0.03935617757604629,False,False,[0.5 0.3 0.3]
1966.826219,100,1444.682026,0.02664818656236212,False,False,[0.5 0.3 0.3]
1750.27768,100,1445.172674,0.06217061804908405,False,False,[0.5 0.3 0.3]
1950.889828,100,1445.647525,0.022732744170906212,False,False,[0.5 0.3 0.3]
712.424249,100,1446.11028,0.07727254624045886,False,False,[0.5 0.3 0.3]
2380.778199,100,1446.574485,0.05619210790553996,False,False,[0.5 0.3 0.3]
757.853601,100,1447.041374,0.05070022707143634,False,False,[0.5 0.3 0.3]
1971.151284,100,1447.503638,0.09899448974887529,False,False,[0.5 0.3 0.3]
1388.263817,100,1447.964684,0.020126635687198566,False,False,[0.5 0.3 0.3]
2205.959819,100,1448.414734,0.03803105268619338,False,False,[0.5 0.3 0.3]
993.991346,100,1448.875647,0.0914166169694819,False,False,[0.5 0.3 0.3]
1347.559855,100,1449.339525,0.0751613333240305,False,False,[0.5 0.3 0.3]
939.280108,100,1449.80132,0.008044352400757342,False,False,[0.5 0.3 0.3]
1548.183514,100,1450.266071,0.06707881496696899,False,False,[0.5 0.3 0.3]
1325.782604,100,1450.731696,0.07104958739174866,False,False,[0.5 0.3 0.3]
2148.516267,100,1451.741156,0.07029408560877866,False,False,[0.5 0.3 0.3]
1371.015769,100,1452.2279,0.14386050769240866,False,False,[0.5 0.3 0.3]
1176.475539,100,1452.697268,0.09791214570966765,False,False,[0.5 0.3 0.3]
1587.301456,100,1453.153448,0.04576630041706948,False,False,[0.5 0.3 0.3]
1577.474437,100,1453.616441,0.0732446555160443,False,False,[0.5 0.3 0.3]
1142.114966,100,1454.083431,0.04989169615571526,False,False,[0.5 0.3 0.3]
940.247411,100,1454.538588,0.10947088845177115,False,False,[0.5 0.3 0.3]
1790.97714,100,1455.006602,0.08630363572331069,False,False,[0.5 0.3 0.3]
1565.88388,100,1455.469851,0.08028683368923833,False,False,[0.5 0.3 0.3]
1975.575793,100,1455.949166,0.05416222726077665,False,False,[0.5 0.3 0.3]
2403.987368,100,1456.406665,0.018476345553248286,False,False,[0.5 0.3 0.3]
1768.001774,100,1456.87309,0.06727718549105022,False,False,[0.5 0.3 0.3]
1754.331458,46,1457.142917,0.04867738371079138,False,True,[0.5 0.3 0.3]
1369.448544,100,1457.604215,0.06935739241848982,False,False,[0.5 0.3 0.3]
1379.5791,100,1458.054111,0.006703678317586161,False,False,[0.5 0.3 0.3]
1532.435266,100,1458.511924,0.04133273496881067,False,False,[0.5 0.3 0.3]
520.531765,100,1458.972798,0.0348817452404455,False,False,[0.5 0.3 0.3]
1182.745717,100,1459.47229,0.050623087896844325,False,False,[0.5 0.3 0.3]
1954.162144,100,1459.948754,0.06764562498767107,False,False,[0.5 0.3 0.3]
1328.686965,100,1460.413126,0.05423328259086882,False,False,[0.5 0.3 0.3]
1340.606583,100,1460.869976,0.07240052876831958,False,False,[0.5 0.3 0.3]
1735.528364,100,1461.8747,0.05147191127943825,False,False,[0.5 0.3 0.3]
1340.081062,100,1462.342634,0.08817468622561896,False,False,[0.5 0.3 0.3]
1356.221533,100,1462.811628,0.0928491918923646,False,False,[0.5 0.3 0.3]
1349.774631,100,1463.282995,0.034920384210457824,False,False,[0.5 0.3 0.3]
727.99809,100,1463.741109,0.017192352495684234,False,False,[0.5 0.3 0.3]
1352.892813,100,1464.203478,0.03828076953361929,False,False,[0.5 0.3 0.3]
1348.477924,100,1464.657129,0.03148127394848375,False,False,[0.5 0.3 0.3]
1555.221987,100,1465.124054,0.09715866359646487,False,False,[0.5 0.3 0.3]
1135.938658,100,1465.595227,0.07225544025054931,False,False,[0.5 0.3 0.3]
749.620622,100,1466.069092,0.05878514802804304,False,False,[0.5 0.3 0.3]
918.073237,100,1466.542851,0.04720700044662403,False,False,[0.5 0.3 0.3]
957.524662,100,1466.999223,0.0655231942737976,False,False,[0.5 0.3 0.3]
2567.191938,100,1467.468795,0.025782129279569216,False,False,[0.5 0.3 0.3]
952.405475,100,1467.971614,0.07500472113271867,False,False,[0.5 0.3 0.3]
1155.135474,100,1468.429632,0.06093664412360614,False,False,[0.5 0.3 0.3]
1774.111529,100,1468.906766,0.049802038171426526,False,False,[0.5 0.3 0.3]
949.969178,100,1469.385215,0.1367887977071523,False,False,[0.5 0.3 0.3]
916.802976,100,1469.870454,0.0496804429790717,False,False,[0.5 0.3 0.3]
1804.885557,100,1470.321602,0.05507181682035623,False,False,[0.5 0.3 0.3]
1354.45045,100,1470.779105,0.06978882608057475,False,False,[0.5 0.3 0.3]
1587.007757,100,1471.243345,0.1363719028651051,False,False,[0.5 0.3 0.3]
2203.251796,93,1472.27449,0.0327215337766465,False,True,[0.5 0.3 0.3]
2014.324342,93,1472.748068,0.03791973490469974,False,True,[0.5 0.3 0.3]
915.280852,100,1473.23852,0.14249801875730084,False,False,[0.5 0.3 0.3]
1168.941578,100,1473.749579,0.09096987045077584,False,False,[0.5 0.3 0.3]
1353.676733,100,1474.294528,0.05207247595461861,False,False,[0.5 0.3 0.3]
724.948673,100,1474.810993,0.1113849918409374,False,False,[0.5 0.3 0.3]
1960.696462,100,1475.339201,0.024709435542678255,False,False,[0.5 0.3 0.3]
1346.527579,100,1475.840184,0.02954978664021926,False,False,[0.5 0.3 0.3]
1552.438053,100,1476.400055,0.04468209838984625,False,False,[0.5 0.3 0.3]
1343.631066,100,1476.913249,0.03697363885143508,False,False,[0.5 0.3 0.3]
2366.223823,100,1477.41941,0.04696038278244334,False,False,[0.5 0.3 0.3]
717.235185,100,1477.932161,0.0826531761234809,False,False,[0.5 0.3 0.3]
734.901111,100,1478.43988,0.1088638969637415,False,False,[0.5 0.3 0.3]
1764.933175,100,1478.955006,0.12080380144834976,False,False,[0.5 0.3 0.3]
1760.109919,100,1479.45502,0.08982737859702257,False,False,[0.5 0.3 0.3]
1762.080692,100,1479.976127,0.018811084059517032,False,False,[0.5 0.3 0.3]
2005.470667,100,1480.473183,0.026785923443573067,False,False,[0.5 0.3 0.3]
925.335969,100,1480.983669,0.04987757952759776,False,False,[0.5 0.3 0.3]
1964.842046,100,1481.494183,0.08449692551163898,False,False,[0.5 0.3 0.3]
1356.239184,100,1482.008714,0.15027549199967621,False,False,[0.5 0.3 0.3]
1557.298032,100,1483.053113,0.06647852488744942,False,False,[0.5 0.3 0.3]
1553.661123,100,1483.568929,0.0753180214411361,False,False,[0.5 0.3 0.3]
1545.505803,100,1484.102582,0.11519373138726349,False,False,[0.5 0.3 0.3]
948.108832,100,1484.642097,0.05674096827234779,False,False,[0.5 0.3 0.3]
1143.506619,100,1485.141755,0.03830639824534799,False,False,[0.5 0.3 0.3]
2193.563115,100,1485.647512,0.06632130674191872,False,False,[0.5 0.3 0.3]
1337.116875,100,1486.18302,0.07663015995578473,False,False,[0.5 0.3 0.3]
1564.167117,100,1486.688484,0.07168728024670616,False,False,[0.5 0.3 0.3]
1990.285433,100,1487.166523,0.057161265909005124,False,False,[0.5 0.3 0.3]
2177.924624,100,1487.642673,0.0699260745505823,False,False,[0.5 0.3 0.3]
1730.208977,100,1488.154851,0.11546982561295127,False,False,[0.5 0.3 0.3]
1528.179473,100,1488.672762,0.04043238661739083,False,False,[0.5 0.3 0.3]
1132.638252,100,1489.16036,0.09701953838655454,False,False,[0.5 0.3 0.3]
1934.096476,100,1489.626789,0.034669511182146326,False,False,[0.5 0.3 0.3]
1947.433142,100,1490.124224,0.07087970867528515,False,False,[0.5 0.3 0.3]
1560.567981,100,1490.600057,0.05863074792243826,False,False,[0.5 0.3 0.3]
1759.404705,100,1491.079309,0.029593647842734955,False,False,[0.5 0.3 0.3]
1600.976456,100,1491.53923,0.05950816163748631,False,False,[0.5 0.3 0.3]
1549.243995,100,1492.004683,0.04813488255983252,False,False,[0.5 0.3 0.3]
1406.539634,100,1492.477436,0.07325298349928558,False,False,[0.5 0.3 0.3]
934.102074,100,1492.935505,0.09929443326735143,False,False,[0.5 0.3 0.3]
1146.794884,100,1493.9281,0.051566931328757636,False,False,[0.5 0.3 0.3]
2173.355199,100,1494.401901,0.07646667921803707,False,False,[0.5 0.3 0.3]
1149.774306,100,1494.860295,0.030634873226469773,False,False,[0.5 0.3 0.3]
1145.19465,100,1495.319071,0.09521358642444633,False,False,[0.5 0.3 0.3]
1179.363586,100,1495.786816,0.057595608510603954,False,False,[0.5 0.3 0.3]
922.729802,100,1496.27246,0.039240497316422124,False,False,[0.5 0.3 0.3]
1746.884878,100,1496.757869,0.03458127111776057,False,False,[0.5 0.3 0.3]
2003.930905,100,1497.237681,0.12026815071985868,False,False,[0.5 0.3 0.3]
1109.03309,100,1497.704547,0.07342395278596511,False,False,[0.5 0.3 0.3]
1961.202745,100,1498.208956,0.024666898522048626,False,False,[0.5 0.3 0.3]
2162.009846,100,1498.664994,0.060147989160740795,False,False,[0.5 0.3 0.3]
1779.492144,100,1499.132308,0.0848386942295389,False,False,[0.5 0.3 0.3]
2359.675026,100,1499.599092,0.09010189184607416,False,False,[0.5 0.3 0.3]
1400.08947,100,1500.070852,0.121250984157289,False,False,[0.5 0.3 0.3]
1347.412345,100,1500.549089,0.15065368208881255,False,False,[0.5 0.3 0.3]
1794.58019,100,1501.028296,0.05314518280586427,False,False,[0.5 0.3 0.3]
2163.641516,100,1501.488205,0.12790076202555065,False,False,[0.5 0.3 0.3]
1575.267577,100,1501.952905,0.03765671551623181,False,False,[0.5 0.3 0.3]
744.842925,100,1502.437756,0.09049008940305524,False,False,[0.5 0.3 0.3]
2214.405956,100,1502.918988,0.08281627971181978,False,False,[0.5 0.3 0.3]
1757.791418,100,1503.92908,0.10240338039134561,False,False,[0.5 0.3 0.3]
1537.603329,100,1504.394097,0.013421264734907736,False,False,[0.5 0.3 0.3]
1350.433211,100,1504.853257,0.03077337669978843,False,False,[0.5 0.3 0.3]
1755.127613,100,1505.312878,0.13098850832742828,False,False,[0.5 0.3 0.3]
1764.613239,100,1505.772369,0.005308374240817703,False,False,[0.5 0.3 0.3]
737.772992,100,1506.27124,0.054929947812259856,False,False,[0.5 0.3 0.3]
2597.237432,100,1506.734144,0.04192491470500743,False,False,[0.5 0.3 0.3]
1361.869578,100,1507.198286,0.043213990263719304,False,False,[0.5 0.3 0.3]
2390.398479,100,1507.649311,0.13007736602249592,False,False,[0.5 0.3 0.3]
937.885542,100,1508.109378,0.10012754075905175,False,False,[0.5 0.3 0.3]
1855.411778,62,1508.442077,0.04354566218935331,False,True,[0.5 0.3 0.3]
728.817451,100,1508.915117,0.08830291451328451,False,False,[0.5 0.3 0.3]
1770.042855,100,1509.383763,0.060968794040426405,False,False,[0.5 0.3 0.3]
1767.402909,100,1509.848945,0.036215781082517044,False,False,[0.5 0.3 0.3]
1153.868134,100,1510.307177,0.05609783170183134,False,False,[0.5 0.3 0.3]
1791.573154,100,1510.778166,0.039718717940973466,False,False,[0.5 0.3 0.3]
1376.629738,100,1511.241792,0.058893657283825555,False,False,[0.5 0.3 0.3]
1372.737897,100,1511.693635,0.07882766353705484,False,False,[0.5 0.3 0.3]
925.611851,100,1512.152168,0.06514779031469864,False,False,[0.5 0.3 0.3]
1790.086572,100,1512.631494,0.04257535173693254,False,False,[0.5 0.3 0.3]
1123.475381,100,1513.103581,0.06311596889325233,False,False,[0.5 0.3 0.3]
1349.226014,100,1514.087074,0.062347594533101736,False,False,[0.5 0.3 0.3]
1358.761474,100,1514.591117,0.02328240567626403,False,False,[0.5 0.3 0.3]
1768.778514,100,1515.059757,0.05338688650282157,False,False,[0.5 0.3 0.3]
1185.450709,100,1515.531441,0.08666412666072207,False,False,[0.5 0.3 0.3]
2992.330897,100,1515.996611,0.052362791116895964,False,False,[0.5 0.3 0.3]
1344.274774,100,1516.470101,0.03468818833851677,False,False,[0.5 0.3 0.3]
1361.95459,100,1516.938223,0.06541882678054356,False,False,[0.5 0.3 0.3]
540.449413,100,1517.409483,0.06742131567408817,False,False,[0.5 0.3 0.3]
2206.269827,100,1517.860737,0.08039470421177881,False,False,[0.5 0.3 0.3]
2225.246016,100,1518.313014,0.05521345682482941,False,False,[0.5 0.3 0.3]
1570.085816,100,1518.788949,0.08163292966513992,False,False,[0.5 0.3 0.3]
1971.353691,100,1519.259207,0.10807640548538493,False,False,[0.5 0.3 0.3]
1135.809671,100,1519.735396,0.036746765937716676,False,False,[0.5 0.3 0.3]
1123.121268,100,1520.202292,0.11434342878939191,False,False,[0.5 0.3 0.3]
1832.468934,58,1520.522588,0.03425734602621852,False,True,[0.5 0.3 0.3]
1196.917433,100,1520.992663,0.08780474508621262,False,False,[0.5 0.3 0.3]
727.037696,100,1521.458235,0.03227196202669879,False,False,[0.5 0.3 0.3]
2186.529068,100,1521.939416,0.05485223150550659,False,False,[0.5 0.3 0.3]
1549.079517,100,1522.398983,0.05287004138590094,False,False,[0.5 0.3 0.3]
1778.040767,100,1522.876534,0.1280858918530896,False,False,[0.5 0.3 0.3]
1166.534688,100,1523.342766,0.06495836241299147,False,False,[0.5 0.3 0.3]
961.591206,100,1524.331577,0.09403517375162454,False,False,[0.5 0.3 0.3]
1149.024702,100,1524.809125,0.12144271860568244,False,False,[0.5 0.3 0.3]
1376.241934,100,1525.268206,0.08121897224309141,False,False,[0.5 0.3 0.3]
721.630283,100,1525.735274,0.06445338314472152,False,False,[0.5 0.3 0.3]
1355.85645,100,1526.204169,0.05271157718283074,False,False,[0.5 0.3 0.3]
1397.790362,100,1526.670827,0.07062070138352758,False,False,[0.5 0.3 0.3]
926.000409,100,1527.142781,0.05296690198082628,False,False,[0.5 0.3 0.3]
2381.835997,100,1527.60578,0.04717023977795841,False,False,[0.5 0.3 0.3]
1161.013585,100,1528.057265,0.05950649420418892,False,False,[0.5 0.3 0.3]
1151.078052,100,1528.519432,0.05879774771129154,False,False,[0.5 0.3 0.3]
1556.857822,100,1529.000633,0.13235446466836437,False,False,[0.5 0.3 0.3]
1562.177381,100,1529.463585,0.06435892302455878,False,False,[0.5 0.3 0.3]
2602.003595,100,1529.918753,0.17561904550109006,False,False,[0.5 0.3 0.3]
1981.294255,100,1530.395596,0.0762073606585444,False,False,[0.5 0.3 0.3]
1761.135139,100,1530.868954,0.04621949318360427,False,False,[0.5 0.3 0.3]
1514.81563,100,1531.323454,0.05468699570147019,False,False,[0.5 0.3 0.3]
1542.076422,100,1531.766851,0.07721066890121978,False,False,[0.5 0.3 0.3]
1558.285026,100,1532.241187,0.09858863508693846,False,False,[0.5 0.3 0.3]
1340.270944,100,1532.705177,0.06835366168313611,False,False,[0.5 0.3 0.3]
1755.30653,100,1533.169027,0.1674154676203459,False,False,[0.5 0.3 0.3]
2075.102248,61,1533.496674,0.0299862194684986,False,True,[0.5 0.3 0.3]
942.740376,100,1534.46938,0.07277407383956261,False,False,[0.5 0.3 0.3]
1982.269164,100,1534.941084,0.10398514233808669,False,False,[0.5 0.3 0.3]
1984.231794,100,1535.400392,0.04646782014889931,False,False,[0.5 0.3 0.3]
1745.511988,100,1535.876977,0.09303797330372768,False,False,[0.5 0.3 0.3]
1141.762919,100,1536.356003,0.09335187136935724,False,False,[0.5 0.3 0.3]
1886.547212,71,1536.718765,0.036660886191808725,False,True,[0.5 0.3 0.3]
1187.356256,100,1537.179684,0.08799461632844813,False,False,[0.5 0.3 0.3]
1353.618586,100,1537.630093,0.13272276860386753,False,False,[0.5 0.3 0.3]
1553.411034,100,1538.101899,0.06574690946500204,False,False,[0.5 0.3 0.3]
939.495731,100,1538.591808,0.04491904426840107,False,False,[0.5 0.3 0.3]
1335.944585,100,1539.055623,0.07247644762109112,False,False,[0.5 0.3 0.3]
1766.745452,100,1539.516781,0.050590647663531066,False,False,[0.5 0.3 0.3]
2149.313637,100,1539.97844,0.06577775161737509,False,False,[0.5 0.3 0.3]
1773.149719,100,1540.441789,0.04712420298750725,False,False,[0.5 0.3 0.3]
1569.533558,100,1540.920438,0.11280000258426578,False,False,[0.5 0.3 0.3]
1757.971269,100,1541.398458,0.05412676473376886,False,False,[0.5 0.3 0.3]
1366.298791,100,1541.862587,0.09542379989325576,False,False,[0.5 0.3 0.3]
1144.39507,100,1542.325953,0.0720911199643003,False,False,[0.5 0.3 0.3]
1763.190299,100,1542.790545,0.07083268394203501,False,False,[0.5 0.3 0.3]
1173.866984,100,1543.258288,0.050986328612947614,False,False,[0.5 0.3 0.3]
930.816007,100,1543.725912,0.059400521510863016,False,False,[0.5 0.3 0.3]
1952.432986,100,1544.696754,0.0772722244228432,False,False,[0.5 0.3 0.3]
745.620895,100,1545.167511,0.08008239888273103,False,False,[0.5 0.3 0.3]
1136.24807,100,1545.631187,0.059818000282771705,False,False,[0.5 0.3 0.3]
1750.935169,100,1546.113936,0.021693271581840378,False,False,[0.5 0.3 0.3]
1564.986901,100,1546.59616,0.04610165585406512,False,False,[0.5 0.3 0.3]
1169.198514,100,1547.076142,0.07745538913560228,False,False,[0.5 0.3 0.3]
2405.029336,100,1547.532977,0.06980624448517554,False,False,[0.5 0.3 0.3]
1918.458508,100,1547.995601,0.1126155940713224,False,False,[0.5 0.3 0.3]
2179.548429,100,1548.462763,0.04819747128378066,False,False,[0.5 0.3 0.3]
1132.645328,100,1548.959975,0.06055131705095135,False,False,[0.5 0.3 0.3]
2187.921191,100,1549.429372,0.021276231044764594,False,False,[0.5 0.3 0.3]
2204.623779,100,1549.906252,0.06607718047485117,False,False,[0.5 0.3 0.3]
1316.517738,100,1550.383448,0.05223086551015162,False,False,[0.5 0.3 0.3]
1959.90143,100,1550.843958,0.012131027844948041,False,False,[0.5 0.3 0.3]
1735.420033,100,1551.317955,0.06729260592685618,False,False,[0.5 0.3 0.3]
1157.860291,100,1551.787417,0.04851317431485054,False,False,[0.5 0.3 0.3]
1367.345549,100,1552.262033,0.08455186102894167,False,False,[0.5 0.3 0.3]
1129.963647,100,1552.734313,0.058139218799229654,False,False,[0.5 0.3 0.3]
1559.189093,100,1553.220068,0.1394073301150622,False,False,[0.5 0.3 0.3]
1124.672094,100,1553.678478,0.04986664330694866,False,False,[0.5 0.3 0.3]
1981.374486,100,1554.681599,0.10787498195986785,False,False,[0.5 0.3 0.3]
1760.00823,100,1555.153988,0.07795693301803838,False,False,[0.5 0.3 0.3]
1946.011779,100,1555.61097,0.11619065123269626,False,False,[0.5 0.3 0.3]
1748.790848,100,1556.08889,0.03931765193885917,False,False,[0.5 0.3 0.3]
1993.25719,100,1556.54653,0.12945278981505545,False,False,[0.5 0.3 0.3]
1780.213926,100,1557.015446,0.018239444738026318,False,False,[0.5 0.3 0.3]
943.466686,100,1557.471102,0.09450976521215317,False,False,[0.5 0.3 0.3]
1404.788028,100,1557.924603,0.06902838241474088,False,False,[0.5 0.3 0.3]
1953.820326,100,1558.382922,0.06737389637833964,False,False,[0.5 0.3 0.3]
722.328026,100,1558.849533,0.07857064991559214,False,False,[0.5 0.3 0.3]
2178.026406,100,1559.323951,0.039819447692872066,False,False,[0.5 0.3 0.3]
1602.947761,100,1559.783233,0.05022756288357611,False,False,[0.5 0.3 0.3]
941.049098,100,1560.246747,0.11514466678950092,False,False,[0.5 0.3 0.3]
1329.72576,100,1560.702843,0.09516712834240743,False,False,[0.5 0.3 0.3]
1122.793852,100,1561.181985,0.07338816226521408,False,False,[0.5 0.3 0.3]
1762.373071,100,1561.640549,0.1269831346833446,False,False,[0.5 0.3 0.3]
1952.884723,100,1562.112996,0.10307451203859118,False,False,[0.5 0.3 0.3]
1155.29155,100,1562.612158,0.08059726518370978,False,False,[0.5 0.3 0.3]
958.500095,100,1563.096001,0.014382587905765264,False,False,[0.5 0.3 0.3]
1972.64947,100,1563.557488,0.049943720928984345,False,False,[0.5 0.3 0.3]
1533.486127,100,1564.028014,0.08913166050765568,False,False,[0.5 0.3 0.3]
1347.753764,100,1565.019271,0.0781953804245772,False,False,[0.5 0.3 0.3]
1575.240792,100,1565.51422,0.04784274471631473,False,False,[0.5 0.3 0.3]
1802.645643,100,1565.973598,0.04172255660970846,False,False,[0.5 0.3 0.3]
1947.892598,100,1566.433539,0.11356027948712481,False,False,[0.5 0.3 0.3]
1755.061475,100,1566.902542,0.019252049205661533,False,False,[0.5 0.3 0.3]
945.784144,100,1567.391601,0.07692940158833028,False,False,[0.5 0.3 0.3]
923.553939,100,1567.854264,0.13059031570094656,False,False,[0.5 0.3 0.3]
961.480657,100,1568.323655,0.06042487514036186,False,False,[0.5 0.3 0.3]
1611.474277,100,1568.785682,0.05487634798512892,False,False,[0.5 0.3 0.3]
1346.958055,100,1569.255286,0.15319907855749326,False,False,[0.5 0.3 0.3]
1553.549417,100,1569.698421,0.08082027590710497,False,False,[0.5 0.3 0.3]
1777.917208,100,1570.156953,0.0207719263958969,False,False,[0.5 0.3 0.3]
1159.224511,100,1570.659896,0.08809634724452339,False,False,[0.5 0.3 0.3]
976.987975,100,1571.133218,0.05488400427204137,False,False,[0.5 0.3 0.3]
1129.71746,100,1571.591998,0.04387281239930773,False,False,[0.5 0.3 0.3]
1320.720123,100,1572.063929,0.08922414363323143,False,False,[0.5 0.3 0.3]
1842.115427,51,1572.348041,0.0316523368617174,False,True,[0.5 0.3 0.3]
947.514979,100,1572.825375,0.052910338429301235,False,False,[0.5 0.3 0.3]
1124.913015,100,1573.313424,0.042706502105386505,False,False,[0.5 0.3 0.3]
1766.039834,100,1573.774087,0.03269577133696573,False,False,[0.5 0.3 0.3]
1997.673358,100,1574.239066,0.06534520496312307,False,False,[0.5 0.3 0.3]
1552.146744,100,1575.242544,0.0832003438596498,False,False,[0.5 0.3 0.3]
900.350181,100,1575.703135,0.08443178401322417,False,False,[0.5 0.3 0.3]
2156.114116,100,1576.171947,0.05831634302847033,False,False,[0.5 0.3 0.3]
1114.667337,100,1576.637934,0.1015448310218011,False,False,[0.5 0.3 0.3]
1773.17292,100,1577.095906,0.04499204374861297,False,False,[0.5 0.3 0.3]
1950.978455,100,1577.582166,0.10253917458451092,False,False,[0.5 0.3 0.3]
1129.624423,100,1578.053807,0.05634369773693793,False,False,[0.5 0.3 0.3]
922.420823,100,1578.549038,0.07885103259443774,False,False,[0.5 0.3 0.3]
745.322809,100,1579.00165,0.06218282606178161,False,False,[0.5 0.3 0.3]
1558.660245,100,1579.476061,0.10048920949613939,False,False,[0.5 0.3 0.3]
2167.834076,100,1579.950323,0.026319676319205294,False,False,[0.5 0.3 0.3]
1538.808965,100,1580.424556,0.07381601515898527,False,False,[0.5 0.3 0.3]
1186.365034,100,1580.881954,0.14111973815432302,False,False,[0.5 0.3 0.3]
1134.853249,100,1581.359454,0.11813944536822141,False,False,[0.5 0.3 0.3]
1579.640759,100,1581.825526,0.06014065994751517,False,False,[0.5 0.3 0.3]
969.202895,100,1582.287308,0.09833963805773846,False,False,[0.5 0.3 0.3]
2179.496169,100,1582.743513,0.030705789397168115,False,False,[0.5 0.3 0.3]
732.114608,100,1583.221199,0.11103798521284723,False,False,[0.5 0.3 0.3]
1351.208865,100,1583.696586,0.09058733827215025,False,False,[0.5 0.3 0.3]
1166.964946,100,1584.160795,0.03858648936300998,False,False,[0.5 0.3 0.3]
1139.765711,100,1585.159271,0.056328952083050096,False,False,[0.5 0.3 0.3]
1514.352267,100,1585.635617,0.10312057685789547,False,False,[0.5 0.3 0.3]
1803.883112,100,1586.11147,0.0458358346332234,False,False,[0.5 0.3 0.3]
1153.941447,100,1586.612606,0.047736277277996834,False,False,[0.5 0.3 0.3]
2193.681371,100,1587.077013,0.09049680317861952,False,False,[0.5 0.3 0.3]
1358.876169,100,1587.550452,0.043392652330808565,False,False,[0.5 0.3 0.3]
1591.176701,100,1588.010935,0.051040892211043805,False,False,[0.5 0.3 0.3]
1371.130038,100,1588.481951,0.16723789633615277,False,False,[0.5 0.3 0.3]
1340.847701,100,1588.946822,0.07988904061676946,False,False,[0.5 0.3 0.3]
916.784698,100,1589.429338,0.04667277268481375,False,False,[0.5 0.3 0.3]
2184.91603,100,1589.900462,0.14956366243274302,False,False,[0.5 0.3 0.3]
1129.634539,100,1590.385069,0.07219302466915233,False,False,[0.5 0.3 0.3]
1154.76446,100,1590.844101,0.06836374906385025,False,False,[0.5 0.3 0.3]
1160.419945,100,1591.316078,0.035607738952742614,False,False,[0.5 0.3 0.3]
1172.586964,100,1591.78441,0.13290487269746612,False,False,[0.5 0.3 0.3]
1965.360187,100,1592.25853,0.03993816016570616,False,False,[0.5 0.3 0.3]
2204.225197,88,1592.693459,0.02299166491981314,False,True,[0.5 0.3 0.3]
1150.809992,100,1593.16455,0.135289233511296,False,False,[0.5 0.3 0.3]
1151.481799,100,1593.642371,0.0935445973803863,False,False,[0.5 0.3 0.3]
1119.999899,100,1594.10257,0.05784731226427576,False,False,[0.5 0.3 0.3]
1355.101992,100,1594.573142,0.08421995236674211,False,False,[0.5 0.3 0.3]
2202.377814,100,1595.627798,0.07699666485109458,False,False,[0.5 0.3 0.3]
759.882092,100,1596.098355,0.11198559852482702,False,False,[0.5 0.3 0.3]
1317.150619,100,1596.561535,0.061796219507375606,False,False,[0.5 0.3 0.3]
1997.707808,100,1597.020439,0.009896611994082137,False,False,[0.5 0.3 0.3]
918.04491,100,1597.480846,0.08809838428455716,False,False,[0.5 0.3 0.3]
928.036407,100,1597.963574,0.08307387026470936,False,False,[0.5 0.3 0.3]
1580.231685,100,1598.417819,0.046787108044388064,False,False,[0.5 0.3 0.3]
1554.779869,100,1598.885453,0.01321487513144332,False,False,[0.5 0.3 0.3]
1177.187592,100,1599.343072,0.016265182033423056,False,False,[0.5 0.3 0.3]
1333.769917,100,1599.816399,0.07870537361501546,False,False,[0.5 0.3 0.3]
1152.744129,100,1600.277756,0.08375143989009708,False,False,[0.5 0.3 0.3]
1552.302419,100,1600.748215,0.11359683922283861,False,False,[0.5 0.3 0.3]
1963.411134,100,1601.222281,0.026174811234468173,False,False,[0.5 0.3 0.3]
1526.780174,100,1601.694634,0.09507031498402103,False,False,[0.5 0.3 0.3]
960.229166,100,1602.155815,0.05739858109812177,False,False,[0.5 0.3 0.3]
1347.517813,100,1602.625544,0.09510387921753735,False,False,[0.5 0.3 0.3]
2394.917212,100,1603.108368,0.0967696549828259,False,False,[0.5 0.3 0.3]
1167.562191,100,1603.580795,0.0874336381625068,False,False,[0.5 0.3 0.3]
1762.135212,100,1604.055249,0.08952144785769099,False,False,[0.5 0.3 0.3]
1751.342733,100,1604.525145,0.12948707521595873,False,False,[0.5 0.3 0.3]
1595.797239,100,1605.50246,0.017189356405120797,False,False,[0.5 0.3 0.3]
2176.290829,100,1605.978317,0.02675439847724717,False,False,[0.5 0.3 0.3]
1365.473661,100,1606.442869,0.06071037251647851,False,False,[0.5 0.3 0.3]
1967.045317,100,1606.908893,0.07127062591872571,False,False,[0.5 0.3 0.3]
1146.236876,100,1607.381053,0.030808111532985603,False,False,[0.5 0.3 0.3]
1348.765667,100,1607.856603,0.07847824431206296,False,False,[0.5 0.3 0.3]
1151.720857,100,1608.32809,0.047731709038837236,False,False,[0.5 0.3 0.3]
1562.733579,100,1608.793052,0.11197964638757867,False,False,[0.5 0.3 0.3]
1570.776835,100,1609.260915,0.07212178797446708,False,False,[0.5 0.3 0.3]
1543.259663,100,1609.731457,0.0333739592509728,False,False,[0.5 0.3 0.3]
1604.87263,100,1610.192252,0.10127596906746551,False,False,[0.5 0.3 0.3]
1983.446423,100,1610.660408,0.037167280821384124,False,False,[0.5 0.3 0.3]
1353.770486,100,1611.146683,0.07641157530920814,False,False,[0.5 0.3 0.3]
1954.75433,100,1611.606406,0.11465080344000125,False,False,[0.5 0.3 0.3]
725.958295,100,1612.087018,0.13701117925857936,False,False,[0.5 0.3 0.3]
1962.829305,100,1612.546566,0.040513885421369265,False,False,[0.5 0.3 0.3]
1150.950528,100,1613.006076,0.10716215627213953,False,False,[0.5 0.3 0.3]
1332.426663,100,1613.474994,0.05836556464633119,False,False,[0.5 0.3 0.3]
1577.8832,100,1613.956737,0.036692495476639185,False,False,[0.5 0.3 0.3]
1531.579953,100,1614.428156,0.058631256403565875,False,False,[0.5 0.3 0.3]
2380.580519,100,1614.898111,0.0029307912018542016,False,False,[0.5 0.3 0.3]
968.032597,100,1615.904343,0.10364970854647533,False,False,[0.5 0.3 0.3]
1367.543233,100,1616.374844,0.03920360501873211,False,False,[0.5 0.3 0.3]
1572.78551,100,1616.842313,0.062432022243101286,False,False,[0.5 0.3 0.3]
1360.609948,100,1617.313575,0.09449463307403813,False,False,[0.5 0.3 0.3]
728.345604,100,1617.794403,0.08284102019426426,False,False,[0.5 0.3 0.3]
1787.818467,100,1618.267272,0.03477422775115093,False,False,[0.5 0.3 0.3]
1165.645017,100,1618.71816,0.039355975422065086,False,False,[0.5 0.3 0.3]
932.270501,100,1619.224579,0.0606766045169094,False,False,[0.5 0.3 0.3]
1780.684582,100,1619.693682,0.043960098573062475,False,False,[0.5 0.3 0.3]
1594.18458,100,1620.171187,0.08141167930516607,False,False,[0.5 0.3 0.3]
1794.950073,100,1620.632965,0.09424735920820726,False,False,[0.5 0.3 0.3]
1573.197868,100,1621.113133,0.02230952162369454,False,False,[0.5 0.3 0.3]
1356.683763,100,1621.562555,0.06962138147627153,False,False,[0.5 0.3 0.3]
1367.870854,100,1622.034921,0.08578869118040988,False,False,[0.5 0.3 0.3]
1989.870252,100,1622.510587,0.113108171555075,False,False,[0.5 0.3 0.3]
2426.896519,100,1622.968217,0.050150495142549344,False,False,[0.5 0.3 0.3]
1793.778004,100,1623.445208,0.09980008161632672,False,False,[0.5 0.3 0.3]
1561.506066,100,1623.925276,0.09261582302235188,False,False,[0.5 0.3 0.3]
1328.589077,100,1624.400996,0.06801261236630984,False,False,[0.5 0.3 0.3]
2178.597098,100,1624.866656,0.040640221987539304,False,False,[0.5 0.3 0.3]
2395.215351,100,1625.885583,0.03937676718609099,False,False,[0.5 0.3 0.3]
1778.411253,100,1626.35905,0.04692102850317247,False,False,[0.5 0.3 0.3]
1346.83652,100,1626.828302,0.09349557801903571,False,False,[0.5 0.3 0.3]
756.156021,100,1627.291777,0.10815128556398049,False,False,[0.5 0.3 0.3]
1101.061386,100,1627.779279,0.05658088970883291,False,False,[0.5 0.3 0.3]
1133.486629,100,1628.251342,0.04537801599124436,False,False,[0.5 0.3 0.3]
1130.544882,100,1628.718895,0.06486474379196525,False,False,[0.5 0.3 0.3]
1334.121547,100,1629.183494,0.0762461851027954,False,False,[0.5 0.3 0.3]
1975.812065,100,1629.645299,0.08483359543635811,False,False,[0.5 0.3 0.3]
2381.005998,100,1630.125033,0.08208299177007945,False,False,[0.5 0.3 0.3]
1771.177262,100,1630.589451,0.09683808440898142,False,False,[0.5 0.3 0.3]
1556.136509,100,1631.055933,0.07144125036750591,False,False,[0.5 0.3 0.3]
1974.023009,100,1631.521699,0.08650462587283526,False,False,[0.5 0.3 0.3]
1770.960447,100,1631.993814,0.1229487987893038,False,False,[0.5 0.3 0.3]
2039.725134,55,1632.298751,0.02370588789725104,False,True,[0.5 0.3 0.3]
1345.254246,100,1632.769458,0.08100458265268543,False,False,[0.5 0.3 0.3]
1581.943694,100,1633.23325,0.03716197898222301,False,False,[0.5 0.3 0.3]
1759.095264,100,1633.70302,0.05027942497651557,False,False,[0.5 0.3 0.3]
2186.413134,100,1634.191566,0.0753247447505536,False,False,[0.5 0.3 0.3]
1791.74321,100,1634.656868,0.06901876851768798,False,False,[0.5 0.3 0.3]
1580.292124,100,1635.125602,0.06362732921726788,False,False,[0.5 0.3 0.3]
1187.103618,100,1636.130325,0.08242640783594905,False,False,[0.5 0.3 0.3]
2390.935868,100,1636.585862,0.04919507178648442,False,False,[0.5 0.3 0.3]
922.841186,100,1637.060954,0.04932740051110005,False,False,[0.5 0.3 0.3]
2181.487275,100,1637.524996,0.10732596968642182,False,False,[0.5 0.3 0.3]
1785.917769,100,1637.985194,0.06552248323834757,False,False,[0.5 0.3 0.3]
1131.156969,100,1638.462335,0.04485270911235695,False,False,[0.5 0.3 0.3]
1983.804074,100,1638.932232,0.03398726925794787,False,False,[0.5 0.3 0.3]
1812.326771,100,1639.400531,0.05714744235875125,False,False,[0.5 0.3 0.3]
1154.095971,100,1639.860172,0.020339338919954222,False,False,[0.5 0.3 0.3]
1998.830581,100,1640.344529,0.06553174737245039,False,False,[0.5 0.3 0.3]
2202.748859,100,1640.810253,0.04240883120369526,False,False,[0.5 0.3 0.3]
1960.134678,100,1641.274339,0.04612532275149627,False,False,[0.5 0.3 0.3]
1339.488051,100,1641.742556,0.07990029080031917,False,False,[0.5 0.3 0.3]
1565.8959,100,1642.218634,0.05629515930101982,False,False,[0.5 0.3 0.3]
957.374074,100,1642.686366,0.09162470949970612,False,False,[0.5 0.3 0.3]
1782.599152,46,1642.96132,0.0474198991641756,False,True,[0.5 0.3 0.3]
1573.106647,100,1643.44748,0.06540038652113832,False,False,[0.5 0.3 0.3]
1767.657886,100,1643.944179,0.0321970347236885,False,False,[0.5 0.3 0.3]
744.854969,100,1644.416573,0.07085081338285844,False,False,[0.5 0.3 0.3]
1810.341813,100,1644.877152,0.05943133111217717,False,False,[0.5 0.3 0.3]
937.771378,100,1645.349702,0.1167724315416569,False,False,[0.5 0.3 0.3]
1165.410217,100,1646.397837,0.03616831113275528,False,False,[0.5 0.3 0.3]
1326.693199,100,1646.868496,0.09958184373022004,False,False,[0.5 0.3 0.3]
1784.589456,100,1647.327606,0.06942179243867354,False,False,[0.5 0.3 0.3]
915.917467,100,1647.789319,0.04069828374538156,False,False,[0.5 0.3 0.3]
1767.666278,100,1648.265205,0.11471573121697748,False,False,[0.5 0.3 0.3]
1159.271298,100,1648.72545,0.11377492744950672,False,False,[0.5 0.3 0.3]
2182.916229,100,1649.206001,0.051013723693353046,False,False,[0.5 0.3 0.3]
2386.075505,100,1649.674898,0.03946969972891903,False,False,[0.5 0.3 0.3]
2663.083253,96,1650.135506,0.029357823638662045,False,True,[0.5 0.3 0.3]
509.586512,100,1650.613443,0.054521003365536294,False,False,[0.5 0.3 0.3]
1136.053805,100,1651.088803,0.14673805328312645,False,False,[0.5 0.3 0.3]
1330.71634,100,1651.550641,0.05406035593075775,False,False,[0.5 0.3 0.3]
2015.927901,100,1652.012742,0.1214260735155909,False,False,[0.5 0.3 0.3]
1126.87636,100,1652.493448,0.09434473335772957,False,False,[0.5 0.3 0.3]
977.223646,100,1652.971896,0.08591008057431157,False,False,[0.5 0.3 0.3]
1775.111651,100,1653.425786,0.07122963185255315,False,False,[0.5 0.3 0.3]
732.218792,100,1653.897574,0.03063119560068082,False,False,[0.5 0.3 0.3]
1126.089292,100,1654.370974,0.05713774893684177,False,False,[0.5 0.3 0.3]
1590.752935,100,1654.826339,0.08571326586654204,False,False,[0.5 0.3 0.3]
1992.053475,100,1655.289519,0.03884963801690018,False,False,[0.5 0.3 0.3]
1556.854253,100,1655.757764,0.030019950831029648,False,False,[0.5 0.3 0.3]
1800.079509,100,1656.748945,0.06110080664993131,False,False,[0.5 0.3 0.3]
952.938271,100,1657.213573,0.0827942435832062,False,False,[0.5 0.3 0.3]
1771.449502,100,1657.687507,0.07176688647081587,False,False,[0.5 0.3 0.3]
1987.030555,100,1658.15516,0.04754707192921914,False,False,[0.5 0.3 0.3]
2213.977909,100,1658.624786,0.05881717439496377,False,False,[0.5 0.3 0.3]
2382.478911,100,1659.097464,0.16711288527313867,False,False,[0.5 0.3 0.3]
1579.044861,100,1659.551118,0.09378711696843531,False,False,[0.5 0.3 0.3]
1383.871062,100,1660.023684,0.030467371445329103,False,False,[0.5 0.3 0.3]
927.855464,100,1660.518081,0.017501225648044207,False,False,[0.5 0.3 0.3]
1144.903757,100,1660.992937,0.08478480826929644,False,False,[0.5 0.3 0.3]
1976.388309,100,1661.463047,0.05351694597130933,False,False,[0.5 0.3 0.3]
1570.625802,100,1661.923262,0.05838859589074845,False,False,[0.5 0.3 0.3]
2194.72439,100,1662.399844,0.06991759849897942,False,False,[0.5 0.3 0.3]
548.779001,100,1662.8712,0.05835268570232318,False,False,[0.5 0.3 0.3]
1375.525505,100,1663.335394,0.04158270889902304,False,False,[0.5 0.3 0.3]
1559.730695,100,1663.809666,0.07254906447077174,False,False,[0.5 0.3 0.3]
1751.269245,100,1664.269135,0.09708937317670366,False,False,[0.5 0.3 0.3]
1554.282168,100,1664.748513,0.054016753369919145,False,False,[0.5 0.3 0.3]
1762.111452,100,1665.216533,0.1339186702635373,False,False,[0.5 0.3 0.3]
1996.756623,100,1665.67494,0.04092848509815972,False,False,[0.5 0.3 0.3]
2130.826038,70,1666.593786,0.0275973141889712,False,True,[0.5 0.3 0.3]
742.464771,100,1667.058124,0.0532036812030582,False,False,[0.5 0.3 0.3]
1975.6578,100,1667.525596,0.05183674056301799,False,False,[0.5 0.3 0.3]
1337.659718,100,1667.986286,0.13940040376583485,False,False,[0.5 0.3 0.3]
1982.172261,100,1668.44943,0.02175836680433953,False,False,[0.5 0.3 0.3]
1379.245245,100,1668.950796,0.04035428938938728,False,False,[0.5 0.3 0.3]
1791.173529,47,1669.222632,0.045292562039739824,False,True,[0.5 0.3 0.3]
1978.019144,100,1669.687704,0.06813930870595158,False,False,[0.5 0.3 0.3]
1147.53583,100,1670.151522,0.11461511039337148,False,False,[0.5 0.3 0.3]
1142.725886,100,1670.647324,0.10512377375946583,False,False,[0.5 0.3 0.3]
2179.018115,100,1671.112606,0.13612150066640474,False,False,[0.5 0.3 0.3]
1578.156169,100,1671.58036,0.07285938730991962,False,False,[0.5 0.3 0.3]
1580.477195,100,1672.052496,0.048937241202095055,False,False,[0.5 0.3 0.3]
1148.176725,100,1672.518286,0.02109118022986718,False,False,[0.5 0.3 0.3]
1978.701614,100,1672.978404,0.06156763128426514,False,False,[0.5 0.3 0.3]
1365.803761,100,1673.438965,0.04407852741699768,False,False,[0.5 0.3 0.3]
692.925694,100,1673.897358,0.0690266374667464,False,False,[0.5 0.3 0.3]
1541.715826,100,1674.35808,0.06859829869994558,False,False,[0.5 0.3 0.3]
1975.996156,100,1674.836576,0.05648692651158182,False,False,[0.5 0.3 0.3]
1553.827733,100,1675.294575,0.053611847220082165,False,False,[0.5 0.3 0.3]
1357.175244,100,1675.771581,0.05898038422445919,False,False,[0.5 0.3 0.3]
1778.753686,100,1676.772237,0.041337974152456054,False,False,[0.5 0.3 0.3]
2202.683602,100,1677.245813,0.10179675266404363,False,False,[0.5 0.3 0.3]
2612.528298,100,1677.713512,0.045689650353179,False,False,[0.5 0.3 0.3]
1989.424424,100,1678.173232,0.023498401621173615,False,False,[0.5 0.3 0.3]
1575.726676,100,1678.649481,0.10541172246702259,False,False,[0.5 0.3 0.3]
932.619466,100,1679.119604,0.18670859362575062,False,False,[0.5 0.3 0.3]
961.080889,100,1679.588746,0.047331779213780956,False,False,[0.5 0.3 0.3]
1791.113972,100,1680.054863,0.07111929145281233,False,False,[0.5 0.3 0.3]
1765.924731,100,1680.527643,0.13060795552745122,False,False,[0.5 0.3 0.3]
1582.128249,100,1681.015461,0.10784243372645058,False,False,[0.5 0.3 0.3]
2170.643597,100,1681.475865,0.11108980517230187,False,False,[0.5 0.3 0.3]
1356.494546,100,1681.94988,0.06778086158550835,False,False,[0.5 0.3 0.3]
1552.863087,100,1682.426464,0.06980767969974398,False,False,[0.5 0.3 0.3]
1342.736106,100,1682.90203,0.07799955813354495,False,False,[0.5 0.3 0.3]
2218.542222,100,1683.363987,0.05567968865800451,False,False,[0.5 0.3 0.3]
1773.388425,100,1683.829465,0.024207843567353223,False,False,[0.5 0.3 0.3]
1327.290324,100,1684.297426,0.08914029695128146,False,False,[0.5 0.3 0.3]
2384.612305,100,1684.764802,0.051184846942911526,False,False,[0.5 0.3 0.3]
1139.228948,100,1685.246651,0.06679870866514273,False,False,[0.5 0.3 0.3]
1582.138288,100,1685.727942,0.10056815083299804,False,False,[0.5 0.3 0.3]
1308.999396,100,1686.19775,0.07019087565494284,False,False,[0.5 0.3 0.3]
2163.31745,100,1687.209562,0.03765809489625666,False,False,[0.5 0.3 0.3]
1366.620409,100,1687.667909,0.08011596983757534,False,False,[0.5 0.3 0.3]
2184.189072,100,1688.141733,0.02910723058564489,False,False,[0.5 0.3 0.3]
1364.737416,100,1688.615018,0.049935512315149984,False,False,[0.5 0.3 0.3]
1157.611406,100,1689.077818,0.08073540550575056,False,False,[0.5 0.3 0.3]
2398.737926,100,1689.540109,0.15302218142048649,False,False,[0.5 0.3 0.3]
1369.093104,100,1690.007976,0.06958201960240136,False,False,[0.5 0.3 0.3]
958.535527,100,1690.476373,0.07989225809156685,False,False,[0.5 0.3 0.3]
1145.786351,100,1690.96296,0.04839490108275824,False,False,[0.5 0.3 0.3]
1570.163181,100,1691.416849,0.04227325790627996,False,False,[0.5 0.3 0.3]
1180.103479,100,1691.877427,0.070399660292872,False,False,[0.5 0.3 0.3]
1965.624932,100,1692.335405,0.10034944739031741,False,False,[0.5 0.3 0.3]
519.050518,100,1692.802492,0.0966512985509448,False,False,[0.5 0.3 0.3]
1575.643489,100,1693.296908,0.0951134362776535,False,False,[0.5 0.3 0.3]
1132.368622,100,1693.772124,0.09840599333687282,False,False,[0.5 0.3 0.3]
1583.455894,100,1694.240281,0.0835217581922677,False,False,[0.5 0.3 0.3]
2230.013429,100,1694.703762,0.0198803524185651,False,False,[0.5 0.3 0.3]
1335.98394,100,1695.180403,0.1002388556893481,False,False,[0.5 0.3 0.3]
1556.432969,100,1695.638097,0.09165531380721208,False,False,[0.5 0.3 0.3]
937.917534,100,1696.108624,0.03530824435106833,False,False,[0.5 0.3 0.3]
956.510178,100,1697.101735,0.029093109266708713,False,False,[0.5 0.3 0.3]
1391.363734,100,1697.568974,0.06135974895645041,False,False,[0.5 0.3 0.3]
1378.088423,100,1698.0445,0.1042866266178651,False,False,[0.5 0.3 0.3]
1756.83476,100,1698.517519,0.059861839383827616,False,False,[0.5 0.3 0.3]
1333.737821,100,1698.990091,0.02676559694627703,False,False,[0.5 0.3 0.3]
1178.559287,100,1699.472033,0.08125276502837189,False,False,[0.5 0.3 0.3]
1540.569825,100,1699.947845,0.093576140175198,False,False,[0.5 0.3 0.3]
2459.127689,100,1700.418926,0.0682467044153474,False,False,[0.5 0.3 0.3]
1140.24451,100,1700.894441,0.03242704054184326,False,False,[0.5 0.3 0.3]
719.672083,100,1701.369678,0.07978278361927099,False,False,[0.5 0.3 0.3]
1793.049839,100,1701.862974,0.07409930568006258,False,False,[0.5 0.3 0.3]
1565.236312,100,1702.336899,0.1389335232849762,False,False,[0.5 0.3 0.3]
754.074613,100,1702.810859,0.020714850716496716,False,False,[0.5 0.3 0.3]
1773.93715,100,1703.289216,0.03211336423596367,False,False,[0.5 0.3 0.3]
1777.946514,100,1703.75197,0.01180154689761927,False,False,[0.5 0.3 0.3]
2206.324597,100,1704.230465,0.09225991605268057,False,False,[0.5 0.3 0.3]
1771.979427,100,1704.683629,0.038024635946411256,False,False,[0.5 0.3 0.3]
965.796371,100,1705.178451,0.03346137279162899,False,False,[0.5 0.3 0.3]
1558.763563,100,1705.648604,0.1523366543562727,False,False,[0.5 0.3 0.3]
1170.046811,100,1706.114144,0.07420331615980483,False,False,[0.5 0.3 0.3]
1542.304213,100,1706.591634,0.08086766742694222,False,False,[0.5 0.3 0.3]
761.05531,100,1707.592007,0.05613254693909437,False,False,[0.5 0.3 0.3]
741.485068,100,1708.057481,0.05347484674542902,False,False,[0.5 0.3 0.3]
1350.740099,100,1708.531435,0.1332061118388913,False,False,[0.5 0.3 0.3]
1595.264028,100,1709.005082,0.1066193627192045,False,False,[0.5 0.3 0.3]
1160.42039,100,1709.475418,0.07209179736899117,False,False,[0.5 0.3 0.3]
1971.728942,100,1709.939522,0.12342494947252297,False,False,[0.5 0.3 0.3]
746.827129,100,1710.426519,0.07036565377946699,False,False,[0.5 0.3 0.3]
1557.013818,100,1710.894309,0.0967670491002528,False,False,[0.5 0.3 0.3]
1121.199304,100,1711.370787,0.10208813145971267,False,False,[0.5 0.3 0.3]
1811.36142,100,1711.822934,0.055568675833842035,False,False,[0.5 0.3 0.3]
1181.321303,100,1712.307743,0.07944331454047862,False,False,[0.5 0.3 0.3]
1124.464741,100,1712.762514,0.0595520371795572,False,False,[0.5 0.3 0.3]
1969.542677,100,1713.236598,0.02816053453993261,False,False,[0.5 0.3 0.3]
1373.641433,100,1713.697736,0.08501614734050053,False,False,[0.5 0.3 0.3]
1736.577911,100,1714.153324,0.08940467085018833,False,False,[0.5 0.3 0.3]
1352.006154,100,1714.61332,0.03699040641610138,False,False,[0.5 0.3 0.3]
1809.980937,100,1715.094489,0.04676306256360387,False,False,[0.5 0.3 0.3]
2175.885965,100,1715.555013,0.06891728921071769,False,False,[0.5 0.3 0.3]
1383.747245,100,1716.029666,0.0903312011952997,False,False,[0.5 0.3 0.3]
2796.646116,100,1716.507143,0.051832813320018864,False,False,[0.5 0.3 0.3]
1769.031424,100,1717.508906,0.08915281134717126,False,False,[0.5 0.3 0.3]
1340.665364,100,1717.958273,0.08516435404607786,False,False,[0.5 0.3 0.3]
2178.816059,100,1718.425613,0.14055686262688885,False,False,[0.5 0.3 0.3]
2148.458561,79,1718.811262,0.04835440272745086,False,True,[0.5 0.3 0.3]
1369.36891,100,1719.268709,0.05168765185259408,False,False,[0.5 0.3 0.3]
2196.878865,100,1719.734793,0.07537416445196891,False,False,[0.5 0.3 0.3]
1993.951464,100,1720.208268,0.05247411858128266,False,False,[0.5 0.3 0.3]
1982.266198,100,1720.669608,0.02394581553173373,False,False,[0.5 0.3 0.3]
2010.642692,100,1721.146994,0.045716201216090116,False,False,[0.5 0.3 0.3]
1786.83695,100,1721.622833,0.099451085430416,False,False,[0.5 0.3 0.3]
1564.191961,100,1722.10552,0.03247526786486237,False,False,[0.5 0.3 0.3]
1119.822549,100,1722.5694,0.07337128182185308,False,False,[0.5 0.3 0.3]
1358.446467,100,1723.040993,0.11616232360919207,False,False,[0.5 0.3 0.3]
2199.387958,100,1723.52735,0.08243248406969662,False,False,[0.5 0.3 0.3]
1383.626309,100,1724.003703,0.0629353744319764,False,False,[0.5 0.3 0.3]
1760.612537,100,1724.470309,0.07034883072005382,False,False,[0.5 0.3 0.3]
1772.047532,100,1724.945537,0.05030073911098765,False,False,[0.5 0.3 0.3]
933.292923,100,1725.420229,0.037712973857028466,False,False,[0.5 0.3 0.3]
1363.28966,100,1725.894149,0.12198047684751095,False,False,[0.5 0.3 0.3]
1127.920904,100,1726.393053,0.05080093807922204,False,False,[0.5 0.3 0.3]
972.616352,100,1726.861109,0.03715074684959011,False,False,[0.5 0.3 0.3]
1787.793799,100,1727.874318,0.0935663539748162,False,False,[0.5 0.3 0.3]
1124.441547,100,1728.344968,0.0631483137646924,False,False,[0.5 0.3 0.3]
1553.702958,100,1728.801635,0.06995060751678502,False,False,[0.5 0.3 0.3]
1765.843444,100,1729.275826,0.07581970706998517,False,False,[0.5 0.3 0.3]
1149.846002,100,1729.744595,0.06273705355745315,False,False,[0.5 0.3 0.3]
1557.42844,100,1730.229201,0.05245116687965502,False,False,[0.5 0.3 0.3]
1345.847613,100,1730.698434,0.10061562025377009,False,False,[0.5 0.3 0.3]
1560.209266,100,1731.178068,0.11417277374819716,False,False,[0.5 0.3 0.3]
1139.460414,100,1731.649044,0.07325667424666628,False,False,[0.5 0.3 0.3]
1979.572704,100,1732.116628,0.09815231673967488,False,False,[0.5 0.3 0.3]
1594.740656,100,1732.579057,0.07231040956912517,False,False,[0.5 0.3 0.3]
1120.652227,100,1733.068094,0.07116537395376342,False,False,[0.5 0.3 0.3]
2226.356084,55,1733.385113,0.03649653938982438,False,True,[0.5 0.3 0.3]
1985.13924,100,1733.860314,0.05063213742425784,False,False,[0.5 0.3 0.3]
1571.111534,100,1734.325773,0.06017352272425798,False,False,[0.5 0.3 0.3]
1411.207731,100,1734.817386,0.08754225038113912,False,False,[0.5 0.3 0.3]
1772.70891,100,1735.290609,0.05352837066422267,False,False,[0.5 0.3 0.3]
1359.519049,100,1735.781929,0.09358897869366127,False,False,[0.5 0.3 0.3]
1551.575563,100,1736.248938,0.06961065511867551,False,False,[0.5 0.3 0.3]
1158.351884,100,1736.714002,0.030777054344165583,False,False,[0.5 0.3 0.3]
1558.327882,100,1737.190027,0.0655922059573065,False,False,[0.5 0.3 0.3]
1996.414779,100,1738.185515,0.05742426504224333,False,False,[0.5 0.3 0.3]
1580.902469,100,1738.650792,0.028950309828536094,False,False,[0.5 0.3 0.3]
1969.685758,100,1739.110806,0.11275288986571833,False,False,[0.5 0.3 0.3]
1371.832876,100,1739.583134,0.11009463600532386,False,False,[0.5 0.3 0.3]
1765.875975,100,1740.055357,0.0666348258508654,False,False,[0.5 0.3 0.3]
1374.215728,100,1740.524691,0.04666276170391134,False,False,[0.5 0.3 0.3]
1553.298599,100,1740.978297,0.04689844829161518,False,False,[0.5 0.3 0.3]
1965.189285,100,1741.448288,0.07693242401494386,False,False,[0.5 0.3 0.3]
723.508583,100,1741.913482,0.08396175112505172,False,False,[0.5 0.3 0.3]
730.696377,100,1742.400026,0.11589727887192428,False,False,[0.5 0.3 0.3]
1332.598775,100,1742.884671,0.09842105139661761,False,False,[0.5 0.3 0.3]
2422.79177,100,1743.342245,0.061850312773337225,False,False,[0.5 0.3 0.3]
2394.311704,100,1743.817241,0.07373959772201506,False,False,[0.5 0.3 0.3]
770.226305,100,1744.293491,0.08241231405113517,False,False,[0.5 0.3 0.3]
1153.875926,100,1744.766773,0.05995824070668436,False,False,[0.5 0.3 0.3]
1567.696924,100,1745.251655,0.0914813156620263,False,False,[0.5 0.3 0.3]
1936.597211,77,1745.640539,0.045687680807060725,False,True,[0.5 0.3 0.3]
2004.317598,100,1746.120997,0.03783912847183854,False,False,[0.5 0.3 0.3]
1544.535641,100,1746.582073,0.049522219626264574,False,False,[0.5 0.3 0.3]
1574.074478,100,1747.051711,0.09983446829412947,False,False,[0.5 0.3 0.3]
1974.360996,100,1747.521171,0.04643085976352346,False,False,[0.5 0.3 0.3]
1363.353321,100,1748.534008,0.024087925583544053,False,False,[0.5 0.3 0.3]
2210.821033,100,1749.005411,0.12602124783255297,False,False,[0.5 0.3 0.3]
1782.399823,100,1749.478056,0.05657715675011399,False,False,[0.5 0.3 0.3]
927.900035,100,1749.940955,0.1192751918217377,False,False,[0.5 0.3 0.3]
1347.665068,100,1750.399315,0.0712391026504121,False,False,[0.5 0.3 0.3]
1756.278553,100,1750.885985,0.04878394340312761,False,False,[0.5 0.3 0.3]
1379.525549,100,1751.353813,0.05666904108091137,False,False,[0.5 0.3 0.3]
1375.259862,100,1751.82748,0.09827048308294903,False,False,[0.5 0.3 0.3]
1384.101033,100,1752.285747,0.10918316934467054,False,False,[0.5 0.3 0.3]
1565.181966,100,1752.749851,0.04910295513041386,False,False,[0.5 0.3 0.3]
1570.573396,100,1753.216776,0.08233068439358865,False,False,[0.5 0.3 0.3]
1152.811034,100,1753.683242,0.05560471136816843,False,False,[0.5 0.3 0.3]
974.205691,100,1754.160399,0.1051384678082163,False,False,[0.5 0.3 0.3]
721.230792,100,1754.627759,0.14327235047423892,False,False,[0.5 0.3 0.3]
1944.964959,100,1755.102146,0.06612089087091468,False,False,[0.5 0.3 0.3]
1364.318426,100,1755.575748,0.07809380164310765,False,False,[0.5 0.3 0.3]
1607.759957,100,1756.052251,0.056816256202693226,False,False,[0.5 0.3 0.3]
1151.904544,100,1756.524321,0.06183369143923255,False,False,[0.5 0.3 0.3]
1354.949623,100,1756.99477,0.06984972551579936,False,False,[0.5 0.3 0.3]
1365.200031,100,1757.46185,0.01649613930327109,False,False,[0.5 0.3 0.3]
1363.171673,100,1758.472543,0.07252858322116451,False,False,[0.5 0.3 0.3]
1786.66394,100,1758.971424,0.04253520855736272,False,False,[0.5 0.3 0.3]
2398.774035,100,1759.431089,0.03827266175248099,False,False,[0.5 0.3 0.3]
1577.242961,100,1759.911569,0.05777952391553068,False,False,[0.5 0.3 0.3]
1537.318479,100,1760.369421,0.12913663363034664,False,False,[0.5 0.3 0.3]
2402.856114,100,1760.826511,0.1077201456080365,False,False,[0.5 0.3 0.3]
1993.044922,100,1761.289006,0.0602570525939485,False,False,[0.5 0.3 0.3]
710.618473,100,1761.769478,0.09079971593719395,False,False,[0.5 0.3 0.3]
1577.248667,100,1762.245667,0.07051957798609015,False,False,[0.5 0.3 0.3]
1356.506882,100,1762.709029,0.08767563450147349,False,False,[0.5 0.3 0.3]
1370.464594,100,1763.187057,0.15952290658416984,False,False,[0.5 0.3 0.3]
1779.137688,100,1763.657337,0.09070024312476387,False,False,[0.5 0.3 0.3]
1985.123187,100,1764.13892,0.0603211311772602,False,False,[0.5 0.3 0.3]
2395.949175,100,1764.605933,0.09536357993944364,False,False,[0.5 0.3 0.3]
1363.556083,100,1765.083161,0.06324973216331672,False,False,[0.5 0.3 0.3]
1770.659509,100,1765.569679,0.03603778362781828,False,False,[0.5 0.3 0.3]
1556.561731,100,1766.056366,0.05235074450028757,False,False,[0.5 0.3 0.3]
2223.799114,100,1766.520845,0.07650857411601951,False,False,[0.5 0.3 0.3]
1788.343868,100,1766.995818,0.024359118713915943,False,False,[0.5 0.3 0.3]
1759.104713,100,1767.455889,0.06830177342072319,False,False,[0.5 0.3 0.3]
1941.511542,100,1767.92285,0.04747161435959695,False,False,[0.5 0.3 0.3]
1149.66518,100,1768.922432,0.026243553532392144,False,False,[0.5 0.3 0.3]
1605.273154,100,1769.388202,0.10046351821678892,False,False,[0.5 0.3 0.3]
1345.020128,100,1769.8512,0.06670915519467219,False,False,[0.5 0.3 0.3]
763.501481,100,1770.320261,0.042642977677433136,False,False,[0.5 0.3 0.3]
1163.345124,100,1770.80155,0.025151514620721606,False,False,[0.5 0.3 0.3]
3223.312366,83,1771.221318,0.03608444341706758,False,True,[0.5 0.3 0.3]
1761.013519,100,1771.698351,0.08486664195951438,False,False,[0.5 0.3 0.3]
932.796066,100,1772.169664,0.022166348389877598,False,False,[0.5 0.3 0.3]
2593.076235,100,1772.634889,0.11165047175734506,False,False,[0.5 0.3 0.3]
764.44062,100,1773.113964,0.10143312458027698,False,False,[0.5 0.3 0.3]
2013.085291,100,1773.592129,0.07731443977027516,False,False,[0.5 0.3 0.3]
1998.842832,100,1774.071052,0.06287965602564649,False,False,[0.5 0.3 0.3]
766.935956,100,1774.542991,0.046620760303769895,False,False,[0.5 0.3 0.3]
1561.296455,100,1775.04506,0.07885638411598433,False,False,[0.5 0.3 0.3]
1793.449962,100,1775.521531,0.0676326724370793,False,False,[0.5 0.3 0.3]
1782.29559,100,1775.988599,0.05965643362307604,False,False,[0.5 0.3 0.3]
972.549886,100,1776.465292,0.13675439767996408,False,False,[0.5 0.3 0.3]
1370.309336,100,1776.924646,0.1227106971101918,False,False,[0.5 0.3 0.3]
1346.939891,100,1777.393157,0.08271899440433023,False,False,[0.5 0.3 0.3]
1152.406107,100,1777.864129,0.09963667775688322,False,False,[0.5 0.3 0.3]
1375.227801,100,1778.863502,0.06593757651742951,False,False,[0.5 0.3 0.3]
2419.012568,100,1779.335269,0.024063938366459592,False,False,[0.5 0.3 0.3]
1178.533541,100,1779.791726,0.0673976346786677,False,False,[0.5 0.3 0.3]
2182.735344,100,1780.263175,0.07313069394157698,False,False,[0.5 0.3 0.3]
1565.544771,100,1780.726287,0.07554280453595032,False,False,[0.5 0.3 0.3]
945.176095,100,1781.192445,0.06369418295069938,False,False,[0.5 0.3 0.3]
2186.096147,100,1781.671799,0.08330447404143067,False,False,[0.5 0.3 0.3]
1981.536266,100,1782.142197,0.038268159486185116,False,False,[0.5 0.3 0.3]
730.329529,100,1782.613878,0.060228803368783404,False,False,[0.5 0.3 0.3]
918.573667,100,1783.085618,0.05969050045643429,False,False,[0.5 0.3 0.3]
1763.315816,100,1783.58262,0.11569086497998,False,False,[0.5 0.3 0.3]
1811.836947,100,1784.054509,0.054472212523232214,False,False,[0.5 0.3 0.3]
1350.031318,100,1784.523946,0.0770585413502851,False,False,[0.5 0.3 0.3]
2213.674134,100,1784.979064,0.08212654274545035,False,False,[0.5 0.3 0.3]
1367.461177,100,1785.459189,0.09294186874462489,False,False,[0.5 0.3 0.3]
1996.405886,100,1785.92814,0.03772521342269242,False,False,[0.5 0.3 0.3]
1771.844787,100,1786.402543,0.05912561483005117,False,False,[0.5 0.3 0.3]
1587.951505,100,1786.87511,0.058641218266605406,False,False,[0.5 0.3 0.3]
975.669612,100,1787.352049,0.04539530376711778,False,False,[0.5 0.3 0.3]
1340.32311,100,1787.810482,0.09775623885962252,False,False,[0.5 0.3 0.3]
1564.822413,100,1788.285843,0.03078931909759751,False,False,[0.5 0.3 0.3]
1788.190771,100,1789.341591,0.05868615042737533,False,False,[0.5 0.3 0.3]
2587.664412,100,1789.801606,0.024554932373973916,False,False,[0.5 0.3 0.3]
1154.393602,100,1790.274943,0.029434451676038812,False,False,[0.5 0.3 0.3]
1155.448426,100,1790.742203,0.0410305115236674,False,False,[0.5 0.3 0.3]
1985.15127,100,1791.211047,0.037280142023471116,False,False,[0.5 0.3 0.3]
1175.840577,100,1791.676093,0.04076070641932967,False,False,[0.5 0.3 0.3]
1772.968521,100,1792.147612,0.1073655306325486,False,False,[0.5 0.3 0.3]
1557.898466,100,1792.62437,0.028604955465252192,False,False,[0.5 0.3 0.3]
763.242526,100,1793.093497,0.10674164352760805,False,False,[0.5 0.3 0.3]
1990.790044,100,1793.560807,0.07722638595313233,False,False,[0.5 0.3 0.3]
2376.852998,100,1794.038552,0.06412018085249456,False,False,[0.5 0.3 0.3]
524.671203,100,1794.517416,0.038543168466127584,False,False,[0.5 0.3 0.3]
2172.376088,100,1794.988216,0.06798138759456422,False,False,[0.5 0.3 0.3]
1169.076432,100,1795.455398,0.07971055771803508,False,False,[0.5 0.3 0.3]
1372.163333,100,1795.909516,0.07930844538587074,False,False,[0.5 0.3 0.3]
1525.705735,100,1796.398537,0.11825013092590728,False,False,[0.5 0.3 0.3]
1569.627492,100,1796.855815,0.03574493004219875,False,False,[0.5 0.3 0.3]
1158.272723,100,1797.340336,0.06242210649760002,False,False,[0.5 0.3 0.3]
1764.812432,100,1797.81378,0.07829626829328752,False,False,[0.5 0.3 0.3]
721.812921,100,1798.292846,0.028789692612579482,False,False,[0.5 0.3 0.3]
1989.836083,100,1799.289385,0.09637048728723592,False,False,[0.5 0.3 0.3]
1990.522243,100,1799.759,0.05038185570121174,False,False,[0.5 0.3 0.3]
1359.378831,100,1800.231268,0.03725956443635262,False,False,[0.5 0.3 0.3]
1580.42977,100,1800.714088,0.09125599901024074,False,False,[0.5 0.3 0.3]
2001.203933,100,1801.178395,0.0779685282060207,False,False,[0.5 0.3 0.3]
1592.980279,100,1801.650564,0.08142767508886793,False,False,[0.5 0.3 0.3]
715.841284,100,1802.119808,0.19866753559997707,False,False,[0.5 0.3 0.3]
1770.03134,100,1802.60207,0.04937542074052039,False,False,[0.5 0.3 0.3]
2170.577462,100,1803.064441,0.07830036243746129,False,False,[0.5 0.3 0.3]
1764.977605,100,1803.531677,0.05153680434618623,False,False,[0.5 0.3 0.3]
1362.851385,100,1803.997989,0.06013711189267444,False,False,[0.5 0.3 0.3]
1152.77366,100,1804.475779,0.05940249317381569,False,False,[0.5 0.3 0.3]
1560.900861,100,1804.925927,0.030747750968028852,False,False,[0.5 0.3 0.3]
1143.242898,100,1805.415681,0.124807119951945,False,False,[0.5 0.3 0.3]
2817.061215,100,1805.870607,0.07606378494452745,False,False,[0.5 0.3 0.3]
1739.870005,41,1806.126964,0.04107177179062342,False,True,[0.5 0.3 0.3]
2439.097967,100,1806.605015,0.02431286876277553,False,False,[0.5 0.3 0.3]
1779.69734,100,1807.065803,0.13689738295294726,False,False,[0.5 0.3 0.3]
1180.11852,100,1807.53515,0.08249221823302312,False,False,[0.5 0.3 0.3]
2413.051327,100,1808.006375,0.07204240220822732,False,False,[0.5 0.3 0.3]
2406.826852,100,1808.477963,0.0368566539229431,False,False,[0.5 0.3 0.3]
1362.335371,100,1809.492166,0.06265993160336936,False,False,[0.5 0.3 0.3]
2396.718987,100,1809.959671,0.011823542254009181,False,False,[0.5 0.3 0.3]
1383.825306,100,1810.425934,0.05417059691685708,False,False,[0.5 0.3 0.3]
2173.706441,100,1810.893707,0.1322784760957681,False,False,[0.5 0.3 0.3]
1369.635579,100,1811.363013,0.09253617563153062,False,False,[0.5 0.3 0.3]
1352.452161,100,1811.822773,0.10200345703246592,False,False,[0.5 0.3 0.3]
2686.267152,100,1812.286491,0.019403475708581197,False,True,[0.5 0.3 0.3]
564.504209,11,1812.431909,0.024790306167080948,False,True,[0.5 0.3 0.3]
2179.482681,100,1812.987069,0.11970834351845352,False,False,[0.5 0.3 0.3]
1564.731919,100,1813.458758,0.05466953010305593,False,False,[0.5 0.3 0.3]
1563.592314,100,1813.951347,0.09419191976250359,False,False,[0.5 0.3 0.3]
2200.442152,100,1814.417274,0.05261711220437518,False,False,[0.5 0.3 0.3]
1374.031781,100,1814.90253,0.06298087799534521,False,False,[0.5 0.3 0.3]
513.227988,100,1815.363186,0.13648539128283288,False,False,[0.5 0.3 0.3]
931.216772,100,1815.82359,0.16067883139297784,False,False,[0.5 0.3 0.3]
1761.492698,100,1816.283996,0.07126646319098977,False,False,[0.5 0.3 0.3]
1161.398736,100,1816.778099,0.12498737606550267,False,False,[0.5 0.3 0.3]
1158.366072,100,1817.292486,0.055535720066711286,False,False,[0.5 0.3 0.3]
1941.213195,100,1817.794228,0.02871691241626286,False,False,[0.5 0.3 0.3]
1771.564812,100,1818.299783,0.07870169216734348,False,False,[0.5 0.3 0.3]
1380.43141,100,1818.834539,0.08156918247770342,False,False,[0.5 0.3 0.3]
1365.219356,100,1819.335918,0.05029467153823115,False,False,[0.5 0.3 0.3]
1365.972265,100,1820.420051,0.03054840557206488,False,False,[0.5 0.3 0.3]
2205.229706,100,1820.942546,0.06009058710135928,False,False,[0.5 0.3 0.3]
1321.883599,100,1821.455445,0.019438499220119476,False,False,[0.5 0.3 0.3]
1183.241365,100,1821.96828,0.06767398497377033,False,False,[0.5 0.3 0.3]
1808.418955,100,1822.494569,0.15100605050508506,False,False,[0.5 0.3 0.3]
1586.337962,100,1823.014812,0.046530042626052766,False,False,[0.5 0.3 0.3]
948.001628,100,1823.531628,0.0813593729518167,False,False,[0.5 0.3 0.3]
1783.532376,100,1824.059074,0.05499852568635541,False,False,[0.5 0.3 0.3]
2382.389326,86,1824.527796,0.039448064404918756,False,True,[0.5 0.3 0.3]
1616.958942,100,1825.05484,0.03776396490840007,False,False,[0.5 0.3 0.3]
1787.245822,100,1825.56995,0.12875264000912806,False,False,[0.5 0.3 0.3]
759.451819,100,1826.071189,0.0596575927627925,False,False,[0.5 0.3 0.3]
1159.34592,100,1826.581133,0.08327842477440084,False,False,[0.5 0.3 0.3]
1356.743906,100,1827.114202,0.11382921431712771,False,False,[0.5 0.3 0.3]
1542.726045,100,1827.628188,0.05876407063600262,False,False,[0.5 0.3 0.3]
1336.175502,100,1828.145369,0.046279845688450096,False,False,[0.5 0.3 0.3]
1754.915553,100,1828.653275,0.06478592370682891,False,False,[0.5 0.3 0.3]
2412.443723,100,1829.174608,0.047030997729179305,False,False,[0.5 0.3 0.3]
1974.66475,100,1829.68781,0.12378659748566098,False,False,[0.5 0.3 0.3]
1553.513437,100,1830.191563,0.08505251669832807,False,False,[0.5 0.3 0.3]
1134.732295,100,1831.299337,0.048841066496538486,False,False,[0.5 0.3 0.3]
1159.98534,100,1831.810916,0.05765360039664361,False,False,[0.5 0.3 0.3]
1968.915296,100,1832.271705,0.15227133060975176,False,False,[0.5 0.3 0.3]
1784.046225,100,1832.747889,0.06807794863027355,False,False,[0.5 0.3 0.3]
1772.73164,100,1833.248918,0.0851053851053258,False,False,[0.5 0.3 0.3]
973.45984,100,1833.738995,0.07218615943575758,False,False,[0.5 0.3 0.3]
950.149078,100,1834.217494,0.05744276521681439,False,False,[0.5 0.3 0.3]
1365.840132,100,1834.680956,0.09824098499514537,False,False,[0.5 0.3 0.3]
1992.566616,100,1835.152299,0.03944220374429017,False,False,[0.5 0.3 0.3]
2628.942838,100,1835.611104,0.031197349520819605,False,False,[0.5 0.3 0.3]
1128.439202,100,1836.085941,0.03322020763244892,False,False,[0.5 0.3 0.3]
2600.725336,100,1836.551155,0.08827314846068393,False,False,[0.5 0.3 0.3]
1137.440651,100,1837.024143,0.1106450407966078,False,False,[0.5 0.3 0.3]
1810.011174,100,1837.493941,0.0880481638901657,False,False,[0.5 0.3 0.3]
1995.583068,100,1837.950478,0.0807466787677456,False,False,[0.5 0.3 0.3]
927.281405,100,1838.430131,0.024566319585167848,False,False,[0.5 0.3 0.3]
1988.569193,100,1838.932354,0.08823865645655768,False,False,[0.5 0.3 0.3]
1137.405807,100,1839.397918,0.06140566909333933,False,False,[0.5 0.3 0.3]
1371.454626,100,1839.85919,0.09934910800372915,False,False,[0.5 0.3 0.3]
1772.091958,100,1840.327525,0.12780703147303074,False,False,[0.5 0.3 0.3]
2338.275044,73,1840.702504,0.03985380804791765,False,True,[0.5 0.3 0.3]
931.299265,100,1841.705075,0.08143694404551002,False,False,[0.5 0.3 0.3]
3069.985811,87,1842.121456,0.03161326587905758,False,True,[0.5 0.3 0.3]
1742.715925,100,1842.587494,0.09903282102255032,False,False,[0.5 0.3 0.3]
1793.067362,100,1843.073303,0.09581625096938327,False,False,[0.5 0.3 0.3]
1151.898792,100,1843.551747,0.04964644862887218,False,False,[0.5 0.3 0.3]
1146.286528,100,1844.030715,0.0837649999345381,False,False,[0.5 0.3 0.3]
1151.946927,100,1844.500178,0.11818764717136543,False,False,[0.5 0.3 0.3]
2028.457505,100,1844.971813,0.07289173864911014,False,False,[0.5 0.3 0.3]
748.615618,100,1845.433553,0.11857942904506213,False,False,[0.5 0.3 0.3]
1973.273838,100,1845.910726,0.04773908512195839,False,False,[0.5 0.3 0.3]
1767.646093,100,1846.371687,0.0519944124836721,False,False,[0.5 0.3 0.3]
2157.145078,100,1846.839244,0.048918635852512146,False,False,[0.5 0.3 0.3]
930.463923,100,1847.323822,0.09985445674399315,False,False,[0.5 0.3 0.3]
1758.171488,100,1847.803844,0.07440651601599949,False,False,[0.5 0.3 0.3]
1359.579368,100,1848.276998,0.05226304223345412,False,False,[0.5 0.3 0.3]
1541.00313,100,1848.74298,0.08828879614758842,False,False,[0.5 0.3 0.3]
1376.155657,100,1849.206452,0.0723956033387817,False,False,[0.5 0.3 0.3]
2174.760858,100,1849.66547,0.02505832303640471,False,False,[0.5 0.3 0.3]
2202.065276,100,1850.133557,0.11533150675458638,False,False,[0.5 0.3 0.3]
2406.764702,100,1850.606103,0.056474338877117745,False,False,[0.5 0.3 0.3]
2841.698523,100,1851.085474,0.10841926324478691,False,False,[0.5 0.3 0.3]
1365.570565,100,1852.068675,0.015280976414052213,False,False,[0.5 0.3 0.3]
1395.444032,100,1852.522949,0.06396042116851398,False,False,[0.5 0.3 0.3]
1168.233337,100,1852.99794,0.04871335836982989,False,False,[0.5 0.3 0.3]
1573.003299,100,1853.469018,0.06878290358550615,False,False,[0.5 0.3 0.3]
1807.8994,100,1853.928481,0.07093038533830213,False,False,[0.5 0.3 0.3]
2193.484795,100,1854.409573,0.09267500565726892,False,False,[0.5 0.3 0.3]
979.497962,100,1854.880049,0.04737879179671496,False,False,[0.5 0.3 0.3]
1978.641747,100,1855.348419,0.04606452763432262,False,False,[0.5 0.3 0.3]
1555.327028,100,1855.83472,0.08362048010095227,False,False,[0.5 0.3 0.3]
2596.489339,100,1856.307663,0.1265024157480952,False,False,[0.5 0.3 0.3]
1800.25733,52,1856.599213,0.027729370329149353,False,True,[0.5 0.3 0.3]
1126.921899,100,1857.07071,0.056262079569867784,False,False,[0.5 0.3 0.3]
2193.415541,100,1857.549884,0.10251859991107455,False,False,[0.5 0.3 0.3]
1378.375801,100,1858.011441,0.045684444172303926,False,False,[0.5 0.3 0.3]
2400.093129,100,1858.475923,0.08876710685625422,False,False,[0.5 0.3 0.3]
1957.386122,100,1858.946186,0.05070977520674741,False,False,[0.5 0.3 0.3]
2218.925033,100,1859.42312,0.03709590446985016,False,False,[0.5 0.3 0.3]
960.154327,100,1859.89353,0.06248900855275758,False,False,[0.5 0.3 0.3]
1345.946046,100,1860.359602,0.11779982522011344,False,False,[0.5 0.3 0.3]
1788.381211,100,1860.832698,0.16990005458787544,False,False,[0.5 0.3 0.3]
1788.376195,100,1861.313589,0.05753183953933332,False,False,[0.5 0.3 0.3]
1563.433002,100,1862.375908,0.012578965207942744,False,False,[0.5 0.3 0.3]
2618.271705,100,1862.884286,0.11588552691260515,False,False,[0.5 0.3 0.3]
2326.03627,70,1863.267174,0.03429078386278467,False,True,[0.5 0.3 0.3]
1777.937353,100,1863.783071,0.04337920905222124,False,False,[0.5 0.3 0.3]
1357.59579,100,1864.312612,0.07482448871266413,False,False,[0.5 0.3 0.3]
1385.734429,100,1864.829907,0.07116385205944357,False,False,[0.5 0.3 0.3]
2187.349038,100,1865.342577,0.08691275991401523,False,False,[0.5 0.3 0.3]
1588.441046,100,1865.848439,0.09231575734526642,False,False,[0.5 0.3 0.3]
1374.553231,100,1866.370177,0.05472830327513208,False,False,[0.5 0.3 0.3]
957.208845,100,1866.873587,0.07540665024976129,False,False,[0.5 0.3 0.3]
2393.470624,100,1867.401921,0.07600312445638202,False,False,[0.5 0.3 0.3]
2602.632234,100,1867.913327,0.1712985900494758,False,False,[0.5 0.3 0.3]
2199.245161,100,1868.427413,0.060560973094645205,False,False,[0.5 0.3 0.3]
1586.778736,100,1868.95024,0.022699871216909286,False,False,[0.5 0.3 0.3]
1776.47735,100,1869.454539,0.07187610094968507,False,False,[0.5 0.3 0.3]
1379.656585,100,1869.968475,0.08851417367600088,False,False,[0.5 0.3 0.3]
1585.199118,100,1870.501674,0.08739506759428568,False,False,[0.5 0.3 0.3]
1797.748154,100,1871.015328,0.13636208198582625,False,False,[0.5 0.3 0.3]
1988.075468,100,1871.539669,0.10920049533167389,False,False,[0.5 0.3 0.3]
961.705831,100,1872.046498,0.04334647814788265,False,False,[0.5 0.3 0.3]
1145.91914,100,1873.138933,0.045022157149933975,False,False,[0.5 0.3 0.3]
1344.852461,100,1873.657042,0.05500597605812699,False,False,[0.5 0.3 0.3]
1988.628177,100,1874.178541,0.12097461269056002,False,False,[0.5 0.3 0.3]
2002.128037,100,1874.697477,0.0320311183730379,False,False,[0.5 0.3 0.3]
698.316448,100,1875.224969,0.1130489874443285,False,False,[0.5 0.3 0.3]
1377.418132,100,1875.745461,0.0389206398356929,False,False,[0.5 0.3 0.3]
1137.304559,100,1876.258824,0.05922314097489783,False,False,[0.5 0.3 0.3]
1148.583763,100,1876.772907,0.11079282628059609,False,False,[0.5 0.3 0.3]
1378.745202,100,1877.255986,0.07943776289573716,False,False,[0.5 0.3 0.3]
2206.780225,100,1877.725755,0.062278759672920854,False,False,[0.5 0.3 0.3]
1340.437079,100,1878.235348,0.05210269551289424,False,False,[0.5 0.3 0.3]
2007.651408,100,1878.742555,0.08043728264149445,False,False,[0.5 0.3 0.3]
1804.369638,100,1879.215881,0.035321491850557184,False,False,[0.5 0.3 0.3]
1365.597101,100,1879.676847,0.05090645353417418,False,False,[0.5 0.3 0.3]
1139.328617,100,1880.133357,0.06980177256121996,False,False,[0.5 0.3 0.3]
1761.548969,100,1880.607406,0.039489947797699335,False,False,[0.5 0.3 0.3]
898.411835,100,1881.097645,0.03580867919338508,False,False,[0.5 0.3 0.3]
1745.938221,100,1881.56692,0.06640670000994459,False,False,[0.5 0.3 0.3]
1984.256333,100,1882.031179,0.10543120495776273,False,False,[0.5 0.3 0.3]
2012.234972,100,1882.502443,0.059199054168410155,False,False,[0.5 0.3 0.3]
1345.792957,100,1882.959507,0.0575051897627198,False,False,[0.5 0.3 0.3]
1894.647423,70,1883.862278,0.0020673511854777168,False,True,[0.5 0.3 0.3]
1183.406344,100,1884.327905,0.045861059522539646,False,False,[0.5 0.3 0.3]
2798.830274,100,1884.790219,0.08813215942358442,False,False,[0.5 0.3 0.3]
1777.528323,100,1885.259421,0.049623679797975946,False,False,[0.5 0.3 0.3]
1550.910274,100,1885.730698,0.03668548530586831,False,False,[0.5 0.3 0.3]
2462.709985,96,1886.182703,0.043340148204921644,False,True,[0.5 0.3 0.3]
2403.18264,100,1886.6509,0.06542087184455246,False,False,[0.5 0.3 0.3]
1149.405085,100,1887.122833,0.05814321374902101,False,False,[0.5 0.3 0.3]
1363.219379,100,1887.606673,0.07073571909349488,False,False,[0.5 0.3 0.3]
1783.468921,100,1888.083444,0.06012498932890312,False,False,[0.5 0.3 0.3]
1560.454078,100,1888.549404,0.08265748152736643,False,False,[0.5 0.3 0.3]
2196.511517,100,1889.009014,0.03701570194851887,False,False,[0.5 0.3 0.3]
2214.209437,100,1889.50502,0.03470566566885207,False,False,[0.5 0.3 0.3]
1569.632375,100,1889.987783,0.04877107088168261,False,False,[0.5 0.3 0.3]
1967.371578,100,1890.4467,0.07871357683849323,False,False,[0.5 0.3 0.3]
1811.884281,100,1890.913389,0.03456947622247408,False,False,[0.5 0.3 0.3]
1544.65526,100,1891.388244,0.054084359087572295,False,False,[0.5 0.3 0.3]
1159.602799,100,1891.859644,0.08121226899431828,False,False,[0.5 0.3 0.3]
1116.135306,100,1892.334266,0.022274411923845976,False,False,[0.5 0.3 0.3]
2413.197947,100,1892.799622,0.05774855759649145,False,False,[0.5 0.3 0.3]
2416.557847,100,1893.258557,0.03387333435057284,False,False,[0.5 0.3 0.3]
1155.25191,100,1894.258087,0.08801169667945995,False,False,[0.5 0.3 0.3]
2208.203576,100,1894.732494,0.12401892450180065,False,False,[0.5 0.3 0.3]
2197.014402,100,1895.200562,0.07169542708250444,False,False,[0.5 0.3 0.3]
1367.45233,100,1895.665863,0.0560847777284358,False,False,[0.5 0.3 0.3]
1567.048712,100,1896.140265,0.02986281815651448,False,False,[0.5 0.3 0.3]
948.76404,100,1896.61065,0.11088740595089344,False,False,[0.5 0.3 0.3]
2484.624097,99,1897.083161,0.03468327693219648,False,True,[0.5 0.3 0.3]
1561.841067,100,1897.553803,0.1921379421719513,False,False,[0.5 0.3 0.3]
1759.738335,100,1898.046777,0.09115638400298211,False,False,[0.5 0.3 0.3]
2199.020282,100,1898.505407,0.029931475969526146,False,False,[0.5 0.3 0.3]
2398.796094,100,1898.969237,0.06499847479789686,False,False,[0.5 0.3 0.3]
2198.129687,100,1899.437808,0.1188198448324106,False,False,[0.5 0.3 0.3]
1556.032854,100,1899.909428,0.0632331139454957,False,False,[0.5 0.3 0.3]
961.52621,100,1900.380761,0.10080479910678937,False,False,[0.5 0.3 0.3]
540.856476,100,1900.849647,0.06514254896470643,False,False,[0.5 0.3 0.3]
2396.264761,100,1901.321959,0.06978417814695745,False,False,[0.5 0.3 0.3]
1576.172128,100,1901.790455,0.019974343818642496,False,False,[0.5 0.3 0.3]
2446.286598,95,1902.241266,0.02137711324789543,False,True,[0.5 0.3 0.3]
1407.358484,100,1902.71162,0.06271434251191052,False,False,[0.5 0.3 0.3]
2206.5356,100,1903.162897,0.1298874364817189,False,False,[0.5 0.3 0.3]
731.030135,100,1904.162598,0.04979443811829435,False,False,[0.5 0.3 0.3]
957.633658,100,1904.635084,0.03520048496365737,False,False,[0.5 0.3 0.3]
2011.264009,100,1905.103515,0.06694877158455965,False,False,[0.5 0.3 0.3]
195.303865,18,1905.274245,0.21494981512730854,True,False,[0.5 0.3 0.3]
1169.758958,100,1905.838395,0.0674665375485783,False,False,[0.5 0.3 0.3]
953.531306,100,1906.317541,0.0723451061228744,False,False,[0.5 0.3 0.3]
1802.997348,100,1906.810961,0.05560203889951362,False,False,[0.5 0.3 0.3]
1137.133207,100,1907.334592,0.059751435493618846,False,False,[0.5 0.3 0.3]
942.658986,100,1907.851698,0.06936823579485696,False,False,[0.5 0.3 0.3]
2012.759264,100,1908.371932,0.06212948448580704,False,False,[0.5 0.3 0.3]
2190.362165,100,1908.895833,0.09403200682486977,False,False,[0.5 0.3 0.3]
2017.567773,100,1909.418306,0.07158375334713338,False,False,[0.5 0.3 0.3]
3039.205682,100,1909.943492,0.12488249728315333,False,False,[0.5 0.3 0.3]
2196.109087,100,1910.450638,0.0471589758098192,False,False,[0.5 0.3 0.3]
1163.913986,100,1910.956626,0.05461303227455151,False,False,[0.5 0.3 0.3]
1373.326331,100,1911.45787,0.03880979578151892,False,False,[0.5 0.3 0.3]
1363.182786,100,1911.962739,0.07016060452727568,False,False,[0.5 0.3 0.3]
1352.373991,100,1912.497907,0.1339890024895909,False,False,[0.5 0.3 0.3]
2198.160451,100,1913.016215,0.05924063094664869,False,False,[0.5 0.3 0.3]
1988.075461,100,1913.533454,0.037158010146237375,False,False,[0.5 0.3 0.3]
1389.894581,100,1914.061233,0.0792394354912213,False,False,[0.5 0.3 0.3]
1341.827019,100,1915.176694,0.05295647895171248,False,False,[0.5 0.3 0.3]
914.988819,100,1915.704022,0.07570068505792138,False,False,[0.5 0.3 0.3]
1794.568727,100,1916.226166,0.07478274404448998,False,False,[0.5 0.3 0.3]
1366.204704,100,1916.736257,0.12619401051218954,False,False,[0.5 0.3 0.3]
1558.951778,100,1917.2349,0.113117589316174,False,False,[0.5 0.3 0.3]
1389.525447,100,1917.750462,0.02887120822041957,False,False,[0.5 0.3 0.3]
1138.385473,100,1918.270399,0.03748823463823126,False,False,[0.5 0.3 0.3]
1767.184097,100,1918.78837,0.10922717938324224,False,False,[0.5 0.3 0.3]
1974.550534,100,1919.298704,0.05731490286611716,False,False,[0.5 0.3 0.3]
971.614732,100,1919.818318,0.17837252646072782,False,False,[0.5 0.3 0.3]
2029.244139,100,1920.351006,0.10314695210698664,False,False,[0.5 0.3 0.3]
1377.72393,100,1920.871359,0.05360181850082186,False,False,[0.5 0.3 0.3]
1359.973454,100,1921.383131,0.10463947078889524,False,False,[0.5 0.3 0.3]
1576.120768,100,1921.89342,0.09909463184435097,False,False,[0.5 0.3 0.3]
2598.510337,100,1922.398585,0.046269042976911666,False,False,[0.5 0.3 0.3]
947.49704,100,1922.891318,0.1311813339049519,False,False,[0.5 0.3 0.3]
1353.916375,100,1923.359809,0.04555575060630267,False,False,[0.5 0.3 0.3]
1771.159161,100,1923.828808,0.02839622929983027,False,False,[0.5 0.3 0.3]
957.154204,100,1924.292846,0.06763423980216329,False,False,[0.5 0.3 0.3]
2419.076287,100,1924.757972,0.0757909014248699,False,False,[0.5 0.3 0.3]
2026.054417,100,1925.226613,0.025198434886279753,False,False,[0.5 0.3 0.3]
1813.715213,100,1926.230271,0.10934011823251097,False,False,[0.5 0.3 0.3]
1343.761422,100,1926.687361,0.06756797426921762,False,False,[0.5 0.3 0.3]
943.957887,100,1927.137174,0.04906753929766484,False,False,[0.5 0.3 0.3]
1968.343871,100,1927.609423,0.0377112632097938,False,False,[0.5 0.3 0.3]
1369.429868,100,1928.08781,0.05241055164635904,False,False,[0.5 0.3 0.3]
2445.581731,92,1928.550842,0.030918602837208972,False,True,[0.5 0.3 0.3]
1364.914178,100,1929.023554,0.1104587889864634,False,False,[0.5 0.3 0.3]
1582.064131,100,1929.500147,0.07027821340971861,False,False,[0.5 0.3 0.3]
1164.797969,100,1929.967564,0.09634112490603268,False,False,[0.5 0.3 0.3]
1544.726899,100,1930.440266,0.1242549816131792,False,False,[0.5 0.3 0.3]
1974.107465,100,1930.89388,0.07892394749567065,False,False,[0.5 0.3 0.3]
1408.774058,100,1931.388989,0.04985242583094352,False,False,[0.5 0.3 0.3]
1353.267484,100,1931.848261,0.1433832773607594,False,False,[0.5 0.3 0.3]
1765.531384,100,1932.329591,0.10891247431855185,False,False,[0.5 0.3 0.3]
1765.624807,100,1932.777424,0.12958131738947914,False,False,[0.5 0.3 0.3]
2803.927882,100,1933.242145,0.1400866327170385,False,False,[0.5 0.3 0.3]
1344.212166,100,1933.708413,0.1079079749504463,False,False,[0.5 0.3 0.3]
1551.685836,100,1934.181607,0.0806328630644396,False,False,[0.5 0.3 0.3]
1164.637149,100,1934.639224,0.0787393877999378,False,False,[0.5 0.3 0.3]
1529.147609,100,1935.11248,0.08070062603207317,False,False,[0.5 0.3 0.3]
1964.655641,100,1935.571251,0.08564578065100044,False,False,[0.5 0.3 0.3]
1451.423283,22,1936.292301,0.04247755337814635,False,True,[0.5 0.3 0.3]
1386.645294,100,1936.768786,0.029179752369688422,False,False,[0.5 0.3 0.3]
2379.521583,100,1937.241398,0.043641172993003755,False,False,[0.5 0.3 0.3]
1630.537075,100,1937.722106,0.053198806136452975,False,False,[0.5 0.3 0.3]
1166.893665,100,1938.196924,0.05142118084459366,False,False,[0.5 0.3 0.3]
1368.871591,100,1938.663654,0.11246846947620169,False,False,[0.5 0.3 0.3]
1155.895923,100,1939.146341,0.045711877247139855,False,False,[0.5 0.3 0.3]
2206.591132,100,1939.644968,0.09862639686360013,False,False,[0.5 0.3 0.3]
1582.569302,100,1940.123808,0.08864216603504593,False,False,[0.5 0.3 0.3]
2586.568154,100,1940.587147,0.05397642232573107,False,False,[0.5 0.3 0.3]
2157.628434,100,1941.063202,0.04694704892093118,False,False,[0.5 0.3 0.3]
1805.194952,100,1941.53129,0.07799956201262032,False,False,[0.5 0.3 0.3]
2835.181969,100,1941.992348,0.06435440230849389,False,False,[0.5 0.3 0.3]
1777.082467,100,1942.465913,0.12434652361491498,False,False,[0.5 0.3 0.3]
-56.427718,9,1942.603226,0.23532857599201187,True,False,[0.5 0.3 0.3]
1952.743381,100,1943.169948,0.06365064299932939,False,False,[0.5 0.3 0.3]
1368.54435,100,1943.632399,0.08825563125556254,False,False,[0.5 0.3 0.3]
1163.82372,100,1944.105043,0.06603041655299043,False,False,[0.5 0.3 0.3]
2195.90049,100,1944.573997,0.06234029351509301,False,False,[0.5 0.3 0.3]
2213.733504,100,1945.041244,0.016841241161585068,False,False,[0.5 0.3 0.3]
964.382848,100,1945.51361,0.07495006868080058,False,False,[0.5 0.3 0.3]
2607.20425,100,1945.975327,0.06811473032647242,False,False,[0.5 0.3 0.3]
1611.91821,100,1946.972268,0.07420469060724429,False,False,[0.5 0.3 0.3]
1183.278036,100,1947.428185,0.03213148751766662,False,False,[0.5 0.3 0.3]
1779.468621,100,1947.900366,0.027585736122880383,False,False,[0.5 0.3 0.3]
1770.232991,100,1948.380017,0.0757064133170572,False,False,[0.5 0.3 0.3]
1965.107444,100,1948.843983,0.03685747904373385,False,False,[0.5 0.3 0.3]
1758.286587,41,1949.102973,0.0327614996933222,False,True,[0.5 0.3 0.3]
1129.50563,100,1949.561405,0.0820668051652941,False,False,[0.5 0.3 0.3]
1166.856506,100,1950.029017,0.04031673830747919,False,False,[0.5 0.3 0.3]
1131.312666,100,1950.493766,0.03753064418255891,False,False,[0.5 0.3 0.3]
1556.882583,100,1950.941444,0.03876380238445151,False,False,[0.5 0.3 0.3]
1566.221741,100,1951.41035,0.01846042626198147,False,False,[0.5 0.3 0.3]
1372.288424,100,1951.901539,0.04249569693608652,False,False,[0.5 0.3 0.3]
2177.092144,100,1952.441556,0.03542517079832581,False,False,[0.5 0.3 0.3]
1973.149438,100,1952.957118,0.13202046681990895,False,False,[0.5 0.3 0.3]
1354.724751,100,1953.466068,0.11644124858838059,False,False,[0.5 0.3 0.3]
1585.649087,100,1953.975715,0.07890428654220037,False,False,[0.5 0.3 0.3]
2387.573564,100,1954.507949,0.12775743692468014,False,False,[0.5 0.3 0.3]
737.003028,100,1955.016972,0.11984764182894543,False,False,[0.5 0.3 0.3]
1585.502607,100,1955.543772,0.011072490752692893,False,False,[0.5 0.3 0.3]
1990.66026,100,1956.061514,0.10994102475756194,False,False,[0.5 0.3 0.3]
1161.622106,100,1956.578464,0.05652110718013905,False,False,[0.5 0.3 0.3]
1527.896337,100,1957.651241,0.1068648243434255,False,False,[0.5 0.3 0.3]
1348.255364,100,1958.137821,0.052314904317526695,False,False,[0.5 0.3 0.3]
1376.080952,100,1958.629466,0.09988303532664444,False,False,[0.5 0.3 0.3]
1346.436962,100,1959.146093,0.0956767052444322,False,False,[0.5 0.3 0.3]
1946.200977,100,1959.657234,0.12574173585435358,False,False,[0.5 0.3 0.3]
2193.871155,100,1960.171371,0.051042303334472364,False,False,[0.5 0.3 0.3]
1798.160659,100,1960.676838,0.09393045769750012,False,False,[0.5 0.3 0.3]
1560.397192,100,1961.219117,0.04994116637570649,False,False,[0.5 0.3 0.3]
1593.317314,100,1961.743513,0.047901683953558205,False,False,[0.5 0.3 0.3]
1351.947318,100,1962.253721,0.11757613372652018,False,False,[0.5 0.3 0.3]
2200.257211,100,1962.765167,0.0582961049494588,False,False,[0.5 0.3 0.3]
1601.834678,100,1963.282229,0.07984371231740348,False,False,[0.5 0.3 0.3]
1796.828914,100,1963.794073,0.04608062945468791,False,False,[0.5 0.3 0.3]
1557.88193,100,1964.307608,0.06368210994977765,False,False,[0.5 0.3 0.3]
1781.626997,100,1964.817101,0.08009674732209465,False,False,[0.5 0.3 0.3]
1775.957742,100,1965.323131,0.07754995230757204,False,False,[0.5 0.3 0.3]
1593.58751,100,1965.826047,0.033597460563644085,False,False,[0.5 0.3 0.3]
1553.293924,100,1966.345709,0.05916267409509245,False,False,[0.5 0.3 0.3]
1761.440603,100,1966.856971,0.060299768488796805,False,False,[0.5 0.3 0.3]
1787.665526,100,1967.308702,0.09192803379724034,False,False,[0.5 0.3 0.3]
1551.251532,100,1968.33649,0.08348576000301773,False,False,[0.5 0.3 0.3]
1556.02847,100,1968.837421,0.08274991639575338,False,False,[0.5 0.3 0.3]
940.704792,100,1969.318025,0.0470555624057369,False,False,[0.5 0.3 0.3]
1152.172723,100,1969.812056,0.11572903234279457,False,False,[0.5 0.3 0.3]
1800.50942,100,1970.267966,0.033328196677389205,False,False,[0.5 0.3 0.3]
1585.381361,100,1970.741675,0.049108443653380254,False,False,[0.5 0.3 0.3]
1775.563673,100,1971.219057,0.034904798874412314,False,False,[0.5 0.3 0.3]
1578.731698,100,1971.688648,0.10384563904829529,False,False,[0.5 0.3 0.3]
1533.139349,100,1972.149642,0.05015963396932322,False,False,[0.5 0.3 0.3]
1992.012645,100,1972.611094,0.03912188560562692,False,False,[0.5 0.3 0.3]
948.831247,100,1973.070167,0.10061214597628086,False,False,[0.5 0.3 0.3]
1323.349257,100,1973.548226,0.04967848230091311,False,False,[0.5 0.3 0.3]
1378.527079,100,1974.016656,0.05155225741709909,False,False,[0.5 0.3 0.3]
1987.887906,100,1974.483076,0.06066846543937387,False,False,[0.5 0.3 0.3]
1797.227572,100,1974.952769,0.0408222065139091,False,False,[0.5 0.3 0.3]
2757.973364,76,1975.322045,0.02147924368350982,False,True,[0.5 0.3 0.3]
2171.281082,100,1975.781307,0.09915042372264782,False,False,[0.5 0.3 0.3]
2596.874898,100,1976.258254,0.045643058116892385,False,False,[0.5 0.3 0.3]
1757.834423,100,1976.717824,0.13033778506464408,False,False,[0.5 0.3 0.3]
2212.90536,100,1977.192553,0.04797601110968866,False,False,[0.5 0.3 0.3]
1829.751767,100,1977.669037,0.09143760720120357,False,False,[0.5 0.3 0.3]
1945.474057,100,1978.691296,0.037039271977893945,False,False,[0.5 0.3 0.3]
1767.311138,100,1979.161637,0.05611902509880996,False,False,[0.5 0.3 0.3]
2403.782313,100,1979.628931,0.10060721544433682,False,False,[0.5 0.3 0.3]
1147.162336,100,1980.09402,0.10015961887260981,False,False,[0.5 0.3 0.3]
1972.212647,100,1980.575249,0.030811205375395553,False,False,[0.5 0.3 0.3]
1971.771179,100,1981.050529,0.11798336807331873,False,False,[0.5 0.3 0.3]
1988.349448,100,1981.516649,0.056558393306921646,False,False,[0.5 0.3 0.3]
1740.418768,38,1981.759747,0.023641683913394027,False,True,[0.5 0.3 0.3]
1354.441284,100,1982.229945,0.16150708039996872,False,False,[0.5 0.3 0.3]
1807.058104,100,1982.707503,0.05269313709261805,False,False,[0.5 0.3 0.3]
1144.095275,100,1983.194752,0.06460730357683722,False,False,[0.5 0.3 0.3]
1575.809755,100,1983.654746,0.08186267675897628,False,False,[0.5 0.3 0.3]
1398.080546,100,1984.121395,0.057340206557280796,False,False,[0.5 0.3 0.3]
2199.073734,100,1984.594168,0.09268033462487155,False,False,[0.5 0.3 0.3]
1605.687248,100,1985.064136,0.03156938290977104,False,False,[0.5 0.3 0.3]
1133.820996,100,1985.513908,0.07102806104287715,False,False,[0.5 0.3 0.3]
2057.645165,96,1985.965805,0.04783342297656164,False,True,[0.5 0.3 0.3]
1572.414857,100,1986.466914,0.06059785410053467,False,False,[0.5 0.3 0.3]
1758.437051,100,1986.94114,0.09130929986941883,False,False,[0.5 0.3 0.3]
1598.008741,100,1987.403215,0.04998805991550349,False,False,[0.5 0.3 0.3]
1188.041369,100,1987.865132,0.12883235527559184,False,False,[0.5 0.3 0.3]
1167.280981,100,1988.852727,0.06620315561637377,False,False,[0.5 0.3 0.3]
1781.495987,100,1989.338726,0.06769167303498369,False,False,[0.5 0.3 0.3]
1388.470335,100,1989.800719,0.08041336493168944,False,False,[0.5 0.3 0.3]
2004.236079,100,1990.262625,0.04814639128524877,False,False,[0.5 0.3 0.3]
1138.523,100,1990.731255,0.07985230325875814,False,False,[0.5 0.3 0.3]
2388.661494,100,1991.211898,0.05383110944167274,False,False,[0.5 0.3 0.3]
1977.209555,100,1991.687698,0.058635320482491975,False,False,[0.5 0.3 0.3]
3255.570226,100,1992.158906,0.04037449301648393,False,False,[0.5 0.3 0.3]
2599.154006,100,1992.618432,0.030092304046534037,False,False,[0.5 0.3 0.3]
902.143323,100,1993.08432,0.05925223282734194,False,False,[0.5 0.3 0.3]
1585.506468,100,1993.54701,0.06222037209681883,False,False,[0.5 0.3 0.3]
1349.30554,100,1994.018968,0.09654688669268208,False,False,[0.5 0.3 0.3]
1577.081897,100,1994.487083,0.05359490531366501,False,False,[0.5 0.3 0.3]
1974.826286,100,1994.989405,0.07585444400694479,False,False,[0.5 0.3 0.3]
1578.261329,100,1995.471474,0.028014920652277037,False,False,[0.5 0.3 0.3]
1737.335972,35,1995.699026,0.009457232746888578,False,True,[0.5 0.3 0.3]
1787.09515,100,1996.166357,0.02451248977964751,False,False,[0.5 0.3 0.3]
2209.10529,100,1996.626165,0.1224234668183247,False,False,[0.5 0.3 0.3]
3068.431717,100,1997.101466,0.0929153641656993,False,False,[0.5 0.3 0.3]
1169.350385,100,1997.560424,0.04250366383956856,False,False,[0.5 0.3 0.3]
1332.775102,100,1998.036498,0.08818392768373348,False,False,[0.5 0.3 0.3]
1736.303575,100,1999.009862,0.06847599992715554,False,False,[0.5 0.3 0.3]
1365.80499,100,1999.479738,0.08974990956476628,False,False,[0.5 0.3 0.3]
1170.167014,100,1999.948656,0.058375068639261785,False,False,[0.5 0.3 0.3]
1786.420485,100,2000.414671,0.012528611552958663,False,False,[0.5 0.3 0.3]
1792.917446,100,2000.889843,0.11983449406759826,False,False,[0.5 0.3 0.3]
1980.709247,100,2001.365087,0.08354017839204812,False,False,[0.5 0.3 0.3]
2598.781667,100,2001.829411,0.08095001865910449,False,False,[0.5 0.3 0.3]
1978.417063,100,2002.298223,0.04226677352261334,False,False,[0.5 0.3 0.3]
1171.16145,100,2002.770383,0.1143058063629499,False,False,[0.5 0.3 0.3]
1598.989949,100,2003.23741,0.04890707297467314,False,False,[0.5 0.3 0.3]
1362.938915,100,2003.689784,0.08484887455898936,False,False,[0.5 0.3 0.3]
1378.861852,100,2004.164908,0.023805060267921858,False,False,[0.5 0.3 0.3]
1984.401327,100,2004.638142,0.029116458555072933,False,False,[0.5 0.3 0.3]
1760.89773,100,2005.103778,0.0781609051569547,False,False,[0.5 0.3 0.3]
2189.592311,100,2005.585493,0.061235672378928796,False,False,[0.5 0.3 0.3]
931.023829,100,2006.047242,0.07159336397208534,False,False,[0.5 0.3 0.3]
1784.315783,100,2006.528314,0.07940736167792284,False,False,[0.5 0.3 0.3]
2607.674277,91,2006.963418,0.024495718515431274,False,True,[0.5 0.3 0.3]
1410.672144,100,2007.443121,0.0642002471693492,False,False,[0.5 0.3 0.3]
1608.171882,100,2007.91019,0.0966379355361554,False,False,[0.5 0.3 0.3]
1344.385789,100,2008.37592,0.05852113734702739,False,False,[0.5 0.3 0.3]
1851.874812,61,2009.215225,0.021116285159184102,False,True,[0.5 0.3 0.3]
1573.331083,100,2009.696503,0.059743797514343715,False,False,[0.5 0.3 0.3]
1760.860239,100,2010.155409,0.059197453868977845,False,False,[0.5 0.3 0.3]
1363.571614,100,2010.61446,0.13761059586640076,False,False,[0.5 0.3 0.3]
1982.612141,100,2011.091995,0.05175514750845235,False,False,[0.5 0.3 0.3]
2399.206007,100,2011.563787,0.05690396312771905,False,False,[0.5 0.3 0.3]
1567.752266,100,2012.041744,0.09679820778536952,False,False,[0.5 0.3 0.3]
1377.018453,100,2012.523206,0.03158229861513207,False,False,[0.5 0.3 0.3]
2076.632943,65,2012.851688,0.023092197075425733,False,True,[0.5 0.3 0.3]
542.698506,8,2012.985719,0.014730232395507513,False,True,[0.5 0.3 0.3]
1341.338231,100,2013.461945,0.062193313981026004,False,False,[0.5 0.3 0.3]
2003.367402,100,2013.930149,0.10728582643134932,False,False,[0.5 0.3 0.3]
1337.428415,100,2014.397139,0.12430020802145879,False,False,[0.5 0.3 0.3]
1767.356451,100,2014.855346,0.009930387324487143,False,False,[0.5 0.3 0.3]
2549.768627,77,2015.245244,0.02257438077828395,False,True,[0.5 0.3 0.3]
571.083454,14,2015.404821,0.04756455282624429,False,True,[0.5 0.3 0.3]
1797.939518,100,2015.868635,0.024487879141858335,False,False,[0.5 0.3 0.3]
2200.181011,100,2016.333056,0.025230201602116302,False,False,[0.5 0.3 0.3]
2179.176269,100,2016.797282,0.07972466824924035,False,False,[0.5 0.3 0.3]
1748.911818,100,2017.266567,0.08596624697004371,False,False,[0.5 0.3 0.3]
1338.044354,100,2017.746551,0.04987046114254064,False,False,[0.5 0.3 0.3]
2815.44244,100,2018.215741,0.08767605731516445,False,False,[0.5 0.3 0.3]
1377.969735,100,2018.672636,0.056589035011168354,False,False,[0.5 0.3 0.3]
2841.455322,100,2019.65599,0.03635746504078392,False,False,[0.5 0.3 0.3]
1148.187627,100,2020.137147,0.030581991371502713,False,False,[0.5 0.3 0.3]
1820.057634,100,2020.595969,0.13798551413540575,False,False,[0.5 0.3 0.3]
1981.76796,100,2021.083576,0.07010036708614638,False,False,[0.5 0.3 0.3]
1577.21553,100,2021.544084,0.08362683692279267,False,False,[0.5 0.3 0.3]
1807.453458,100,2022.010467,0.07625094211940336,False,False,[0.5 0.3 0.3]
957.504497,100,2022.476003,0.10306139791451598,False,False,[0.5 0.3 0.3]
2599.999723,100,2022.939027,0.064282392700851,False,False,[0.5 0.3 0.3]
1760.323918,100,2023.415824,0.03172504175319727,False,False,[0.5 0.3 0.3]
1339.222783,100,2023.887273,0.07033677993626102,False,False,[0.5 0.3 0.3]
1985.623465,100,2024.360132,0.17092557285009788,False,False,[0.5 0.3 0.3]
1377.63468,100,2024.824333,0.10769214621899856,False,False,[0.5 0.3 0.3]
1787.389071,100,2025.282976,0.04599515353185776,False,False,[0.5 0.3 0.3]
1559.157117,100,2025.760099,0.08189693960054607,False,False,[0.5 0.3 0.3]
2358.345469,81,2026.164082,0.04396058813457404,False,True,[0.5 0.3 0.3]
2236.45912,100,2026.614256,0.05381348068654401,False,False,[0.5 0.3 0.3]
2806.334203,100,2027.083231,0.048725829739536354,False,False,[0.5 0.3 0.3]
1984.704284,100,2027.549199,0.04875615519939688,False,False,[0.5 0.3 0.3]
3647.413088,100,2028.00667,0.03240697535280342,False,False,[0.5 0.3 0.3]
1563.169295,100,2028.478,0.09732207247349636,False,False,[0.5 0.3 0.3]
2187.92977,100,2028.946972,0.043111659040460173,False,False,[0.5 0.3 0.3]
1986.72129,100,2029.931732,0.10445285902338754,False,False,[0.5 0.3 0.3]
1356.511103,100,2030.394269,0.018250388690548593,False,False,[0.5 0.3 0.3]
1774.976742,100,2030.861803,0.08624189439721786,False,False,[0.5 0.3 0.3]
1141.87762,100,2031.335861,0.07459925912342318,False,False,[0.5 0.3 0.3]
1546.995006,100,2031.798294,0.08482879908416542,False,False,[0.5 0.3 0.3]
1556.814877,100,2032.272027,0.08524176138601568,False,False,[0.5 0.3 0.3]
1383.197779,100,2032.752356,0.06229523035179481,False,False,[0.5 0.3 0.3]
1591.051296,100,2033.230501,0.0711562418978897,False,False,[0.5 0.3 0.3]
738.925053,100,2033.695836,0.030838501877339247,False,False,[0.5 0.3 0.3]
951.676781,100,2034.161247,0.09883080620503841,False,False,[0.5 0.3 0.3]
1981.557475,100,2034.631232,0.10051655309009355,False,False,[0.5 0.3 0.3]
1138.240286,100,2035.089579,0.10735449712682095,False,False,[0.5 0.3 0.3]
2390.714321,100,2035.548309,0.12777030133595776,False,False,[0.5 0.3 0.3]
2186.569519,100,2036.028529,0.06458793520653358,False,False,[0.5 0.3 0.3]
2164.131394,100,2036.51483,0.09209444996871527,False,False,[0.5 0.3 0.3]
1340.997224,100,2036.974284,0.09086511869121365,False,False,[0.5 0.3 0.3]
1786.292854,100,2037.452633,0.043903724920257646,False,False,[0.5 0.3 0.3]
1356.637031,100,2037.932433,0.08224957769111631,False,False,[0.5 0.3 0.3]
2356.053012,76,2038.312918,0.031024006053946902,False,True,[0.5 0.3 0.3]
2423.873341,100,2038.764355,0.015680802653149358,False,False,[0.5 0.3 0.3]
2371.974764,100,2039.726771,0.08961732266993785,False,False,[0.5 0.3 0.3]
1136.609451,100,2040.201128,0.03931737509674039,False,False,[0.5 0.3 0.3]
2405.338281,100,2040.663939,0.037087034218935014,False,False,[0.5 0.3 0.3]
1359.108969,100,2041.127484,0.057917109402701686,False,False,[0.5 0.3 0.3]
1563.49519,100,2041.58739,0.05698541725796397,False,False,[0.5 0.3 0.3]
938.510102,100,2042.050253,0.09095421071806473,False,False,[0.5 0.3 0.3]
2398.654969,100,2042.524221,0.03417913778787757,False,False,[0.5 0.3 0.3]
1959.822875,100,2042.986568,0.04408810154532564,False,False,[0.5 0.3 0.3]
1575.218356,100,2043.460526,0.10082653425527001,False,False,[0.5 0.3 0.3]
1370.447191,100,2043.920424,0.1133455097387392,False,False,[0.5 0.3 0.3]
1582.983985,100,2044.423175,0.04437201007097081,False,False,[0.5 0.3 0.3]
1357.358147,100,2044.882374,0.07576999933145562,False,False,[0.5 0.3 0.3]
2172.852363,100,2045.355157,0.10617222888546814,False,False,[0.5 0.3 0.3]
961.376245,100,2045.826259,0.04218348312958868,False,False,[0.5 0.3 0.3]
1968.830509,100,2046.29382,0.043360525872786,False,False,[0.5 0.3 0.3]
2218.608758,100,2046.761716,0.14321453276284882,False,False,[0.5 0.3 0.3]
1983.865461,100,2047.241575,0.03774646608024774,False,False,[0.5 0.3 0.3]
1580.026994,100,2047.706021,0.013102552439771395,False,False,[0.5 0.3 0.3]
1142.652302,100,2048.177229,0.10381632931725739,False,False,[0.5 0.3 0.3]
762.867678,100,2048.644336,0.06381861318898521,False,False,[0.5 0.3 0.3]
941.335553,100,2049.111236,0.10068050920965442,False,False,[0.5 0.3 0.3]
1561.54689,100,2050.072265,0.10159284047186828,False,False,[0.5 0.3 0.3]
1991.996652,100,2050.542714,0.08326261737526745,False,False,[0.5 0.3 0.3]
720.864083,100,2051.021418,0.1394073577011898,False,False,[0.5 0.3 0.3]
1338.251304,100,2051.493993,0.014409839031090253,False,False,[0.5 0.3 0.3]
1591.443384,100,2051.975705,0.0321473702265981,False,False,[0.5 0.3 0.3]
1356.238319,100,2052.44015,0.0744594191612769,False,False,[0.5 0.3 0.3]
1982.65474,100,2052.925785,0.09948938945211405,False,False,[0.5 0.3 0.3]
2132.65246,72,2053.300648,0.03416829720279105,False,True,[0.5 0.3 0.3]
1985.017195,100,2053.776498,0.06811806972585781,False,False,[0.5 0.3 0.3]
17.109034,21,2053.958336,0.23545414360497274,True,False,[0.5 0.3 0.3]
373.672839,100,2054.430063,0.027269299048185553,False,False,[0.5 0.3 0.3]
2172.610009,44,2054.698512,0.03665237524546352,False,True,[0.5 0.3 0.3]
2393.668585,100,2055.157038,0.12253440672142948,False,False,[0.5 0.3 0.3]
1359.819691,100,2055.629188,0.12080189597649206,False,False,[0.5 0.3 0.3]
1341.31177,100,2056.101969,0.06256166279578058,False,False,[0.5 0.3 0.3]
1363.313734,100,2056.571028,0.04688992780106026,False,False,[0.5 0.3 0.3]
2811.004251,100,2057.042641,0.10993480568477355,False,False,[0.5 0.3 0.3]
1755.258562,100,2057.505891,0.0682148477325468,False,False,[0.5 0.3 0.3]
1393.99935,100,2057.963798,0.03840767079897167,False,False,[0.5 0.3 0.3]
1356.471821,100,2058.435671,0.1481558602365283,False,False,[0.5 0.3 0.3]
2181.754762,100,2058.892467,0.04587622378868908,False,False,[0.5 0.3 0.3]
2599.526953,100,2059.371911,0.023375596551972768,False,False,[0.5 0.3 0.3]
1136.99584,100,2060.387808,0.07991329476564696,False,False,[0.5 0.3 0.3]
951.148422,100,2060.887028,0.04944326810614922,False,False,[0.5 0.3 0.3]
1766.081745,100,2061.355387,0.040849247200678354,False,False,[0.5 0.3 0.3]
1574.79596,100,2061.827843,0.007530374278179668,False,False,[0.5 0.3 0.3]
1386.045487,100,2062.302436,0.030394786646343205,False,False,[0.5 0.3 0.3]
1580.018155,100,2062.763242,0.09642451033189324,False,False,[0.5 0.3 0.3]
1369.79609,100,2063.244984,0.07758453788662246,False,False,[0.5 0.3 0.3]
2800.880406,100,2063.713712,0.06726751975877968,False,False,[0.5 0.3 0.3]
1335.193202,100,2064.199131,0.014236937623583037,False,False,[0.5 0.3 0.3]
2014.550211,100,2064.66466,0.041263411556591016,False,False,[0.5 0.3 0.3]
1163.232669,100,2065.123291,0.07768614652600929,False,False,[0.5 0.3 0.3]
1747.360542,100,2065.577873,0.04636838416262532,False,False,[0.5 0.3 0.3]
2022.238882,100,2066.042054,0.08146901942020948,False,False,[0.5 0.3 0.3]
1605.956219,100,2066.49595,0.06272266187881796,False,False,[0.5 0.3 0.3]
1376.822293,100,2066.956699,0.05095226455102632,False,False,[0.5 0.3 0.3]
1774.857891,100,2067.418011,0.035583877399105984,False,False,[0.5 0.3 0.3]
1161.179231,100,2067.9173,0.1267554333190834,False,False,[0.5 0.3 0.3]
2216.553705,100,2068.388707,0.09913841663010857,False,False,[0.5 0.3 0.3]
186.181769,20,2068.572225,0.20789230163111788,True,False,[0.5 0.3 0.3]
1403.040785,100,2069.031028,0.09568575047689745,False,False,[0.5 0.3 0.3]
1750.784642,100,2069.505014,0.04502022094744869,False,False,[0.5 0.3 0.3]
1782.242184,100,2070.491522,0.06577748727182672,False,False,[0.5 0.3 0.3]
1375.333946,100,2070.951476,0.08267704194705938,False,False,[0.5 0.3 0.3]
2009.498217,100,2071.418233,0.05238801510540858,False,False,[0.5 0.3 0.3]
1170.769031,100,2071.883814,0.09708301620409726,False,False,[0.5 0.3 0.3]
2773.720356,77,2072.270002,0.018248886617069367,False,True,[0.5 0.3 0.3]
1808.87911,100,2072.721493,0.19390879539307088,False,False,[0.5 0.3 0.3]
2374.888584,100,2073.187811,0.0158746412532356,False,False,[0.5 0.3 0.3]
1559.18084,100,2073.650393,0.03517066591805607,False,False,[0.5 0.3 0.3]
2205.734966,100,2074.144175,0.09188452447142396,False,False,[0.5 0.3 0.3]
1126.474906,100,2074.624348,0.09499575139898947,False,False,[0.5 0.3 0.3]
3044.26051,90,2075.056465,0.02795499691020225,False,True,[0.5 0.3 0.3]
1594.005192,100,2075.520668,0.05057029969929107,False,False,[0.5 0.3 0.3]
1563.572551,100,2075.990068,0.09082115386683053,False,False,[0.5 0.3 0.3]
1563.120672,100,2076.459482,0.1081373680015347,False,False,[0.5 0.3 0.3]
3204.398688,81,2076.852446,0.04436146585876223,False,True,[0.5 0.3 0.3]
1560.994771,100,2077.302572,0.12646054032181103,False,False,[0.5 0.3 0.3]
1770.709289,100,2077.765525,0.07847132513804654,False,False,[0.5 0.3 0.3]
1354.507155,100,2078.225026,0.019387098073151608,False,False,[0.5 0.3 0.3]
1601.244099,100,2078.683985,0.09752542751861062,False,False,[0.5 0.3 0.3]
1379.548883,100,2079.154193,0.06896480579105815,False,False,[0.5 0.3 0.3]
1778.648331,100,2079.613267,0.07477946394765723,False,False,[0.5 0.3 0.3]
1994.582072,100,2080.614778,0.09723909575433126,False,False,[0.5 0.3 0.3]
2410.556667,100,2081.09566,0.04231781247543447,False,False,[0.5 0.3 0.3]
928.207239,100,2081.555875,0.03860931836925537,False,False,[0.5 0.3 0.3]
1604.668583,100,2082.014728,0.03794750266533837,False,False,[0.5 0.3 0.3]
1531.97062,100,2082.521371,0.050508876181188656,False,False,[0.5 0.3 0.3]
1399.961935,100,2083.006739,0.10312179155639298,False,False,[0.5 0.3 0.3]
918.921265,100,2083.472555,0.0276355881393522,False,False,[0.5 0.3 0.3]
1765.174369,100,2083.950671,0.15035522275765129,False,False,[0.5 0.3 0.3]
1741.88806,100,2084.422474,0.11274035116383516,False,False,[0.5 0.3 0.3]
1372.769658,100,2084.887976,0.060396179447620046,False,False,[0.5 0.3 0.3]
1357.497795,100,2085.352654,0.1621292741378013,False,False,[0.5 0.3 0.3]
3029.55409,100,2085.81462,0.08644997707534095,False,False,[0.5 0.3 0.3]
1150.02331,100,2086.296255,0.052980348781264834,False,False,[0.5 0.3 0.3]
1387.730317,100,2086.78432,0.05088962815933706,False,False,[0.5 0.3 0.3]
1750.765069,100,2087.253802,0.1465333986328097,False,False,[0.5 0.3 0.3]
2011.238505,100,2087.727757,0.01880811351897081,False,False,[0.5 0.3 0.3]
1981.259875,100,2088.213768,0.04653354169343279,False,False,[0.5 0.3 0.3]
2013.791049,100,2088.681351,0.05331735032209579,False,False,[0.5 0.3 0.3]
1156.225294,100,2089.158422,0.0545088879298856,False,False,[0.5 0.3 0.3]
1567.583595,100,2089.655804,0.053013977597110275,False,False,[0.5 0.3 0.3]
2198.02796,100,2090.143625,0.03379049439244766,False,False,[0.5 0.3 0.3]
2183.761988,100,2091.159798,0.10306923116660702,False,False,[0.5 0.3 0.3]
2220.4757,100,2091.64951,0.07859474729725911,False,False,[0.5 0.3 0.3]
740.734755,100,2092.12926,0.15834354495398084,False,False,[0.5 0.3 0.3]
1622.900659,100,2092.599931,0.0786156255385409,False,False,[0.5 0.3 0.3]
2391.09152,100,2093.057879,0.04663540213049039,False,False,[0.5 0.3 0.3]
1613.024459,100,2093.54222,0.06036677917373058,False,False,[0.5 0.3 0.3]
1145.974252,100,2094.012314,0.07597618619805122,False,False,[0.5 0.3 0.3]
1578.67267,100,2094.488861,0.04283053622070759,False,False,[0.5 0.3 0.3]
2598.028317,100,2094.953406,0.07787171276846155,False,False,[0.5 0.3 0.3]
2197.489923,100,2095.421592,0.04567858710145392,False,False,[0.5 0.3 0.3]
1370.000842,100,2095.887492,0.02409455660635802,False,False,[0.5 0.3 0.3]
1564.573429,100,2096.363941,0.048106161988764384,False,False,[0.5 0.3 0.3]
1860.564332,59,2096.684017,0.032779143071931215,False,True,[0.5 0.3 0.3]
970.900093,100,2097.159286,0.02264912667562292,False,False,[0.5 0.3 0.3]
1376.700634,100,2097.629836,0.09280999088409121,False,False,[0.5 0.3 0.3]
1778.510829,100,2098.122967,0.06284929727926876,False,False,[0.5 0.3 0.3]
1606.218521,100,2098.580266,0.07250678891063611,False,False,[0.5 0.3 0.3]
1555.244237,100,2099.03726,0.1482923806088716,False,False,[0.5 0.3 0.3]
1606.905236,100,2099.503767,0.07960571483141095,False,False,[0.5 0.3 0.3]
1969.586642,100,2099.979551,0.0843963376721847,False,False,[0.5 0.3 0.3]
1775.764796,100,2100.456384,0.08888117424398782,False,False,[0.5 0.3 0.3]
1977.983402,100,2101.435538,0.04434219587565514,False,False,[0.5 0.3 0.3]
1747.891577,100,2101.908618,0.08632275902457152,False,False,[0.5 0.3 0.3]
1611.429477,100,2102.393162,0.0291273269379675,False,False,[0.5 0.3 0.3]
1807.304428,100,2102.850653,0.07613237899017904,False,False,[0.5 0.3 0.3]
1601.523331,100,2103.326216,0.04411762921542902,False,False,[0.5 0.3 0.3]
1554.41457,100,2103.788738,0.10971197000522163,False,False,[0.5 0.3 0.3]
1589.250784,100,2104.257705,0.05067796910159309,False,False,[0.5 0.3 0.3]
1362.128764,100,2104.720157,0.009263564140887257,False,False,[0.5 0.3 0.3]
1541.502391,100,2105.192103,0.07084285173221691,False,False,[0.5 0.3 0.3]
1975.92173,100,2105.654938,0.05807359008905513,False,False,[0.5 0.3 0.3]
1562.401887,100,2106.136618,0.08793907634148845,False,False,[0.5 0.3 0.3]
1389.472207,100,2106.588485,0.11438593615727202,False,False,[0.5 0.3 0.3]
2195.492578,100,2107.051883,0.09804243281389477,False,False,[0.5 0.3 0.3]
2579.065895,100,2107.512527,0.10123931555850046,False,False,[0.5 0.3 0.3]
2385.280034,100,2107.995783,0.043107158680781764,False,False,[0.5 0.3 0.3]
1771.636095,100,2108.470257,0.029789455043486273,False,False,[0.5 0.3 0.3]
833.563034,25,2108.667003,0.03823188102818454,False,True,[0.5 0.3 0.3]
1559.023642,100,2109.144047,0.11617509909774727,False,False,[0.5 0.3 0.3]
2210.170602,100,2109.601769,0.035393568644231495,False,False,[0.5 0.3 0.3]
1156.403486,100,2110.072097,0.09847150127965988,False,False,[0.5 0.3 0.3]
1559.518472,100,2110.556681,0.10767212138368513,False,False,[0.5 0.3 0.3]
1302.27578,100,2111.556474,0.08594530563426042,False,False,[0.5 0.3 0.3]
1558.832215,100,2112.007349,0.03715446235045996,False,False,[0.5 0.3 0.3]
1160.015176,100,2112.479117,0.06115282897421571,False,False,[0.5 0.3 0.3]
1993.884578,100,2112.948957,0.10331625791220175,False,False,[0.5 0.3 0.3]
1963.234881,100,2113.472235,0.08253062961096688,False,False,[0.5 0.3 0.3]
1569.187818,100,2113.995139,0.05922420630150959,False,False,[0.5 0.3 0.3]
1756.499938,100,2114.470715,0.028946608833419978,False,False,[0.5 0.3 0.3]
1379.319143,100,2114.950775,0.08174157341563357,False,False,[0.5 0.3 0.3]
1977.135759,100,2115.421324,0.05157298025639663,False,False,[0.5 0.3 0.3]
1988.014082,100,2115.885644,0.05026165614788805,False,False,[0.5 0.3 0.3]
1606.039901,100,2116.362368,0.028011684910094883,False,False,[0.5 0.3 0.3]
2236.811653,100,2116.815791,0.06979133332224902,False,False,[0.5 0.3 0.3]
1833.50715,100,2117.281698,0.038231450408485454,False,False,[0.5 0.3 0.3]
927.554062,100,2117.75356,0.027938018308316645,False,False,[0.5 0.3 0.3]
1990.569694,100,2118.208037,0.06454955100534006,False,False,[0.5 0.3 0.3]
1725.366202,100,2118.669734,0.03793339808975552,False,False,[0.5 0.3 0.3]
2194.314117,100,2119.13486,0.02722417435020218,False,False,[0.5 0.3 0.3]
1586.188034,100,2119.610253,0.04960517200282808,False,False,[0.5 0.3 0.3]
1706.69256,30,2119.828141,0.046160119839416626,False,True,[0.5 0.3 0.3]
1561.043092,100,2120.302296,0.02124689018951066,False,False,[0.5 0.3 0.3]
1786.709578,100,2120.775039,0.06895998216739434,False,False,[0.5 0.3 0.3]
2002.989166,100,2121.792459,0.016911867740923094,False,False,[0.5 0.3 0.3]
1996.753422,100,2122.26829,0.09713013139881074,False,False,[0.5 0.3 0.3]
1975.529602,100,2122.759145,0.07187231584289504,False,False,[0.5 0.3 0.3]
1168.767668,100,2123.24148,0.0874982315653848,False,False,[0.5 0.3 0.3]
1408.384713,100,2123.701264,0.03825949291249724,False,False,[0.5 0.3 0.3]
2606.896174,100,2124.154972,0.08538656572226848,False,False,[0.5 0.3 0.3]
1184.13907,100,2124.622755,0.07691931171152235,False,False,[0.5 0.3 0.3]
2192.292604,100,2125.081091,0.05658945672587467,False,False,[0.5 0.3 0.3]
1992.44186,100,2125.538759,0.052981994512410605,False,False,[0.5 0.3 0.3]
1583.432289,100,2126.002693,0.06490400615269724,False,False,[0.5 0.3 0.3]
1780.057143,100,2126.4853,0.0910540326206638,False,False,[0.5 0.3 0.3]
1781.108455,100,2126.95155,0.03181495414375884,False,False,[0.5 0.3 0.3]
962.363758,100,2127.43364,0.04389695669634449,False,False,[0.5 0.3 0.3]
1598.782388,100,2127.886898,0.08249731684808533,False,False,[0.5 0.3 0.3]
3026.939366,100,2128.352974,0.021963265014574095,False,False,[0.5 0.3 0.3]
932.339005,100,2128.813809,0.0773271520212603,False,False,[0.5 0.3 0.3]
1594.092646,100,2129.287808,0.11106034575139034,False,False,[0.5 0.3 0.3]
1993.654555,100,2129.765803,0.0827065702862988,False,False,[0.5 0.3 0.3]
1971.936283,100,2130.246198,0.07626811628755865,False,False,[0.5 0.3 0.3]
1567.550896,100,2130.71201,0.08118317690993908,False,False,[0.5 0.3 0.3]
1587.616125,100,2131.180856,0.07937387270028701,False,False,[0.5 0.3 0.3]
1975.82264,100,2132.180037,0.05051459463676241,False,False,[0.5 0.3 0.3]
1778.846473,100,2132.654721,0.08782562372048705,False,False,[0.5 0.3 0.3]
976.579016,100,2133.118618,0.1166527359588646,False,False,[0.5 0.3 0.3]
1938.730461,75,2133.498746,0.022949591641807432,False,True,[0.5 0.3 0.3]
1574.058021,100,2133.964536,0.10230461386813272,False,False,[0.5 0.3 0.3]
2398.519476,100,2134.440707,0.10591702174036902,False,False,[0.5 0.3 0.3]
1118.326579,100,2134.904089,0.11681085096621131,False,False,[0.5 0.3 0.3]
1577.720504,100,2135.369753,0.0372267170512701,False,False,[0.5 0.3 0.3]
2380.630456,100,2135.829583,0.031135594478770602,False,False,[0.5 0.3 0.3]
1581.248067,100,2136.307628,0.15214856742935465,False,False,[0.5 0.3 0.3]
946.802132,100,2136.776938,0.11039166153656813,False,False,[0.5 0.3 0.3]
1777.2432,100,2137.254394,0.07813248088271416,False,False,[0.5 0.3 0.3]
1363.821985,100,2137.72644,0.1034919990584093,False,False,[0.5 0.3 0.3]
988.5885,100,2138.185505,0.06441306251209174,False,False,[0.5 0.3 0.3]
1809.269947,100,2138.66067,0.06033257289661636,False,False,[0.5 0.3 0.3]
1759.869053,100,2139.138537,0.1264846403921236,False,False,[0.5 0.3 0.3]
1784.510948,100,2139.600066,0.07809331294420042,False,False,[0.5 0.3 0.3]
1364.056927,100,2140.073332,0.07161133373317514,False,False,[0.5 0.3 0.3]
1574.024787,100,2140.548997,0.03355748674324346,False,False,[0.5 0.3 0.3]
1744.569221,100,2141.007115,0.05803343845803212,False,False,[0.5 0.3 0.3]
2407.461975,100,2142.011581,0.06776157969327505,False,False,[0.5 0.3 0.3]
2189.899662,100,2142.477369,0.06516648231909772,False,False,[0.5 0.3 0.3]
3258.258517,100,2142.943098,0.09306963137636139,False,False,[0.5 0.3 0.3]
2229.689928,100,2143.416678,0.07123079699077874,False,False,[0.5 0.3 0.3]
2215.89362,100,2143.887763,0.0415994364251632,False,False,[0.5 0.3 0.3]
1374.890682,100,2144.355368,0.09712097187710146,False,False,[0.5 0.3 0.3]
1163.545449,100,2144.825453,0.07647042915641442,False,False,[0.5 0.3 0.3]
1776.67579,100,2145.286812,0.11072870155811096,False,False,[0.5 0.3 0.3]
1565.290029,100,2145.750729,0.09447679934720847,False,False,[0.5 0.3 0.3]
1007.579103,100,2146.220572,0.09015913464451575,False,False,[0.5 0.3 0.3]
2161.783642,100,2146.688378,0.03444820798267258,False,False,[0.5 0.3 0.3]
1559.140315,100,2147.1487,0.03766040842351688,False,False,[0.5 0.3 0.3]
1152.648405,100,2147.637365,0.03819376189822465,False,False,[0.5 0.3 0.3]
1783.965308,100,2148.10777,0.054688415068640216,False,False,[0.5 0.3 0.3]
1588.594699,100,2148.579028,0.08593905990896435,False,False,[0.5 0.3 0.3]
1148.285634,100,2149.038099,0.06935277323879754,False,False,[0.5 0.3 0.3]
1145.682701,100,2149.513267,0.07658515704879487,False,False,[0.5 0.3 0.3]
2159.497084,100,2149.978947,0.07888176084079382,False,False,[0.5 0.3 0.3]
1602.540903,100,2150.444647,0.11672406645352283,False,False,[0.5 0.3 0.3]
1561.025294,100,2150.920079,0.03098327269197553,False,False,[0.5 0.3 0.3]
1162.464114,100,2151.407065,0.12198444843724147,False,False,[0.5 0.3 0.3]
2374.394027,100,2152.404582,0.027201175440026003,False,False,[0.5 0.3 0.3]
1782.336817,100,2152.855455,0.0639754035447949,False,False,[0.5 0.3 0.3]
1570.527344,100,2153.309067,0.04658043867579308,False,False,[0.5 0.3 0.3]
1765.995574,100,2153.774666,0.09642459011302858,False,False,[0.5 0.3 0.3]
1550.708166,100,2154.234649,0.10496823460107649,False,False,[0.5 0.3 0.3]
2197.737989,100,2154.69866,0.07285098575456513,False,False,[0.5 0.3 0.3]
3246.64314,100,2155.156687,0.07360103306316644,False,False,[0.5 0.3 0.3]
948.130762,100,2155.625403,0.07277930079770362,False,False,[0.5 0.3 0.3]
1998.275089,100,2156.113958,0.1053819269601217,False,False,[0.5 0.3 0.3]
547.473166,9,2156.24771,0.037638151751770085,False,True,[0.5 0.3 0.3]
1367.866966,100,2156.7139,0.07068803391224404,False,False,[0.5 0.3 0.3]
2851.448633,100,2157.191107,0.02036045254835328,False,False,[0.5 0.3 0.3]
2182.231204,100,2157.664106,0.17144674683095315,False,False,[0.5 0.3 0.3]
1399.299362,100,2158.142193,0.06740437823421751,False,False,[0.5 0.3 0.3]
1591.625459,100,2158.618499,0.05404327914148349,False,False,[0.5 0.3 0.3]
2172.569586,100,2159.097689,0.08162852238361615,False,False,[0.5 0.3 0.3]
937.106185,100,2159.569084,0.03139735891949896,False,False,[0.5 0.3 0.3]
1970.626786,100,2160.031213,0.051746146420234805,False,False,[0.5 0.3 0.3]
1139.687087,100,2160.510032,0.038403481361771075,False,False,[0.5 0.3 0.3]
1764.207789,100,2160.974909,0.09558182838802436,False,False,[0.5 0.3 0.3]
1143.143578,100,2161.447704,0.06785863160651678,False,False,[0.5 0.3 0.3]
1345.779222,100,2162.447239,0.10189326383083418,False,False,[0.5 0.3 0.3]
2846.431884,100,2162.913781,0.10677214452897343,False,False,[0.5 0.3 0.3]
2624.40179,100,2163.371508,0.034021400160891814,False,False,[0.5 0.3 0.3]
1343.299518,100,2163.839069,0.05075634901624761,False,False,[0.5 0.3 0.3]
1564.553769,100,2164.321801,0.10401071278547194,False,False,[0.5 0.3 0.3]
1964.98582,100,2164.785491,0.019083073326649033,False,False,[0.5 0.3 0.3]
2175.010974,100,2165.262342,0.04553383075375711,False,False,[0.5 0.3 0.3]
2200.175066,100,2165.728152,0.029971651369152995,False,False,[0.5 0.3 0.3]
1359.860712,100,2166.184468,0.10132781241431327,False,False,[0.5 0.3 0.3]
1351.765727,100,2166.643562,0.020127823669776907,False,False,[0.5 0.3 0.3]
2791.493486,100,2167.10912,0.04962899979096951,False,False,[0.5 0.3 0.3]
1802.547711,100,2167.577078,0.06099094185811875,False,False,[0.5 0.3 0.3]
1797.321366,100,2168.050653,0.02845787899057846,False,False,[0.5 0.3 0.3]
1760.361454,100,2168.523017,0.03656830712002794,False,False,[0.5 0.3 0.3]
1369.880848,100,2168.998575,0.1240423990765443,False,False,[0.5 0.3 0.3]
2005.803124,100,2169.466269,0.07928874766757783,False,False,[0.5 0.3 0.3]
1576.897479,100,2169.932393,0.042162129524455125,False,False,[0.5 0.3 0.3]
1796.013405,100,2170.395383,0.1242545804624685,False,False,[0.5 0.3 0.3]
1599.346074,100,2170.853373,0.052828731540976545,False,False,[0.5 0.3 0.3]
1749.109804,100,2171.329833,0.04881484951257186,False,False,[0.5 0.3 0.3]
1575.471086,100,2171.794335,0.01865191017157938,False,False,[0.5 0.3 0.3]
2607.357363,100,2172.81197,0.027475647568010513,False,False,[0.5 0.3 0.3]
1600.868765,100,2173.283979,0.025054637156986432,False,False,[0.5 0.3 0.3]
1985.334856,100,2173.744017,0.04962469049450346,False,False,[0.5 0.3 0.3]
1780.5211,100,2174.206629,0.039586048944883205,False,False,[0.5 0.3 0.3]
1818.120145,100,2174.671969,0.1409267321715237,False,False,[0.5 0.3 0.3]
1168.662638,100,2175.148137,0.05116619530224366,False,False,[0.5 0.3 0.3]
2206.941328,100,2175.604665,0.08560346446683596,False,False,[0.5 0.3 0.3]
2018.39868,100,2176.074673,0.051998042377915,False,False,[0.5 0.3 0.3]
1353.086569,100,2176.550354,0.0351538322548078,False,False,[0.5 0.3 0.3]
1326.614265,100,2177.009367,0.12471982373986047,False,False,[0.5 0.3 0.3]
1799.674739,100,2177.492553,0.07784676490310793,False,False,[0.5 0.3 0.3]
1171.125407,47,2177.775855,0.04507527691119872,False,True,[0.5 0.3 0.3]
1779.053612,100,2178.24781,0.0905705245794038,False,False,[0.5 0.3 0.3]
2822.87127,100,2178.714011,0.11534945983847356,False,False,[0.5 0.3 0.3]
1166.42422,100,2179.181326,0.03465068261624955,False,False,[0.5 0.3 0.3]
1757.470294,100,2179.665427,0.04040024360013316,False,False,[0.5 0.3 0.3]
1585.986528,100,2180.129473,0.035375464467220674,False,False,[0.5 0.3 0.3]
1552.129665,100,2180.591277,0.04757656770057372,False,False,[0.5 0.3 0.3]
1738.685957,100,2181.062616,0.10032966157135616,False,False,[0.5 0.3 0.3]
1386.282064,100,2181.532951,0.044419626119876564,False,False,[0.5 0.3 0.3]
1359.736234,100,2182.010014,0.045186346950957496,False,False,[0.5 0.3 0.3]
1154.383833,100,2183.007859,0.10203499845164173,False,False,[0.5 0.3 0.3]
1572.566879,100,2183.489669,0.05695885816245689,False,False,[0.5 0.3 0.3]
1154.106417,100,2183.956277,0.08712046255441516,False,False,[0.5 0.3 0.3]
2594.045653,100,2184.415326,0.05043514408603618,False,False,[0.5 0.3 0.3]
1347.885643,100,2184.865595,0.10836856402772198,False,False,[0.5 0.3 0.3]
1333.098704,100,2185.3369,0.09961820455081685,False,False,[0.5 0.3 0.3]
1607.629511,100,2185.804121,0.020676815470568682,False,False,[0.5 0.3 0.3]
1336.675677,100,2186.274302,0.1104637385654539,False,False,[0.5 0.3 0.3]
1175.29899,100,2186.731086,0.057255474784416796,False,False,[0.5 0.3 0.3]
1982.706497,100,2187.213933,0.04709131571449413,False,False,[0.5 0.3 0.3]
1186.574508,100,2187.671902,0.07072169869403072,False,False,[0.5 0.3 0.3]
1414.36048,100,2188.142044,0.05636048457388291,False,False,[0.5 0.3 0.3]
1750.845669,100,2188.598067,0.07539071915602077,False,False,[0.5 0.3 0.3]
1986.778866,100,2189.079829,0.06973994815924033,False,False,[0.5 0.3 0.3]
1562.26622,100,2189.557398,0.10377224651880662,False,False,[0.5 0.3 0.3]
1176.469184,100,2190.031199,0.0651811895458892,False,False,[0.5 0.3 0.3]
948.082782,100,2190.507314,0.12210669162869804,False,False,[0.5 0.3 0.3]
948.577248,100,2190.974805,0.08953430956842173,False,False,[0.5 0.3 0.3]
1993.967293,100,2191.447585,0.04279945925979797,False,False,[0.5 0.3 0.3]
2183.15276,100,2191.907287,0.07058319987290039,False,False,[0.5 0.3 0.3]
2170.714152,100,2192.894496,0.12223716055591906,False,False,[0.5 0.3 0.3]
1582.929198,100,2193.357723,0.042648216545214924,False,False,[0.5 0.3 0.3]
2189.060733,100,2193.826516,0.023843033546852514,False,False,[0.5 0.3 0.3]
1578.138752,100,2194.303828,0.08788963617990933,False,False,[0.5 0.3 0.3]
1779.127713,100,2194.769737,0.07235943569169563,False,False,[0.5 0.3 0.3]
1558.440284,100,2195.235758,0.09177563165710663,False,False,[0.5 0.3 0.3]
1187.887932,100,2195.693773,0.11959169340692781,False,False,[0.5 0.3 0.3]
1798.782343,100,2196.168442,0.014995568809705167,False,False,[0.5 0.3 0.3]
1797.326007,100,2196.63911,0.05340634781602877,False,False,[0.5 0.3 0.3]
1767.597651,100,2197.109637,0.06792989860803082,False,False,[0.5 0.3 0.3]
963.513932,100,2197.589612,0.048153946587406994,False,False,[0.5 0.3 0.3]
2204.879395,100,2198.058743,0.10970055677373615,False,False,[0.5 0.3 0.3]
1945.483312,100,2198.521539,0.07042543995721927,False,False,[0.5 0.3 0.3]
2197.783434,100,2198.992586,0.09374478041175734,False,False,[0.5 0.3 0.3]
962.522477,100,2199.460813,0.05649659310791307,False,False,[0.5 0.3 0.3]
1972.925891,100,2199.922088,0.02299116447145309,False,False,[0.5 0.3 0.3]
1409.516973,100,2200.382734,0.08974804784553356,False,False,[0.5 0.3 0.3]
1339.254181,100,2200.852946,0.07754805563059103,False,False,[0.5 0.3 0.3]
2218.02455,100,2201.324811,0.024735125740568194,False,False,[0.5 0.3 0.3]
1151.896627,100,2201.806431,0.08666446012217945,False,False,[0.5 0.3 0.3]
1161.416848,100,2202.273923,0.07801891744787012,False,False,[0.5 0.3 0.3]
717.606309,100,2203.260807,0.04411233799497049,False,False,[0.5 0.3 0.3]
942.421918,100,2203.742456,0.09681040056032475,False,False,[0.5 0.3 0.3]
1577.29455,100,2204.212007,0.0645491937216396,False,False,[0.5 0.3 0.3]
1758.306787,100,2204.680432,0.12848476773193274,False,False,[0.5 0.3 0.3]
1583.145751,100,2205.13605,0.06507254174493879,False,False,[0.5 0.3 0.3]
2372.965901,100,2205.604896,0.133233824012336,False,False,[0.5 0.3 0.3]
2397.495918,100,2206.098153,0.040703056789694186,False,False,[0.5 0.3 0.3]
1791.651763,100,2206.560724,0.03747231931061617,False,False,[0.5 0.3 0.3]
1393.008521,100,2207.010943,0.04665695903598744,False,False,[0.5 0.3 0.3]
959.302119,100,2207.485353,0.05559296392618282,False,False,[0.5 0.3 0.3]
1779.53222,100,2207.952821,0.08110779641282918,False,False,[0.5 0.3 0.3]
1980.537636,100,2208.428529,0.10599067517285543,False,False,[0.5 0.3 0.3]
1346.865821,100,2208.904784,0.03160490416243717,False,False,[0.5 0.3 0.3]
752.372143,100,2209.367825,0.06129066928702974,False,False,[0.5 0.3 0.3]
1985.993358,100,2209.835998,0.09704347677448759,False,False,[0.5 0.3 0.3]
2601.213831,100,2210.299383,0.0497413517624415,False,False,[0.5 0.3 0.3]
1365.767108,100,2210.753819,0.029026625825898596,False,False,[0.5 0.3 0.3]
1609.260621,100,2211.225498,0.023996416360123594,False,False,[0.5 0.3 0.3]
1558.525142,100,2211.694643,0.03519476413168773,False,False,[0.5 0.3 0.3]
1372.307296,100,2212.167556,0.06926215203127283,False,False,[0.5 0.3 0.3]
952.981466,100,2213.153129,0.04795527151835514,False,False,[0.5 0.3 0.3]
1965.925536,100,2213.616338,0.06526317417241566,False,False,[0.5 0.3 0.3]
2627.974261,47,2213.884287,0.019579673026067793,False,True,[0.5 0.3 0.3]
1322.134138,100,2214.374513,0.10312189184160311,False,False,[0.5 0.3 0.3]
2003.878164,100,2214.831645,0.1095587777140118,False,False,[0.5 0.3 0.3]
1977.463368,44,2215.104625,0.019473024888641326,False,True,[0.5 0.3 0.3]
1359.528902,100,2215.581459,0.0731285328049003,False,False,[0.5 0.3 0.3]
2202.405165,100,2216.048676,0.07357812053453067,False,False,[0.5 0.3 0.3]
1779.082397,100,2216.509233,0.11587768099635733,False,False,[0.5 0.3 0.3]
2191.005406,100,2216.974646,0.045403125033147675,False,False,[0.5 0.3 0.3]
1799.422769,100,2217.439518,0.0194700691309789,False,False,[0.5 0.3 0.3]
1346.509817,100,2217.907749,0.03680743544598935,False,False,[0.5 0.3 0.3]
1765.438058,100,2218.377931,0.010889771526409445,False,False,[0.5 0.3 0.3]
2362.887814,100,2218.849272,0.07382634010858821,False,False,[0.5 0.3 0.3]
1988.919523,100,2219.320202,0.04924848153681307,False,False,[0.5 0.3 0.3]
1175.125848,100,2219.786249,0.027344234315934825,False,False,[0.5 0.3 0.3]
1568.138006,100,2220.254099,0.12521281123980504,False,False,[0.5 0.3 0.3]
1340.022727,100,2220.739276,0.03835948619641816,False,False,[0.5 0.3 0.3]
2823.320941,100,2221.210135,0.048079243888901155,False,False,[0.5 0.3 0.3]
1979.907879,100,2221.671448,0.012320850275664456,False,False,[0.5 0.3 0.3]
1591.42424,100,2222.131297,0.1444487376705303,False,False,[0.5 0.3 0.3]
1957.968669,100,2222.64391,0.044264878027318516,False,False,[0.5 0.3 0.3]
933.9618,100,2223.647272,0.09359082195492656,False,False,[0.5 0.3 0.3]
935.861422,100,2224.111778,0.0511862897826736,False,False,[0.5 0.3 0.3]
2009.609378,100,2224.586194,0.08674704682679057,False,False,[0.5 0.3 0.3]
1160.127557,100,2225.050529,0.07564380029806378,False,False,[0.5 0.3 0.3]
738.809906,100,2225.515225,0.05524981900185998,False,False,[0.5 0.3 0.3]
1372.378918,100,2225.995958,0.12767657199408258,False,False,[0.5 0.3 0.3]
1332.081836,100,2226.471337,0.04904579996216605,False,False,[0.5 0.3 0.3]
2197.311825,100,2226.938335,0.10037250646047333,False,False,[0.5 0.3 0.3]
2046.799505,55,2227.237682,0.020581322576257017,False,True,[0.5 0.3 0.3]
590.4764,17,2227.405711,0.049991705109884946,False,True,[0.5 0.3 0.3]
1379.36591,100,2227.874587,0.09166481588508052,False,False,[0.5 0.3 0.3]
1794.137558,100,2228.347241,0.08225519348272044,False,False,[0.5 0.3 0.3]
1799.985056,100,2228.825378,0.06271048907241232,False,False,[0.5 0.3 0.3]
1350.087975,100,2229.301292,0.06705948624815333,False,False,[0.5 0.3 0.3]
2385.99321,100,2229.768829,0.09466885112311993,False,False,[0.5 0.3 0.3]
937.80042,100,2230.239287,0.06856771048301594,False,False,[0.5 0.3 0.3]
2001.528766,100,2230.698891,0.062137058592606154,False,False,[0.5 0.3 0.3]
1574.853979,100,2231.191088,0.08785226606726933,False,False,[0.5 0.3 0.3]
1587.743371,100,2231.657304,0.03394564708642684,False,False,[0.5 0.3 0.3]
2392.28493,80,2232.048141,0.044831955982864755,False,True,[0.5 0.3 0.3]
1160.498012,100,2232.52649,0.10303695399900067,False,False,[0.5 0.3 0.3]
1358.09389,100,2232.993071,0.1438312820587336,False,False,[0.5 0.3 0.3]
1357.929387,100,2233.974807,0.17859178409899903,False,False,[0.5 0.3 0.3]
1373.630391,100,2234.44245,0.13111188176688404,False,False,[0.5 0.3 0.3]
1576.033721,100,2234.897237,0.09377373524278731,False,False,[0.5 0.3 0.3]
2389.738788,100,2235.362401,0.0620497122663693,False,False,[0.5 0.3 0.3]
1974.395958,100,2235.825627,0.026150497903827417,False,False,[0.5 0.3 0.3]
2401.51918,100,2236.297772,0.06462607924154448,False,False,[0.5 0.3 0.3]
2182.540285,100,2236.763212,0.05062789505732504,False,False,[0.5 0.3 0.3]
866.046318,30,2236.98026,0.029809159416288682,False,True,[0.5 0.3 0.3]
526.913798,5,2237.106893,0.04450944783599971,False,True,[0.5 0.3 0.3]
2601.535824,100,2237.572391,0.07433595108178745,False,False,[0.5 0.3 0.3]
1557.497087,100,2238.04231,0.08160742965283047,False,False,[0.5 0.3 0.3]
2622.548817,100,2238.511904,0.02456197137339039,False,False,[0.5 0.3 0.3]
1344.946838,100,2238.975297,0.09190460070692755,False,False,[0.5 0.3 0.3]
1804.31988,100,2239.450787,0.10381635257354536,False,False,[0.5 0.3 0.3]
1787.01981,100,2239.952368,0.04800680675077589,False,False,[0.5 0.3 0.3]
3250.852052,100,2240.417923,0.08273435209579154,False,False,[0.5 0.3 0.3]
1560.67417,100,2240.893897,0.11420766410657461,False,False,[0.5 0.3 0.3]
2402.850407,100,2241.376762,0.12721840590241457,False,False,[0.5 0.3 0.3]
1977.362108,100,2241.846461,0.13521685946274595,False,False,[0.5 0.3 0.3]
1372.209863,100,2242.324147,0.12487556208287565,False,False,[0.5 0.3 0.3]
1583.510182,100,2242.792576,0.040111333139797985,False,False,[0.5 0.3 0.3]
1327.443193,100,2243.26131,0.0409123570457749,False,False,[0.5 0.3 0.3]
964.642558,100,2244.262056,0.11876453220834646,False,False,[0.5 0.3 0.3]
1577.068656,100,2244.734373,0.09773885388883749,False,False,[0.5 0.3 0.3]
1368.952571,100,2245.191519,0.03593238118441696,False,False,[0.5 0.3 0.3]
1566.756456,100,2245.651047,0.11534665386917214,False,False,[0.5 0.3 0.3]
1771.623096,100,2246.116124,0.0446778977619058,False,False,[0.5 0.3 0.3]
2442.138441,100,2246.575708,0.10184832706918025,False,False,[0.5 0.3 0.3]
2217.173799,100,2247.044608,0.13218224752798527,False,False,[0.5 0.3 0.3]
1387.059755,100,2247.509597,0.09965353493013217,False,False,[0.5 0.3 0.3]
2165.009949,100,2247.980665,0.0911298829465664,False,False,[0.5 0.3 0.3]
2405.47389,100,2248.470501,0.0884978139823929,False,False,[0.5 0.3 0.3]
2002.859783,100,2248.936978,0.05631254303993044,False,False,[0.5 0.3 0.3]
1149.848378,100,2249.396101,0.09664333804443676,False,False,[0.5 0.3 0.3]
956.138053,100,2249.873235,0.02836287146115844,False,False,[0.5 0.3 0.3]
2002.156065,100,2250.346908,0.015513373943484714,False,False,[0.5 0.3 0.3]
1771.076268,100,2250.811887,0.02162485967584668,False,False,[0.5 0.3 0.3]
1354.233803,100,2251.285171,0.10875430310024206,False,False,[0.5 0.3 0.3]
734.673643,100,2251.763922,0.0836997161420229,False,False,[0.5 0.3 0.3]
1563.414191,100,2252.227431,0.13159404846214187,False,False,[0.5 0.3 0.3]
1291.598855,100,2252.706826,0.07591606730679847,False,False,[0.5 0.3 0.3]
1981.914047,100,2253.174561,0.08980312758369874,False,False,[0.5 0.3 0.3]
1990.555088,100,2254.168795,0.14230044933154012,False,False,[0.5 0.3 0.3]
2179.06061,100,2254.631596,0.11779044914094632,False,False,[0.5 0.3 0.3]
1586.492364,100,2255.103826,0.051055247163423564,False,False,[0.5 0.3 0.3]
2005.922615,100,2255.581107,0.10139657810808439,False,False,[0.5 0.3 0.3]
801.774453,100,2256.057601,0.08261836588078277,False,False,[0.5 0.3 0.3]
1775.081285,100,2256.517221,0.07796379804677159,False,False,[0.5 0.3 0.3]
1583.303954,100,2257.010578,0.054995462135953216,False,False,[0.5 0.3 0.3]
2422.619141,100,2257.487677,0.06358841502561327,False,False,[0.5 0.3 0.3]
1743.390327,100,2257.947068,0.06365812399780935,False,False,[0.5 0.3 0.3]
1561.980669,100,2258.423431,0.07122783467459644,False,False,[0.5 0.3 0.3]
1601.484982,100,2258.911508,0.06076302295128665,False,False,[0.5 0.3 0.3]
1982.287268,100,2259.375345,0.049715968286778454,False,False,[0.5 0.3 0.3]
1979.26396,100,2259.825491,0.09595539930657304,False,False,[0.5 0.3 0.3]
1580.274423,100,2260.295938,0.06067414455184654,False,False,[0.5 0.3 0.3]
1588.157737,100,2260.755042,0.05731552539087915,False,False,[0.5 0.3 0.3]
1138.903356,100,2261.225222,0.059062364392418916,False,False,[0.5 0.3 0.3]
1799.629804,100,2261.683575,0.09660387093765362,False,False,[0.5 0.3 0.3]
1368.267459,100,2262.153696,0.11340031942581666,False,False,[0.5 0.3 0.3]
1779.508177,100,2262.616575,0.12646624164509146,False,False,[0.5 0.3 0.3]
1176.971375,100,2263.093102,0.046128138144901576,False,False,[0.5 0.3 0.3]
753.862059,100,2263.556542,0.04715614334247667,False,False,[0.5 0.3 0.3]
1407.361344,100,2264.579798,0.05446235328248417,False,False,[0.5 0.3 0.3]
1993.938369,45,2264.840969,0.035955327695164976,False,True,[0.5 0.3 0.3]
1580.891299,100,2265.319212,0.02911586095459244,False,False,[0.5 0.3 0.3]
2402.010404,100,2265.798993,0.10191362980933924,False,False,[0.5 0.3 0.3]
744.222611,100,2266.281084,0.04099834295110468,False,False,[0.5 0.3 0.3]
1579.269042,100,2266.749469,0.03424025123091371,False,False,[0.5 0.3 0.3]
1371.349281,100,2267.222021,0.09202280007209945,False,False,[0.5 0.3 0.3]
2193.056907,100,2267.689095,0.04265471597469057,False,False,[0.5 0.3 0.3]
1596.834306,100,2268.152282,0.03161229221838529,False,False,[0.5 0.3 0.3]
1800.9608,100,2268.628197,0.020007988943588906,False,False,[0.5 0.3 0.3]
993.936699,100,2269.100087,0.0736659817531176,False,False,[0.5 0.3 0.3]
2159.014669,100,2269.571959,0.10909070875446597,False,False,[0.5 0.3 0.3]
2391.667955,100,2270.033031,0.08281599493548379,False,False,[0.5 0.3 0.3]
1567.708653,100,2270.50863,0.07966039694003016,False,False,[0.5 0.3 0.3]
1988.572219,100,2270.979598,0.029959425245492693,False,False,[0.5 0.3 0.3]
1188.382064,100,2271.459855,0.10821518449561812,False,False,[0.5 0.3 0.3]
739.068777,100,2271.918582,0.046723317868054455,False,False,[0.5 0.3 0.3]
1371.86728,100,2272.383342,0.042125950530060886,False,False,[0.5 0.3 0.3]
2044.557027,100,2272.842685,0.06681134163628898,False,False,[0.5 0.3 0.3]
2397.6116,100,2273.316986,0.07479696927244994,False,False,[0.5 0.3 0.3]
1384.622441,100,2273.813977,0.02042112366875629,False,False,[0.5 0.3 0.3]
1161.381759,100,2274.820122,0.11683076814390639,False,False,[0.5 0.3 0.3]
1976.171677,100,2275.293887,0.0869472700255756,False,False,[0.5 0.3 0.3]
1761.081778,100,2275.759714,0.05560588694418996,False,False,[0.5 0.3 0.3]
1347.021478,100,2276.224445,0.1166106811036355,False,False,[0.5 0.3 0.3]
763.567059,100,2276.705864,0.09263973958977241,False,False,[0.5 0.3 0.3]
1772.531837,100,2277.195845,0.0920825258637517,False,False,[0.5 0.3 0.3]
2003.437795,100,2277.660208,0.03972211795791694,False,False,[0.5 0.3 0.3]
567.707574,100,2278.128496,0.1899708617015334,False,False,[0.5 0.3 0.3]
1587.791996,100,2278.600965,0.08391202333495643,False,False,[0.5 0.3 0.3]
1576.231106,100,2279.057422,0.11584754839303489,False,False,[0.5 0.3 0.3]
1781.735114,100,2279.519073,0.10769232679067159,False,False,[0.5 0.3 0.3]
734.221544,100,2279.977562,0.08447063546368003,False,False,[0.5 0.3 0.3]
1541.949553,100,2280.456131,0.05561134006564614,False,False,[0.5 0.3 0.3]
1156.675794,100,2280.92065,0.12919513928855447,False,False,[0.5 0.3 0.3]
2375.91514,100,2281.403644,0.10315573767328391,False,False,[0.5 0.3 0.3]
1372.680273,100,2281.890423,0.05210912179855672,False,False,[0.5 0.3 0.3]
1560.722616,100,2282.351514,0.09460206411113599,False,False,[0.5 0.3 0.3]
2197.122389,100,2282.823325,0.029944155078096064,False,False,[0.5 0.3 0.3]
1960.948595,100,2283.313277,0.10223012473231446,False,False,[0.5 0.3 0.3]
2621.08887,100,2283.769295,0.11245928915381521,False,False,[0.5 0.3 0.3]
930.028825,100,2284.775542,0.05086798223163643,False,False,[0.5 0.3 0.3]
1776.724747,100,2285.248266,0.11536871665227387,False,False,[0.5 0.3 0.3]
1819.00065,100,2285.713122,0.030706057812219696,False,False,[0.5 0.3 0.3]
1994.652369,100,2286.18941,0.02158271771012569,False,False,[0.5 0.3 0.3]
2589.454324,100,2286.664891,0.13798881707468003,False,False,[0.5 0.3 0.3]
3019.36271,100,2287.122301,0.13081356207247424,False,False,[0.5 0.3 0.3]
1759.812854,100,2287.578202,0.0690505908848665,False,False,[0.5 0.3 0.3]
751.511269,100,2288.049276,0.05033437544195402,False,False,[0.5 0.3 0.3]
2404.713448,100,2288.526358,0.036677703746981906,False,False,[0.5 0.3 0.3]
2642.261719,87,2288.940053,0.026017665712833864,False,True,[0.5 0.3 0.3]
1388.838342,100,2289.410764,0.04745669902986469,False,False,[0.5 0.3 0.3]
1797.303888,100,2289.867228,0.04128832683748422,False,False,[0.5 0.3 0.3]
1571.794471,100,2290.33936,0.06259858083384073,False,False,[0.5 0.3 0.3]
1566.696114,100,2290.815212,0.022348538364825445,False,False,[0.5 0.3 0.3]
1355.148397,100,2291.285702,0.11828050151272952,False,False,[0.5 0.3 0.3]
2786.631712,100,2291.74485,0.05435192563109132,False,False,[0.5 0.3 0.3]
1139.749531,100,2292.21823,0.04433291248604618,False,False,[0.5 0.3 0.3]
1755.187811,100,2292.690596,0.10637047740600108,False,False,[0.5 0.3 0.3]
1381.77846,100,2293.152164,0.06879247550852877,False,False,[0.5 0.3 0.3]
1796.758035,100,2293.638836,0.10060509022781612,False,False,[0.5 0.3 0.3]
1145.260178,100,2294.099361,0.023698080592197277,False,False,[0.5 0.3 0.3]
2168.314404,100,2295.094361,0.0663017827871591,False,False,[0.5 0.3 0.3]
1374.108813,100,2295.566804,0.09757267452846866,False,False,[0.5 0.3 0.3]
1142.453977,100,2296.036793,0.04450420288339328,False,False,[0.5 0.3 0.3]
1965.093464,100,2296.498509,0.0771827122696918,False,False,[0.5 0.3 0.3]
2025.258628,100,2297.003578,0.06066588098304525,False,False,[0.5 0.3 0.3]
2218.008584,90,2297.485568,0.01965954194864777,False,True,[0.5 0.3 0.3]
2387.293782,100,2298.003992,0.13125149630981198,False,False,[0.5 0.3 0.3]
1819.774036,100,2298.516935,0.02900734075981454,False,False,[0.5 0.3 0.3]
2387.103022,100,2299.046703,0.05570711968273728,False,False,[0.5 0.3 0.3]
935.809349,100,2299.558251,0.09834567231604305,False,False,[0.5 0.3 0.3]
1537.406002,100,2300.079899,0.05772959109755027,False,False,[0.5 0.3 0.3]
1561.121266,100,2300.595543,0.07300733045058955,False,False,[0.5 0.3 0.3]
1360.894634,100,2301.12086,0.10568265492425463,False,False,[0.5 0.3 0.3]
3277.560318,92,2301.623691,0.02004582026118912,False,True,[0.5 0.3 0.3]
1976.39239,100,2302.114847,0.02591920683335893,False,False,[0.5 0.3 0.3]
1581.113692,100,2302.627422,0.08495887215781432,False,False,[0.5 0.3 0.3]
1135.550777,100,2303.13197,0.06236493191014214,False,False,[0.5 0.3 0.3]
1362.331097,100,2303.655324,0.030193990342179663,False,False,[0.5 0.3 0.3]
1765.164665,100,2304.14767,0.05769054649779677,False,False,[0.5 0.3 0.3]
725.797526,72,2304.552967,0.2143908250202769,True,False,[0.5 0.3 0.3]
1568.028432,100,2305.067001,0.03436833195643946,False,False,[0.5 0.3 0.3]
1763.899582,100,2306.146113,0.05140958965561932,False,False,[0.5 0.3 0.3]
1593.242666,100,2306.669402,0.11897096790448079,False,False,[0.5 0.3 0.3]
1576.624772,100,2307.197192,0.04549345696327259,False,False,[0.5 0.3 0.3]
2004.255903,100,2307.722488,0.07967057090649791,False,False,[0.5 0.3 0.3]
1779.106645,100,2308.236075,0.0657852299540353,False,False,[0.5 0.3 0.3]
1386.145366,100,2308.7502,0.051571724222982375,False,False,[0.5 0.3 0.3]
1343.421606,100,2309.25736,0.05789142788970776,False,False,[0.5 0.3 0.3]
1157.353724,100,2309.765229,0.07447692377938096,False,False,[0.5 0.3 0.3]
1568.954986,100,2310.263047,0.07485058822820732,False,False,[0.5 0.3 0.3]
1380.377393,100,2310.775936,0.047358908590404966,False,False,[0.5 0.3 0.3]
1601.6652,100,2311.292404,0.06346438851062605,False,False,[0.5 0.3 0.3]
1765.674618,100,2311.802344,0.09081840332247072,False,False,[0.5 0.3 0.3]
731.432869,100,2312.284271,0.05708888994001779,False,False,[0.5 0.3 0.3]
717.48164,100,2312.752786,0.073672788201251,False,False,[0.5 0.3 0.3]
1588.830693,100,2313.24161,0.08076394016065434,False,False,[0.5 0.3 0.3]
2007.652908,100,2313.751721,0.06416280239274791,False,False,[0.5 0.3 0.3]
2431.937385,100,2314.215686,0.07370398361634879,False,False,[0.5 0.3 0.3]
935.036322,100,2314.684217,0.09208881206935986,False,False,[0.5 0.3 0.3]
1152.563776,100,2315.162584,0.05487104138472046,False,False,[0.5 0.3 0.3]
1139.002405,100,2315.651568,0.1117595212772495,False,False,[0.5 0.3 0.3]
2410.142368,100,2316.636534,0.07364215062369157,False,False,[0.5 0.3 0.3]
1581.153348,100,2317.101202,0.02849624442650359,False,False,[0.5 0.3 0.3]
2205.477183,89,2317.522252,0.036331326885213164,False,True,[0.5 0.3 0.3]
531.510622,6,2317.649781,0.028759662339466016,False,True,[0.5 0.3 0.3]
1343.002339,100,2318.115762,0.0837894953537623,False,False,[0.5 0.3 0.3]
1340.006614,100,2318.587258,0.13291216947230736,False,False,[0.5 0.3 0.3]
1541.492022,100,2319.071084,0.057118771283923536,False,False,[0.5 0.3 0.3]
2600.857389,100,2319.545032,0.0689941468491753,False,False,[0.5 0.3 0.3]
3236.916779,100,2320.019221,0.040335806426860646,False,False,[0.5 0.3 0.3]
1366.557614,100,2320.484805,0.040413084428395196,False,False,[0.5 0.3 0.3]
2221.334411,100,2320.957486,0.035950734889213166,False,False,[0.5 0.3 0.3]
1598.47123,100,2321.419926,0.02216467284767726,False,False,[0.5 0.3 0.3]
1569.708166,100,2321.889804,0.05637637537447092,False,False,[0.5 0.3 0.3]
1556.438824,100,2322.357397,0.022403414081501392,False,False,[0.5 0.3 0.3]
1393.242588,100,2322.817632,0.03198832116059847,False,False,[0.5 0.3 0.3]
2006.841491,100,2323.309048,0.13237725313290533,False,False,[0.5 0.3 0.3]
1176.323919,100,2323.776985,0.08984649714489037,False,False,[0.5 0.3 0.3]
955.624083,100,2324.278234,0.053714668151997054,False,False,[0.5 0.3 0.3]
920.193595,100,2324.745985,0.05594754390795238,False,False,[0.5 0.3 0.3]
1177.771307,100,2325.219538,0.06481189566142935,False,False,[0.5 0.3 0.3]
1774.676698,100,2325.685589,0.11811845317317336,False,False,[0.5 0.3 0.3]
1725.409071,36,2325.917386,0.026531538480495827,False,True,[0.5 0.3 0.3]
1799.218105,100,2326.914567,0.10854346747899754,False,False,[0.5 0.3 0.3]
1774.486803,100,2327.376846,0.09464433482339765,False,False,[0.5 0.3 0.3]
705.072692,100,2327.861172,0.10862571718841986,False,False,[0.5 0.3 0.3]
1988.378956,100,2328.330636,0.05990968105517609,False,False,[0.5 0.3 0.3]
2627.252491,100,2328.789613,0.07844294934845253,False,False,[0.5 0.3 0.3]
2379.707699,100,2329.26052,0.08657903149725574,False,False,[0.5 0.3 0.3]
1998.678571,100,2329.717788,0.051229974295322764,False,False,[0.5 0.3 0.3]
1568.539695,100,2330.186998,0.06525551034986084,False,False,[0.5 0.3 0.3]
1820.86252,100,2330.641584,0.10210294414336968,False,False,[0.5 0.3 0.3]
1987.928124,100,2331.116168,0.04655692986812999,False,False,[0.5 0.3 0.3]
2636.014016,100,2331.565075,0.023402909985371777,False,False,[0.5 0.3 0.3]
1790.204662,100,2332.046858,0.1108966922937608,False,False,[0.5 0.3 0.3]
2417.357745,100,2332.500351,0.04119208002803336,False,False,[0.5 0.3 0.3]
2438.548331,100,2332.957447,0.06594615141521319,False,False,[0.5 0.3 0.3]
2011.610702,100,2333.434358,0.06396006333013356,False,False,[0.5 0.3 0.3]
2632.21967,100,2333.909219,0.08924010010633024,False,False,[0.5 0.3 0.3]
1934.104989,100,2334.378528,0.06540961289668634,False,False,[0.5 0.3 0.3]
1136.71985,100,2334.850904,0.10832790042030764,False,False,[0.5 0.3 0.3]
1563.48536,100,2335.333952,0.024294431945827283,False,False,[0.5 0.3 0.3]
1146.293527,100,2335.804297,0.054263120513302315,False,False,[0.5 0.3 0.3]
1366.082116,100,2336.267653,0.07705880094244923,False,False,[0.5 0.3 0.3]
1570.322071,100,2337.258143,0.032982901904355225,False,False,[0.5 0.3 0.3]
723.057851,100,2337.725859,0.12142373259677981,False,False,[0.5 0.3 0.3]
2389.433571,100,2338.193809,0.06479495909504676,False,False,[0.5 0.3 0.3]
1611.75301,100,2338.663151,0.051254045647864746,False,False,[0.5 0.3 0.3]
1618.970321,100,2339.118581,0.0899192539592054,False,False,[0.5 0.3 0.3]
2442.3872,100,2339.573573,0.025240491441221414,False,False,[0.5 0.3 0.3]
1156.45053,100,2340.036897,0.0701090739120292,False,False,[0.5 0.3 0.3]
1570.353538,100,2340.493638,0.044850628526847514,False,False,[0.5 0.3 0.3]
2188.654645,100,2340.950878,0.016627336510702133,False,False,[0.5 0.3 0.3]
2190.172507,100,2341.441992,0.02628529808760495,False,False,[0.5 0.3 0.3]
1404.873916,100,2341.920367,0.042891219933771936,False,False,[0.5 0.3 0.3]
1374.583535,100,2342.462359,0.07152306992083277,False,False,[0.5 0.3 0.3]
955.06465,100,2342.982785,0.055756108939069585,False,False,[0.5 0.3 0.3]
1778.906444,100,2343.494888,0.07551918711033809,False,False,[0.5 0.3 0.3]
1799.695681,100,2344.014427,0.0779476480333283,False,False,[0.5 0.3 0.3]
1571.126484,100,2344.528973,0.03375651542819749,False,False,[0.5 0.3 0.3]
1754.829369,100,2345.028248,0.04924713518392574,False,False,[0.5 0.3 0.3]
1979.160901,100,2345.546294,0.11078317693139579,False,False,[0.5 0.3 0.3]
2176.982048,100,2346.082893,0.057364426745362476,False,False,[0.5 0.3 0.3]
1961.600096,100,2346.584388,0.16029417936166243,False,False,[0.5 0.3 0.3]
1574.357885,100,2347.647725,0.08990917015907447,False,False,[0.5 0.3 0.3]
1797.916423,100,2348.16806,0.0871551995473926,False,False,[0.5 0.3 0.3]
1567.666595,100,2348.664092,0.07661429993897695,False,False,[0.5 0.3 0.3]
2192.708948,100,2349.167643,0.07925018841473155,False,False,[0.5 0.3 0.3]
1374.99926,100,2349.710293,0.13905549569353873,False,False,[0.5 0.3 0.3]
2196.745742,100,2350.230258,0.058357193444712796,False,False,[0.5 0.3 0.3]
1364.321708,100,2350.751285,0.05583460249456969,False,False,[0.5 0.3 0.3]
1979.695858,100,2351.258048,0.06339107722802738,False,False,[0.5 0.3 0.3]
1809.461307,100,2351.768603,0.02118040332516739,False,False,[0.5 0.3 0.3]
3662.420188,87,2352.240331,0.04865632118264172,False,True,[0.5 0.3 0.3]
2195.248125,100,2352.759169,0.0692701432482921,False,False,[0.5 0.3 0.3]
2022.107204,100,2353.264351,0.03648311222611917,False,False,[0.5 0.3 0.3]
1579.557153,100,2353.776476,0.029170696533194426,False,False,[0.5 0.3 0.3]
1579.884918,100,2354.309433,0.008548657964636264,False,False,[0.5 0.3 0.3]
1162.436006,100,2354.821718,0.08795970354087686,False,False,[0.5 0.3 0.3]
1137.055404,100,2355.335879,0.05848669658591966,False,False,[0.5 0.3 0.3]
2604.371808,100,2355.854147,0.06337606894531642,False,False,[0.5 0.3 0.3]
1972.543055,100,2356.371699,0.07019432064056448,False,False,[0.5 0.3 0.3]
745.217912,100,2356.883451,0.06688292315820286,False,False,[0.5 0.3 0.3]
2634.190805,100,2357.350033,0.04367398997957388,False,False,[0.5 0.3 0.3]
1169.152033,100,2357.808594,0.10684763793332762,False,False,[0.5 0.3 0.3]
2421.424059,100,2358.843024,0.10535493495642276,False,False,[0.5 0.3 0.3]
2003.869958,100,2359.333207,0.024774235775028876,False,False,[0.5 0.3 0.3]
985.960411,14,2359.485018,0.026584194687151477,False,True,[0.5 0.3 0.3]
586.725002,16,2359.64802,0.022400708678537537,False,True,[0.5 0.3 0.3]
1370.234967,100,2360.11036,0.06552620455072242,False,False,[0.5 0.3 0.3]
955.877709,100,2360.570739,0.12215451102395238,False,False,[0.5 0.3 0.3]
1984.918358,100,2361.041459,0.08395450423238097,False,False,[0.5 0.3 0.3]
1164.966952,100,2361.515395,0.12073964424192707,False,False,[0.5 0.3 0.3]
1770.051603,100,2361.979479,0.058226035221475486,False,False,[0.5 0.3 0.3]
1783.923925,100,2362.457466,0.08540342351461826,False,False,[0.5 0.3 0.3]
1970.70809,100,2362.914359,0.017676645462331945,False,False,[0.5 0.3 0.3]
1973.765601,100,2363.392282,0.02352871447646974,False,False,[0.5 0.3 0.3]
1959.030867,100,2363.86334,0.08881071513330212,False,False,[0.5 0.3 0.3]
2622.010718,100,2364.335665,0.04462478346910476,False,False,[0.5 0.3 0.3]
2213.252132,100,2364.792636,0.07253297822303245,False,False,[0.5 0.3 0.3]
2389.041508,100,2365.255803,0.1039203161902331,False,False,[0.5 0.3 0.3]
1989.801845,100,2365.734395,0.03786765346617913,False,False,[0.5 0.3 0.3]
1783.943702,100,2366.194732,0.031094428325697997,False,False,[0.5 0.3 0.3]
1576.276628,100,2366.673726,0.04997796393663828,False,False,[0.5 0.3 0.3]
1168.011839,100,2367.167098,0.06596449801413654,False,False,[0.5 0.3 0.3]
2002.817388,100,2367.632257,0.03645593082860477,False,False,[0.5 0.3 0.3]
2006.448997,100,2368.095208,0.07829636872445934,False,False,[0.5 0.3 0.3]
2611.983559,100,2369.060359,0.0869684327333373,False,False,[0.5 0.3 0.3]
2191.661398,100,2369.535755,0.12774164724120218,False,False,[0.5 0.3 0.3]
1381.120992,100,2369.988981,0.059258330619830726,False,False,[0.5 0.3 0.3]
2237.858876,54,2370.29453,0.03221237146216583,False,True,[0.5 0.3 0.3]
525.56106,5,2370.416199,0.04821138326384323,False,True,[0.5 0.3 0.3]
2414.940182,100,2370.870306,0.04507246453653006,False,False,[0.5 0.3 0.3]
3898.882747,91,2371.29058,0.0273345481418016,False,True,[0.5 0.3 0.3]
929.046951,100,2371.743332,0.09646872109593502,False,False,[0.5 0.3 0.3]
1782.96943,100,2372.218668,0.10605838061421417,False,False,[0.5 0.3 0.3]
1801.802458,100,2372.701513,0.07628972324544113,False,False,[0.5 0.3 0.3]
1335.490613,100,2373.164608,0.11348657636931099,False,False,[0.5 0.3 0.3]
1995.947666,100,2373.616651,0.02036464379306293,False,False,[0.5 0.3 0.3]
1411.223279,100,2374.073006,0.03554358177494848,False,False,[0.5 0.3 0.3]
1770.55941,100,2374.553341,0.02597715460959818,False,False,[0.5 0.3 0.3]
2824.322449,100,2375.010102,0.10202763719693135,False,False,[0.5 0.3 0.3]
2200.441461,100,2375.493057,0.09405100737697791,False,False,[0.5 0.3 0.3]
2215.995894,100,2375.95036,0.044294165292761395,False,False,[0.5 0.3 0.3]
1561.33595,100,2376.412968,0.05982482690345505,False,False,[0.5 0.3 0.3]
962.342344,100,2376.866839,0.027284882070863332,False,False,[0.5 0.3 0.3]
1788.92783,100,2377.354887,0.07138123770536284,False,False,[0.5 0.3 0.3]
2169.456031,100,2377.819644,0.08981476929115113,False,False,[0.5 0.3 0.3]
2428.025817,100,2378.295048,0.10947650146483136,False,False,[0.5 0.3 0.3]
2791.705083,100,2379.269742,0.06568612116517282,False,False,[0.5 0.3 0.3]
714.372009,100,2379.74399,0.0709922446325856,False,False,[0.5 0.3 0.3]
2422.544655,100,2380.210296,0.048249929327401804,False,False,[0.5 0.3 0.3]
1577.225822,100,2380.677783,0.035299778982965456,False,False,[0.5 0.3 0.3]
2820.946482,100,2381.147907,0.07571844516054115,False,False,[0.5 0.3 0.3]
1585.474587,100,2381.605344,0.05765149632241203,False,False,[0.5 0.3 0.3]
2419.252158,100,2382.078543,0.03348307101097983,False,False,[0.5 0.3 0.3]
1137.755278,100,2382.541134,0.04628525010463957,False,False,[0.5 0.3 0.3]
1774.411656,100,2383.01585,0.04232034913861923,False,False,[0.5 0.3 0.3]
2797.881565,100,2383.488737,0.09860759016440966,False,False,[0.5 0.3 0.3]
1180.368798,100,2383.979106,0.025507436013290273,False,False,[0.5 0.3 0.3]
743.022955,100,2384.459112,0.08935362861701131,False,False,[0.5 0.3 0.3]
1831.992927,100,2384.904549,0.16020067012346456,False,False,[0.5 0.3 0.3]
1576.280691,100,2385.380673,0.12131014494516419,False,False,[0.5 0.3 0.3]
2178.823147,100,2385.841503,0.01553937589086001,False,False,[0.5 0.3 0.3]
1805.468239,100,2386.318821,0.0484860554945359,False,False,[0.5 0.3 0.3]
1340.435419,100,2386.820057,0.06434966657736764,False,False,[0.5 0.3 0.3]
1974.242993,100,2387.319025,0.058751447840977265,False,False,[0.5 0.3 0.3]
1777.156454,100,2387.818709,0.06877176583641605,False,False,[0.5 0.3 0.3]
2603.290146,100,2388.311707,0.018124100175632523,False,False,[0.5 0.3 0.3]
1766.943534,100,2388.830527,0.16460469370425354,False,False,[0.5 0.3 0.3]
1568.615981,100,2389.893394,0.03292754797212764,False,False,[0.5 0.3 0.3]
1347.826381,100,2390.43098,0.10807754542363457,False,False,[0.5 0.3 0.3]
1596.34318,100,2390.947246,0.06401120423075653,False,False,[0.5 0.3 0.3]
1305.77183,35,2391.206297,0.049783108781144184,False,True,[0.5 0.3 0.3]
1154.597511,100,2391.716019,0.04188218214279891,False,False,[0.5 0.3 0.3]
1575.545777,100,2392.235002,0.026486326527512677,False,False,[0.5 0.3 0.3]
1339.90512,100,2392.755987,0.06155780101652808,False,False,[0.5 0.3 0.3]
1368.302904,100,2393.281091,0.08621339608104446,False,False,[0.5 0.3 0.3]
1358.99308,100,2393.801298,0.054505842683641545,False,False,[0.5 0.3 0.3]
2178.034336,100,2394.310548,0.04111717771237636,False,False,[0.5 0.3 0.3]
1983.074732,100,2394.828884,0.034418889910072525,False,False,[0.5 0.3 0.3]
1159.697906,100,2395.329005,0.07273423056983741,False,False,[0.5 0.3 0.3]
740.172408,100,2395.827627,0.06359846578687961,False,False,[0.5 0.3 0.3]
2420.208066,100,2396.34645,0.10059133109489705,False,False,[0.5 0.3 0.3]
1370.808728,100,2396.869584,0.08721953853040598,False,False,[0.5 0.3 0.3]
2853.392939,100,2397.394798,0.06183485580961533,False,False,[0.5 0.3 0.3]
1587.797754,100,2397.896292,0.05126787128980477,False,False,[0.5 0.3 0.3]
2191.017035,100,2398.402742,0.021681858284530668,False,False,[0.5 0.3 0.3]
1981.421286,100,2398.917492,0.06620193044304083,False,False,[0.5 0.3 0.3]
1777.089812,100,2399.422583,0.05314842203676235,False,False,[0.5 0.3 0.3]
936.277168,100,2399.941444,0.15004207467055006,False,False,[0.5 0.3 0.3]
1997.999167,100,2400.959546,0.032137179692538716,False,False,[0.5 0.3 0.3]
1342.945273,100,2401.475975,0.08981660045837478,False,False,[0.5 0.3 0.3]
2201.680944,100,2401.987006,0.05550695000409488,False,False,[0.5 0.3 0.3]
1577.929017,100,2402.440899,0.016998888348081127,False,False,[0.5 0.3 0.3]
1147.70324,100,2402.9147,0.03964106682814981,False,False,[0.5 0.3 0.3]
2000.018205,100,2403.414217,0.11067039986628008,False,False,[0.5 0.3 0.3]
990.369592,100,2403.913317,0.08020071294703546,False,False,[0.5 0.3 0.3]
1758.949847,100,2404.378558,0.06556779232096192,False,False,[0.5 0.3 0.3]
1597.058347,100,2404.819533,0.07189114528147762,False,False,[0.5 0.3 0.3]
1995.153966,100,2405.272539,0.08283843399232714,False,False,[0.5 0.3 0.3]
1945.378968,100,2405.740797,0.06418596184381348,False,False,[0.5 0.3 0.3]
2820.085253,100,2406.210894,0.059709234188070275,False,False,[0.5 0.3 0.3]
1592.459493,100,2406.665087,0.10393255729922694,False,False,[0.5 0.3 0.3]
1362.510212,100,2407.129515,0.0783727568239483,False,False,[0.5 0.3 0.3]
2606.202312,100,2407.594406,0.021256490137028378,False,False,[0.5 0.3 0.3]
1754.285826,100,2408.083887,0.04577285104853467,False,False,[0.5 0.3 0.3]
2188.435976,100,2408.547442,0.052416666053511626,False,False,[0.5 0.3 0.3]
1562.308013,100,2409.021091,0.09291582035029057,False,False,[0.5 0.3 0.3]
2013.3144,100,2409.480027,0.08456762837398234,False,False,[0.5 0.3 0.3]
1967.265929,100,2409.941237,0.10105903133221987,False,False,[0.5 0.3 0.3]
2223.820787,100,2410.900547,0.0837334782169132,False,False,[0.5 0.3 0.3]
1782.848256,100,2411.365466,0.13366264470804493,False,False,[0.5 0.3 0.3]
2800.21699,100,2411.827742,0.046814711351046825,False,False,[0.5 0.3 0.3]
1947.220855,100,2412.300772,0.03140588551559883,False,False,[0.5 0.3 0.3]
2603.904809,100,2412.770802,0.06869348110635043,False,False,[0.5 0.3 0.3]
2591.956266,100,2413.239383,0.06593139471580431,False,False,[0.5 0.3 0.3]
2368.721573,100,2413.710139,0.029776333799757897,False,False,[0.5 0.3 0.3]
1154.723135,100,2414.177467,0.03957162568001408,False,False,[0.5 0.3 0.3]
2417.740944,100,2414.642232,0.048209071676305205,False,False,[0.5 0.3 0.3]
1775.520369,100,2415.111375,0.03264696327256007,False,False,[0.5 0.3 0.3]
937.660402,100,2415.575109,0.01685382890352622,False,False,[0.5 0.3 0.3]
1378.090167,100,2416.034137,0.0524958264670733,False,False,[0.5 0.3 0.3]
1565.212983,100,2416.530387,0.08679121403353762,False,False,[0.5 0.3 0.3]
1360.925387,100,2416.9946,0.07388279365826124,False,False,[0.5 0.3 0.3]
2618.598851,100,2417.464582,0.03977954939422022,False,False,[0.5 0.3 0.3]
2203.38198,100,2417.940252,0.040854233166774924,False,False,[0.5 0.3 0.3]
1566.30507,100,2418.421551,0.0744032622390937,False,False,[0.5 0.3 0.3]
1573.186476,100,2418.893796,0.07482941396918469,False,False,[0.5 0.3 0.3]
1568.932741,100,2419.354665,0.02876757230986636,False,False,[0.5 0.3 0.3]
1158.182946,100,2419.822405,0.05529803870636324,False,False,[0.5 0.3 0.3]
1813.876051,50,2420.109075,0.03435661108016651,False,True,[0.5 0.3 0.3]
978.960079,100,2421.088479,0.026084842938200306,False,False,[0.5 0.3 0.3]
1350.961583,100,2421.546404,0.12197543967412575,False,False,[0.5 0.3 0.3]
1373.496198,100,2422.004903,0.04827118452186687,False,False,[0.5 0.3 0.3]
1793.768063,100,2422.483993,0.11181188685408756,False,False,[0.5 0.3 0.3]
1886.375265,66,2422.832541,0.0223598580361697,False,True,[0.5 0.3 0.3]
2199.534803,100,2423.31704,0.06651560970400697,False,False,[0.5 0.3 0.3]
1363.154653,100,2423.778111,0.033504631563589835,False,False,[0.5 0.3 0.3]
2184.437179,100,2424.237496,0.047432800934705914,False,False,[0.5 0.3 0.3]
2387.285314,100,2424.695577,0.10468200601228161,False,False,[0.5 0.3 0.3]
1994.573372,100,2425.170628,0.11718021369728143,False,False,[0.5 0.3 0.3]
3021.431612,100,2425.644348,0.03928333521829927,False,False,[0.5 0.3 0.3]
1976.010954,100,2426.104809,0.058218306708480924,False,False,[0.5 0.3 0.3]
2617.726668,100,2426.57072,0.080890020929455,False,False,[0.5 0.3 0.3]
2389.716316,100,2427.045985,0.053961322659018165,False,False,[0.5 0.3 0.3]
2159.420393,100,2427.529534,0.09010377088293368,False,False,[0.5 0.3 0.3]
1149.085771,100,2427.977569,0.10275027887489153,False,False,[0.5 0.3 0.3]
1151.67824,100,2428.447621,0.08835444509678034,False,False,[0.5 0.3 0.3]
1577.830428,100,2428.918614,0.15614953165941345,False,False,[0.5 0.3 0.3]
1149.879019,100,2429.387836,0.1284290999469224,False,False,[0.5 0.3 0.3]
1798.411851,100,2429.843176,0.06065626757113492,False,False,[0.5 0.3 0.3]
1971.374224,100,2430.313246,0.05643402709475639,False,False,[0.5 0.3 0.3]
949.199092,100,2431.294593,0.0499578870179886,False,False,[0.5 0.3 0.3]
1168.063726,100,2431.76701,0.0893762396698123,False,False,[0.5 0.3 0.3]
922.567381,100,2432.262526,0.01918883276121634,False,False,[0.5 0.3 0.3]
1991.786459,100,2432.771427,0.13118673282030988,False,False,[0.5 0.3 0.3]
2385.131046,100,2433.28716,0.047699976848900594,False,False,[0.5 0.3 0.3]
886.676965,35,2433.535686,0.026384669391389264,False,True,[0.5 0.3 0.3]
1155.581718,100,2434.076467,0.08391157225703853,False,False,[0.5 0.3 0.3]
3014.127785,100,2434.595249,0.06967469595643247,False,False,[0.5 0.3 0.3]
1584.66487,100,2435.107182,0.11731833794081258,False,False,[0.5 0.3 0.3]
1988.393034,100,2435.643796,0.04074461794315113,False,False,[0.5 0.3 0.3]
1771.901665,100,2436.168369,0.13648912454281642,False,False,[0.5 0.3 0.3]
1156.847737,100,2436.688098,0.10082769474676202,False,False,[0.5 0.3 0.3]
1594.569734,100,2437.197113,0.10983073418787329,False,False,[0.5 0.3 0.3]
2404.761167,100,2437.719873,0.02642637265938342,False,False,[0.5 0.3 0.3]
1151.197235,100,2438.244098,0.09393241584889224,False,False,[0.5 0.3 0.3]
2198.777614,100,2438.773641,0.10495033252951554,False,False,[0.5 0.3 0.3]
1360.894482,100,2439.273087,0.020458582547644797,False,False,[0.5 0.3 0.3]
2205.307854,100,2439.782218,0.02592035691404573,False,False,[0.5 0.3 0.3]
2380.61836,100,2440.283361,0.016274383458171393,False,False,[0.5 0.3 0.3]
2809.915812,100,2440.81121,0.11392308887096543,False,False,[0.5 0.3 0.3]
1151.025698,100,2441.326144,0.06394272596920962,False,False,[0.5 0.3 0.3]
1564.501389,100,2442.361021,0.09034035086834556,False,False,[0.5 0.3 0.3]
1168.123246,100,2442.892685,0.04255369630583417,False,False,[0.5 0.3 0.3]
1951.705424,76,2443.30041,0.029075464470673253,False,True,[0.5 0.3 0.3]
1771.66454,100,2443.815054,0.08029552109209123,False,False,[0.5 0.3 0.3]
1573.391298,100,2444.337625,0.08875477421652084,False,False,[0.5 0.3 0.3]
1554.554487,100,2444.860204,0.0791992104791596,False,False,[0.5 0.3 0.3]
1378.984919,100,2445.369154,0.11521414133264196,False,False,[0.5 0.3 0.3]
2004.169689,100,2445.884027,0.07016597185164344,False,False,[0.5 0.3 0.3]
1774.349188,100,2446.403925,0.051586829415457044,False,False,[0.5 0.3 0.3]
1319.746271,100,2446.913103,0.1122735018188793,False,False,[0.5 0.3 0.3]
2180.662276,100,2447.38068,0.054010312323383505,False,False,[0.5 0.3 0.3]
1176.270244,100,2447.846299,0.07781037730828236,False,False,[0.5 0.3 0.3]
1360.308887,100,2448.353595,0.05965729778535303,False,False,[0.5 0.3 0.3]
1575.019634,100,2448.837661,0.07518727028001948,False,False,[0.5 0.3 0.3]
2760.432337,76,2449.222112,0.03735363143152174,False,True,[0.5 0.3 0.3]
1134.379412,100,2449.680303,0.05011533582226458,False,False,[0.5 0.3 0.3]
2450.327386,94,2450.133644,0.039770555041354544,False,True,[0.5 0.3 0.3]
1347.41141,100,2450.598172,0.08795240528293174,False,False,[0.5 0.3 0.3]
1144.086338,100,2451.074759,0.08541866937343713,False,False,[0.5 0.3 0.3]
1974.917468,100,2451.576849,0.04788698056074401,False,False,[0.5 0.3 0.3]
2828.776214,85,2451.980335,0.03784146322960736,False,True,[0.5 0.3 0.3]
527.382829,5,2452.103338,0.04754390239668286,False,True,[0.5 0.3 0.3]
576.56753,13,2452.256724,0.022041287876973865,False,True,[0.5 0.3 0.3]
1983.939115,100,2453.235518,0.041812074447369736,False,False,[0.5 0.3 0.3]
2380.479597,100,2453.701185,0.12652201038413138,False,False,[0.5 0.3 0.3]
1369.758016,100,2454.174426,0.1575792554446986,False,False,[0.5 0.3 0.3]
1355.521008,100,2454.646056,0.05552923613659315,False,False,[0.5 0.3 0.3]
1974.131177,100,2455.117615,0.11309588069818693,False,False,[0.5 0.3 0.3]
2203.777949,100,2455.57923,0.08313498370194934,False,False,[0.5 0.3 0.3]
2205.731915,100,2456.077077,0.0768133774612356,False,False,[0.5 0.3 0.3]
1969.854695,100,2456.600246,0.06484986111979679,False,False,[0.5 0.3 0.3]
2180.409492,100,2457.101465,0.08226485912996599,False,False,[0.5 0.3 0.3]
1363.633946,100,2457.618896,0.11363594246874639,False,False,[0.5 0.3 0.3]
2173.238474,100,2458.139104,0.0903131455426493,False,False,[0.5 0.3 0.3]
1339.488481,100,2458.642515,0.06913853578063783,False,False,[0.5 0.3 0.3]
1786.16241,100,2459.154855,0.039898781744824974,False,False,[0.5 0.3 0.3]
1156.440607,100,2459.679741,0.08305403171274754,False,False,[0.5 0.3 0.3]
1548.54804,100,2460.219053,0.12641647320341876,False,False,[0.5 0.3 0.3]
1569.921262,100,2460.745323,0.03932549029257768,False,False,[0.5 0.3 0.3]
1135.330321,100,2461.259417,0.03876785413652415,False,False,[0.5 0.3 0.3]
1575.850369,100,2461.787017,0.041762053968003435,False,False,[0.5 0.3 0.3]
1550.132642,100,2462.298146,0.07598549584936919,False,False,[0.5 0.3 0.3]
1591.846371,100,2462.819793,0.10140969179436406,False,False,[0.5 0.3 0.3]
1572.188083,100,2463.331184,0.06510269784458954,False,False,[0.5 0.3 0.3]
1568.730349,100,2464.380041,0.01592544635504352,False,False,[0.5 0.3 0.3]
961.040289,100,2464.912539,0.045496628744029065,False,False,[0.5 0.3 0.3]
953.043795,100,2465.405726,0.04031467936372855,False,False,[0.5 0.3 0.3]
2136.945972,33,2465.653413,0.013837847089037198,False,True,[0.5 0.3 0.3]
1376.235664,100,2466.16509,0.07206389289483205,False,False,[0.5 0.3 0.3]
1178.094601,100,2466.692914,0.08261345264620991,False,False,[0.5 0.3 0.3]
761.945875,100,2467.206292,0.12654404022052837,False,False,[0.5 0.3 0.3]
1561.256449,100,2467.71674,0.17266315443860172,False,False,[0.5 0.3 0.3]
1583.014399,100,2468.224557,0.04258368203622403,False,False,[0.5 0.3 0.3]
1772.057176,100,2468.735569,0.03125064714439136,False,False,[0.5 0.3 0.3]
2595.509011,100,2469.281965,0.008185960455117916,False,False,[0.5 0.3 0.3]
1973.14499,100,2469.80105,0.07895622072142969,False,False,[0.5 0.3 0.3]
2201.711682,100,2470.328542,0.08367220430741096,False,False,[0.5 0.3 0.3]
1799.618948,100,2470.836073,0.02132098265622008,False,False,[0.5 0.3 0.3]
1548.875907,100,2471.341818,0.057702448401235194,False,False,[0.5 0.3 0.3]
1328.55034,100,2471.872879,0.07257890873246398,False,False,[0.5 0.3 0.3]
1783.157199,100,2472.387775,0.13504251744289095,False,False,[0.5 0.3 0.3]
1162.510387,100,2472.9091,0.036676467198576646,False,False,[0.5 0.3 0.3]
1571.118424,100,2473.429136,0.08261442093915251,False,False,[0.5 0.3 0.3]
2190.910817,100,2473.962146,0.03950498435455199,False,False,[0.5 0.3 0.3]
2612.443103,100,2474.469967,0.08304731976493478,False,False,[0.5 0.3 0.3]
2616.006067,100,2475.530289,0.07919607085825536,False,False,[0.5 0.3 0.3]
1351.594421,100,2476.043567,0.10521387405305922,False,False,[0.5 0.3 0.3]
2179.055684,100,2476.548903,0.03572149578913874,False,False,[0.5 0.3 0.3]
1579.70031,100,2477.066093,0.05764793080480935,False,False,[0.5 0.3 0.3]
1188.592548,100,2477.561391,0.07144596552122916,False,False,[0.5 0.3 0.3]
1536.971073,100,2478.10953,0.1533528448818334,False,False,[0.5 0.3 0.3]
2618.35684,100,2478.604511,0.06523015279311527,False,False,[0.5 0.3 0.3]
1765.778231,100,2479.124092,0.0564606736516243,False,False,[0.5 0.3 0.3]
1790.193217,100,2479.640695,0.025746549544761705,False,False,[0.5 0.3 0.3]
927.069029,100,2480.160522,0.06894086283140916,False,False,[0.5 0.3 0.3]
2012.965223,100,2480.67517,0.045332624597815244,False,False,[0.5 0.3 0.3]
2172.097641,100,2481.199207,0.027069699220976007,False,False,[0.5 0.3 0.3]
1808.218807,100,2481.7127,0.0718451975534034,False,False,[0.5 0.3 0.3]
2584.045462,100,2482.231362,0.08172772866054187,False,False,[0.5 0.3 0.3]
1595.542032,100,2482.745615,0.0877277828159502,False,False,[0.5 0.3 0.3]
1165.297559,100,2483.263686,0.05946946769154514,False,False,[0.5 0.3 0.3]
1981.103237,100,2483.771159,0.07787279738428737,False,False,[0.5 0.3 0.3]
2821.331812,100,2484.273144,0.060942594963877314,False,False,[0.5 0.3 0.3]
1753.26469,100,2484.776842,0.037531722971916995,False,False,[0.5 0.3 0.3]
1348.527935,100,2485.299579,0.12060301936949999,False,False,[0.5 0.3 0.3]
968.425363,100,2486.348065,0.05049896860103144,False,False,[0.5 0.3 0.3]
1356.692381,100,2486.884576,0.1032086718133145,False,False,[0.5 0.3 0.3]
2002.264831,100,2487.391303,0.0957848357744607,False,False,[0.5 0.3 0.3]
1970.086156,100,2487.855193,0.06750608744833918,False,False,[0.5 0.3 0.3]
959.156276,100,2488.330627,0.07659708693979153,False,False,[0.5 0.3 0.3]
1571.374265,100,2488.813598,0.03296829288066649,False,False,[0.5 0.3 0.3]
2418.215795,100,2489.268973,0.0851690008259788,False,False,[0.5 0.3 0.3]
1369.695662,100,2489.738641,0.11584747567837088,False,False,[0.5 0.3 0.3]
1773.93283,100,2490.213172,0.08583453867618174,False,False,[0.5 0.3 0.3]
1572.887989,100,2490.685356,0.08552824364413532,False,False,[0.5 0.3 0.3]
1597.084673,100,2491.145689,0.03406384067298895,False,False,[0.5 0.3 0.3]
1563.509624,100,2491.619078,0.04686224898616594,False,False,[0.5 0.3 0.3]
2622.86723,100,2492.08491,0.04660350407387097,False,False,[0.5 0.3 0.3]
1374.607006,100,2492.53951,0.11064120107553753,False,False,[0.5 0.3 0.3]
1783.241669,100,2493.003624,0.0717332231539756,False,False,[0.5 0.3 0.3]
2237.986074,100,2493.480714,0.04030356295582662,False,False,[0.5 0.3 0.3]
1559.022176,100,2493.93847,0.04672350943992543,False,False,[0.5 0.3 0.3]
2011.941244,100,2494.40727,0.06158670596201472,False,False,[0.5 0.3 0.3]
946.599311,100,2494.890192,0.05899174731216854,False,False,[0.5 0.3 0.3]
1780.727041,100,2495.35373,0.11861339127943046,False,False,[0.5 0.3 0.3]
1968.003298,100,2495.823398,0.11991357347617339,False,False,[0.5 0.3 0.3]
1781.010749,100,2496.808739,0.08147562701515385,False,False,[0.5 0.3 0.3]
933.683653,100,2497.291145,0.03851338265125215,False,False,[0.5 0.3 0.3]
1780.402139,100,2497.761078,0.05552093634141488,False,False,[0.5 0.3 0.3]
1764.728201,100,2498.238359,0.08353232874546848,False,False,[0.5 0.3 0.3]
1596.23782,100,2498.710154,0.06769504029077832,False,False,[0.5 0.3 0.3]
1978.151583,100,2499.17683,0.12364908801951681,False,False,[0.5 0.3 0.3]
2410.124722,100,2499.650182,0.0586798109460138,False,False,[0.5 0.3 0.3]
1171.207235,100,2500.104339,0.051599623573706004,False,False,[0.5 0.3 0.3]
1550.06244,100,2500.589157,0.08070823034188919,False,False,[0.5 0.3 0.3]
2409.40503,100,2501.057568,0.06772514512298748,False,False,[0.5 0.3 0.3]
1574.219108,100,2501.527826,0.07602900158949155,False,False,[0.5 0.3 0.3]
1615.032019,100,2502.007103,0.0721043115760702,False,False,[0.5 0.3 0.3]
1384.893604,100,2502.472174,0.1374611059336537,False,False,[0.5 0.3 0.3]
1985.042946,100,2502.942471,0.06830240911515907,False,False,[0.5 0.3 0.3]
1358.358514,100,2503.433553,0.02330039908863701,False,False,[0.5 0.3 0.3]
1186.1614,100,2503.890012,0.06979050523917227,False,False,[0.5 0.3 0.3]
1558.443583,100,2504.354831,0.09045902408473873,False,False,[0.5 0.3 0.3]
2207.516578,100,2504.819446,0.057989203483776494,False,False,[0.5 0.3 0.3]
1689.318651,28,2505.020642,0.03855894742935289,False,True,[0.5 0.3 0.3]
1394.450104,100,2505.499541,0.05292854197785497,False,False,[0.5 0.3 0.3]
1776.18299,100,2505.972097,0.08438842839140266,False,False,[0.5 0.3 0.3]
1175.966686,100,2506.947337,0.07796487622502028,False,False,[0.5 0.3 0.3]
1756.819835,100,2507.416364,0.10681839554029017,False,False,[0.5 0.3 0.3]
1557.53307,100,2507.890709,0.06376168886945938,False,False,[0.5 0.3 0.3]
2398.583909,100,2508.368443,0.03900925956702802,False,False,[0.5 0.3 0.3]
1178.667923,100,2508.826288,0.05453016306347672,False,False,[0.5 0.3 0.3]
2029.294441,100,2509.285643,0.06948783315628307,False,False,[0.5 0.3 0.3]
1799.622981,100,2509.750574,0.02812505019925895,False,False,[0.5 0.3 0.3]
1581.74811,100,2510.227504,0.09434638340572175,False,False,[0.5 0.3 0.3]
1776.430831,100,2510.715036,0.03266272999513229,False,False,[0.5 0.3 0.3]
1966.242596,100,2511.198452,0.06435501311970855,False,False,[0.5 0.3 0.3]
2623.444393,100,2511.669885,0.07759758463508637,False,False,[0.5 0.3 0.3]
1555.532118,100,2512.14496,0.09413918423168458,False,False,[0.5 0.3 0.3]
2837.088719,100,2512.615369,0.07776253157190935,False,False,[0.5 0.3 0.3]
1751.199938,100,2513.079191,0.1158606602948427,False,False,[0.5 0.3 0.3]
1550.025783,100,2513.547184,0.0859717179181104,False,False,[0.5 0.3 0.3]
1601.133134,100,2514.0123,0.05905473047620315,False,False,[0.5 0.3 0.3]
1551.190501,100,2514.47667,0.03475285408554504,False,False,[0.5 0.3 0.3]
1993.753361,100,2514.958055,0.07926137180606758,False,False,[0.5 0.3 0.3]
1565.049713,100,2515.417642,0.026119763102902697,False,False,[0.5 0.3 0.3]
1562.573417,100,2515.877806,0.03472424554927275,False,False,[0.5 0.3 0.3]
2015.658522,100,2516.870998,0.05053718402914405,False,False,[0.5 0.3 0.3]
741.789761,100,2517.330363,0.10227304288937061,False,False,[0.5 0.3 0.3]
2418.898158,100,2517.806977,0.05519210823840798,False,False,[0.5 0.3 0.3]
941.201505,100,2518.288487,0.045169775983231214,False,False,[0.5 0.3 0.3]
1161.537172,100,2518.772006,0.030939072001189304,False,False,[0.5 0.3 0.3]
1357.521457,100,2519.232816,0.1100756680025083,False,False,[0.5 0.3 0.3]
1380.212606,100,2519.707926,0.05675603027241257,False,False,[0.5 0.3 0.3]
2005.885402,100,2520.16866,0.04388464577083525,False,False,[0.5 0.3 0.3]
1983.477618,100,2520.659759,0.032348692086927616,False,False,[0.5 0.3 0.3]
2188.353698,100,2521.136811,0.08945123621815225,False,False,[0.5 0.3 0.3]
1153.93231,100,2521.613459,0.11006563188629806,False,False,[0.5 0.3 0.3]
1587.361962,100,2522.095779,0.027277690039257594,False,False,[0.5 0.3 0.3]
945.175264,100,2522.572806,0.04529609529319845,False,False,[0.5 0.3 0.3]
1556.027071,100,2523.039919,0.11201899559381771,False,False,[0.5 0.3 0.3]
1994.330463,100,2523.515531,0.07411446728201201,False,False,[0.5 0.3 0.3]
1982.144642,100,2523.987899,0.05480875863242983,False,False,[0.5 0.3 0.3]
926.313238,100,2524.466201,0.09139552917212722,False,False,[0.5 0.3 0.3]
1355.262484,100,2524.937243,0.10553991370562857,False,False,[0.5 0.3 0.3]
1157.1442,100,2525.403848,0.0667566309109268,False,False,[0.5 0.3 0.3]
1999.43902,100,2525.884858,0.05990062121314798,False,False,[0.5 0.3 0.3]
1163.946778,100,2526.35,0.11012662459861035,False,False,[0.5 0.3 0.3]
1583.305294,100,2527.349892,0.05134777972585418,False,False,[0.5 0.3 0.3]
1789.11401,100,2527.829647,0.040433961591207185,False,False,[0.5 0.3 0.3]
1147.892087,100,2528.306848,0.09812582690927658,False,False,[0.5 0.3 0.3]
2848.186487,100,2528.769836,0.029272816891083197,False,False,[0.5 0.3 0.3]
2179.15205,100,2529.256256,0.10768319441405688,False,False,[0.5 0.3 0.3]
1155.502888,100,2529.727793,0.04941218477897798,False,False,[0.5 0.3 0.3]
1756.691753,100,2530.185636,0.03346576150887141,False,False,[0.5 0.3 0.3]
1586.036747,100,2530.648933,0.08162875263289804,False,False,[0.5 0.3 0.3]
1978.191447,100,2531.120319,0.11125345706236038,False,False,[0.5 0.3 0.3]
1166.476172,100,2531.601321,0.07530301826765051,False,False,[0.5 0.3 0.3]
1366.714588,100,2532.060425,0.1355692731601918,False,False,[0.5 0.3 0.3]
1152.289494,100,2532.528766,0.03219749369705677,False,False,[0.5 0.3 0.3]
2420.968743,100,2533.009385,0.11210907635189363,False,False,[0.5 0.3 0.3]
1393.052971,100,2533.477217,0.06913194839449684,False,False,[0.5 0.3 0.3]
1874.216491,64,2533.824472,0.02039487130256281,False,True,[0.5 0.3 0.3]
2200.62183,100,2534.290767,0.045639508220909765,False,False,[0.5 0.3 0.3]
1598.823803,100,2534.757569,0.09902694077498171,False,False,[0.5 0.3 0.3]
946.378435,100,2535.220106,0.03819511680426543,False,False,[0.5 0.3 0.3]
2224.183892,100,2535.678268,0.020700269756719483,False,False,[0.5 0.3 0.3]
1578.908547,100,2536.145095,0.06669460217959247,False,False,[0.5 0.3 0.3]
1157.568224,100,2536.603585,0.05970465879281043,False,False,[0.5 0.3 0.3]
1803.906309,100,2537.635221,0.052523307200844804,False,False,[0.5 0.3 0.3]
1336.366641,100,2538.108137,0.09292753572292642,False,False,[0.5 0.3 0.3]
1995.142652,100,2538.586648,0.056895121742768506,False,False,[0.5 0.3 0.3]
944.990133,100,2539.06503,0.08580206690752668,False,False,[0.5 0.3 0.3]
2391.880839,100,2539.53268,0.08917589553151513,False,False,[0.5 0.3 0.3]
2188.374837,100,2540.008568,0.12521891239383423,False,False,[0.5 0.3 0.3]
2395.675293,100,2540.478608,0.08070530349708738,False,False,[0.5 0.3 0.3]
2470.888078,92,2540.924975,0.03590023214499255,False,True,[0.5 0.3 0.3]
1819.218316,51,2541.218105,0.03848427321191301,False,True,[0.5 0.3 0.3]
1573.097572,100,2541.695778,0.03165579590036679,False,False,[0.5 0.3 0.3]
1635.923724,18,2541.86943,0.017633548592416285,False,True,[0.5 0.3 0.3]
2020.333254,100,2542.332939,0.038620994426574955,False,False,[0.5 0.3 0.3]
742.339147,100,2542.807127,0.03738299530627822,False,False,[0.5 0.3 0.3]
1379.889227,100,2543.280516,0.05401517490232622,False,False,[0.5 0.3 0.3]
1558.179346,100,2543.766083,0.08028921986024913,False,False,[0.5 0.3 0.3]
1161.133467,100,2544.222878,0.08262717499063625,False,False,[0.5 0.3 0.3]
1396.227794,100,2544.707961,0.10382998993292165,False,False,[0.5 0.3 0.3]
1971.397293,100,2545.19198,0.05575311105136039,False,False,[0.5 0.3 0.3]
1177.460692,100,2545.666584,0.056129775867065655,False,False,[0.5 0.3 0.3]
1770.103007,100,2546.168238,0.10846051598398056,False,False,[0.5 0.3 0.3]
1569.865014,100,2546.641023,0.060735652279752854,False,False,[0.5 0.3 0.3]
1376.731352,100,2547.129184,0.03561266230151041,False,False,[0.5 0.3 0.3]
1396.53757,100,2548.13434,0.05233836317893026,False,False,[0.5 0.3 0.3]
1154.496699,100,2548.607897,0.16037880963003406,False,False,[0.5 0.3 0.3]
2428.047087,88,2549.032228,0.04832023602872945,False,True,[0.5 0.3 0.3]
1761.668144,100,2549.506199,0.06757228468979236,False,False,[0.5 0.3 0.3]
1122.744498,100,2549.974406,0.10422612757751354,False,False,[0.5 0.3 0.3]
1571.065055,100,2550.434035,0.09419749170446333,False,False,[0.5 0.3 0.3]
2858.821536,90,2550.858306,0.02633263390668063,False,True,[0.5 0.3 0.3]
575.23038,15,2551.028166,0.041080590767987625,False,True,[0.5 0.3 0.3]
1998.226226,100,2551.599278,0.08586342562886451,False,False,[0.5 0.3 0.3]
1768.362459,100,2552.062746,0.04113343174513432,False,False,[0.5 0.3 0.3]
1146.209684,100,2552.541069,0.10717932328495279,False,False,[0.5 0.3 0.3]
1576.556235,100,2553.008461,0.1420082204982674,False,False,[0.5 0.3 0.3]
1586.917537,100,2553.45956,0.10109100562180019,False,False,[0.5 0.3 0.3]
1811.716409,100,2553.91753,0.08167699469815148,False,False,[0.5 0.3 0.3]
3033.686643,100,2554.379003,0.04014000271031855,False,False,[0.5 0.3 0.3]
1555.524092,100,2554.871295,0.059843972415507096,False,False,[0.5 0.3 0.3]
2202.073009,100,2555.335047,0.08951469423233947,False,False,[0.5 0.3 0.3]
1783.650354,100,2555.813224,0.05684227327464791,False,False,[0.5 0.3 0.3]
2207.149736,100,2556.283935,0.11240077175172149,False,False,[0.5 0.3 0.3]
941.702598,100,2556.756033,0.07446813657366168,False,False,[0.5 0.3 0.3]
2003.405634,100,2557.224004,0.04175012659920866,False,False,[0.5 0.3 0.3]
2389.585323,100,2558.209783,0.10741564580100614,False,False,[0.5 0.3 0.3]
1766.454343,100,2558.672744,0.09489429496305614,False,False,[0.5 0.3 0.3]
2365.302402,100,2559.148096,0.06063774781515807,False,False,[0.5 0.3 0.3]
2463.312572,98,2559.626154,0.049318865119241134,False,True,[0.5 0.3 0.3]
1329.81489,100,2560.104932,0.09964457215858324,False,False,[0.5 0.3 0.3]
3638.921467,100,2560.565919,0.03410404033576845,False,False,[0.5 0.3 0.3]
1518.013653,100,2561.036599,0.03183351929191636,False,False,[0.5 0.3 0.3]
1571.735711,100,2561.506142,0.11945773440179094,False,False,[0.5 0.3 0.3]
1366.633918,100,2561.979328,0.0825920753048161,False,False,[0.5 0.3 0.3]
1563.568122,100,2562.447054,0.08577256528763402,False,False,[0.5 0.3 0.3]
2319.997798,69,2562.797414,0.03660290945523158,False,True,[0.5 0.3 0.3]
1947.2619,100,2563.299673,0.08235664389495148,False,False,[0.5 0.3 0.3]
1749.295792,100,2563.773922,0.09198554580493978,False,False,[0.5 0.3 0.3]
1366.891113,100,2564.244963,0.07929267381870536,False,False,[0.5 0.3 0.3]
1784.039755,100,2564.716516,0.07736403084323974,False,False,[0.5 0.3 0.3]
1175.552938,100,2565.192767,0.06901234790913582,False,False,[0.5 0.3 0.3]
1381.391344,100,2565.672877,0.053244973868038545,False,False,[0.5 0.3 0.3]
1985.033441,100,2566.156953,0.10760862663518747,False,False,[0.5 0.3 0.3]
1349.620952,100,2566.628141,0.05176734170039208,False,False,[0.5 0.3 0.3]
1133.927875,100,2567.085291,0.07680300183022415,False,False,[0.5 0.3 0.3]
1731.697794,36,2567.332611,0.03945042610101405,False,True,[0.5 0.3 0.3]
1175.880692,100,2567.810863,0.009831717628912518,False,False,[0.5 0.3 0.3]
2171.002523,100,2568.812693,0.06083483000221215,False,False,[0.5 0.3 0.3]
1578.285605,100,2569.284679,0.025899433718729686,False,False,[0.5 0.3 0.3]
1375.686323,100,2569.754508,0.07882631629976002,False,False,[0.5 0.3 0.3]
1991.381016,100,2570.238318,0.026946830253307442,False,False,[0.5 0.3 0.3]
2172.229899,100,2570.704771,0.03263722220801389,False,False,[0.5 0.3 0.3]
2179.647937,100,2571.172811,0.03029415960900799,False,False,[0.5 0.3 0.3]
1603.666655,100,2571.638516,0.04738850700366526,False,False,[0.5 0.3 0.3]
1368.208618,100,2572.13324,0.07990378094544705,False,False,[0.5 0.3 0.3]
1770.883024,100,2572.607442,0.06267199875156061,False,False,[0.5 0.3 0.3]
1991.654994,100,2573.075347,0.03845136191539853,False,False,[0.5 0.3 0.3]
2200.302208,100,2573.539552,0.12630248354385226,False,False,[0.5 0.3 0.3]
2605.670777,100,2574.008915,0.04861265146929564,False,False,[0.5 0.3 0.3]
2602.588034,100,2574.481511,0.07325437006678064,False,False,[0.5 0.3 0.3]
2189.168454,100,2574.95041,0.0015220918599874547,False,False,[0.5 0.3 0.3]
937.231835,100,2575.411744,0.06919751548984665,False,False,[0.5 0.3 0.3]
2005.820161,100,2575.86897,0.07992696022054417,False,False,[0.5 0.3 0.3]
1971.621372,100,2576.338013,0.02746881316756009,False,False,[0.5 0.3 0.3]
901.464353,100,2576.816363,0.09652893237088525,False,False,[0.5 0.3 0.3]
2220.442644,100,2577.2885,0.04486729289787989,False,False,[0.5 0.3 0.3]
1577.041138,100,2577.754368,0.03241130032048619,False,False,[0.5 0.3 0.3]
1551.06253,100,2578.74255,0.02658842024419493,False,False,[0.5 0.3 0.3]
1560.43376,100,2579.213319,0.11761952362237746,False,False,[0.5 0.3 0.3]
1557.438901,100,2579.694647,0.052883313297221866,False,False,[0.5 0.3 0.3]
1772.572947,100,2580.161109,0.037577608589468535,False,False,[0.5 0.3 0.3]
1986.645102,100,2580.655655,0.15056927975977563,False,False,[0.5 0.3 0.3]
2000.830617,100,2581.119586,0.03113426779105469,False,False,[0.5 0.3 0.3]
1798.885094,100,2581.600796,0.019604508441366297,False,False,[0.5 0.3 0.3]
1783.991949,100,2582.068737,0.054837946103428695,False,False,[0.5 0.3 0.3]
1770.974303,100,2582.529658,0.025458074863220822,False,False,[0.5 0.3 0.3]
942.145282,100,2582.993038,0.11377015368365014,False,False,[0.5 0.3 0.3]
1162.20752,100,2583.469681,0.0828817407438171,False,False,[0.5 0.3 0.3]
1364.515322,100,2583.932695,0.02250229863187352,False,False,[0.5 0.3 0.3]
1995.850501,100,2584.406983,0.1032440150921508,False,False,[0.5 0.3 0.3]
1583.929936,100,2584.86667,0.06717668725815819,False,False,[0.5 0.3 0.3]
1361.915973,100,2585.318225,0.07961114370139363,False,False,[0.5 0.3 0.3]
1365.692557,100,2585.784767,0.08482359817881305,False,False,[0.5 0.3 0.3]
2815.861559,100,2586.250207,0.07285934978351122,False,False,[0.5 0.3 0.3]
1169.646193,100,2586.724694,0.09242975312021633,False,False,[0.5 0.3 0.3]
2191.0059,100,2587.183775,0.012682206043319585,False,False,[0.5 0.3 0.3]
1776.509395,100,2587.656038,0.07577374296538122,False,False,[0.5 0.3 0.3]
1981.001343,100,2588.124097,0.08419223581595123,False,False,[0.5 0.3 0.3]
1376.177343,100,2589.135084,0.04388175092233703,False,False,[0.5 0.3 0.3]
1990.840755,100,2589.604598,0.047567029836595554,False,False,[0.5 0.3 0.3]
1573.465878,100,2590.084079,0.04551494687063874,False,False,[0.5 0.3 0.3]
1359.28524,100,2590.565082,0.08268722138733128,False,False,[0.5 0.3 0.3]
2388.566518,100,2591.034685,0.060323846258144624,False,False,[0.5 0.3 0.3]
1555.188939,100,2591.498067,0.054056551024973594,False,False,[0.5 0.3 0.3]
1394.527985,100,2591.968448,0.06720689162033348,False,False,[0.5 0.3 0.3]
1360.61624,100,2592.440335,0.09104071415248731,False,False,[0.5 0.3 0.3]
1977.945482,100,2592.907304,0.11971659753461238,False,False,[0.5 0.3 0.3]
2246.348408,56,2593.207185,0.049607331839414084,False,True,[0.5 0.3 0.3]
1587.447045,100,2593.678811,0.06327984912475272,False,False,[0.5 0.3 0.3]
1788.9824,100,2594.146093,0.09787847727434529,False,False,[0.5 0.3 0.3]
1590.360905,100,2594.614532,0.04797408655855773,False,False,[0.5 0.3 0.3]
972.426029,100,2595.073667,0.04137787015008525,False,False,[0.5 0.3 0.3]
1356.78617,100,2595.545098,0.0876195973644669,False,False,[0.5 0.3 0.3]
928.211927,100,2596.013558,0.08494292942960932,False,False,[0.5 0.3 0.3]
953.213026,100,2596.467444,0.08183445533647785,False,False,[0.5 0.3 0.3]
3037.887141,100,2596.938807,0.10264410146032868,False,False,[0.5 0.3 0.3]
1559.804008,100,2597.401763,0.0962400116744383,False,False,[0.5 0.3 0.3]
1351.964163,100,2597.888252,0.09700846502586584,False,False,[0.5 0.3 0.3]
1181.043729,100,2598.883263,0.036004481518020076,False,False,[0.5 0.3 0.3]
1384.550532,100,2599.360056,0.0565904577994625,False,False,[0.5 0.3 0.3]
1603.040032,100,2599.827986,0.0474891963547384,False,False,[0.5 0.3 0.3]
1343.9308,100,2600.29382,0.12144625800527288,False,False,[0.5 0.3 0.3]
1980.731953,100,2600.767842,0.09515749122802111,False,False,[0.5 0.3 0.3]
1803.192133,100,2601.243547,0.05324785896033598,False,False,[0.5 0.3 0.3]
1767.217091,41,2601.495664,0.044139975533442864,False,True,[0.5 0.3 0.3]
2205.680409,100,2601.970823,0.12118288532072631,False,False,[0.5 0.3 0.3]
2176.653849,100,2602.432403,0.03965161652100525,False,False,[0.5 0.3 0.3]
1762.947576,100,2602.896948,0.12209620363760863,False,False,[0.5 0.3 0.3]
1774.666378,100,2603.367254,0.03040466408762964,False,False,[0.5 0.3 0.3]
2603.711181,100,2603.842972,0.03325856751095689,False,False,[0.5 0.3 0.3]
1390.594965,100,2604.315794,0.0832356673145727,False,False,[0.5 0.3 0.3]
1361.246257,100,2604.780591,0.06443065947172512,False,False,[0.5 0.3 0.3]
2443.662679,92,2605.206573,0.03379384724728685,False,True,[0.5 0.3 0.3]
1589.126211,100,2605.681915,0.03793924013417074,False,False,[0.5 0.3 0.3]
1589.809847,100,2606.164926,0.0804728792078164,False,False,[0.5 0.3 0.3]
1139.152131,100,2606.633376,0.020417632381837126,False,False,[0.5 0.3 0.3]
1152.15772,100,2607.094721,0.042223166004633925,False,False,[0.5 0.3 0.3]
1344.38724,100,2607.557372,0.06228765604138592,False,False,[0.5 0.3 0.3]
1766.640745,100,2608.033128,0.05989597350682418,False,False,[0.5 0.3 0.3]
1738.354104,100,2608.500586,0.12515514981859127,False,False,[0.5 0.3 0.3]
1539.975016,100,2609.494002,0.08173670639700605,False,False,[0.5 0.3 0.3]
1568.662696,100,2609.973508,0.07104110368094009,False,False,[0.5 0.3 0.3]
2419.466444,100,2610.445869,0.0840194097691598,False,False,[0.5 0.3 0.3]
1786.874601,100,2610.920026,0.05622454119573295,False,False,[0.5 0.3 0.3]
1602.800031,100,2611.39179,0.09115338918794126,False,False,[0.5 0.3 0.3]
1797.549448,100,2611.859632,0.0640952730929326,False,False,[0.5 0.3 0.3]
1368.337792,100,2612.333273,0.03503306155202603,False,False,[0.5 0.3 0.3]
2195.78217,100,2612.80122,0.07491241876882682,False,False,[0.5 0.3 0.3]
2723.847224,67,2613.145147,0.04456789610663982,False,True,[0.5 0.3 0.3]
1595.889965,100,2613.61975,0.03285574219427785,False,False,[0.5 0.3 0.3]
1987.418446,100,2614.097424,0.045959303974284334,False,False,[0.5 0.3 0.3]
2410.042518,100,2614.568187,0.04412340819210966,False,False,[0.5 0.3 0.3]
925.140204,100,2615.069829,0.06881125252445675,False,False,[0.5 0.3 0.3]
2817.959401,100,2615.533819,0.0308548400926461,False,False,[0.5 0.3 0.3]
762.348029,10,2615.673899,0.03147530672784032,False,True,[0.5 0.3 0.3]
1382.54387,100,2616.237077,0.021026704148347987,False,False,[0.5 0.3 0.3]
1585.484505,100,2616.70041,0.11504237546129503,False,False,[0.5 0.3 0.3]
1129.968495,100,2617.176748,0.10400660994668319,False,False,[0.5 0.3 0.3]
2587.675022,100,2617.649959,0.07421532632999282,False,False,[0.5 0.3 0.3]
967.910798,100,2618.123417,0.06050711984072516,False,False,[0.5 0.3 0.3]
2003.597977,100,2618.595888,0.040747378525833274,False,False,[0.5 0.3 0.3]
2616.308475,100,2619.589314,0.0247683127443899,False,False,[0.5 0.3 0.3]
1197.275528,100,2620.059809,0.08453317453559933,False,False,[0.5 0.3 0.3]
1783.65737,100,2620.520451,0.11186935519552152,False,False,[0.5 0.3 0.3]
2004.7263,100,2620.996746,0.07977730335249346,False,False,[0.5 0.3 0.3]
2808.121476,100,2621.456958,0.12638767961229044,False,False,[0.5 0.3 0.3]
1976.089891,100,2621.927198,0.07433442231728013,False,False,[0.5 0.3 0.3]
1997.961791,100,2622.396831,0.05382438939258782,False,False,[0.5 0.3 0.3]
2183.921339,100,2622.864381,0.03183270383896364,False,False,[0.5 0.3 0.3]
1989.233297,100,2623.317088,0.06115740532863538,False,False,[0.5 0.3 0.3]
1390.404405,100,2623.777977,0.04479816315344818,False,False,[0.5 0.3 0.3]
1804.375187,100,2624.258097,0.0447507610262894,False,False,[0.5 0.3 0.3]
2182.054853,100,2624.722737,0.07941116717812133,False,False,[0.5 0.3 0.3]
985.573131,100,2625.190667,0.08890974534292272,False,False,[0.5 0.3 0.3]
958.443555,100,2625.654032,0.13343263086456617,False,False,[0.5 0.3 0.3]
1559.763477,100,2626.132041,0.0722900568809658,False,False,[0.5 0.3 0.3]
1586.499897,100,2626.609329,0.11746027941047783,False,False,[0.5 0.3 0.3]
1775.807113,100,2627.110372,0.027874510578606196,False,False,[0.5 0.3 0.3]
2608.064798,100,2627.575385,0.03098537458974528,False,False,[0.5 0.3 0.3]
1996.858791,100,2628.048505,0.055429546302042054,False,False,[0.5 0.3 0.3]
1564.366035,100,2628.515381,0.028297285569092914,False,False,[0.5 0.3 0.3]
2192.743308,100,2628.976951,0.08430402063692329,False,False,[0.5 0.3 0.3]
954.643819,100,2629.949203,0.055856501739562275,False,False,[0.5 0.3 0.3]
944.351439,100,2630.422695,0.0563964317885804,False,False,[0.5 0.3 0.3]
1545.753461,100,2630.898707,0.03818768598853664,False,False,[0.5 0.3 0.3]
1360.676224,100,2631.366969,0.07385819539525011,False,False,[0.5 0.3 0.3]
500.521512,100,2631.86755,0.03852854161821869,False,False,[0.5 0.3 0.3]
1380.391328,100,2632.347286,0.0411185685362541,False,False,[0.5 0.3 0.3]
1586.410848,100,2632.812018,0.054274313597320815,False,False,[0.5 0.3 0.3]
1134.137125,100,2633.27939,0.09098338054119684,False,False,[0.5 0.3 0.3]
1557.269155,100,2633.755908,0.14486458302184405,False,False,[0.5 0.3 0.3]
1569.054923,100,2634.240055,0.03654129768272922,False,False,[0.5 0.3 0.3]
1355.592607,100,2634.713424,0.01822297419259729,False,False,[0.5 0.3 0.3]
1803.780232,100,2635.186782,0.09708159196797272,False,False,[0.5 0.3 0.3]
1578.042341,100,2635.659589,0.12935238125986276,False,False,[0.5 0.3 0.3]
1955.960497,100,2636.134786,0.09908454522256338,False,False,[0.5 0.3 0.3]
1975.338626,100,2636.594817,0.05860933897704867,False,False,[0.5 0.3 0.3]
1342.856985,100,2637.052099,0.1102374484095321,False,False,[0.5 0.3 0.3]
1803.323319,100,2637.520118,0.028016537956470133,False,False,[0.5 0.3 0.3]
1357.520226,100,2637.984499,0.09145602436169398,False,False,[0.5 0.3 0.3]
1130.397039,100,2638.472527,0.09051606254656891,False,False,[0.5 0.3 0.3]
2397.766569,100,2638.934054,0.07247319478966531,False,False,[0.5 0.3 0.3]
528.958503,100,2639.942725,0.07354029879557564,False,False,[0.5 0.3 0.3]
1564.287519,100,2640.442653,0.05215091218015699,False,False,[0.5 0.3 0.3]
1173.915024,100,2640.909502,0.06171804747024747,False,False,[0.5 0.3 0.3]
1136.157994,100,2641.388955,0.1383391319661503,False,False,[0.5 0.3 0.3]
1565.963963,100,2641.854733,0.012393096791824074,False,False,[0.5 0.3 0.3]
1152.112227,100,2642.324302,0.021551444047627946,False,False,[0.5 0.3 0.3]
1376.687289,100,2642.787759,0.047338839231197964,False,False,[0.5 0.3 0.3]
2392.40452,100,2643.25625,0.09094350644240261,False,False,[0.5 0.3 0.3]
1788.860305,100,2643.722511,0.11115457574804283,False,False,[0.5 0.3 0.3]
1991.699973,100,2644.189482,0.016380881520995455,False,False,[0.5 0.3 0.3]
2004.398312,100,2644.661706,0.03048640377500764,False,False,[0.5 0.3 0.3]
2624.145484,100,2645.128175,0.09981356084346833,False,False,[0.5 0.3 0.3]
2204.658749,100,2645.589392,0.05754061447583472,False,False,[0.5 0.3 0.3]
1981.042808,100,2646.066837,0.12715347539487049,False,False,[0.5 0.3 0.3]
1575.359389,100,2646.553729,0.14264723659597978,False,False,[0.5 0.3 0.3]
1372.946879,100,2647.014968,0.01496650634972945,False,False,[0.5 0.3 0.3]
1598.190389,100,2647.491529,0.09880364937759681,False,False,[0.5 0.3 0.3]
1801.091992,100,2647.956218,0.07080588392795477,False,False,[0.5 0.3 0.3]
1764.848915,100,2648.451331,0.05758071712626999,False,False,[0.5 0.3 0.3]
2181.775918,100,2648.919064,0.1252421336979753,False,False,[0.5 0.3 0.3]
1997.543412,100,2649.390348,0.09563896679843731,False,False,[0.5 0.3 0.3]
1576.501403,100,2650.408134,0.1246987240210725,False,False,[0.5 0.3 0.3]
1587.357587,100,2650.877999,0.04009423781730578,False,False,[0.5 0.3 0.3]
1756.61418,100,2651.365897,0.08001512579269121,False,False,[0.5 0.3 0.3]
1804.512165,100,2651.846861,0.054180617749607994,False,False,[0.5 0.3 0.3]
1627.483172,100,2652.308479,0.07009581358707638,False,False,[0.5 0.3 0.3]
1816.456667,100,2652.784239,0.020718829122645433,False,False,[0.5 0.3 0.3]
2834.843658,100,2653.245271,0.05196885450580281,False,False,[0.5 0.3 0.3]
1546.248431,100,2653.703826,0.08607733394216238,False,False,[0.5 0.3 0.3]
2396.888216,100,2654.167211,0.14078108159618735,False,False,[0.5 0.3 0.3]
2620.296003,100,2654.645627,0.07016038142476765,False,False,[0.5 0.3 0.3]
2403.016697,100,2655.117213,0.026303740373654957,False,False,[0.5 0.3 0.3]
2980.327705,76,2655.500196,0.02287585109394919,False,True,[0.5 0.3 0.3]
1625.539959,100,2655.965598,0.12341651650254633,False,False,[0.5 0.3 0.3]
2021.977732,100,2656.428835,0.11389104934289691,False,False,[0.5 0.3 0.3]
1941.490498,100,2656.89015,0.028342795254538204,False,False,[0.5 0.3 0.3]
1358.44784,100,2657.385042,0.03706855460173649,False,False,[0.5 0.3 0.3]
984.205282,100,2657.853533,0.04804570366249255,False,False,[0.5 0.3 0.3]
923.254122,100,2658.32848,0.02002732492099807,False,False,[0.5 0.3 0.3]
2405.396827,100,2658.811412,0.06862079279254396,False,False,[0.5 0.3 0.3]
2181.539665,100,2659.276589,0.059988569467375796,False,False,[0.5 0.3 0.3]
1404.419811,100,2659.744376,0.055532963332160845,False,False,[0.5 0.3 0.3]
1575.135317,100,2660.727276,0.0343416419858123,False,False,[0.5 0.3 0.3]
1782.13242,100,2661.195674,0.08439446086299046,False,False,[0.5 0.3 0.3]
2193.380406,100,2661.664614,0.09167978436258295,False,False,[0.5 0.3 0.3]
1346.029876,100,2662.129186,0.08573611780105234,False,False,[0.5 0.3 0.3]
971.412597,100,2662.608976,0.034273417374217546,False,False,[0.5 0.3 0.3]
1343.831403,100,2663.068849,0.07148976611889893,False,False,[0.5 0.3 0.3]
1574.399836,100,2663.532375,0.03325822595591499,False,False,[0.5 0.3 0.3]
1557.354742,100,2664.008637,0.045140346813782754,False,False,[0.5 0.3 0.3]
2165.337562,100,2664.481686,0.04944263480337765,False,False,[0.5 0.3 0.3]
1778.295658,100,2664.94908,0.049366748069117096,False,False,[0.5 0.3 0.3]
2187.246256,100,2665.424927,0.026352165428939568,False,False,[0.5 0.3 0.3]
2207.284696,100,2665.930811,0.11857416638061792,False,False,[0.5 0.3 0.3]
2196.753439,100,2666.402288,0.11269056331204969,False,False,[0.5 0.3 0.3]
1567.771898,100,2666.88171,0.0548784000812439,False,False,[0.5 0.3 0.3]
2009.442799,100,2667.350849,0.07174617805802572,False,False,[0.5 0.3 0.3]
1385.966674,100,2667.826027,0.049362673999112275,False,False,[0.5 0.3 0.3]
1976.146061,100,2668.288766,0.07537336582729247,False,False,[0.5 0.3 0.3]
1326.138379,100,2668.7621,0.02700032080890279,False,False,[0.5 0.3 0.3]
1975.79505,100,2669.234007,0.048914601763665584,False,False,[0.5 0.3 0.3]
1861.489531,62,2669.575414,0.048035632764637355,False,True,[0.5 0.3 0.3]
2615.612748,100,2670.595192,0.049288246247512706,False,False,[0.5 0.3 0.3]
2208.904829,100,2671.052601,0.08173920868074727,False,False,[0.5 0.3 0.3]
1578.862289,100,2671.505508,0.051447101945893636,False,False,[0.5 0.3 0.3]
2216.973341,100,2671.972243,0.06491782025909738,False,False,[0.5 0.3 0.3]
1372.008938,100,2672.425766,0.09409856350906774,False,False,[0.5 0.3 0.3]
1770.678092,100,2672.899225,0.0883683118597065,False,False,[0.5 0.3 0.3]
1591.085583,100,2673.371968,0.08729679911294931,False,False,[0.5 0.3 0.3]
1351.721055,100,2673.852559,0.07045621211055254,False,False,[0.5 0.3 0.3]
1768.008641,100,2674.341145,0.015892196311320446,False,False,[0.5 0.3 0.3]
1564.74967,100,2674.816749,0.03150903149081577,False,False,[0.5 0.3 0.3]
1570.300833,100,2675.288494,0.040785795991736935,False,False,[0.5 0.3 0.3]
1235.503315,23,2675.479903,0.03294777291235722,False,True,[0.5 0.3 0.3]
1997.409781,100,2675.940054,0.10134433142102135,False,False,[0.5 0.3 0.3]
1982.02843,100,2676.408473,0.07838352044489307,False,False,[0.5 0.3 0.3]
1373.87487,100,2676.878033,0.049196328258043695,False,False,[0.5 0.3 0.3]
1347.89469,100,2677.343031,0.025117795485457218,False,False,[0.5 0.3 0.3]
1333.979209,100,2677.823843,0.024226184366973318,False,False,[0.5 0.3 0.3]
1361.873398,100,2678.280879,0.06296026789847833,False,False,[0.5 0.3 0.3]
1355.268967,100,2678.756396,0.03762962024027653,False,False,[0.5 0.3 0.3]
2576.132857,100,2679.21885,0.028791766297610384,False,False,[0.5 0.3 0.3]
2380.20359,100,2679.684987,0.11016834185020533,False,False,[0.5 0.3 0.3]
1357.30873,100,2680.153577,0.03210315598183168,False,False,[0.5 0.3 0.3]
1160.036771,100,2681.175829,0.052534030462922654,False,False,[0.5 0.3 0.3]
1995.824984,100,2681.638333,0.06308544068802914,False,False,[0.5 0.3 0.3]
2220.113007,100,2682.102211,0.05442653194388704,False,False,[0.5 0.3 0.3]
1570.563306,100,2682.572325,0.0972211124696043,False,False,[0.5 0.3 0.3]
1162.963523,100,2683.070279,0.01201856128390111,False,False,[0.5 0.3 0.3]
1149.469208,100,2683.541977,0.06926197808777984,False,False,[0.5 0.3 0.3]
2001.704707,100,2684.014533,0.021888854536460067,False,False,[0.5 0.3 0.3]
2371.588263,100,2684.479469,0.06588666821904651,False,False,[0.5 0.3 0.3]
2391.746351,100,2684.953248,0.05338885976178139,False,False,[0.5 0.3 0.3]
1549.311502,100,2685.434246,0.06680913269784558,False,False,[0.5 0.3 0.3]
1777.01529,100,2685.904031,0.10672095922171099,False,False,[0.5 0.3 0.3]
1996.054727,100,2686.368272,0.022289652291548,False,False,[0.5 0.3 0.3]
744.952659,100,2686.828811,0.13463504266069726,False,False,[0.5 0.3 0.3]
1578.427491,100,2687.30507,0.07089199058610343,False,False,[0.5 0.3 0.3]
1389.269128,100,2687.774575,0.15533526931241232,False,False,[0.5 0.3 0.3]
1827.004222,100,2688.244706,0.05530686820423813,False,False,[0.5 0.3 0.3]
1360.408991,100,2688.702449,0.0947795920145502,False,False,[0.5 0.3 0.3]
1410.098543,100,2689.174913,0.09612537472514773,False,False,[0.5 0.3 0.3]
1169.696962,100,2689.683218,0.1030058360849881,False,False,[0.5 0.3 0.3]
1759.163981,100,2690.140923,0.05126235632363013,False,False,[0.5 0.3 0.3]
706.916936,100,2691.140051,0.046937387731601485,False,False,[0.5 0.3 0.3]
1993.410098,100,2691.612022,0.13053852693612283,False,False,[0.5 0.3 0.3]
1968.59999,100,2692.073794,0.15009161863600345,False,False,[0.5 0.3 0.3]
960.604591,100,2692.545072,0.05848376831750147,False,False,[0.5 0.3 0.3]
1796.461268,100,2693.021529,0.03165650119925021,False,False,[0.5 0.3 0.3]
1783.564623,100,2693.479879,0.05010246503125377,False,False,[0.5 0.3 0.3]
2177.100747,100,2693.957662,0.05899881615422521,False,False,[0.5 0.3 0.3]
2193.097862,100,2694.414865,0.08779924480935013,False,False,[0.5 0.3 0.3]
1565.422561,100,2694.892767,0.04296214598720275,False,False,[0.5 0.3 0.3]
2176.851737,100,2695.355636,0.1485620837627608,False,False,[0.5 0.3 0.3]
2386.815733,100,2695.81663,0.01732395772254637,False,False,[0.5 0.3 0.3]
1586.42194,100,2696.277689,0.09152053150696778,False,False,[0.5 0.3 0.3]
2854.223912,100,2696.751615,0.031665298065611205,False,False,[0.5 0.3 0.3]
1797.155281,100,2697.237571,0.04240415050230178,False,False,[0.5 0.3 0.3]
973.022372,100,2697.731498,0.17634243693930213,False,False,[0.5 0.3 0.3]
1784.270218,100,2698.215119,0.05923224199683181,False,False,[0.5 0.3 0.3]
1758.669888,100,2698.683697,0.1222688847252074,False,False,[0.5 0.3 0.3]
2000.363295,100,2699.165961,0.09240237813285299,False,False,[0.5 0.3 0.3]
2004.47209,100,2699.635746,0.08368360215544016,False,False,[0.5 0.3 0.3]
2175.853302,100,2700.105997,0.06838627001766058,False,False,[0.5 0.3 0.3]
1559.69491,100,2700.572613,0.10473180061921455,False,False,[0.5 0.3 0.3]
1989.756206,100,2701.592959,0.11460402893770542,False,False,[0.5 0.3 0.3]
1758.200448,43,2701.846049,0.012147904712237523,False,True,[0.5 0.3 0.3]
2397.513541,100,2702.297581,0.08658455771879578,False,False,[0.5 0.3 0.3]
2400.786845,100,2702.773134,0.12317566618748503,False,False,[0.5 0.3 0.3]
2221.589297,100,2703.258399,0.02003390229882777,False,False,[0.5 0.3 0.3]
1566.804919,100,2703.726165,0.045284799947960024,False,False,[0.5 0.3 0.3]
1141.084102,100,2704.190841,0.1249988653226798,False,False,[0.5 0.3 0.3]
1580.082584,100,2704.6599,0.11017703450862439,False,False,[0.5 0.3 0.3]
1778.103178,100,2705.121344,0.03114542275808732,False,False,[0.5 0.3 0.3]
2389.272937,100,2705.586735,0.1064558895090067,False,False,[0.5 0.3 0.3]
1576.303176,100,2706.060231,0.03755558697737026,False,False,[0.5 0.3 0.3]
1854.228875,54,2706.359069,0.02463163858969656,False,True,[0.5 0.3 0.3]
614.030619,22,2706.564745,0.030753606071762057,False,True,[0.5 0.3 0.3]
1966.833911,100,2707.037501,0.0987691696823516,False,False,[0.5 0.3 0.3]
1576.869818,100,2707.506919,0.06383567693408046,False,False,[0.5 0.3 0.3]
2376.107465,100,2707.974773,0.1190919645896176,False,False,[0.5 0.3 0.3]
1197.989282,100,2708.434797,0.1156552897843957,False,False,[0.5 0.3 0.3]
1822.507186,56,2708.741611,0.049013193239188096,False,True,[0.5 0.3 0.3]
2010.985108,100,2709.213524,0.15598979981800082,False,False,[0.5 0.3 0.3]
1986.024236,100,2709.680384,0.08503702068887521,False,False,[0.5 0.3 0.3]
1780.726465,100,2710.138904,0.03822361045751686,False,False,[0.5 0.3 0.3]
1957.380434,100,2710.608009,0.10708910897493192,False,False,[0.5 0.3 0.3]
1552.388259,100,2711.625353,0.033661751836403554,False,False,[0.5 0.3 0.3]
3208.667495,100,2712.092014,0.05028980608158016,False,False,[0.5 0.3 0.3]
1557.016703,100,2712.594041,0.034982773152480405,False,False,[0.5 0.3 0.3]
1744.810552,100,2713.055077,0.10010970883049536,False,False,[0.5 0.3 0.3]
1547.047333,100,2713.533498,0.04322327629306024,False,False,[0.5 0.3 0.3]
810.652079,19,2713.708705,0.035047224263840666,False,True,[0.5 0.3 0.3]
942.53194,100,2714.18584,0.09118590832055691,False,False,[0.5 0.3 0.3]
1987.50979,100,2714.662273,0.07495841113619706,False,False,[0.5 0.3 0.3]
1556.811768,100,2715.120875,0.09939128935103926,False,False,[0.5 0.3 0.3]
1436.532799,20,2715.324359,0.03246509101828015,False,True,[0.5 0.3 0.3]
1351.731056,100,2715.799584,0.060959632345971924,False,False,[0.5 0.3 0.3]
769.428768,100,2716.274621,0.05260983016778742,False,False,[0.5 0.3 0.3]
2190.007615,100,2716.741442,0.048235817426172875,False,False,[0.5 0.3 0.3]
716.484879,100,2717.206777,0.07163524166110521,False,False,[0.5 0.3 0.3]
2028.523489,52,2717.501334,0.046486734727094185,False,True,[0.5 0.3 0.3]
2429.244364,100,2717.964687,0.043476224628723685,False,False,[0.5 0.3 0.3]
1577.005328,100,2718.432209,0.013822126216222712,False,False,[0.5 0.3 0.3]
2609.239285,100,2718.88967,0.07358727606026143,False,False,[0.5 0.3 0.3]
1413.820008,100,2719.352309,0.03643492592729622,False,False,[0.5 0.3 0.3]
1170.738465,100,2719.819197,0.07150833960234644,False,False,[0.5 0.3 0.3]
1557.632233,100,2720.289265,0.04795392666731462,False,False,[0.5 0.3 0.3]
2395.264838,100,2720.761465,0.04924331274620153,False,False,[0.5 0.3 0.3]
2010.858617,100,2721.228863,0.04943287624710957,False,False,[0.5 0.3 0.3]
2213.214773,100,2722.233333,0.09532594708715111,False,False,[0.5 0.3 0.3]
1797.825127,100,2722.688764,0.05210725124644625,False,False,[0.5 0.3 0.3]
1561.728533,100,2723.153183,0.04472040440029,False,False,[0.5 0.3 0.3]
1780.999986,100,2723.628066,0.058665289947291525,False,False,[0.5 0.3 0.3]
1572.090567,100,2724.130813,0.07387938459413006,False,False,[0.5 0.3 0.3]
2805.902777,100,2724.602555,0.07197746082271933,False,False,[0.5 0.3 0.3]
1402.7432,100,2725.069948,0.022493303548033174,False,False,[0.5 0.3 0.3]
2825.700229,100,2725.536705,0.029313023789340222,False,False,[0.5 0.3 0.3]
1769.921093,100,2725.997616,0.07798591913208337,False,False,[0.5 0.3 0.3]
1368.343616,100,2726.46758,0.043189378662252954,False,False,[0.5 0.3 0.3]
1964.322065,100,2726.935551,0.08797350699042246,False,False,[0.5 0.3 0.3]
1586.697128,100,2727.397095,0.1191620483775008,False,False,[0.5 0.3 0.3]
1984.106669,100,2727.857997,0.08287128196503515,False,False,[0.5 0.3 0.3]
1595.225414,100,2728.321645,0.10403220152356962,False,False,[0.5 0.3 0.3]
2382.607564,100,2728.797225,0.04391151176740526,False,False,[0.5 0.3 0.3]
965.304541,100,2729.263861,0.050093668697920486,False,False,[0.5 0.3 0.3]
1156.948586,100,2729.740147,0.0671802497208956,False,False,[0.5 0.3 0.3]
2177.893429,100,2730.216071,0.05698801852938788,False,False,[0.5 0.3 0.3]
2001.661008,100,2730.686477,0.09691871696266824,False,False,[0.5 0.3 0.3]
1378.169858,100,2731.138894,0.10156846593605737,False,False,[0.5 0.3 0.3]
1394.435594,100,2732.159237,0.0991369459035608,False,False,[0.5 0.3 0.3]
1373.007436,100,2732.648325,0.05071505479195508,False,False,[0.5 0.3 0.3]
3023.07882,100,2733.118506,0.02828853152002265,False,False,[0.5 0.3 0.3]
2393.357542,100,2733.591761,0.0743707936567448,False,False,[0.5 0.3 0.3]
1349.145178,100,2734.063535,0.11764492377509028,False,False,[0.5 0.3 0.3]
2009.505077,100,2734.551005,0.07494477008712361,False,False,[0.5 0.3 0.3]
1998.77108,100,2735.014759,0.05117753094717316,False,False,[0.5 0.3 0.3]
1768.848075,100,2735.467973,0.10513672528729068,False,False,[0.5 0.3 0.3]
1366.066073,100,2735.933832,0.06899049955059822,False,False,[0.5 0.3 0.3]
1587.452629,100,2736.389567,0.031161312430516057,False,False,[0.5 0.3 0.3]
1562.554892,100,2736.866376,0.00936628556626652,False,False,[0.5 0.3 0.3]
1546.67519,100,2737.337063,0.030928252050813523,False,False,[0.5 0.3 0.3]
944.700088,100,2737.822717,0.06638825436254901,False,False,[0.5 0.3 0.3]
2405.753186,100,2738.294242,0.11058612076228419,False,False,[0.5 0.3 0.3]
1169.297959,100,2738.765731,0.036903662841993756,False,False,[0.5 0.3 0.3]
2594.486935,100,2739.22815,0.0342159567234279,False,False,[0.5 0.3 0.3]
1164.445856,100,2739.698901,0.07925257717512495,False,False,[0.5 0.3 0.3]
3063.706358,100,2740.148663,0.023880806493040443,False,False,[0.5 0.3 0.3]
2435.057373,100,2740.620225,0.06876844023532672,False,False,[0.5 0.3 0.3]
1150.17966,100,2741.110778,0.09274785524320987,False,False,[0.5 0.3 0.3]
1590.514992,100,2741.582112,0.06571810741809403,False,False,[0.5 0.3 0.3]
935.376147,100,2742.565091,0.06576607320224859,False,False,[0.5 0.3 0.3]
2190.034307,100,2743.026958,0.10215866611179349,False,False,[0.5 0.3 0.3]
1570.609609,100,2743.491878,0.07547707363645541,False,False,[0.5 0.3 0.3]
2411.727554,100,2743.959241,0.15931296203424933,False,False,[0.5 0.3 0.3]
2420.209856,100,2744.427644,0.13495318435364606,False,False,[0.5 0.3 0.3]
1347.433064,100,2744.894105,0.020116209701332835,False,False,[0.5 0.3 0.3]
1158.128776,100,2745.360695,0.11082586696129011,False,False,[0.5 0.3 0.3]
1594.160315,100,2745.82648,0.05688167319915325,False,False,[0.5 0.3 0.3]
1990.018098,100,2746.290233,0.034861713411530736,False,False,[0.5 0.3 0.3]
2399.977756,100,2746.767685,0.011661074559332883,False,False,[0.5 0.3 0.3]
1750.810727,100,2747.225754,0.11293372440718241,False,False,[0.5 0.3 0.3]
1397.146328,100,2747.69322,0.09023656960196803,False,False,[0.5 0.3 0.3]
2425.79099,100,2748.148638,0.03759069539239606,False,False,[0.5 0.3 0.3]
1389.533455,100,2748.629965,0.02582624832787318,False,False,[0.5 0.3 0.3]
1580.891627,100,2749.091016,0.13715143523357706,False,False,[0.5 0.3 0.3]
1168.559063,100,2749.567948,0.07797718124708497,False,False,[0.5 0.3 0.3]
1155.593179,100,2750.048079,0.06005919412325251,False,False,[0.5 0.3 0.3]
1350.963002,100,2750.516465,0.035016496861057234,False,False,[0.5 0.3 0.3]
1598.467174,100,2750.976871,0.04958013168925018,False,False,[0.5 0.3 0.3]
1387.380921,100,2751.454353,0.028749608480292798,False,False,[0.5 0.3 0.3]
1548.481464,100,2752.467001,0.10377141214337247,False,False,[0.5 0.3 0.3]
2212.378171,100,2752.936443,0.07242746037403042,False,False,[0.5 0.3 0.3]
2182.65121,100,2753.403756,0.0418837565441247,False,False,[0.5 0.3 0.3]
1801.14465,100,2753.88465,0.035688136892129754,False,False,[0.5 0.3 0.3]
1595.548739,100,2754.340883,0.030233738660007545,False,False,[0.5 0.3 0.3]
1374.384505,100,2754.817094,0.05186315094922435,False,False,[0.5 0.3 0.3]
1992.656504,100,2755.290767,0.06390331444431022,False,False,[0.5 0.3 0.3]
1596.775284,100,2755.751393,0.06808537644402543,False,False,[0.5 0.3 0.3]
1722.817028,36,2755.983653,0.013307990126362527,False,True,[0.5 0.3 0.3]
963.422216,100,2756.448601,0.023074113029175718,False,False,[0.5 0.3 0.3]
1558.826649,100,2756.914337,0.07042209329444975,False,False,[0.5 0.3 0.3]
2443.602975,100,2757.384614,0.06046866341764828,False,False,[0.5 0.3 0.3]
1597.079036,100,2757.847547,0.09052930264049934,False,False,[0.5 0.3 0.3]
1373.695662,100,2758.318682,0.0705265460526635,False,False,[0.5 0.3 0.3]
1588.982175,100,2758.821617,0.08644192626435397,False,False,[0.5 0.3 0.3]
1554.521646,100,2759.289693,0.11502384496251201,False,False,[0.5 0.3 0.3]
2413.479564,100,2759.748212,0.08283057972995553,False,False,[0.5 0.3 0.3]
1788.239507,100,2760.223778,0.035208730910906295,False,False,[0.5 0.3 0.3]
1342.357526,100,2760.688464,0.11911438792035602,False,False,[0.5 0.3 0.3]
2182.226477,100,2761.153208,0.04101675541171498,False,False,[0.5 0.3 0.3]
1156.284486,100,2761.615923,0.06790698446676972,False,False,[0.5 0.3 0.3]
1975.829621,100,2762.627224,0.08894219332825828,False,False,[0.5 0.3 0.3]
1341.349189,100,2763.083162,0.10682912600479888,False,False,[0.5 0.3 0.3]
1985.472699,100,2763.558556,0.06449830691308188,False,False,[0.5 0.3 0.3]
1151.460137,100,2764.027489,0.03596328161161866,False,False,[0.5 0.3 0.3]
1398.012665,100,2764.497437,0.052927617157819316,False,False,[0.5 0.3 0.3]
2484.903154,64,2764.839815,0.04610849094458872,False,True,[0.5 0.3 0.3]
547.175566,8,2764.973312,0.0146592687136941,False,True,[0.5 0.3 0.3]
1374.559036,100,2765.442055,0.13155828391219454,False,False,[0.5 0.3 0.3]
2809.494846,100,2765.910591,0.09093753157019831,False,False,[0.5 0.3 0.3]
2220.808279,100,2766.383179,0.01704242411803675,False,False,[0.5 0.3 0.3]
1552.507346,100,2766.856795,0.0474741267300917,False,False,[0.5 0.3 0.3]
3038.823549,100,2767.324246,0.025660049101208462,False,False,[0.5 0.3 0.3]
547.342249,9,2767.466209,0.04412309811436947,False,True,[0.5 0.3 0.3]
2428.599073,100,2767.930373,0.05870730507241871,False,False,[0.5 0.3 0.3]
1799.367583,100,2768.400667,0.10997610987641927,False,False,[0.5 0.3 0.3]
1968.873593,100,2768.876194,0.08150034108302281,False,False,[0.5 0.3 0.3]
2398.293801,100,2769.342108,0.1520132417955677,False,False,[0.5 0.3 0.3]
1771.718364,100,2769.800163,0.024257461099292752,False,False,[0.5 0.3 0.3]
1797.298603,100,2770.270647,0.06850073915004946,False,False,[0.5 0.3 0.3]
2633.256937,100,2770.752679,0.05471376365879162,False,False,[0.5 0.3 0.3]
1377.682273,100,2771.210594,0.07232084725964903,False,False,[0.5 0.3 0.3]
1358.687167,100,2771.68264,0.011565829390827242,False,False,[0.5 0.3 0.3]
1787.324016,100,2772.161827,0.0725619980833074,False,False,[0.5 0.3 0.3]
1619.143112,100,2773.152394,0.16770947101824074,False,False,[0.5 0.3 0.3]
2160.285311,74,2773.519901,0.025742926648062943,False,True,[0.5 0.3 0.3]
2000.82342,100,2773.98979,0.11962534116713686,False,False,[0.5 0.3 0.3]
1188.669049,100,2774.458671,0.048337896085985106,False,False,[0.5 0.3 0.3]
2015.031431,100,2774.924702,0.10028282661043895,False,False,[0.5 0.3 0.3]
2386.20516,100,2775.394244,0.07959110254008549,False,False,[0.5 0.3 0.3]
1796.30434,100,2775.859919,0.060570005702892046,False,False,[0.5 0.3 0.3]
2566.068198,100,2776.370988,0.08268981455820547,False,False,[0.5 0.3 0.3]
1588.703582,100,2776.864739,0.04643041811219401,False,False,[0.5 0.3 0.3]
1343.561982,100,2777.35322,0.041156631450294606,False,False,[0.5 0.3 0.3]
1385.788117,100,2777.870418,0.07975469511967591,False,False,[0.5 0.3 0.3]
2165.174604,100,2778.416596,0.11588345036647801,False,False,[0.5 0.3 0.3]
1409.997182,100,2778.94183,0.0335175761426979,False,False,[0.5 0.3 0.3]
1542.014028,100,2779.445815,0.09477453363884261,False,False,[0.5 0.3 0.3]
2849.65487,100,2779.977976,0.07643015883400231,False,False,[0.5 0.3 0.3]
1367.594225,100,2780.502106,0.12782045992413799,False,False,[0.5 0.3 0.3]
1834.867903,58,2780.859286,0.04559228471430013,False,True,[0.5 0.3 0.3]
3446.404619,88,2781.342274,0.041467622431705535,False,True,[0.5 0.3 0.3]
1762.754327,100,2781.847744,0.03616768301366884,False,False,[0.5 0.3 0.3]
1155.588172,100,2782.352098,0.03431489622611258,False,False,[0.5 0.3 0.3]
1142.211434,100,2782.86645,0.09754428732631816,False,False,[0.5 0.3 0.3]
1576.03924,100,2783.919549,0.04425280659134799,False,False,[0.5 0.3 0.3]
763.101435,100,2784.433085,0.06563946775416615,False,False,[0.5 0.3 0.3]
1788.092879,100,2784.941507,0.16090641274768194,False,False,[0.5 0.3 0.3]
1575.87689,100,2785.455906,0.015787036638117362,False,False,[0.5 0.3 0.3]
1160.257057,100,2785.988605,0.13176992266895227,False,False,[0.5 0.3 0.3]
2619.918358,100,2786.516188,0.06250598532240056,False,False,[0.5 0.3 0.3]
1989.526654,100,2787.036661,0.02773815156731422,False,False,[0.5 0.3 0.3]
2811.856513,100,2787.564651,0.11011639840065322,False,False,[0.5 0.3 0.3]
959.18146,100,2788.092135,0.08098624429073432,False,False,[0.5 0.3 0.3]
1196.159453,100,2788.615386,0.1023475197886377,False,False,[0.5 0.3 0.3]
1369.507101,100,2789.140317,0.06558835362775566,False,False,[0.5 0.3 0.3]
1594.918632,100,2789.658672,0.07913119186749427,False,False,[0.5 0.3 0.3]
1802.688509,100,2790.160155,0.06373986395012,False,False,[0.5 0.3 0.3]
1585.113273,100,2790.68267,0.07308410515453939,False,False,[0.5 0.3 0.3]
1584.422222,100,2791.211682,0.04210617840317356,False,False,[0.5 0.3 0.3]
1799.418453,100,2791.717212,0.06871494063065511,False,False,[0.5 0.3 0.3]
1346.210027,100,2792.202141,0.02872581220458664,False,False,[0.5 0.3 0.3]
2636.850098,100,2792.670419,0.09273009469405527,False,False,[0.5 0.3 0.3]
1168.30978,100,2793.173985,0.09953464930810048,False,False,[0.5 0.3 0.3]
1560.677021,100,2793.684561,0.10853443964957482,False,False,[0.5 0.3 0.3]
957.087639,100,2794.155096,0.044163732035206016,False,False,[0.5 0.3 0.3]
1337.406244,100,2795.171381,0.08740176826086118,False,False,[0.5 0.3 0.3]
1347.283441,100,2795.643703,0.07061502815671598,False,False,[0.5 0.3 0.3]
1561.863104,100,2796.1163,0.013070343137318854,False,False,[0.5 0.3 0.3]
2628.932059,100,2796.589755,0.035383092011586695,False,False,[0.5 0.3 0.3]
1364.061397,100,2797.053816,0.049140916487231304,False,False,[0.5 0.3 0.3]
2179.510841,100,2797.518482,0.017107240775141527,False,False,[0.5 0.3 0.3]
3034.733492,100,2797.987154,0.048724026658139505,False,False,[0.5 0.3 0.3]
2177.392729,100,2798.463715,0.04737039886170626,False,False,[0.5 0.3 0.3]
2204.938565,100,2798.948176,0.048084777763291106,False,False,[0.5 0.3 0.3]
1173.366395,100,2799.421036,0.08645887312420178,False,False,[0.5 0.3 0.3]
1794.29903,100,2799.890882,0.0585729224722623,False,False,[0.5 0.3 0.3]
1761.562064,100,2800.355674,0.04803253867286699,False,False,[0.5 0.3 0.3]
2005.34718,100,2800.812208,0.13033024602936796,False,False,[0.5 0.3 0.3]
1352.345615,100,2801.295749,0.11144438563160818,False,False,[0.5 0.3 0.3]
1586.735877,100,2801.754637,0.02058898436142122,False,False,[0.5 0.3 0.3]
1582.955914,100,2802.207647,0.07109529966404908,False,False,[0.5 0.3 0.3]
2428.320535,100,2802.682225,0.03772691297368003,False,False,[0.5 0.3 0.3]
1376.862165,100,2803.150631,0.04016313124344253,False,False,[0.5 0.3 0.3]
1973.424909,100,2803.619023,0.13881855686868716,False,False,[0.5 0.3 0.3]
2408.447561,100,2804.08233,0.0888719115709395,False,False,[0.5 0.3 0.3]
1172.425743,100,2805.078016,0.052967174439521335,False,False,[0.5 0.3 0.3]
1553.844867,100,2805.564818,0.07607830169360727,False,False,[0.5 0.3 0.3]
1149.903497,100,2806.033321,0.04062232998838434,False,False,[0.5 0.3 0.3]
2231.002098,100,2806.504551,0.047534100927290185,False,False,[0.5 0.3 0.3]
1555.815883,100,2806.967993,0.038391514177511465,False,False,[0.5 0.3 0.3]
1781.177026,100,2807.431815,0.041295980846679646,False,False,[0.5 0.3 0.3]
2011.143783,100,2807.907468,0.04045903282844081,False,False,[0.5 0.3 0.3]
1539.181608,100,2808.35667,0.0398198266072114,False,False,[0.5 0.3 0.3]
2416.261067,100,2808.838998,0.05159540623922726,False,False,[0.5 0.3 0.3]
2439.092841,100,2809.299248,0.04258889046535084,False,False,[0.5 0.3 0.3]
1361.276239,100,2809.755767,0.09492953294327669,False,False,[0.5 0.3 0.3]
2449.994313,100,2810.227519,0.031232115612203324,False,False,[0.5 0.3 0.3]
1360.073411,100,2810.705769,0.017196997205314438,False,False,[0.5 0.3 0.3]
2213.762248,100,2811.177168,0.0493311656669505,False,False,[0.5 0.3 0.3]
1578.252644,100,2811.636805,0.08892103585581992,False,False,[0.5 0.3 0.3]
1792.075738,100,2812.145032,0.1400587117059839,False,False,[0.5 0.3 0.3]
2207.157399,100,2812.606527,0.09621890372025438,False,False,[0.5 0.3 0.3]
952.761846,100,2813.080517,0.05908812845907745,False,False,[0.5 0.3 0.3]
976.757339,100,2813.543998,0.06124849320706618,False,False,[0.5 0.3 0.3]
3016.316366,100,2814.015714,0.01665832759976859,False,False,[0.5 0.3 0.3]
923.738684,100,2814.474423,0.07729241370818188,False,False,[0.5 0.3 0.3]
2650.414304,89,2815.442839,0.026769168586688364,False,True,[0.5 0.3 0.3]
1190.987893,100,2815.903785,0.013564766190589399,False,False,[0.5 0.3 0.3]
958.490426,100,2816.376325,0.037393768602037844,False,False,[0.5 0.3 0.3]
1581.370814,100,2816.841223,0.027938844836672364,False,False,[0.5 0.3 0.3]
1987.010263,100,2817.318452,0.01885771272023425,False,False,[0.5 0.3 0.3]
1773.641719,100,2817.798768,0.07279846737548674,False,False,[0.5 0.3 0.3]
1177.787207,100,2818.247276,0.05117610030618177,False,False,[0.5 0.3 0.3]
1991.277224,100,2818.728933,0.0733208850596691,False,False,[0.5 0.3 0.3]
2669.770497,92,2819.174434,0.04726215431613015,False,True,[0.5 0.3 0.3]
1789.776305,100,2819.651935,0.08914537507512871,False,False,[0.5 0.3 0.3]
1355.840518,100,2820.13132,0.10273167390432389,False,False,[0.5 0.3 0.3]
1774.879044,100,2820.623004,0.031416500872155445,False,False,[0.5 0.3 0.3]
1762.149817,100,2821.094494,0.016184516130425507,False,False,[0.5 0.3 0.3]
1166.517086,100,2821.567367,0.10286635111661582,False,False,[0.5 0.3 0.3]
992.167458,100,2822.058529,0.05025622905310263,False,False,[0.5 0.3 0.3]
2019.438995,100,2822.564553,0.08536451902338343,False,False,[0.5 0.3 0.3]
2171.802072,100,2823.084354,0.0343102277657661,False,False,[0.5 0.3 0.3]
1359.47869,100,2823.596611,0.11022315843187666,False,False,[0.5 0.3 0.3]
1161.482475,100,2824.11933,0.017837320695785877,False,False,[0.5 0.3 0.3]
2001.178023,100,2824.6175,0.10142352938803315,False,False,[0.5 0.3 0.3]
1766.676479,100,2825.693664,0.0699852848425386,False,False,[0.5 0.3 0.3]
1126.404489,100,2826.209761,0.03488271292853424,False,False,[0.5 0.3 0.3]
2783.945836,100,2826.722447,0.07630825399219747,False,False,[0.5 0.3 0.3]
777.414472,13,2826.885377,0.027556952658260532,False,True,[0.5 0.3 0.3]
530.126711,6,2827.114585,0.04004103928099925,False,True,[0.5 0.3 0.3]
726.651378,100,2827.637352,0.13913125305336813,False,False,[0.5 0.3 0.3]
1966.398239,100,2828.140883,0.06824722219109082,False,False,[0.5 0.3 0.3]
1984.291581,100,2828.654109,0.11489101016009637,False,False,[0.5 0.3 0.3]
944.362752,100,2829.166376,0.04148530180766214,False,False,[0.5 0.3 0.3]
1584.137642,100,2829.68346,0.04703972453323647,False,False,[0.5 0.3 0.3]
2375.906198,100,2830.206793,0.03788031977510788,False,False,[0.5 0.3 0.3]
1557.91672,100,2830.732233,0.0776489475167097,False,False,[0.5 0.3 0.3]
2187.218045,100,2831.245279,0.1134544676125814,False,False,[0.5 0.3 0.3]
1769.635749,100,2831.765708,0.043820821456171534,False,False,[0.5 0.3 0.3]
1792.041309,100,2832.27552,0.08748685607043875,False,False,[0.5 0.3 0.3]
1967.935583,100,2832.788241,0.1060396158850897,False,False,[0.5 0.3 0.3]
2574.532755,100,2833.303479,0.04301062469125289,False,False,[0.5 0.3 0.3]
1148.009962,100,2833.833062,0.0897676485280351,False,False,[0.5 0.3 0.3]
1361.206578,100,2834.351973,0.06274522146894992,False,False,[0.5 0.3 0.3]
1798.601607,100,2834.856203,0.09483849563315436,False,False,[0.5 0.3 0.3]
1759.435816,100,2835.369422,0.12165227933586642,False,False,[0.5 0.3 0.3]
1138.1875,100,2835.89585,0.07601044231279769,False,False,[0.5 0.3 0.3]
980.067744,100,2836.414884,0.10976555675181474,False,False,[0.5 0.3 0.3]
1608.395238,100,2837.419176,0.08870953084634776,False,False,[0.5 0.3 0.3]
2636.457562,100,2837.893595,0.059278616205525464,False,False,[0.5 0.3 0.3]
2436.213783,100,2838.397787,0.02863946034827938,False,False,[0.5 0.3 0.3]
3043.016938,100,2838.905232,0.0990308563574509,False,False,[0.5 0.3 0.3]
2847.835548,100,2839.372708,0.053718903566354295,False,False,[0.5 0.3 0.3]
722.444187,100,2839.845795,0.0760163282338215,False,False,[0.5 0.3 0.3]
2601.532807,100,2840.333389,0.0479568424567513,False,False,[0.5 0.3 0.3]
1346.627917,100,2840.798998,0.020222221584496693,False,False,[0.5 0.3 0.3]
1377.707057,100,2841.274416,0.05809448213669307,False,False,[0.5 0.3 0.3]
1981.595713,100,2841.757298,0.06572718780443747,False,False,[0.5 0.3 0.3]
757.756749,100,2842.230509,0.06039558349061734,False,False,[0.5 0.3 0.3]
1159.96624,100,2842.679645,0.05831043334783967,False,False,[0.5 0.3 0.3]
1350.728866,100,2843.144729,0.05789077706220891,False,False,[0.5 0.3 0.3]
1745.924133,100,2843.615861,0.11793588858816334,False,False,[0.5 0.3 0.3]
1375.646762,100,2844.08798,0.03008951975123123,False,False,[0.5 0.3 0.3]
1348.964798,100,2844.542429,0.1374935049360325,False,False,[0.5 0.3 0.3]
2463.22127,60,2844.877277,0.04519709294421439,False,True,[0.5 0.3 0.3]
2162.923719,100,2845.355482,0.08798613836090272,False,False,[0.5 0.3 0.3]
1779.301296,100,2845.842571,0.06245429662984679,False,False,[0.5 0.3 0.3]
2397.137499,100,2846.318625,0.052339626788737624,False,False,[0.5 0.3 0.3]
1584.912419,100,2846.780693,0.1095533322307893,False,False,[0.5 0.3 0.3]
1572.977969,100,2847.809202,0.0974006713845477,False,False,[0.5 0.3 0.3]
1776.300283,100,2848.273722,0.02163086919894432,False,False,[0.5 0.3 0.3]
2187.789965,100,2848.746644,0.06391139522529583,False,False,[0.5 0.3 0.3]
2002.772427,100,2849.210736,0.06754811796864998,False,False,[0.5 0.3 0.3]
1992.791977,100,2849.667138,0.1442175254142237,False,False,[0.5 0.3 0.3]
2405.975331,83,2850.081456,0.027351926305711365,False,True,[0.5 0.3 0.3]
1776.404032,42,2850.335835,0.03810886739723994,False,True,[0.5 0.3 0.3]
1342.085019,100,2850.798082,0.12158351946360542,False,False,[0.5 0.3 0.3]
1350.646044,100,2851.268091,0.12127660265400515,False,False,[0.5 0.3 0.3]
2420.407793,100,2851.735579,0.08774345864455273,False,False,[0.5 0.3 0.3]
2810.794826,100,2852.214921,0.06345036449411333,False,False,[0.5 0.3 0.3]
1808.133599,100,2852.685466,0.049800197768000494,False,False,[0.5 0.3 0.3]
2632.375277,100,2853.163898,0.028405064577876296,False,False,[0.5 0.3 0.3]
1798.673575,100,2853.627415,0.11807927806334476,False,False,[0.5 0.3 0.3]
1530.600366,100,2854.09455,0.12962695523271428,False,False,[0.5 0.3 0.3]
1353.163318,100,2854.570797,0.1541964054998148,False,False,[0.5 0.3 0.3]
1372.792702,100,2855.044738,0.06305395273010181,False,False,[0.5 0.3 0.3]
2163.916282,76,2855.436403,0.03228105783114565,False,True,[0.5 0.3 0.3]
1786.741371,100,2855.908952,0.07287820026394684,False,False,[0.5 0.3 0.3]
1807.612433,100,2856.374735,0.04875698649679117,False,False,[0.5 0.3 0.3]
1788.067861,100,2856.830379,0.08324456871382754,False,False,[0.5 0.3 0.3]
2163.172888,100,2857.825037,0.09980043902705474,False,False,[0.5 0.3 0.3]
2217.287013,100,2858.30585,0.04837119809006163,False,False,[0.5 0.3 0.3]
2389.248936,100,2858.788298,0.11843952524157295,False,False,[0.5 0.3 0.3]
2194.132339,100,2859.24687,0.06037004144085988,False,False,[0.5 0.3 0.3]
1372.309171,100,2859.716845,0.08355840950218688,False,False,[0.5 0.3 0.3]
1373.101157,100,2860.194956,0.14274750300983177,False,False,[0.5 0.3 0.3]
2193.474461,100,2860.671004,0.025886990212713984,False,False,[0.5 0.3 0.3]
1115.134008,100,2861.143271,0.046730179420561874,False,False,[0.5 0.3 0.3]
2423.706315,100,2861.616128,0.02815373371824333,False,False,[0.5 0.3 0.3]
1384.846529,100,2862.092689,0.08619653785710639,False,False,[0.5 0.3 0.3]
1368.328998,100,2862.545131,0.060137993304632466,False,False,[0.5 0.3 0.3]
1973.510165,100,2863.019253,0.16493356326260264,False,False,[0.5 0.3 0.3]
1603.518827,100,2863.490638,0.04685476683291346,False,False,[0.5 0.3 0.3]
1986.04551,100,2863.967056,0.15617731439545307,False,False,[0.5 0.3 0.3]
1361.460444,100,2864.423697,0.08649701190970574,False,False,[0.5 0.3 0.3]
1376.90072,100,2864.916826,0.026864405620040097,False,False,[0.5 0.3 0.3]
1162.19963,100,2865.391041,0.040662386751817305,False,False,[0.5 0.3 0.3]
1567.389975,100,2865.852667,0.043206957706225166,False,False,[0.5 0.3 0.3]
1795.002443,100,2866.332793,0.057108108034102115,False,False,[0.5 0.3 0.3]
1159.040152,100,2866.834337,0.08836858521898427,False,False,[0.5 0.3 0.3]
2578.637152,100,2867.357247,0.014009085888513463,False,False,[0.5 0.3 0.3]
1583.797606,100,2868.421756,0.1213082613859173,False,False,[0.5 0.3 0.3]
1995.516097,100,2868.938841,0.07315365451173998,False,False,[0.5 0.3 0.3]
2812.340235,100,2869.46414,0.11520750622097156,False,False,[0.5 0.3 0.3]
1958.818997,100,2869.978271,0.047697443345025736,False,False,[0.5 0.3 0.3]
2416.338607,100,2870.493626,0.04010025142992554,False,False,[0.5 0.3 0.3]
1575.629539,100,2871.012634,0.08882843019695423,False,False,[0.5 0.3 0.3]
1935.518261,75,2871.440245,0.02454933456119645,False,True,[0.5 0.3 0.3]
558.637617,11,2871.587628,0.04392936702627649,False,True,[0.5 0.3 0.3]
571.167921,13,2871.749226,0.04513954482279463,False,True,[0.5 0.3 0.3]
1336.468022,100,2872.267873,0.09454363340794447,False,False,[0.5 0.3 0.3]
1973.413181,42,2872.554068,0.04963862284746261,False,True,[0.5 0.3 0.3]
531.892608,6,2872.681602,0.026806069177222037,False,True,[0.5 0.3 0.3]
1558.002593,100,2873.301768,0.03469541075373166,False,False,[0.5 0.3 0.3]
1603.64384,100,2873.82472,0.09228512016696452,False,False,[0.5 0.3 0.3]
1598.378375,100,2874.37135,0.046039356062944674,False,False,[0.5 0.3 0.3]
1569.463954,100,2874.881523,0.0960668830520291,False,False,[0.5 0.3 0.3]
1775.493829,100,2875.400997,0.0907887996563927,False,False,[0.5 0.3 0.3]
1959.639159,100,2875.914731,0.09430841016134711,False,False,[0.5 0.3 0.3]
1563.555858,100,2876.428139,0.038782344165895606,False,False,[0.5 0.3 0.3]
1179.585423,100,2876.933279,0.046330448480423225,False,False,[0.5 0.3 0.3]
1567.703009,100,2877.435381,0.11713056255567969,False,False,[0.5 0.3 0.3]
2839.712399,100,2877.960094,0.037841526099988684,False,False,[0.5 0.3 0.3]
955.689879,100,2878.471788,0.0735419219996182,False,False,[0.5 0.3 0.3]
1804.250972,100,2878.99158,0.049118454204224914,False,False,[0.5 0.3 0.3]
2603.124323,100,2880.048797,0.06691439041889102,False,False,[0.5 0.3 0.3]
1372.957715,100,2880.560893,0.07735395132833899,False,False,[0.5 0.3 0.3]
1578.170895,100,2881.072248,0.032623784615040924,False,False,[0.5 0.3 0.3]
1958.874342,81,2881.509635,0.014415790858444142,False,True,[0.5 0.3 0.3]
588.996175,17,2881.686584,0.032661508319673634,False,True,[0.5 0.3 0.3]
1369.328699,100,2882.217515,0.09684276636064224,False,False,[0.5 0.3 0.3]
2414.289896,100,2882.731358,0.11678745109204645,False,False,[0.5 0.3 0.3]
3637.177884,100,2883.220879,0.16350814615625303,False,False,[0.5 0.3 0.3]
2196.867753,100,2883.693341,0.033550371625090204,False,False,[0.5 0.3 0.3]
1556.899465,100,2884.154443,0.09209323183361483,False,False,[0.5 0.3 0.3]
2019.278461,100,2884.60743,0.1044802453857986,False,False,[0.5 0.3 0.3]
2209.142248,100,2885.071229,0.10882997111238842,False,False,[0.5 0.3 0.3]
1947.29166,100,2885.530724,0.0214447773961096,False,False,[0.5 0.3 0.3]
1990.023011,100,2886.010455,0.017095793243841386,False,False,[0.5 0.3 0.3]
2352.901664,100,2886.495397,0.023406030688394266,False,False,[0.5 0.3 0.3]
721.780901,100,2886.961651,0.0895899827408621,False,False,[0.5 0.3 0.3]
1804.957176,100,2887.417995,0.07580080981565668,False,False,[0.5 0.3 0.3]
1597.0135,100,2887.88772,0.08975994851067615,False,False,[0.5 0.3 0.3]
2003.164352,100,2888.348954,0.05632575096838441,False,False,[0.5 0.3 0.3]
1598.923822,100,2888.818337,0.022762128944005942,False,False,[0.5 0.3 0.3]
2400.631035,100,2889.296608,0.06420456773054505,False,False,[0.5 0.3 0.3]
1787.757284,45,2889.564087,0.021032785675728104,False,True,[0.5 0.3 0.3]
1786.770014,100,2890.569137,0.07856001403203734,False,False,[0.5 0.3 0.3]
1989.997922,100,2891.034836,0.032517242568248554,False,False,[0.5 0.3 0.3]
944.171398,100,2891.502162,0.06759834216308735,False,False,[0.5 0.3 0.3]
2024.617024,100,2891.99577,0.08357393263698752,False,False,[0.5 0.3 0.3]
1149.392458,100,2892.476423,0.08538151682723004,False,False,[0.5 0.3 0.3]
2424.563912,100,2892.945115,0.11723712974445749,False,False,[0.5 0.3 0.3]
2174.041808,100,2893.40235,0.05751043469339459,False,False,[0.5 0.3 0.3]
1377.024537,100,2893.879019,0.06966532646782041,False,False,[0.5 0.3 0.3]
1995.342365,100,2894.338415,0.07113523456174972,False,False,[0.5 0.3 0.3]
1765.02305,100,2894.822573,0.030477060809007084,False,False,[0.5 0.3 0.3]
1973.265267,100,2895.279298,0.06717226672525811,False,False,[0.5 0.3 0.3]
2601.016144,100,2895.741746,0.06418889951949913,False,False,[0.5 0.3 0.3]
918.451687,100,2896.219758,0.14628468497934147,False,False,[0.5 0.3 0.3]
1593.516117,100,2896.690738,0.07174070222437536,False,False,[0.5 0.3 0.3]
3012.917977,100,2897.153651,0.05259957824658779,False,False,[0.5 0.3 0.3]
2208.485339,100,2897.61602,0.015668096297916788,False,False,[0.5 0.3 0.3]
753.311668,100,2898.09413,0.026231026003508944,False,False,[0.5 0.3 0.3]
2399.052954,100,2898.572425,0.040065685818707335,False,False,[0.5 0.3 0.3]
2193.160546,100,2899.039405,0.06686593785071523,False,False,[0.5 0.3 0.3]
1399.6517,100,2899.50758,0.06792266789560328,False,False,[0.5 0.3 0.3]
1786.998008,100,2900.51587,0.052830201898471874,False,False,[0.5 0.3 0.3]
1609.598939,100,2901.010881,0.03174791606522411,False,False,[0.5 0.3 0.3]
1574.71273,100,2901.468712,0.08780517894571968,False,False,[0.5 0.3 0.3]
1773.700461,100,2901.948287,0.08111959961394787,False,False,[0.5 0.3 0.3]
1775.574599,100,2902.41927,0.06214805595036702,False,False,[0.5 0.3 0.3]
1774.560668,100,2902.886388,0.0382983887066172,False,False,[0.5 0.3 0.3]
2385.221386,100,2903.347216,0.06508846115553346,False,False,[0.5 0.3 0.3]
1580.063817,100,2903.814767,0.010318974453614304,False,False,[0.5 0.3 0.3]
2194.096409,100,2904.279616,0.0926667476426467,False,False,[0.5 0.3 0.3]
945.073005,100,2904.743171,0.03738928280159236,False,False,[0.5 0.3 0.3]
3239.446081,100,2905.20552,0.05377895854188179,False,False,[0.5 0.3 0.3]
1177.690078,100,2905.666092,0.10433397068576629,False,False,[0.5 0.3 0.3]
1762.312687,40,2905.917242,0.006157924547918122,False,True,[0.5 0.3 0.3]
1377.212512,100,2906.386113,0.07444963633339553,False,False,[0.5 0.3 0.3]
2395.118289,100,2906.864674,0.05763457989267798,False,False,[0.5 0.3 0.3]
1980.536023,100,2907.327642,0.11428855089922284,False,False,[0.5 0.3 0.3]
1788.827515,100,2907.793255,0.0599093683180087,False,False,[0.5 0.3 0.3]
947.625609,100,2908.270733,0.08986828444431592,False,False,[0.5 0.3 0.3]
1789.772656,100,2908.744678,0.16326325905998082,False,False,[0.5 0.3 0.3]
1993.330525,87,2909.162234,0.04158414928454438,False,True,[0.5 0.3 0.3]
1146.485553,100,2909.654165,0.08529952056550695,False,False,[0.5 0.3 0.3]
1557.809211,100,2910.668587,0.04876091493876403,False,False,[0.5 0.3 0.3]
1123.886809,100,2911.147327,0.1661036801046723,False,False,[0.5 0.3 0.3]
1131.509392,100,2911.610774,0.03509759644499375,False,False,[0.5 0.3 0.3]
1761.912484,100,2912.133305,0.11911475982519035,False,False,[0.5 0.3 0.3]
2194.323682,100,2912.661069,0.04150560983245796,False,False,[0.5 0.3 0.3]
1571.246358,100,2913.16274,0.027985925439420474,False,False,[0.5 0.3 0.3]
1550.567231,100,2913.667283,0.08298000914817212,False,False,[0.5 0.3 0.3]
2004.693175,100,2914.203674,0.08722151153826464,False,False,[0.5 0.3 0.3]
1323.829616,100,2914.711839,0.08619888658059503,False,False,[0.5 0.3 0.3]
1972.509392,100,2915.215664,0.0898274961985658,False,False,[0.5 0.3 0.3]
1187.619914,100,2915.727672,0.05901435183658895,False,False,[0.5 0.3 0.3]
2429.823938,100,2916.266966,0.040381493111441326,False,False,[0.5 0.3 0.3]
737.488225,100,2916.763817,0.0886596014836606,False,False,[0.5 0.3 0.3]
1780.033626,100,2917.273503,0.1693079856176282,False,False,[0.5 0.3 0.3]
2517.184324,68,2917.660354,0.022095150571356293,False,True,[0.5 0.3 0.3]
1575.073829,100,2918.178732,0.11048324834382507,False,False,[0.5 0.3 0.3]
1143.813482,100,2918.722624,0.23037904099755022,False,False,[0.5 0.3 0.3]
1163.99054,100,2919.243847,0.08980282562716235,False,False,[0.5 0.3 0.3]
1789.96503,100,2919.757281,0.048399745653688216,False,False,[0.5 0.3 0.3]
2196.922625,100,2920.272066,0.037051471484234,False,False,[0.5 0.3 0.3]
1966.202795,81,2920.705731,0.02836304582195222,False,True,[0.5 0.3 0.3]
2189.012485,100,2921.786497,0.05210362622300552,False,False,[0.5 0.3 0.3]
1374.655815,100,2922.2973,0.04915508279439645,False,False,[0.5 0.3 0.3]
1572.288177,100,2922.821129,0.05338932029592959,False,False,[0.5 0.3 0.3]
1767.84699,100,2923.331479,0.10860517147130913,False,False,[0.5 0.3 0.3]
1771.426791,100,2923.851133,0.04254534127921823,False,False,[0.5 0.3 0.3]
1982.572836,100,2924.357365,0.06124033051517217,False,False,[0.5 0.3 0.3]
2424.74762,93,2924.835758,0.025210165397561265,False,True,[0.5 0.3 0.3]
1557.485441,100,2925.335499,0.11048959916312572,False,False,[0.5 0.3 0.3]
1776.942974,100,2925.856117,0.07738049459898533,False,False,[0.5 0.3 0.3]
1558.760333,100,2926.392471,0.15042643370081243,False,False,[0.5 0.3 0.3]
1115.343895,100,2926.907977,0.11447042235862712,False,False,[0.5 0.3 0.3]
1996.241068,100,2927.416318,0.04839192841782028,False,False,[0.5 0.3 0.3]
1164.112329,100,2927.941077,0.0779718620149821,False,False,[0.5 0.3 0.3]
1968.874363,100,2928.411649,0.037013972766204856,False,False,[0.5 0.3 0.3]
1992.475738,100,2928.892813,0.07383675379006359,False,False,[0.5 0.3 0.3]
1799.368272,100,2929.36302,0.10690929818725166,False,False,[0.5 0.3 0.3]
1353.850875,100,2929.835042,0.09699600883292826,False,False,[0.5 0.3 0.3]
1158.50475,100,2930.295193,0.07466794138211469,False,False,[0.5 0.3 0.3]
1978.757807,100,2930.760453,0.11000340386564082,False,False,[0.5 0.3 0.3]
3085.261318,97,2931.236407,0.040064049986294134,False,True,[0.5 0.3 0.3]
1996.784599,100,2931.703399,0.08895668008589006,False,False,[0.5 0.3 0.3]
1587.396444,100,2932.729038,0.05008191970641007,False,False,[0.5 0.3 0.3]
1784.126114,100,2933.210632,0.08936200107948433,False,False,[0.5 0.3 0.3]
2185.282067,100,2933.681508,0.02795215968915104,False,False,[0.5 0.3 0.3]
1786.6627,100,2934.136247,0.09925771132536627,False,False,[0.5 0.3 0.3]
764.144111,100,2934.601488,0.06256468851947788,False,False,[0.5 0.3 0.3]
1356.51243,100,2935.095342,0.03435623110985401,False,False,[0.5 0.3 0.3]
2013.391718,100,2935.56139,0.06770188291396932,False,False,[0.5 0.3 0.3]
740.757074,100,2936.03172,0.10034611259265612,False,False,[0.5 0.3 0.3]
2011.637669,100,2936.502406,0.047519255027332494,False,False,[0.5 0.3 0.3]
727.261272,100,2936.998912,0.0967938254975832,False,False,[0.5 0.3 0.3]
1177.29913,100,2937.464073,0.039456796633582085,False,False,[0.5 0.3 0.3]
1805.885207,100,2937.941975,0.04857852720647287,False,False,[0.5 0.3 0.3]
1928.947547,77,2938.320522,0.020290164431092,False,True,[0.5 0.3 0.3]
2428.879715,100,2938.784274,0.05181075749633011,False,False,[0.5 0.3 0.3]
1886.854915,64,2939.122095,0.025126093092686055,False,True,[0.5 0.3 0.3]
1569.017184,100,2939.592139,0.03738965144406197,False,False,[0.5 0.3 0.3]
2823.321477,100,2940.066724,0.04174044185336344,False,False,[0.5 0.3 0.3]
1966.668922,100,2940.550839,0.07659074295695421,False,False,[0.5 0.3 0.3]
2197.600731,100,2941.008753,0.04605822036956108,False,False,[0.5 0.3 0.3]
2223.398362,100,2941.479043,0.09373875941185597,False,False,[0.5 0.3 0.3]
1775.833182,100,2941.937283,0.02354399494358613,False,False,[0.5 0.3 0.3]
1788.61476,100,2942.94257,0.027592220884879837,False,False,[0.5 0.3 0.3]
1332.476735,100,2943.407546,0.07221920064376462,False,False,[0.5 0.3 0.3]
2015.281419,100,2943.892867,0.018240931528672497,False,False,[0.5 0.3 0.3]
1796.555713,100,2944.351926,0.09575428951057362,False,False,[0.5 0.3 0.3]
1588.813832,100,2944.823424,0.10162274653009593,False,False,[0.5 0.3 0.3]
2016.674821,100,2945.320519,0.05766446606013379,False,False,[0.5 0.3 0.3]
2194.105079,100,2945.79323,0.07758327510497333,False,False,[0.5 0.3 0.3]
1785.364282,100,2946.272298,0.031452271289279035,False,False,[0.5 0.3 0.3]
2445.683738,100,2946.728977,0.10472431259480303,False,False,[0.5 0.3 0.3]
2004.599382,100,2947.22015,0.11114532605254254,False,False,[0.5 0.3 0.3]
938.089311,100,2947.688519,0.07975155992864381,False,False,[0.5 0.3 0.3]
2181.842163,100,2948.147924,0.10778097454648024,False,False,[0.5 0.3 0.3]
1774.916275,100,2948.626608,0.05246472224433535,False,False,[0.5 0.3 0.3]
932.19677,100,2949.085184,0.10353822678004794,False,False,[0.5 0.3 0.3]
2392.278139,100,2949.547323,0.039349443570000094,False,False,[0.5 0.3 0.3]
2196.676412,100,2949.999846,0.017651352026229288,False,False,[0.5 0.3 0.3]
1989.631408,100,2950.467776,0.033328768221833824,False,False,[0.5 0.3 0.3]
1577.758492,100,2950.942602,0.13231394233334573,False,False,[0.5 0.3 0.3]
2457.834105,100,2951.409432,0.08379227750775868,False,False,[0.5 0.3 0.3]
1367.658866,100,2951.875509,0.05756154891555316,False,False,[0.5 0.3 0.3]
764.396936,100,2952.86387,0.1212900133886172,False,False,[0.5 0.3 0.3]
1769.949887,100,2953.342665,0.06381252051762659,False,False,[0.5 0.3 0.3]
1537.514968,100,2953.803377,0.06997266037708923,False,False,[0.5 0.3 0.3]
1133.561296,100,2954.280777,0.11160970520176282,False,False,[0.5 0.3 0.3]
2622.337229,100,2954.75499,0.031099376571508842,False,False,[0.5 0.3 0.3]
3432.329825,100,2955.212821,0.05746992796607553,False,False,[0.5 0.3 0.3]
1565.555894,100,2955.671826,0.06060179477393945,False,False,[0.5 0.3 0.3]
1990.390101,100,2956.146144,0.05532719851924221,False,False,[0.5 0.3 0.3]
1356.660893,100,2956.617816,0.041303086074029584,False,False,[0.5 0.3 0.3]
1584.36156,100,2957.081031,0.12684151406668473,False,False,[0.5 0.3 0.3]
1335.134193,100,2957.543118,0.03341320216482903,False,False,[0.5 0.3 0.3]
2305.568259,69,2957.897335,0.027525747400780964,False,True,[0.5 0.3 0.3]
2415.963574,100,2958.355538,0.05343694136147216,False,False,[0.5 0.3 0.3]
2502.399432,63,2958.680078,0.01372656243365562,False,True,[0.5 0.3 0.3]
1361.119479,100,2959.142441,0.10328006196985527,False,False,[0.5 0.3 0.3]
1577.763247,100,2959.617521,0.08674627727763418,False,False,[0.5 0.3 0.3]
1801.322358,100,2960.083336,0.031206362415172433,False,False,[0.5 0.3 0.3]
2755.749207,72,2960.446108,0.04595288633341795,False,True,[0.5 0.3 0.3]
1776.870185,100,2960.909168,0.1715482879561815,False,False,[0.5 0.3 0.3]
2026.220101,100,2961.385076,0.10508149269007226,False,False,[0.5 0.3 0.3]
1994.862698,100,2961.844857,0.055072452443290315,False,False,[0.5 0.3 0.3]
1755.4527,100,2962.312606,0.03895257904812193,False,False,[0.5 0.3 0.3]
1353.714376,100,2963.331526,0.10979706165103977,False,False,[0.5 0.3 0.3]
1386.966659,100,2963.799255,0.053919997254706864,False,False,[0.5 0.3 0.3]
1391.216798,100,2964.260386,0.10570249097937649,False,False,[0.5 0.3 0.3]
2595.336916,100,2964.739221,0.06923855415150884,False,False,[0.5 0.3 0.3]
2219.465492,100,2965.206068,0.03211545205466428,False,False,[0.5 0.3 0.3]
1134.444826,100,2965.675931,0.10242622894690959,False,False,[0.5 0.3 0.3]
2787.996635,100,2966.150987,0.043969489091196905,False,False,[0.5 0.3 0.3]
1346.099701,100,2966.61301,0.022050211495367147,False,False,[0.5 0.3 0.3]
2621.953772,100,2967.092589,0.11738003864688129,False,False,[0.5 0.3 0.3]
1764.908218,100,2967.557532,0.09574919548479743,False,False,[0.5 0.3 0.3]
2610.248345,100,2968.015948,0.09116065120192599,False,False,[0.5 0.3 0.3]
2180.479731,100,2968.497135,0.07364882875208999,False,False,[0.5 0.3 0.3]
1577.905855,100,2968.966047,0.0922416025934661,False,False,[0.5 0.3 0.3]
1359.873438,100,2969.445839,0.06536349545842977,False,False,[0.5 0.3 0.3]
2179.855242,86,2969.860509,0.04976783148976528,False,True,[0.5 0.3 0.3]
531.751395,6,2969.988392,0.04694199742489842,False,True,[0.5 0.3 0.3]
546.157664,8,2970.122177,0.03069820131622481,False,True,[0.5 0.3 0.3]
1165.937301,100,2970.582212,0.16069750926600274,False,False,[0.5 0.3 0.3]
1556.401608,100,2971.057642,0.05037594433906475,False,False,[0.5 0.3 0.3]
1574.225661,100,2971.540231,0.053420425233730875,False,False,[0.5 0.3 0.3]
1993.268375,100,2972.015617,0.0690121477652275,False,False,[0.5 0.3 0.3]
2220.25708,100,2972.47008,0.052342169445737045,False,False,[0.5 0.3 0.3]
1784.535571,100,2973.493893,0.054413161982845466,False,False,[0.5 0.3 0.3]
1538.805591,100,2973.959282,0.03257443754112022,False,False,[0.5 0.3 0.3]
1357.406952,100,2974.417232,0.06740115784039749,False,False,[0.5 0.3 0.3]
2388.317854,100,2974.874305,0.03222164996434633,False,False,[0.5 0.3 0.3]
1591.7675,100,2975.335976,0.022091238239497223,False,False,[0.5 0.3 0.3]
1765.843037,100,2975.820019,0.06664103966180429,False,False,[0.5 0.3 0.3]
1379.708546,100,2976.292151,0.056720130631992036,False,False,[0.5 0.3 0.3]
2190.759736,100,2976.76727,0.045256486679005704,False,False,[0.5 0.3 0.3]
1590.94642,100,2977.234065,0.05702554171849608,False,False,[0.5 0.3 0.3]
1565.984229,100,2977.701603,0.09965919505592605,False,False,[0.5 0.3 0.3]
1756.154911,100,2978.171412,0.11461477751240046,False,False,[0.5 0.3 0.3]
2376.65933,79,2978.54921,0.03052684392312512,False,True,[0.5 0.3 0.3]
751.752284,100,2979.024162,0.12455603431588387,False,False,[0.5 0.3 0.3]
1379.431447,100,2979.49157,0.023149887653512658,False,False,[0.5 0.3 0.3]
1770.650867,100,2979.955666,0.06180131172635276,False,False,[0.5 0.3 0.3]
1382.997783,100,2980.442929,0.02707562760165497,False,False,[0.5 0.3 0.3]
1533.307948,100,2980.906101,0.09328597107984862,False,False,[0.5 0.3 0.3]
2185.010372,100,2981.375996,0.0912343751190211,False,False,[0.5 0.3 0.3]
2593.15843,100,2981.850261,0.17039443985591832,False,False,[0.5 0.3 0.3]
1575.037023,100,2982.317249,0.0662264101024066,False,False,[0.5 0.3 0.3]
1154.535008,100,2982.777632,0.055978615437985046,False,False,[0.5 0.3 0.3]
1360.473537,100,2983.792778,0.03287141456348423,False,False,[0.5 0.3 0.3]
1591.963167,100,2984.262689,0.09419959322933576,False,False,[0.5 0.3 0.3]
1357.232194,100,2984.730289,0.03397482162077241,False,False,[0.5 0.3 0.3]
1369.593925,100,2985.220341,0.06753056486149342,False,False,[0.5 0.3 0.3]
1152.349433,100,2985.688988,0.09747853301668057,False,False,[0.5 0.3 0.3]
2394.324919,100,2986.160016,0.10333552590315104,False,False,[0.5 0.3 0.3]
1757.53172,100,2986.626484,0.07947429818561304,False,False,[0.5 0.3 0.3]
2427.560365,100,2987.097948,0.02392215626778696,False,False,[0.5 0.3 0.3]
966.601628,100,2987.569541,0.05869278768407983,False,False,[0.5 0.3 0.3]
2417.838218,100,2988.042772,0.06607707786906904,False,False,[0.5 0.3 0.3]
1586.124753,100,2988.516589,0.04411110801023364,False,False,[0.5 0.3 0.3]
1594.405047,100,2989.015191,0.09466227830265198,False,False,[0.5 0.3 0.3]
2009.66815,100,2989.497274,0.12472249799723767,False,False,[0.5 0.3 0.3]
-24.184206,15,2989.655079,0.20978608162502405,True,False,[0.5 0.3 0.3]
131.904707,100,2990.134748,0.09913208377657963,False,False,[0.5 0.3 0.3]
1797.702242,100,2990.614708,0.05006105134892217,False,False,[0.5 0.3 0.3]
2267.670844,61,2990.94116,0.03576347491734937,False,True,[0.5 0.3 0.3]
548.830152,9,2991.078791,0.023571883065275686,False,True,[0.5 0.3 0.3]
2400.964148,100,2991.642997,0.11086569978573949,False,False,[0.5 0.3 0.3]
1560.810131,100,2992.109843,0.0344312222749315,False,False,[0.5 0.3 0.3]
1422.630184,100,2992.564029,0.05059998587943023,False,False,[0.5 0.3 0.3]
2419.29253,100,2993.038786,0.045479569220175244,False,False,[0.5 0.3 0.3]
1774.772414,100,2993.526665,0.05517329333481922,False,False,[0.5 0.3 0.3]
2200.281294,100,2994.540545,0.04079168983074516,False,False,[0.5 0.3 0.3]
2805.574033,100,2995.003247,0.046377590784814425,False,False,[0.5 0.3 0.3]
3052.064515,89,2995.428785,0.04741241251553153,False,True,[0.5 0.3 0.3]
1151.046912,100,2995.899477,0.08927016564908993,False,False,[0.5 0.3 0.3]
1583.963633,100,2996.35689,0.04218995430572061,False,False,[0.5 0.3 0.3]
1782.983936,100,2996.831383,0.06947912832318162,False,False,[0.5 0.3 0.3]
2181.096089,100,2997.300946,0.09763508656694835,False,False,[0.5 0.3 0.3]
1358.956751,100,2997.769591,0.05984189835044871,False,False,[0.5 0.3 0.3]
1780.031126,100,2998.241808,0.06781000361947935,False,False,[0.5 0.3 0.3]
2812.115593,100,2998.706776,0.02046672330890759,False,False,[0.5 0.3 0.3]
2198.663771,100,2999.173798,0.07219200415629114,False,False,[0.5 0.3 0.3]
2373.235851,100,2999.640296,0.12846887215324937,False,False,[0.5 0.3 0.3]
2400.0213,100,3000.115549,0.047893756230305465,False,False,[0.5 0.3 0.3]
1810.631454,100,3000.579697,0.03822965757856607,False,False,[0.5 0.3 0.3]
3065.341639,92,3001.000709,0.017982230096945998,False,True,[0.5 0.3 0.3]
1956.234468,100,3001.482296,0.06920912561384199,False,False,[0.5 0.3 0.3]
1749.772229,100,3001.953865,0.045105964232186935,False,False,[0.5 0.3 0.3]
3021.677332,100,3002.423255,0.10549938872915533,False,False,[0.5 0.3 0.3]
1642.174008,21,3002.606386,0.04022812313960628,False,True,[0.5 0.3 0.3]
1988.343272,100,3003.095716,0.06957112552147182,False,False,[0.5 0.3 0.3]
1150.46448,100,3003.568219,0.08758896343317826,False,False,[0.5 0.3 0.3]
1363.562077,100,3004.593426,0.019038541089491316,False,False,[0.5 0.3 0.3]
1977.360631,100,3005.049939,0.0362589326227056,False,False,[0.5 0.3 0.3]
1763.81447,100,3005.532605,0.07707889394506998,False,False,[0.5 0.3 0.3]
1774.163659,100,3006.019512,0.04585784488064846,False,False,[0.5 0.3 0.3]
2208.212847,100,3006.47643,0.12741866074708222,False,False,[0.5 0.3 0.3]
1793.426872,100,3006.94739,0.11645792742747166,False,False,[0.5 0.3 0.3]
2184.5192,100,3007.426067,0.04143206751473767,False,False,[0.5 0.3 0.3]
1782.589942,100,3007.894982,0.02796272952266745,False,False,[0.5 0.3 0.3]
2192.372822,100,3008.362926,0.0948427425163624,False,False,[0.5 0.3 0.3]
2409.674349,100,3008.820569,0.06291697482882021,False,False,[0.5 0.3 0.3]
1805.009736,100,3009.289386,0.06995683334829278,False,False,[0.5 0.3 0.3]
1945.500546,100,3009.778728,0.056844395364066276,False,False,[0.5 0.3 0.3]
2420.001357,100,3010.26632,0.0746362694096795,False,False,[0.5 0.3 0.3]
1577.112868,100,3010.740079,0.11831100435034869,False,False,[0.5 0.3 0.3]
1998.793951,100,3011.216845,0.09610895713097595,False,False,[0.5 0.3 0.3]
1809.135075,100,3011.710438,0.08080528939336692,False,False,[0.5 0.3 0.3]
1975.885124,100,3012.18626,0.049471959697576534,False,False,[0.5 0.3 0.3]
2208.622714,100,3012.654106,0.09379016383445203,False,False,[0.5 0.3 0.3]
1169.212273,100,3013.115329,0.05862880948911919,False,False,[0.5 0.3 0.3]
1748.684639,100,3013.597229,0.06578758141743271,False,False,[0.5 0.3 0.3]
1980.220553,100,3014.057451,0.04513652384993837,False,False,[0.5 0.3 0.3]
1757.827441,100,3015.059946,0.027857485978075403,False,False,[0.5 0.3 0.3]
1573.296648,100,3015.528456,0.03322657659512642,False,False,[0.5 0.3 0.3]
754.562714,100,3015.992702,0.13595050782045068,False,False,[0.5 0.3 0.3]
2394.462453,100,3016.459129,0.09612527025513236,False,False,[0.5 0.3 0.3]
2374.904905,100,3016.928713,0.0269982669421266,False,False,[0.5 0.3 0.3]
1765.897135,100,3017.389806,0.020038597115945942,False,False,[0.5 0.3 0.3]
1994.339276,100,3017.857702,0.06740689375197682,False,False,[0.5 0.3 0.3]
2215.685855,100,3018.321667,0.047798550373385075,False,False,[0.5 0.3 0.3]
1795.222885,100,3018.786544,0.071977735231903,False,False,[0.5 0.3 0.3]
1783.143643,100,3019.240556,0.04561994514313156,False,False,[0.5 0.3 0.3]
2625.384242,100,3019.714397,0.0701619195771366,False,False,[0.5 0.3 0.3]
1761.832836,100,3020.220618,0.045009867424328553,False,False,[0.5 0.3 0.3]
2208.679445,100,3020.684795,0.06344646177164076,False,False,[0.5 0.3 0.3]
1994.403687,100,3021.158108,0.04836721105749945,False,False,[0.5 0.3 0.3]
1978.50156,100,3021.639265,0.06428514163849776,False,False,[0.5 0.3 0.3]
1986.309327,100,3022.108907,0.04567985747403725,False,False,[0.5 0.3 0.3]
1585.325499,100,3022.580389,0.08463312115603654,False,False,[0.5 0.3 0.3]
2009.029961,100,3023.062324,0.059622136652335414,False,False,[0.5 0.3 0.3]
949.481049,100,3023.527973,0.024650904906641194,False,False,[0.5 0.3 0.3]
1378.65974,100,3023.989245,0.029233321305447982,False,False,[0.5 0.3 0.3]
2380.420959,100,3025.006848,0.049410512623948945,False,False,[0.5 0.3 0.3]
3248.979874,100,3025.461385,0.03720287565482773,False,False,[0.5 0.3 0.3]
1408.176915,100,3025.935349,0.09468714080110673,False,False,[0.5 0.3 0.3]
2397.927591,100,3026.409158,0.06618598030188205,False,False,[0.5 0.3 0.3]
2184.441689,100,3026.892448,0.13561333150074312,False,False,[0.5 0.3 0.3]
1787.086801,100,3027.345906,0.09000856299642279,False,False,[0.5 0.3 0.3]
2005.310073,100,3027.806107,0.07732962243801625,False,False,[0.5 0.3 0.3]
1354.406607,100,3028.279346,0.08154091669048016,False,False,[0.5 0.3 0.3]
3463.569632,100,3028.749966,0.04168860223862173,False,False,[0.5 0.3 0.3]
2387.395338,100,3029.234531,0.05833735393653787,False,False,[0.5 0.3 0.3]
1987.005925,100,3029.719618,0.09940774983094669,False,False,[0.5 0.3 0.3]
1342.254494,100,3030.186431,0.06234735350290709,False,False,[0.5 0.3 0.3]
1164.836172,100,3030.657961,0.05779507497327246,False,False,[0.5 0.3 0.3]
1364.349497,100,3031.128054,0.01615708881886858,False,False,[0.5 0.3 0.3]
2014.163702,100,3031.582748,0.07740505470232617,False,False,[0.5 0.3 0.3]
1788.112128,100,3032.061884,0.08562970426291006,False,False,[0.5 0.3 0.3]
1155.709976,100,3032.527397,0.060607229310685844,False,False,[0.5 0.3 0.3]
1372.248127,100,3032.997334,0.048885164824707436,False,False,[0.5 0.3 0.3]
2196.117353,100,3033.459971,0.01973133390277728,False,False,[0.5 0.3 0.3]
1994.109032,100,3033.921086,0.05058092691017051,False,False,[0.5 0.3 0.3]
2187.688043,100,3034.396724,0.09006432924728851,False,False,[0.5 0.3 0.3]
752.242849,100,3035.392048,0.10179743383265871,False,False,[0.5 0.3 0.3]
1337.116946,100,3035.87585,0.14566168502948285,False,False,[0.5 0.3 0.3]
715.83058,100,3036.345909,0.08997456464610841,False,False,[0.5 0.3 0.3]
1745.974433,100,3036.817409,0.05596910977204559,False,False,[0.5 0.3 0.3]
2385.134548,77,3037.206761,0.02461952827242672,False,True,[0.5 0.3 0.3]
1357.347131,100,3037.702846,0.0865941081794502,False,False,[0.5 0.3 0.3]
1574.993256,100,3038.185268,0.10702247036966382,False,False,[0.5 0.3 0.3]
935.39605,100,3038.655868,0.10873943802024179,False,False,[0.5 0.3 0.3]
1568.862655,100,3039.116674,0.06655895264645278,False,False,[0.5 0.3 0.3]
2405.777727,100,3039.578387,0.08611974311758602,False,False,[0.5 0.3 0.3]
1576.57991,100,3040.051903,0.05782431635494911,False,False,[0.5 0.3 0.3]
1568.156681,100,3040.531611,0.10790880028769774,False,False,[0.5 0.3 0.3]
774.323099,100,3040.997609,0.02678941146635908,False,False,[0.5 0.3 0.3]
911.814652,100,3041.480641,0.06334483089623076,False,False,[0.5 0.3 0.3]
2382.526097,100,3041.959863,0.07661636997748351,False,False,[0.5 0.3 0.3]
2038.37382,100,3042.437485,0.03019662171830654,False,False,[0.5 0.3 0.3]
1767.965438,100,3042.896193,0.08475066980651706,False,False,[0.5 0.3 0.3]
2016.966222,100,3043.365215,0.05413516168382251,False,False,[0.5 0.3 0.3]
1333.496244,100,3043.834408,0.10798481421476606,False,False,[0.5 0.3 0.3]
1976.253425,100,3044.298001,0.16489885714513683,False,False,[0.5 0.3 0.3]
1760.263657,100,3045.293651,0.03349055944707438,False,False,[0.5 0.3 0.3]
1995.125337,100,3045.762308,0.053576998458665946,False,False,[0.5 0.3 0.3]
2199.909654,100,3046.246891,0.03341867088197508,False,False,[0.5 0.3 0.3]
1589.024214,100,3046.749303,0.04203957108806259,False,False,[0.5 0.3 0.3]
1370.680204,100,3047.218016,0.04165758397645896,False,False,[0.5 0.3 0.3]
984.36226,100,3047.688201,0.08391394471033538,False,False,[0.5 0.3 0.3]
1996.342121,100,3048.158805,0.05461500338076101,False,False,[0.5 0.3 0.3]
2212.318265,100,3048.630715,0.10049552385150255,False,False,[0.5 0.3 0.3]
2588.024564,100,3049.106791,0.012295205745969968,False,False,[0.5 0.3 0.3]
2607.571918,100,3049.577904,0.07736002667610285,False,False,[0.5 0.3 0.3]
1762.721233,100,3050.04613,0.08492979127450707,False,False,[0.5 0.3 0.3]
1774.804956,100,3050.522968,0.047105136311269384,False,False,[0.5 0.3 0.3]
1356.71225,100,3050.99906,0.043172949546685706,False,False,[0.5 0.3 0.3]
1586.674142,100,3051.465047,0.08153956138095018,False,False,[0.5 0.3 0.3]
2012.525099,100,3051.93303,0.09715410888885544,False,False,[0.5 0.3 0.3]
730.738089,100,3052.397342,0.0918495725955651,False,False,[0.5 0.3 0.3]
4581.2141,98,3052.851697,0.02252197540270178,False,True,[0.5 0.3 0.3]
1808.515765,52,3053.150335,0.038812176651035285,False,True,[0.5 0.3 0.3]
1360.150437,100,3053.618296,0.08367442703455223,False,False,[0.5 0.3 0.3]
2004.840245,100,3054.099592,0.07188130305396348,False,False,[0.5 0.3 0.3]
2015.102639,100,3054.56629,0.03560121157809126,False,False,[0.5 0.3 0.3]
2211.265741,100,3055.623955,0.03894891205833371,False,False,[0.5 0.3 0.3]
2168.642904,100,3056.09386,0.06398792644188263,False,False,[0.5 0.3 0.3]
3080.054337,95,3056.540086,0.044868894208600255,False,True,[0.5 0.3 0.3]
1556.724394,100,3057.02081,0.051191707020661295,False,False,[0.5 0.3 0.3]
1402.531505,100,3057.489552,0.0800951472803189,False,False,[0.5 0.3 0.3]
1369.913269,100,3057.951038,0.056561046958701636,False,False,[0.5 0.3 0.3]
1980.354174,100,3058.423196,0.02940444934523915,False,False,[0.5 0.3 0.3]
1006.019182,100,3058.886859,0.013346858121810665,False,False,[0.5 0.3 0.3]
1898.655202,70,3059.257449,0.028745217938922537,False,True,[0.5 0.3 0.3]
1156.842948,100,3059.734486,0.12691462906079337,False,False,[0.5 0.3 0.3]
1766.893486,100,3060.213651,0.07899455776596769,False,False,[0.5 0.3 0.3]
1949.914609,81,3060.627082,0.04526480186451723,False,True,[0.5 0.3 0.3]
2621.757659,100,3061.105165,0.034977892251030575,False,False,[0.5 0.3 0.3]
1353.605163,100,3061.588239,0.07109971599196413,False,False,[0.5 0.3 0.3]
1176.718192,100,3062.062574,0.13974911384490932,False,False,[0.5 0.3 0.3]
2198.230488,100,3062.540209,0.07111722659403738,False,False,[0.5 0.3 0.3]
1587.849782,100,3063.007587,0.0414433598515678,False,False,[0.5 0.3 0.3]
1976.065064,100,3063.47323,0.042945692019918505,False,False,[0.5 0.3 0.3]
2599.804486,100,3063.967939,0.0795259902084273,False,False,[0.5 0.3 0.3]
2411.62225,100,3064.442648,0.08618373770479784,False,False,[0.5 0.3 0.3]
2169.496909,100,3064.923423,0.0977463213045047,False,False,[0.5 0.3 0.3]
1995.507981,100,3065.938284,0.01850525008550559,False,False,[0.5 0.3 0.3]
1356.994776,100,3066.411179,0.03558705077383307,False,False,[0.5 0.3 0.3]
1788.988986,100,3066.882073,0.08251705321859773,False,False,[0.5 0.3 0.3]
1602.353271,100,3067.350093,0.08186784577254774,False,False,[0.5 0.3 0.3]
1794.016545,100,3067.812763,0.04392630449882961,False,False,[0.5 0.3 0.3]
1147.337981,100,3068.289465,0.06568764316881412,False,False,[0.5 0.3 0.3]
1145.752453,100,3068.852118,0.11207936587854404,False,False,[0.5 0.3 0.3]
1565.537012,100,3069.317886,0.01576871034774492,False,False,[0.5 0.3 0.3]
2194.659821,100,3069.778332,0.08845864190752832,False,False,[0.5 0.3 0.3]
2190.782984,100,3070.262239,0.0942377655424348,False,False,[0.5 0.3 0.3]
2433.041951,100,3070.717103,0.06064584884731346,False,False,[0.5 0.3 0.3]
3254.845675,100,3071.188812,0.0951224808351357,False,False,[0.5 0.3 0.3]
1180.856151,100,3071.651477,0.0880843447872109,False,False,[0.5 0.3 0.3]
1150.702667,100,3072.130786,0.02809873018380699,False,False,[0.5 0.3 0.3]
1574.469036,100,3072.597358,0.031212967607892314,False,False,[0.5 0.3 0.3]
1592.907812,100,3073.099333,0.09951213287430621,False,False,[0.5 0.3 0.3]
1367.868571,100,3073.555018,0.014640972166590301,False,False,[0.5 0.3 0.3]
1569.902225,100,3074.016054,0.11583217812600051,False,False,[0.5 0.3 0.3]
2189.81415,100,3074.492478,0.041678221140440466,False,False,[0.5 0.3 0.3]
1587.566738,100,3074.970486,0.03758665411524292,False,False,[0.5 0.3 0.3]
1165.049694,100,3075.433359,0.04377694641950011,False,False,[0.5 0.3 0.3]
2207.151921,100,3076.417562,0.08669891525214507,False,False,[0.5 0.3 0.3]
2179.124008,100,3076.886491,0.0317265326696558,False,False,[0.5 0.3 0.3]
950.951809,100,3077.352477,0.11083079664856088,False,False,[0.5 0.3 0.3]
1784.614175,100,3077.816424,0.04603885799014346,False,False,[0.5 0.3 0.3]
2206.865146,100,3078.279233,0.034132901835823105,False,False,[0.5 0.3 0.3]
2186.577317,100,3078.755314,0.08328057752547892,False,False,[0.5 0.3 0.3]
2004.638201,100,3079.229906,0.03126305950554312,False,False,[0.5 0.3 0.3]
1998.569665,100,3079.681568,0.11496756314403284,False,False,[0.5 0.3 0.3]
1378.232639,100,3080.147701,0.04601388149682416,False,False,[0.5 0.3 0.3]
956.046796,100,3080.625863,0.06922820647973356,False,False,[0.5 0.3 0.3]
1599.972658,100,3081.101837,0.06200749322405456,False,False,[0.5 0.3 0.3]
1179.571717,100,3081.569429,0.07399590246021641,False,False,[0.5 0.3 0.3]
2093.614432,67,3081.959526,0.010115018651305702,False,True,[0.5 0.3 0.3]
962.150777,100,3082.420831,0.016912416328675014,False,False,[0.5 0.3 0.3]
2006.483137,100,3082.888836,0.030921897716286433,False,False,[0.5 0.3 0.3]
997.556519,100,3083.350106,0.07612541871902724,False,False,[0.5 0.3 0.3]
2011.208049,100,3083.825142,0.08051268953780438,False,False,[0.5 0.3 0.3]
2170.321658,100,3084.287079,0.11017280963567659,False,False,[0.5 0.3 0.3]
1752.578605,100,3084.772464,0.10665474922059308,False,False,[0.5 0.3 0.3]
2177.864383,100,3085.246722,0.13261437935371695,False,False,[0.5 0.3 0.3]
1590.312389,100,3085.705031,0.08463905190052731,False,False,[0.5 0.3 0.3]
1181.165812,100,3086.698971,0.015825086853895536,False,False,[0.5 0.3 0.3]
2218.288239,100,3087.181469,0.02490967192112539,False,False,[0.5 0.3 0.3]
1977.846014,100,3087.65987,0.045428730546474866,False,False,[0.5 0.3 0.3]
1983.203998,100,3088.129976,0.105165586426795,False,False,[0.5 0.3 0.3]
1801.838045,100,3088.609161,0.07381023813717971,False,False,[0.5 0.3 0.3]
1776.262127,100,3089.078655,0.10639216769127036,False,False,[0.5 0.3 0.3]
919.734713,100,3089.543563,0.07176726925226576,False,False,[0.5 0.3 0.3]
1636.577608,100,3090.019955,0.031040203483130857,False,False,[0.5 0.3 0.3]
2407.671276,100,3090.496474,0.047750313061906746,False,False,[0.5 0.3 0.3]
2371.265533,100,3090.985665,0.042532154720852554,False,False,[0.5 0.3 0.3]
1587.796895,100,3091.459154,0.0644343365528431,False,False,[0.5 0.3 0.3]
731.740776,100,3091.926722,0.2154818534196155,False,False,[0.5 0.3 0.3]
1561.915618,100,3092.395296,0.035753572925455356,False,False,[0.5 0.3 0.3]
1577.109497,100,3092.863405,0.11064832316611868,False,False,[0.5 0.3 0.3]
1361.24157,100,3093.341688,0.08922776162304848,False,False,[0.5 0.3 0.3]
2221.484994,100,3093.7879,0.14180555143888354,False,False,[0.5 0.3 0.3]
1620.549449,100,3094.253044,0.04450881121256098,False,False,[0.5 0.3 0.3]
1146.64801,100,3094.723504,0.040249216861123246,False,False,[0.5 0.3 0.3]
2209.11552,100,3095.191337,0.05107296813677436,False,False,[0.5 0.3 0.3]
2276.176936,100,3095.653983,0.024532607045917625,False,True,[0.5 0.3 0.3]
1357.514492,100,3096.666005,0.043368728449210095,False,False,[0.5 0.3 0.3]
2222.82121,100,3097.13593,0.06664879020028279,False,False,[0.5 0.3 0.3]
1361.51916,100,3097.596434,0.05289172655428037,False,False,[0.5 0.3 0.3]
1782.151888,100,3098.065943,0.05254142142946561,False,False,[0.5 0.3 0.3]
2378.16335,100,3098.533078,0.058184478801649404,False,False,[0.5 0.3 0.3]
1359.884714,100,3099.00328,0.026246809167712163,False,False,[0.5 0.3 0.3]
1607.043749,100,3099.46398,0.03619490215506559,False,False,[0.5 0.3 0.3]
1588.676263,100,3099.926189,0.039766278119639606,False,False,[0.5 0.3 0.3]
1165.632585,100,3100.382434,0.06460047463395532,False,False,[0.5 0.3 0.3]
1583.932489,100,3100.853807,0.053327964076327554,False,False,[0.5 0.3 0.3]
1352.73869,100,3101.331652,0.08401708805527427,False,False,[0.5 0.3 0.3]
2300.563071,64,3101.671125,0.028364183157381224,False,True,[0.5 0.3 0.3]
1348.131629,100,3102.141198,0.02799923462615503,False,False,[0.5 0.3 0.3]
1999.941396,100,3102.601675,0.08979089214182866,False,False,[0.5 0.3 0.3]
759.381936,100,3103.06513,0.07654070318836739,False,False,[0.5 0.3 0.3]
1800.616662,100,3103.521443,0.07816555905442808,False,False,[0.5 0.3 0.3]
1583.168611,100,3103.983912,0.05094866910327577,False,False,[0.5 0.3 0.3]
1589.497597,100,3104.446557,0.08322943392648607,False,False,[0.5 0.3 0.3]
1594.896639,100,3104.925253,0.030563588817812973,False,False,[0.5 0.3 0.3]
1393.596365,100,3105.405446,0.06711559142528814,False,False,[0.5 0.3 0.3]
1761.26228,100,3105.875557,0.07332967573091329,False,False,[0.5 0.3 0.3]
1377.887375,100,3106.876143,0.0747945757775657,False,False,[0.5 0.3 0.3]
1765.087052,100,3107.35256,0.10265711838297979,False,False,[0.5 0.3 0.3]
2833.793957,100,3107.818048,0.08480779945633614,False,False,[0.5 0.3 0.3]
1596.503673,100,3108.286233,0.05033094446299692,False,False,[0.5 0.3 0.3]
2595.510092,100,3108.776016,0.04361503696610135,False,False,[0.5 0.3 0.3]
1962.273565,100,3109.244182,0.04230514823596456,False,False,[0.5 0.3 0.3]
1981.480426,100,3109.708299,0.048766805005557974,False,False,[0.5 0.3 0.3]
1672.233987,25,3109.901824,0.042457506947507447,False,True,[0.5 0.3 0.3]
1714.173072,31,3110.113956,0.033741669455006756,False,True,[0.5 0.3 0.3]
2201.124406,100,3110.569576,0.04457848438619478,False,False,[0.5 0.3 0.3]
1967.045554,100,3111.037717,0.03885440410485555,False,False,[0.5 0.3 0.3]
1374.281597,100,3111.520553,0.09579441736090916,False,False,[0.5 0.3 0.3]
1559.248422,100,3111.992787,0.05690382699583655,False,False,[0.5 0.3 0.3]
1975.498123,100,3112.46344,0.02113691063806278,False,False,[0.5 0.3 0.3]
1781.364822,100,3112.929013,0.08983378262286824,False,False,[0.5 0.3 0.3]
1984.856706,100,3113.408716,0.07139082688401298,False,False,[0.5 0.3 0.3]
1755.408713,100,3113.877811,0.07647417151808798,False,False,[0.5 0.3 0.3]
2213.49318,100,3114.351386,0.0513274477479681,False,False,[0.5 0.3 0.3]
992.433813,100,3114.8163,0.024439636934457432,False,False,[0.5 0.3 0.3]
1771.071286,100,3115.279703,0.045256579600128945,False,False,[0.5 0.3 0.3]
1576.676272,100,3115.741184,0.10064072648567303,False,False,[0.5 0.3 0.3]
2002.454015,100,3116.205616,0.07961220844827809,False,False,[0.5 0.3 0.3]
1745.859435,36,3116.441067,0.029956643084166942,False,True,[0.5 0.3 0.3]
543.217093,8,3117.100819,0.04232778676220425,False,True,[0.5 0.3 0.3]
1769.998488,100,3117.587964,0.10164447787990594,False,False,[0.5 0.3 0.3]
1166.115751,100,3118.047196,0.07462544765795338,False,False,[0.5 0.3 0.3]
974.809332,100,3118.521497,0.018631218941767266,False,False,[0.5 0.3 0.3]
905.557339,100,3118.992351,0.07550459022266097,False,False,[0.5 0.3 0.3]
1792.974286,100,3119.463101,0.06525191906546399,False,False,[0.5 0.3 0.3]
1582.172149,100,3119.942348,0.08280358875162797,False,False,[0.5 0.3 0.3]
1360.246924,100,3120.404886,0.09426292006932689,False,False,[0.5 0.3 0.3]
1985.008539,100,3120.8626,0.08764199088695376,False,False,[0.5 0.3 0.3]
2190.079074,100,3121.333665,0.08940239687752248,False,False,[0.5 0.3 0.3]
1571.460839,100,3121.799526,0.029169651809839908,False,False,[0.5 0.3 0.3]
1591.46629,100,3122.26917,0.07011790925702392,False,False,[0.5 0.3 0.3]
1602.116939,100,3122.732198,0.0752011343529878,False,False,[0.5 0.3 0.3]
1773.056688,100,3123.209777,0.056854124133781755,False,False,[0.5 0.3 0.3]
1992.961681,100,3123.670345,0.08852387646982418,False,False,[0.5 0.3 0.3]
1593.753978,100,3124.151028,0.03375876857211402,False,False,[0.5 0.3 0.3]
738.62033,6,3124.280203,0.03714751636705181,False,True,[0.5 0.3 0.3]
727.380594,100,3124.745105,0.08001709136203654,False,False,[0.5 0.3 0.3]
970.922461,100,3125.249471,0.06078454409478066,False,False,[0.5 0.3 0.3]
1597.535339,100,3125.718221,0.07490747886426495,False,False,[0.5 0.3 0.3]
959.922315,100,3126.211594,0.0812289723991265,False,False,[0.5 0.3 0.3]
2210.946133,100,3126.667811,0.04648583282371141,False,False,[0.5 0.3 0.3]
1562.357403,100,3127.677186,0.05248185166317275,False,False,[0.5 0.3 0.3]
1576.703306,100,3128.141397,0.06562354854267678,False,False,[0.5 0.3 0.3]
1572.093468,100,3128.602785,0.05936353711896284,False,False,[0.5 0.3 0.3]
2188.419432,100,3129.058554,0.028869294024037054,False,False,[0.5 0.3 0.3]
533.371375,6,3129.187955,0.033744829754892625,False,True,[0.5 0.3 0.3]
1773.452587,100,3129.648787,0.09033434990430751,False,False,[0.5 0.3 0.3]
1960.517405,100,3130.112818,0.10895715552449252,False,False,[0.5 0.3 0.3]
1571.362651,100,3130.589391,0.10203864281103318,False,False,[0.5 0.3 0.3]
2197.328773,100,3131.064906,0.06458725054622269,False,False,[0.5 0.3 0.3]
1984.608421,100,3131.529704,0.11090861063975184,False,False,[0.5 0.3 0.3]
1350.623772,100,3131.984379,0.0972940054230563,False,False,[0.5 0.3 0.3]
1360.79903,100,3132.45533,0.11055789097453472,False,False,[0.5 0.3 0.3]
2421.110886,100,3132.916017,0.014926714833308425,False,False,[0.5 0.3 0.3]
1378.804318,100,3133.395013,0.05173144521861217,False,False,[0.5 0.3 0.3]
1809.628539,100,3133.860123,0.10992420214109201,False,False,[0.5 0.3 0.3]
2210.219611,100,3134.3309,0.008711958865646921,False,False,[0.5 0.3 0.3]
2178.338201,100,3134.804995,0.04860282379478987,False,False,[0.5 0.3 0.3]
1358.588146,100,3135.307825,0.10975897793014174,False,False,[0.5 0.3 0.3]
2025.012938,92,3135.741864,0.028658677155520736,False,True,[0.5 0.3 0.3]
1322.546957,100,3136.216135,0.0593754459409621,False,False,[0.5 0.3 0.3]
1603.910369,100,3136.673076,0.09107966323863698,False,False,[0.5 0.3 0.3]
1579.165788,100,3137.675214,0.06744539617031449,False,False,[0.5 0.3 0.3]
1568.855514,100,3138.145673,0.0025431208127379423,False,False,[0.5 0.3 0.3]
1793.067022,100,3138.603202,0.08223683735401423,False,False,[0.5 0.3 0.3]
1598.285334,100,3139.072571,0.05083824936228918,False,False,[0.5 0.3 0.3]
1795.034279,100,3139.540475,0.08858967244768817,False,False,[0.5 0.3 0.3]
1987.810428,100,3140.012081,0.039741716499968084,False,False,[0.5 0.3 0.3]
1152.17629,100,3140.485302,0.04567218979258317,False,False,[0.5 0.3 0.3]
1559.557964,100,3140.945439,0.024240419149621984,False,False,[0.5 0.3 0.3]
1826.176817,100,3141.404636,0.050227095649627455,False,False,[0.5 0.3 0.3]
1175.098375,100,3141.879769,0.06332631702382048,False,False,[0.5 0.3 0.3]
1373.753882,100,3142.348562,0.10404788371805404,False,False,[0.5 0.3 0.3]
1561.596351,100,3142.813294,0.02490474132988084,False,False,[0.5 0.3 0.3]
1365.833785,100,3143.301158,0.06910333040684699,False,False,[0.5 0.3 0.3]
1753.853545,100,3143.767374,0.015737318551332338,False,False,[0.5 0.3 0.3]
1351.51288,100,3144.264296,0.050173064373840226,False,False,[0.5 0.3 0.3]
735.905119,100,3144.738014,0.13501917652331155,False,False,[0.5 0.3 0.3]
1768.360455,100,3145.198131,0.04144151237014607,False,False,[0.5 0.3 0.3]
1390.173388,100,3145.664263,0.0492045964539133,False,False,[0.5 0.3 0.3]
2389.898323,100,3146.144948,0.07589080089309147,False,False,[0.5 0.3 0.3]
1554.500916,100,3146.621245,0.07727403630651397,False,False,[0.5 0.3 0.3]
2190.378675,100,3147.095644,0.07165328745263093,False,False,[0.5 0.3 0.3]
2003.226551,45,3147.893319,0.04590072266650571,False,True,[0.5 0.3 0.3]
2035.906528,100,3148.35293,0.046434485971754834,False,False,[0.5 0.3 0.3]
3240.218872,100,3148.818716,0.06313906095731395,False,False,[0.5 0.3 0.3]
2411.552556,100,3149.288236,0.027863694812429313,False,False,[0.5 0.3 0.3]
1555.78513,100,3149.762742,0.06488490660040697,False,False,[0.5 0.3 0.3]
1567.391666,100,3150.238542,0.09276533729497931,False,False,[0.5 0.3 0.3]
1354.028793,100,3150.693936,0.07672930970285799,False,False,[0.5 0.3 0.3]
2628.992437,100,3151.171445,0.08587692682854169,False,False,[0.5 0.3 0.3]
2427.547543,100,3151.653132,0.057915798590639445,False,False,[0.5 0.3 0.3]
1583.513004,100,3152.12994,0.06395581732794377,False,False,[0.5 0.3 0.3]
1565.20317,100,3152.602388,0.047016005420547784,False,False,[0.5 0.3 0.3]
1405.60413,100,3153.09413,0.07541453111703025,False,False,[0.5 0.3 0.3]
2610.38031,100,3153.574577,0.07488330113323943,False,False,[0.5 0.3 0.3]
1140.025268,100,3154.042162,0.031831359754139706,False,False,[0.5 0.3 0.3]
1370.549654,100,3154.497991,0.035773566029426794,False,False,[0.5 0.3 0.3]
1820.219809,100,3154.95443,0.050451790177732755,False,False,[0.5 0.3 0.3]
1768.063977,100,3155.422396,0.11329055775245638,False,False,[0.5 0.3 0.3]
2210.283829,100,3155.89047,0.0649009475250006,False,False,[0.5 0.3 0.3]
1168.732873,100,3156.358742,0.03586782124010984,False,False,[0.5 0.3 0.3]
1579.267223,100,3156.834578,0.05975956681797177,False,False,[0.5 0.3 0.3]
2188.770527,100,3157.292329,0.02443487263716364,False,False,[0.5 0.3 0.3]
2186.298874,100,3158.294588,0.10060215117505597,False,False,[0.5 0.3 0.3]
1154.153104,100,3158.756234,0.0862454161051438,False,False,[0.5 0.3 0.3]
1150.052875,100,3159.211773,0.06864446645334787,False,False,[0.5 0.3 0.3]
1179.76482,100,3159.694206,0.05651143850813597,False,False,[0.5 0.3 0.3]
1775.631768,100,3160.165148,0.033035975010980705,False,False,[0.5 0.3 0.3]
1163.733751,100,3160.620918,0.07640271145549693,False,False,[0.5 0.3 0.3]
1578.810395,100,3161.092156,0.07302186605160983,False,False,[0.5 0.3 0.3]
1391.783258,100,3161.554256,0.0389523640342683,False,False,[0.5 0.3 0.3]
1792.291654,100,3162.030242,0.021879814830186587,False,False,[0.5 0.3 0.3]
1805.054061,100,3162.506795,0.06745676830930146,False,False,[0.5 0.3 0.3]
1189.719502,100,3162.984587,0.10484367967247847,False,False,[0.5 0.3 0.3]
1798.654202,100,3163.442064,0.07714871560126242,False,False,[0.5 0.3 0.3]
1006.771208,100,3163.920667,0.03585737411632922,False,False,[0.5 0.3 0.3]
1353.841401,100,3164.379934,0.12473275032936817,False,False,[0.5 0.3 0.3]
2186.295492,100,3164.84115,0.04096487446606709,False,False,[0.5 0.3 0.3]
1555.774594,100,3165.296758,0.0973570818117461,False,False,[0.5 0.3 0.3]
1960.268813,100,3165.774651,0.019904054183374018,False,False,[0.5 0.3 0.3]
1827.028378,100,3166.254533,0.03461704735124152,False,False,[0.5 0.3 0.3]
1603.155445,100,3166.723023,0.10549018835846156,False,False,[0.5 0.3 0.3]
1376.669168,100,3167.203128,0.07774548653207687,False,False,[0.5 0.3 0.3]
1365.468581,100,3168.192766,0.05205255836065584,False,False,[0.5 0.3 0.3]
1768.486291,42,3168.449789,0.01812336727280181,False,True,[0.5 0.3 0.3]
546.330721,8,3168.58439,0.03736346698331225,False,True,[0.5 0.3 0.3]
536.036156,7,3168.714098,0.033153230479356845,False,True,[0.5 0.3 0.3]
1990.805126,100,3169.192105,0.0583793581058991,False,False,[0.5 0.3 0.3]
1576.08897,100,3169.64825,0.08466041825996369,False,False,[0.5 0.3 0.3]
1186.892874,100,3170.117277,0.07180344557467024,False,False,[0.5 0.3 0.3]
1355.20582,100,3170.617244,0.05622319960424135,False,False,[0.5 0.3 0.3]
1336.450414,100,3171.086627,0.06261984147522823,False,False,[0.5 0.3 0.3]
1365.734466,100,3171.550376,0.025840220546789493,False,False,[0.5 0.3 0.3]
2198.460711,100,3172.01892,0.12725564084472335,False,False,[0.5 0.3 0.3]
1974.122257,100,3172.489962,0.014706517090733041,False,False,[0.5 0.3 0.3]
1744.808328,100,3172.945338,0.0712119230162165,False,False,[0.5 0.3 0.3]
1808.184336,100,3173.404715,0.026544263297188616,False,False,[0.5 0.3 0.3]
1783.437268,100,3173.887704,0.0883466860196091,False,False,[0.5 0.3 0.3]
1806.19058,53,3174.19559,0.033127971617792164,False,True,[0.5 0.3 0.3]
570.181644,14,3174.349523,0.03670666709649401,False,True,[0.5 0.3 0.3]
546.176343,8,3174.489125,0.042008690049329674,False,True,[0.5 0.3 0.3]
1793.8477,100,3175.043132,0.06980525131957482,False,False,[0.5 0.3 0.3]
970.003825,100,3175.503895,0.09535928510740467,False,False,[0.5 0.3 0.3]
1790.801,100,3175.961744,0.042517157858668116,False,False,[0.5 0.3 0.3]
2031.693636,100,3176.432378,0.061293424812258086,False,False,[0.5 0.3 0.3]
1788.528804,100,3176.893643,0.08890716069651042,False,False,[0.5 0.3 0.3]
1574.476736,100,3177.348211,0.13435175043274875,False,False,[0.5 0.3 0.3]
1789.608135,100,3177.813859,0.0703271478495768,False,False,[0.5 0.3 0.3]
2184.897663,100,3178.817353,0.04789737052503806,False,False,[0.5 0.3 0.3]
753.1436,100,3179.302893,0.05725293327212259,False,False,[0.5 0.3 0.3]
1183.556116,100,3179.761627,0.06246165378435088,False,False,[0.5 0.3 0.3]
1992.074805,100,3180.235824,0.06965496018287406,False,False,[0.5 0.3 0.3]
1776.0736,100,3180.698385,0.055810995248270205,False,False,[0.5 0.3 0.3]
1182.356484,100,3181.177817,0.07067300187975331,False,False,[0.5 0.3 0.3]
3688.483672,100,3181.643198,0.0504166496456014,False,False,[0.5 0.3 0.3]
1770.740278,100,3182.115788,0.0761961962770198,False,False,[0.5 0.3 0.3]
2425.892255,100,3182.58359,0.04084760334925637,False,False,[0.5 0.3 0.3]
730.907409,100,3183.049828,0.13995568938653424,False,False,[0.5 0.3 0.3]
1772.868704,100,3183.511376,0.06065695536794078,False,False,[0.5 0.3 0.3]
1588.982347,100,3183.986845,0.09466083663288155,False,False,[0.5 0.3 0.3]
2386.437846,100,3184.460834,0.04002561609975715,False,False,[0.5 0.3 0.3]
919.156504,100,3184.924941,0.12205986971550002,False,False,[0.5 0.3 0.3]
1349.717041,100,3185.389032,0.06959405293018135,False,False,[0.5 0.3 0.3]
1590.872802,100,3185.848915,0.12082319216714656,False,False,[0.5 0.3 0.3]
1601.054584,100,3186.337706,0.09101224901064209,False,False,[0.5 0.3 0.3]
1841.991992,59,3186.659427,0.04086118918295914,False,True,[0.5 0.3 0.3]
2002.473931,100,3187.130434,0.011873291536317604,False,False,[0.5 0.3 0.3]
2205.176412,100,3187.603136,0.07911968295661262,False,False,[0.5 0.3 0.3]
1581.130995,100,3188.105822,0.07216380946076155,False,False,[0.5 0.3 0.3]
1565.336133,100,3189.108186,0.04290312430231225,False,False,[0.5 0.3 0.3]
2369.831517,100,3189.567857,0.09778686776161649,False,False,[0.5 0.3 0.3]
1351.731907,100,3190.037075,0.12325375127944746,False,False,[0.5 0.3 0.3]
2155.612148,100,3190.525837,0.08717680576511082,False,False,[0.5 0.3 0.3]
1787.511705,100,3190.986501,0.07119038443648497,False,False,[0.5 0.3 0.3]
1347.29243,100,3191.454692,0.09955711662881515,False,False,[0.5 0.3 0.3]
1166.940152,100,3191.927943,0.033926651897723835,False,False,[0.5 0.3 0.3]
2391.164304,100,3192.406628,0.08834838685416582,False,False,[0.5 0.3 0.3]
2825.817229,100,3192.874215,0.031002731893924006,False,False,[0.5 0.3 0.3]
1996.416213,100,3193.356762,0.011465898400211562,False,False,[0.5 0.3 0.3]
2011.32513,87,3193.773057,0.022768051753102807,False,True,[0.5 0.3 0.3]
1365.794134,100,3194.248749,0.035527932625308824,False,False,[0.5 0.3 0.3]
3425.118865,100,3194.714766,0.09098589200809917,False,False,[0.5 0.3 0.3]
1352.129774,100,3195.189575,0.1167015378011339,False,False,[0.5 0.3 0.3]
2618.797059,100,3195.659747,0.06491027287491952,False,False,[0.5 0.3 0.3]
1981.948994,100,3196.137304,0.02677121183855787,False,False,[0.5 0.3 0.3]
1803.804065,100,3196.618225,0.08074179702979999,False,False,[0.5 0.3 0.3]
1983.991262,100,3197.089241,0.07304212348440792,False,False,[0.5 0.3 0.3]
1969.981442,100,3197.551333,0.0667008817040911,False,False,[0.5 0.3 0.3]
1568.115224,100,3198.013704,0.06485065833943175,False,False,[0.5 0.3 0.3]
1984.016054,100,3198.476705,0.11077458351965909,False,False,[0.5 0.3 0.3]
1357.105666,100,3199.46046,0.03440767270744539,False,False,[0.5 0.3 0.3]
1558.191476,100,3199.929696,0.06011714182604565,False,False,[0.5 0.3 0.3]
1760.726854,100,3200.396062,0.06163090459758002,False,False,[0.5 0.3 0.3]
1576.127887,100,3200.852877,0.015093441667341077,False,False,[0.5 0.3 0.3]
1157.430306,100,3201.323703,0.1118668310847806,False,False,[0.5 0.3 0.3]
2189.742153,100,3201.783381,0.065284818163204,False,False,[0.5 0.3 0.3]
1371.724026,100,3202.2659,0.04459062490619292,False,False,[0.5 0.3 0.3]
1982.802867,100,3202.7247,0.15084551881624764,False,False,[0.5 0.3 0.3]
2611.977019,100,3203.1966,0.037620109419360545,False,False,[0.5 0.3 0.3]
1756.208294,100,3203.656199,0.11296200152118675,False,False,[0.5 0.3 0.3]
2023.020037,53,3203.942986,0.04257869675366409,False,True,[0.5 0.3 0.3]
1977.498486,100,3204.422643,0.05368679134502932,False,False,[0.5 0.3 0.3]
2000.329848,100,3204.871432,0.03493231117512789,False,False,[0.5 0.3 0.3]
1596.298508,100,3205.323553,0.05394318152755318,False,False,[0.5 0.3 0.3]
1152.970946,100,3205.821763,0.0448858094445588,False,False,[0.5 0.3 0.3]
1190.575238,100,3206.299276,0.052519663162055,False,False,[0.5 0.3 0.3]
1801.283734,100,3206.766372,0.061209008508798304,False,False,[0.5 0.3 0.3]
1573.943298,100,3207.234115,0.034308377147645924,False,False,[0.5 0.3 0.3]
1568.352457,100,3207.710837,0.061714339686637476,False,False,[0.5 0.3 0.3]
1569.587953,100,3208.192204,0.01204091065936315,False,False,[0.5 0.3 0.3]
1969.37112,100,3208.66112,0.04804273634538804,False,False,[0.5 0.3 0.3]
1190.30847,100,3209.642484,0.06941890722728834,False,False,[0.5 0.3 0.3]
771.454903,100,3210.111269,0.03803289233894405,False,False,[0.5 0.3 0.3]
1387.461175,100,3210.579249,0.043671551533132326,False,False,[0.5 0.3 0.3]
1985.538609,100,3211.047776,0.1067765512998051,False,False,[0.5 0.3 0.3]
1581.381808,100,3211.515272,0.044285624150597905,False,False,[0.5 0.3 0.3]
1372.884018,100,3211.988281,0.04353891403424517,False,False,[0.5 0.3 0.3]
421.244237,19,3212.155486,0.2353026854366774,True,False,[0.5 0.3 0.3]
2000.192172,100,3212.723955,0.017382600673960524,False,False,[0.5 0.3 0.3]
2424.75622,100,3213.19532,0.031625679297134,False,False,[0.5 0.3 0.3]
1975.831719,100,3213.652629,0.12242692863937095,False,False,[0.5 0.3 0.3]
1380.321438,100,3214.118164,0.06580903057738477,False,False,[0.5 0.3 0.3]
2192.226509,100,3214.586981,0.09932124883335287,False,False,[0.5 0.3 0.3]
1577.613874,100,3215.067172,0.13914841714538034,False,False,[0.5 0.3 0.3]
753.718864,100,3215.528523,0.038002966830553916,False,False,[0.5 0.3 0.3]
2413.120468,100,3215.992504,0.07534095906820518,False,False,[0.5 0.3 0.3]
1562.811105,100,3216.470591,0.06571894268908557,False,False,[0.5 0.3 0.3]
1785.957486,100,3216.944286,0.03288319472694612,False,False,[0.5 0.3 0.3]
1768.107893,100,3217.405829,0.07193058624329005,False,False,[0.5 0.3 0.3]
1364.867077,100,3217.878021,0.0821966957245269,False,False,[0.5 0.3 0.3]
930.194041,100,3218.362242,0.05878623179103844,False,False,[0.5 0.3 0.3]
2004.86654,100,3218.838539,0.1059379538462609,False,False,[0.5 0.3 0.3]
974.890424,100,3219.831938,0.11180165918989744,False,False,[0.5 0.3 0.3]
1377.996659,100,3220.300925,0.08323365646747749,False,False,[0.5 0.3 0.3]
1340.238638,100,3220.770808,0.09116107724286857,False,False,[0.5 0.3 0.3]
1374.010803,100,3221.248707,0.047274705633817346,False,False,[0.5 0.3 0.3]
1561.298625,100,3221.716537,0.01672167328167026,False,False,[0.5 0.3 0.3]
747.496148,100,3222.181722,0.08722253576707613,False,False,[0.5 0.3 0.3]
1371.26168,100,3222.661597,0.07092782259823091,False,False,[0.5 0.3 0.3]
2429.953476,100,3223.129534,0.06563533735097757,False,False,[0.5 0.3 0.3]
1359.041946,100,3223.623539,0.04054362059934472,False,False,[0.5 0.3 0.3]
1980.114235,100,3224.088461,0.13484569368527216,False,False,[0.5 0.3 0.3]
1374.813089,100,3224.576982,0.0878437537334401,False,False,[0.5 0.3 0.3]
2851.148745,100,3225.054033,0.08235897974513588,False,False,[0.5 0.3 0.3]
1547.816642,100,3225.52953,0.10634121623039419,False,False,[0.5 0.3 0.3]
1381.980681,100,3225.994389,0.0456763312982,False,False,[0.5 0.3 0.3]
1360.466574,100,3226.464501,0.08598293503366647,False,False,[0.5 0.3 0.3]
958.349868,100,3226.941725,0.01679134175642207,False,False,[0.5 0.3 0.3]
2812.744023,100,3227.401922,0.11737836921175983,False,False,[0.5 0.3 0.3]
1799.20033,100,3227.863196,0.07442688073080723,False,False,[0.5 0.3 0.3]
1967.096862,100,3228.336842,0.07517554643351826,False,False,[0.5 0.3 0.3]
1563.716897,100,3228.813627,0.05913993769984541,False,False,[0.5 0.3 0.3]
2184.504925,100,3229.286605,0.1395371757695031,False,False,[0.5 0.3 0.3]
1338.407137,100,3230.276837,0.07275658410958676,False,False,[0.5 0.3 0.3]
1980.330785,100,3230.755286,0.056844445072988074,False,False,[0.5 0.3 0.3]
2397.480518,100,3231.226359,0.06152886620630647,False,False,[0.5 0.3 0.3]
1377.331966,100,3231.689431,0.02410443335038351,False,False,[0.5 0.3 0.3]
1811.200428,100,3232.138561,0.054821500538813885,False,False,[0.5 0.3 0.3]
1382.131148,100,3232.608418,0.05114934260020422,False,False,[0.5 0.3 0.3]
1994.366611,100,3233.08254,0.04736974699937451,False,False,[0.5 0.3 0.3]
1776.352517,100,3233.547038,0.07477708110318598,False,False,[0.5 0.3 0.3]
1968.952313,100,3234.019283,0.016316496672828844,False,False,[0.5 0.3 0.3]
2201.983537,100,3234.487152,0.11114789872989339,False,False,[0.5 0.3 0.3]
1140.591805,100,3234.96067,0.0335799763291373,False,False,[0.5 0.3 0.3]
2013.158874,100,3235.421776,0.04402322615541803,False,False,[0.5 0.3 0.3]
1813.013372,100,3235.889148,0.04164462286289541,False,False,[0.5 0.3 0.3]
1390.442531,100,3236.34615,0.08181752125007277,False,False,[0.5 0.3 0.3]
1815.02343,49,3236.635584,0.03707998720865147,False,True,[0.5 0.3 0.3]
1774.778413,100,3237.118547,0.19401069781725222,False,False,[0.5 0.3 0.3]
2209.166707,100,3237.590016,0.10975224060930219,False,False,[0.5 0.3 0.3]
1995.355928,100,3238.052009,0.05629577493307745,False,False,[0.5 0.3 0.3]
1889.706845,65,3238.395831,0.02660357827747629,False,True,[0.5 0.3 0.3]
1606.444976,100,3238.875284,0.055375689459367244,False,False,[0.5 0.3 0.3]
2176.65221,100,3239.35977,0.11669302743765643,False,False,[0.5 0.3 0.3]
1767.313665,100,3240.35601,0.031863687122829706,False,False,[0.5 0.3 0.3]
1814.684339,100,3240.818672,0.11585903910516376,False,False,[0.5 0.3 0.3]
2195.320575,100,3241.325278,0.06882804283949318,False,False,[0.5 0.3 0.3]
1583.601827,100,3241.785454,0.015246060054288522,False,False,[0.5 0.3 0.3]
1372.710014,100,3242.246344,0.08918997430659793,False,False,[0.5 0.3 0.3]
1755.799321,100,3242.70882,0.0646323845391386,False,False,[0.5 0.3 0.3]
1380.642314,100,3243.185122,0.048830630865371406,False,False,[0.5 0.3 0.3]
1183.043414,100,3243.6492,0.05287225636975729,False,False,[0.5 0.3 0.3]
2224.202886,100,3244.118751,0.0319377316089003,False,False,[0.5 0.3 0.3]
2010.215816,100,3244.590916,0.060068014593537805,False,False,[0.5 0.3 0.3]
1605.140113,100,3245.082079,0.033966235875057704,False,False,[0.5 0.3 0.3]
1385.759097,100,3245.542639,0.03268683748293749,False,False,[0.5 0.3 0.3]
1591.18434,100,3246.00802,0.042812559894069055,False,False,[0.5 0.3 0.3]
1775.438854,100,3246.470963,0.06432692452140441,False,False,[0.5 0.3 0.3]
1574.247097,100,3246.94563,0.06051951637404667,False,False,[0.5 0.3 0.3]
1895.227633,67,3247.300868,0.04364391976661335,False,True,[0.5 0.3 0.3]
1177.773133,100,3247.770762,0.05265977312028753,False,False,[0.5 0.3 0.3]
1572.874233,100,3248.240927,0.0772605321872932,False,False,[0.5 0.3 0.3]
1199.339054,100,3248.687657,0.059511988159601494,False,False,[0.5 0.3 0.3]
1546.356566,100,3249.179222,0.143793033092106,False,False,[0.5 0.3 0.3]
1989.960097,100,3249.665363,0.0990545316913185,False,False,[0.5 0.3 0.3]
1787.969825,100,3250.649752,0.02251450923902185,False,False,[0.5 0.3 0.3]
2012.064887,100,3251.136466,0.026984556229949747,False,False,[0.5 0.3 0.3]
1979.029188,100,3251.607373,0.02690560644364289,False,False,[0.5 0.3 0.3]
1974.190328,100,3252.078331,0.06965214431598853,False,False,[0.5 0.3 0.3]
2814.825453,100,3252.549388,0.10970446921527141,False,False,[0.5 0.3 0.3]
1364.349062,100,3253.021156,0.0945822816217374,False,False,[0.5 0.3 0.3]
2837.238805,100,3253.475299,0.11499672277293829,False,False,[0.5 0.3 0.3]
1983.608603,100,3253.947567,0.02711546855442984,False,False,[0.5 0.3 0.3]
2625.288134,100,3254.412791,0.06619938107397468,False,False,[0.5 0.3 0.3]
2394.545064,100,3254.889895,0.0606412558984809,False,False,[0.5 0.3 0.3]
1993.219209,100,3255.35922,0.05411693508632187,False,False,[0.5 0.3 0.3]
1592.364729,100,3255.834237,0.06530621502648551,False,False,[0.5 0.3 0.3]
1200.812886,100,3256.317198,0.034116925474441485,False,False,[0.5 0.3 0.3]
2190.251619,100,3256.791903,0.023822160026672357,False,False,[0.5 0.3 0.3]
1998.444812,100,3257.311243,0.05126002742684758,False,False,[0.5 0.3 0.3]
1356.069647,100,3257.82149,0.06354174457664535,False,False,[0.5 0.3 0.3]
949.041348,100,3258.3416,0.09131135099854944,False,False,[0.5 0.3 0.3]
1596.446313,100,3258.881449,0.0609625380498999,False,False,[0.5 0.3 0.3]
2024.109412,52,3259.217245,0.020171916177787002,False,True,[0.5 0.3 0.3]
2007.551663,100,3259.724617,0.0415347583316204,False,False,[0.5 0.3 0.3]
2385.19296,100,3260.23929,0.058683523430719135,False,False,[0.5 0.3 0.3]
947.844476,100,3261.33402,0.023974084981987522,False,False,[0.5 0.3 0.3]
1801.864311,100,3261.852846,0.07567473568012816,False,False,[0.5 0.3 0.3]
1983.58318,100,3262.361061,0.10944993192691484,False,False,[0.5 0.3 0.3]
2610.32826,100,3262.865453,0.05274951646853479,False,False,[0.5 0.3 0.3]
1370.96359,100,3263.389816,0.1111335013551102,False,False,[0.5 0.3 0.3]
1569.937219,100,3263.893055,0.0633592823168562,False,False,[0.5 0.3 0.3]
1382.737191,100,3264.417353,0.07592260587322733,False,False,[0.5 0.3 0.3]
1362.519304,100,3264.931639,0.07709508367671218,False,False,[0.5 0.3 0.3]
1376.140052,100,3265.450674,0.12638027519118591,False,False,[0.5 0.3 0.3]
1573.826368,100,3265.961903,0.05082002680390634,False,False,[0.5 0.3 0.3]
1995.792038,100,3266.485569,0.03204296474256602,False,False,[0.5 0.3 0.3]
2198.207999,100,3267.001433,0.06973244027816415,False,False,[0.5 0.3 0.3]
1141.352844,100,3267.512399,0.060159903937276084,False,False,[0.5 0.3 0.3]
1577.682986,100,3268.043869,0.1377867714452778,False,False,[0.5 0.3 0.3]
1589.007742,100,3268.571639,0.019784427050555026,False,False,[0.5 0.3 0.3]
1182.492951,100,3269.09389,0.06219364385826969,False,False,[0.5 0.3 0.3]
1352.480366,100,3269.585388,0.06605202976348974,False,False,[0.5 0.3 0.3]
1943.252777,100,3270.104441,0.05880006268224368,False,False,[0.5 0.3 0.3]
1406.538576,100,3270.611872,0.10859678661290448,False,False,[0.5 0.3 0.3]
1572.576649,100,3271.148676,0.01651723848813975,False,False,[0.5 0.3 0.3]
1376.128536,100,3272.17145,0.059673119904176695,False,False,[0.5 0.3 0.3]
1357.286803,100,3272.63793,0.08156772541977574,False,False,[0.5 0.3 0.3]
2185.403942,100,3273.137709,0.06705155375705175,False,False,[0.5 0.3 0.3]
1806.932333,100,3273.654446,0.052856561948220054,False,False,[0.5 0.3 0.3]
1975.395552,100,3274.140579,0.026248781435960752,False,False,[0.5 0.3 0.3]
982.583496,100,3274.613528,0.10274116817608467,False,False,[0.5 0.3 0.3]
1407.858604,100,3275.066826,0.037726679897729494,False,False,[0.5 0.3 0.3]
1588.626239,100,3275.541386,0.0680831060131047,False,False,[0.5 0.3 0.3]
2220.127445,100,3276.010269,0.04844799174090199,False,False,[0.5 0.3 0.3]
1773.498158,100,3276.482918,0.0617763495728055,False,False,[0.5 0.3 0.3]
1572.085051,100,3276.958549,0.10267213223680086,False,False,[0.5 0.3 0.3]
1592.136557,100,3277.46098,0.0543793019233305,False,False,[0.5 0.3 0.3]
1593.105676,100,3277.928462,0.05014762382756186,False,False,[0.5 0.3 0.3]
777.993595,100,3278.391932,0.047570156262145176,False,False,[0.5 0.3 0.3]
3246.085271,100,3278.860742,0.038942881225347496,False,False,[0.5 0.3 0.3]
2410.701231,100,3279.323213,0.039814971391045596,False,False,[0.5 0.3 0.3]
1756.635119,100,3279.785409,0.12410427393384346,False,False,[0.5 0.3 0.3]
1571.428099,100,3280.25131,0.05971041012494293,False,False,[0.5 0.3 0.3]
2200.225544,100,3280.722158,0.013115827370908602,False,False,[0.5 0.3 0.3]
2619.424127,100,3281.19756,0.03914964768883186,False,False,[0.5 0.3 0.3]
1802.48219,100,3281.662645,0.03348182079277165,False,False,[0.5 0.3 0.3]
1572.045704,100,3282.663717,0.07600987318063433,False,False,[0.5 0.3 0.3]
1561.723824,100,3283.129386,0.07728794851205616,False,False,[0.5 0.3 0.3]
1573.666327,100,3283.601918,0.08391458162365345,False,False,[0.5 0.3 0.3]
1349.632408,100,3284.064066,0.10057731797654902,False,False,[0.5 0.3 0.3]
2427.387708,100,3284.525315,0.04181127683762803,False,False,[0.5 0.3 0.3]
1356.952853,100,3284.99609,0.060364812942083304,False,False,[0.5 0.3 0.3]
3438.03549,100,3285.47033,0.03777832126962864,False,False,[0.5 0.3 0.3]
1538.46217,100,3285.940921,0.055838314449444953,False,False,[0.5 0.3 0.3]
1145.057235,100,3286.430027,0.05364871905904036,False,False,[0.5 0.3 0.3]
1774.437006,100,3286.897472,0.07866959628852123,False,False,[0.5 0.3 0.3]
2382.775305,100,3287.37078,0.03686479178118193,False,False,[0.5 0.3 0.3]
1126.241894,100,3287.845403,0.1076606025398074,False,False,[0.5 0.3 0.3]
1577.124003,100,3288.307973,0.08543201929344296,False,False,[0.5 0.3 0.3]
1558.939666,100,3288.775317,0.04424997179326309,False,False,[0.5 0.3 0.3]
1996.475375,100,3289.249748,0.044887666558258654,False,False,[0.5 0.3 0.3]
1369.057298,100,3289.73127,0.0762052265022962,False,False,[0.5 0.3 0.3]
1969.724024,100,3290.235353,0.09068727131001056,False,False,[0.5 0.3 0.3]
1568.901204,100,3290.694124,0.033829191657069185,False,False,[0.5 0.3 0.3]
1597.25771,100,3291.168132,0.04970782251026686,False,False,[0.5 0.3 0.3]
1138.227511,100,3291.636146,0.15791196346587902,False,False,[0.5 0.3 0.3]
1566.304655,100,3292.666557,0.08128017375062906,False,False,[0.5 0.3 0.3]
1566.273584,100,3293.138504,0.06158686748252876,False,False,[0.5 0.3 0.3]
1992.448414,100,3293.608779,0.10253114226725306,False,False,[0.5 0.3 0.3]
964.578502,100,3294.078543,0.04180759579288382,False,False,[0.5 0.3 0.3]
1574.955212,100,3294.541369,0.04131099917104736,False,False,[0.5 0.3 0.3]
1202.318865,100,3295.006074,0.106831543574894,False,False,[0.5 0.3 0.3]
1810.111552,100,3295.483794,0.07961862383868046,False,False,[0.5 0.3 0.3]
1339.46579,100,3295.962911,0.13917816851717651,False,False,[0.5 0.3 0.3]
1793.492997,100,3296.429738,0.028023941407603326,False,False,[0.5 0.3 0.3]
1561.771303,100,3296.913229,0.07274155654294749,False,False,[0.5 0.3 0.3]
1766.818656,100,3297.388109,0.04598660324619853,False,False,[0.5 0.3 0.3]
2187.354081,100,3297.868488,0.06164440483952958,False,False,[0.5 0.3 0.3]
617.855113,24,3298.059442,0.024664595084252113,False,True,[0.5 0.3 0.3]
1600.451858,100,3298.535992,0.026439292573029023,False,False,[0.5 0.3 0.3]
1363.77234,100,3299.011493,0.0818246052624198,False,False,[0.5 0.3 0.3]
1190.212515,100,3299.498729,0.0665514439567031,False,False,[0.5 0.3 0.3]
1989.148689,100,3299.96489,0.03764515671868997,False,False,[0.5 0.3 0.3]
1990.123948,100,3300.450062,0.02614512845325043,False,False,[0.5 0.3 0.3]
1602.028479,100,3300.915438,0.02890329324506232,False,False,[0.5 0.3 0.3]
1999.252251,100,3301.409732,0.10472153855950578,False,False,[0.5 0.3 0.3]
1357.792481,100,3301.912002,0.08820927167347582,False,False,[0.5 0.3 0.3]
1766.302532,100,3302.43617,0.06392852009492601,False,False,[0.5 0.3 0.3]
1765.268066,100,3303.481187,0.05012962434169142,False,False,[0.5 0.3 0.3]
1594.186177,100,3304.006254,0.05337574622385089,False,False,[0.5 0.3 0.3]
1768.302123,100,3304.526445,0.08724650599690108,False,False,[0.5 0.3 0.3]
2200.123375,100,3305.049014,0.04733840187322401,False,False,[0.5 0.3 0.3]
1393.7202,100,3305.566738,0.11546233795407902,False,False,[0.5 0.3 0.3]
2590.606671,100,3306.093539,0.04512956817405283,False,False,[0.5 0.3 0.3]
1162.922529,100,3306.614381,0.0665444859944964,False,False,[0.5 0.3 0.3]
2393.535897,100,3307.141232,0.12278136841310468,False,False,[0.5 0.3 0.3]
1568.406991,100,3307.667242,0.09513366629684945,False,False,[0.5 0.3 0.3]
1783.812983,100,3308.181574,0.07424430969631245,False,False,[0.5 0.3 0.3]
1983.486106,100,3308.686254,0.06657244034437265,False,False,[0.5 0.3 0.3]
1157.771604,100,3309.2141,0.017661222703975982,False,False,[0.5 0.3 0.3]
1162.270937,100,3309.740287,0.1459564107587295,False,False,[0.5 0.3 0.3]
2065.217205,60,3310.082164,0.01562632658706898,False,True,[0.5 0.3 0.3]
2586.902967,100,3310.62942,0.04960327184529178,False,False,[0.5 0.3 0.3]
1591.477349,100,3311.145247,0.04310390891350436,False,False,[0.5 0.3 0.3]
1762.126056,100,3311.657383,0.029899455656633954,False,False,[0.5 0.3 0.3]
2606.742139,100,3312.203457,0.06961963696442344,False,False,[0.5 0.3 0.3]
1772.223314,100,3312.711874,0.13416850463207877,False,False,[0.5 0.3 0.3]
2585.612841,80,3313.142058,0.03402063700339137,False,True,[0.5 0.3 0.3]
1346.350686,100,3313.659895,0.07420030420704873,False,False,[0.5 0.3 0.3]
1545.589331,100,3314.737769,0.03447627687322767,False,False,[0.5 0.3 0.3]
1362.626239,100,3315.261902,0.06592066118341489,False,False,[0.5 0.3 0.3]
1772.380383,100,3315.783222,0.08812888253712094,False,False,[0.5 0.3 0.3]
1805.133538,100,3316.300647,0.11187563142475622,False,False,[0.5 0.3 0.3]
2204.795407,100,3316.800828,0.05830650470829257,False,False,[0.5 0.3 0.3]
2608.921227,100,3317.267141,0.06812724489526877,False,False,[0.5 0.3 0.3]
2178.821996,100,3317.738096,0.0595506218477562,False,False,[0.5 0.3 0.3]
1996.297188,100,3318.242692,0.09862944494742756,False,False,[0.5 0.3 0.3]
1584.993405,100,3318.764162,0.10050985052670411,False,False,[0.5 0.3 0.3]
1171.871361,100,3319.220327,0.14672148468927063,False,False,[0.5 0.3 0.3]
1378.602947,100,3319.681073,0.055035766273872265,False,False,[0.5 0.3 0.3]
1776.421687,100,3320.197022,0.12577320336309153,False,False,[0.5 0.3 0.3]
1763.381345,100,3320.668662,0.09762683173691807,False,False,[0.5 0.3 0.3]
1976.429777,100,3321.129605,0.03773405167004421,False,False,[0.5 0.3 0.3]
2170.690484,100,3321.607475,0.030802737432529405,False,False,[0.5 0.3 0.3]
2845.201592,83,3322.01784,0.04846664929780307,False,True,[0.5 0.3 0.3]
2409.728609,100,3322.473586,0.102461130838714,False,False,[0.5 0.3 0.3]
1525.779406,100,3322.946813,0.04390846602924391,False,False,[0.5 0.3 0.3]
2182.167969,100,3323.402474,0.14009780630217097,False,False,[0.5 0.3 0.3]
1574.07937,100,3323.877818,0.034338835199923694,False,False,[0.5 0.3 0.3]
944.495706,100,3324.886615,0.03710141756283246,False,False,[0.5 0.3 0.3]
1386.269307,100,3325.355751,0.011279784009025894,False,False,[0.5 0.3 0.3]
1805.075146,100,3325.827993,0.10189992747479334,False,False,[0.5 0.3 0.3]
1145.372149,100,3326.307372,0.041824550000907616,False,False,[0.5 0.3 0.3]
1973.357309,100,3326.773815,0.10512954423661562,False,False,[0.5 0.3 0.3]
931.406868,100,3327.25485,0.052788945820951685,False,False,[0.5 0.3 0.3]
2198.074342,100,3327.715971,0.0106231785695548,False,False,[0.5 0.3 0.3]
2200.609869,100,3328.20445,0.11306074196925121,False,False,[0.5 0.3 0.3]
1186.39402,100,3328.668721,0.015204985521385845,False,False,[0.5 0.3 0.3]
1370.383926,100,3329.155989,0.008418749402516737,False,False,[0.5 0.3 0.3]
1816.54157,100,3329.615781,0.0417662964311277,False,False,[0.5 0.3 0.3]
1382.874244,100,3330.091049,0.03402551913189523,False,False,[0.5 0.3 0.3]
947.704259,100,3330.555289,0.03650807077921703,False,False,[0.5 0.3 0.3]
2001.502365,100,3331.020628,0.031220225611978257,False,False,[0.5 0.3 0.3]
1584.535845,100,3331.488706,0.0622816328175118,False,False,[0.5 0.3 0.3]
1382.017951,100,3331.962791,0.07019531903869979,False,False,[0.5 0.3 0.3]
1366.891084,100,3332.432632,0.07310132420348622,False,False,[0.5 0.3 0.3]
1351.515249,100,3332.898985,0.03882802732206957,False,False,[0.5 0.3 0.3]
2199.37114,100,3333.370154,0.06669621646675376,False,False,[0.5 0.3 0.3]
1591.058233,100,3333.841279,0.01869928211191277,False,False,[0.5 0.3 0.3]
1357.782277,100,3334.313616,0.02313831673138271,False,False,[0.5 0.3 0.3]
1747.894595,40,3335.108886,0.017072642360137485,False,True,[0.5 0.3 0.3]
2547.232575,72,3335.480253,0.02033440939959662,False,True,[0.5 0.3 0.3]
1978.209033,100,3335.95819,0.03269388167450627,False,False,[0.5 0.3 0.3]
2391.011309,100,3336.420179,0.04137030536543269,False,False,[0.5 0.3 0.3]
1592.555881,100,3336.892364,0.07679467932335278,False,False,[0.5 0.3 0.3]
1789.503003,100,3337.368188,0.01853793198820669,False,False,[0.5 0.3 0.3]
1159.896436,100,3337.83503,0.09791993922586034,False,False,[0.5 0.3 0.3]
2798.80041,100,3338.307557,0.07650998115553857,False,False,[0.5 0.3 0.3]
1192.959711,100,3338.793179,0.010587908643223688,False,False,[0.5 0.3 0.3]
2634.921334,100,3339.275559,0.06942802840087903,False,False,[0.5 0.3 0.3]
2194.70724,100,3339.742728,0.06280868569487666,False,False,[0.5 0.3 0.3]
1179.727425,100,3340.224927,0.02556636080011048,False,False,[0.5 0.3 0.3]
1556.913624,100,3340.685593,0.07156768018001947,False,False,[0.5 0.3 0.3]
1596.912967,100,3341.161919,0.07825813873489845,False,False,[0.5 0.3 0.3]
1418.381575,100,3341.631918,0.08868423341217302,False,False,[0.5 0.3 0.3]
2619.664437,100,3342.103626,0.020471827933936697,False,False,[0.5 0.3 0.3]
3122.437736,64,3342.435441,0.0319724540747716,False,True,[0.5 0.3 0.3]
1791.237086,100,3342.906308,0.08396065838473427,False,False,[0.5 0.3 0.3]
2401.88345,100,3343.366422,0.17963675815866514,False,False,[0.5 0.3 0.3]
1717.259986,33,3343.595547,0.012713499523763867,False,True,[0.5 0.3 0.3]
602.752637,17,3343.764711,0.042145197371821826,False,True,[0.5 0.3 0.3]
565.004562,12,3343.914411,0.044861731029490044,False,True,[0.5 0.3 0.3]
534.735592,6,3344.040538,0.015299058034912414,False,True,[0.5 0.3 0.3]
2010.124788,100,3344.520659,0.06049753498432246,False,False,[0.5 0.3 0.3]
1800.23637,100,3344.981142,0.08799331697423007,False,False,[0.5 0.3 0.3]
2618.073562,87,3345.940284,0.028098919019881718,False,True,[0.5 0.3 0.3]
1820.037741,53,3346.23555,0.037287983754816734,False,True,[0.5 0.3 0.3]
2258.180613,56,3346.54085,0.03685256762397869,False,True,[0.5 0.3 0.3]
1978.943792,100,3347.053975,0.1259901528280953,False,False,[0.5 0.3 0.3]
1744.128568,100,3347.563816,0.027139834891091653,False,False,[0.5 0.3 0.3]
1781.032915,100,3348.074725,0.06613527787675126,False,False,[0.5 0.3 0.3]
1342.086856,100,3348.609942,0.040926749057044125,False,False,[0.5 0.3 0.3]
1386.373432,100,3349.125566,0.03313392200738141,False,False,[0.5 0.3 0.3]
2042.74223,53,3349.451194,0.0393021139175253,False,True,[0.5 0.3 0.3]
2025.488832,100,3349.959463,0.0297097622185363,False,False,[0.5 0.3 0.3]
1343.275039,100,3350.487535,0.10450521632731102,False,False,[0.5 0.3 0.3]
2409.246866,100,3351.003482,0.14128759317098596,False,False,[0.5 0.3 0.3]
2033.496096,100,3351.518288,0.05264222295615662,False,False,[0.5 0.3 0.3]
1577.619084,100,3352.028967,0.03289499442958156,False,False,[0.5 0.3 0.3]
1999.188307,100,3352.551553,0.0576588766577071,False,False,[0.5 0.3 0.3]
961.135868,100,3353.063888,0.06939791068036705,False,False,[0.5 0.3 0.3]
2406.245643,100,3353.566379,0.10906221495989697,False,False,[0.5 0.3 0.3]
1366.581117,100,3354.071208,0.07399822961202815,False,False,[0.5 0.3 0.3]
1563.466754,100,3354.592158,0.09814303810819561,False,False,[0.5 0.3 0.3]
1353.689512,100,3355.095618,0.038277887743786154,False,False,[0.5 0.3 0.3]
1780.76867,100,3355.608974,0.03815486189396099,False,False,[0.5 0.3 0.3]
1359.854375,100,3356.130684,0.05118456114330412,False,False,[0.5 0.3 0.3]
1356.36201,100,3357.230443,0.05405159861217357,False,False,[0.5 0.3 0.3]
2181.059106,100,3357.729317,0.053929852614570666,False,False,[0.5 0.3 0.3]
1754.965854,100,3358.253573,0.06595624135588926,False,False,[0.5 0.3 0.3]
2421.05267,100,3358.76072,0.09309354053460517,False,False,[0.5 0.3 0.3]
2393.52987,100,3359.282635,0.029073454049233092,False,False,[0.5 0.3 0.3]
1595.674617,100,3359.812823,0.05768362453838983,False,False,[0.5 0.3 0.3]
1375.598629,100,3360.342149,0.02818845379159892,False,False,[0.5 0.3 0.3]
1369.607979,100,3360.866095,0.08870137370713829,False,False,[0.5 0.3 0.3]
1555.127145,100,3361.37423,0.10351155292456025,False,False,[0.5 0.3 0.3]
1545.197974,100,3361.898595,0.09241718121759286,False,False,[0.5 0.3 0.3]
1529.697721,40,3362.149841,0.02996539129774576,False,True,[0.5 0.3 0.3]
611.87681,22,3362.336166,0.03157117860139945,False,True,[0.5 0.3 0.3]
1546.863279,100,3362.825403,0.07891856945883868,False,False,[0.5 0.3 0.3]
2270.311787,57,3363.159213,0.03858743955478827,False,True,[0.5 0.3 0.3]
1153.622506,100,3363.661148,0.04743789341793182,False,False,[0.5 0.3 0.3]
1589.800093,100,3364.134175,0.03705667467945899,False,False,[0.5 0.3 0.3]
1988.440758,100,3364.610312,0.051925750784303955,False,False,[0.5 0.3 0.3]
2714.839843,66,3364.952955,0.015749017277158835,False,True,[0.5 0.3 0.3]
722.7755,100,3365.413983,0.05050567774004867,False,False,[0.5 0.3 0.3]
1789.549472,100,3365.906852,0.027846415092045586,False,False,[0.5 0.3 0.3]
1788.699474,100,3366.391302,0.0909649560990449,False,False,[0.5 0.3 0.3]
2373.35113,77,3366.773197,0.04035704699326308,False,True,[0.5 0.3 0.3]
1388.821806,100,3367.256216,0.08899144637238338,False,False,[0.5 0.3 0.3]
2403.177378,100,3368.251903,0.07716936094077247,False,False,[0.5 0.3 0.3]
2205.433124,100,3368.729553,0.09088911874716828,False,False,[0.5 0.3 0.3]
1358.775556,100,3369.197707,0.043657056904004704,False,False,[0.5 0.3 0.3]
1184.735929,100,3369.671852,0.019848946933264767,False,False,[0.5 0.3 0.3]
1591.346503,100,3370.133957,0.08820413115763312,False,False,[0.5 0.3 0.3]
2398.218109,100,3370.623769,0.048805287037541056,False,False,[0.5 0.3 0.3]
3261.704028,100,3371.099647,0.09573937260917312,False,False,[0.5 0.3 0.3]
1152.548101,100,3371.564419,0.1023629427604178,False,False,[0.5 0.3 0.3]
2200.867474,100,3372.039648,0.11725238910882965,False,False,[0.5 0.3 0.3]
2615.310027,100,3372.520806,0.12346399080491817,False,False,[0.5 0.3 0.3]
1336.496887,100,3372.996542,0.04646345284917042,False,False,[0.5 0.3 0.3]
1364.512527,100,3373.474298,0.04875162541109089,False,False,[0.5 0.3 0.3]
1893.475796,26,3373.674896,0.04879659385866019,False,True,[0.5 0.3 0.3]
531.149308,6,3373.799727,0.029428274202129363,False,True,[0.5 0.3 0.3]
1568.644534,100,3374.272748,0.04809181372126185,False,False,[0.5 0.3 0.3]
1552.564239,100,3374.745868,0.01593949560164405,False,False,[0.5 0.3 0.3]
1364.301747,100,3375.241874,0.08694501204491681,False,False,[0.5 0.3 0.3]
1153.318152,100,3375.713912,0.09368043719736509,False,False,[0.5 0.3 0.3]
1566.196347,100,3376.184195,0.08066186225190841,False,False,[0.5 0.3 0.3]
1555.603137,100,3376.656785,0.10980236088913431,False,False,[0.5 0.3 0.3]
557.485195,11,3376.801869,0.04171714247036362,False,True,[0.5 0.3 0.3]
565.012113,11,3376.949306,0.0293556859395971,False,True,[0.5 0.3 0.3]
1360.839322,100,3377.425664,0.05882088501078565,False,False,[0.5 0.3 0.3]
1570.846008,100,3377.892599,0.043125414234486806,False,False,[0.5 0.3 0.3]
2187.510672,100,3378.93451,0.09426733329903969,False,False,[0.5 0.3 0.3]
1796.360726,100,3379.398048,0.019330562213753993,False,False,[0.5 0.3 0.3]
1372.495424,100,3379.866457,0.05320941555691601,False,False,[0.5 0.3 0.3]
1364.513165,100,3380.322554,0.035647060661551426,False,False,[0.5 0.3 0.3]
2412.262369,100,3380.800936,0.04708968126428787,False,False,[0.5 0.3 0.3]
958.936204,100,3381.277761,0.14370932314687368,False,False,[0.5 0.3 0.3]
2190.741762,100,3381.743297,0.044212902076474575,False,False,[0.5 0.3 0.3]
1137.741576,100,3382.205056,0.055013722305549684,False,False,[0.5 0.3 0.3]
1566.317252,100,3382.68624,0.0856254225606032,False,False,[0.5 0.3 0.3]
2829.641113,100,3383.156018,0.04906406931353806,False,False,[0.5 0.3 0.3]
1992.893846,100,3383.628109,0.06137788698662067,False,False,[0.5 0.3 0.3]
1370.834495,100,3384.086415,0.09469035836609947,False,False,[0.5 0.3 0.3]
1184.431479,100,3384.571625,0.04939930060655844,False,False,[0.5 0.3 0.3]
1772.648549,100,3385.045274,0.014489303123323468,False,False,[0.5 0.3 0.3]
1789.125999,100,3385.515116,0.04523068095481725,False,False,[0.5 0.3 0.3]
2187.126945,100,3385.979521,0.03765794946303768,False,False,[0.5 0.3 0.3]
1563.453184,100,3386.453789,0.0737549793680121,False,False,[0.5 0.3 0.3]
1162.418544,100,3386.957845,0.04622445191777329,False,False,[0.5 0.3 0.3]
3042.936693,100,3387.421646,0.08225511939536057,False,False,[0.5 0.3 0.3]
1977.579637,100,3387.896991,0.11911461054197847,False,False,[0.5 0.3 0.3]
1768.223467,100,3388.904661,0.11306449069367192,False,False,[0.5 0.3 0.3]
2209.510219,100,3389.374302,0.0782135724733401,False,False,[0.5 0.3 0.3]
737.315286,100,3389.832707,0.08835415243524129,False,False,[0.5 0.3 0.3]
1968.42355,100,3390.300771,0.10936166052626699,False,False,[0.5 0.3 0.3]
1979.253093,100,3390.770924,0.048172017056710814,False,False,[0.5 0.3 0.3]
2172.029611,100,3391.245054,0.05419139082756865,False,False,[0.5 0.3 0.3]
1788.05048,100,3391.714636,0.07573007136030424,False,False,[0.5 0.3 0.3]
1167.507874,100,3392.224313,0.01869564248294833,False,False,[0.5 0.3 0.3]
1758.055713,100,3392.740064,0.028601016726709876,False,False,[0.5 0.3 0.3]
1201.990299,100,3393.248755,0.03449129671044605,False,False,[0.5 0.3 0.3]
1977.541829,100,3393.806187,0.13710366172881913,False,False,[0.5 0.3 0.3]
1206.186016,100,3394.314424,0.09040372740448813,False,False,[0.5 0.3 0.3]
2386.012239,100,3394.840051,0.01647018144889383,False,False,[0.5 0.3 0.3]
1956.692455,100,3395.362006,0.10551405543213176,False,False,[0.5 0.3 0.3]
1790.79983,100,3395.880544,0.08484167648164709,False,False,[0.5 0.3 0.3]
3441.194999,100,3396.422673,0.05942854158905284,False,False,[0.5 0.3 0.3]
2186.636623,85,3396.882787,0.03592954378006108,False,True,[0.5 0.3 0.3]
784.416511,100,3397.390327,0.08408722475090254,False,False,[0.5 0.3 0.3]
1126.858073,100,3397.893744,0.09857965853604005,False,False,[0.5 0.3 0.3]
2827.878647,100,3398.399596,0.04609122869378716,False,False,[0.5 0.3 0.3]
1394.938935,100,3398.913522,0.04476271623381018,False,False,[0.5 0.3 0.3]
1997.304213,100,3399.96069,0.09007469564614604,False,False,[0.5 0.3 0.3]
2618.45557,100,3400.462048,0.01602312968411735,False,False,[0.5 0.3 0.3]
1957.071587,100,3400.971792,0.03407172528785453,False,False,[0.5 0.3 0.3]
1998.578139,100,3401.479007,0.016813913879754425,False,False,[0.5 0.3 0.3]
1579.125913,100,3401.998275,0.024912150827412993,False,False,[0.5 0.3 0.3]
1149.675466,100,3402.50718,0.05409401781477126,False,False,[0.5 0.3 0.3]
1164.47376,100,3403.063666,0.021054539742487638,False,False,[0.5 0.3 0.3]
2613.539802,100,3403.585843,0.07302241637228399,False,False,[0.5 0.3 0.3]
2391.534495,100,3404.114879,0.06394170759124297,False,False,[0.5 0.3 0.3]
1582.440325,100,3404.633713,0.11428978470317365,False,False,[0.5 0.3 0.3]
1791.318024,100,3405.154809,0.07732527287643587,False,False,[0.5 0.3 0.3]
928.205167,100,3405.671735,0.06902993834789659,False,False,[0.5 0.3 0.3]
1561.942395,100,3406.188291,0.10702740098794716,False,False,[0.5 0.3 0.3]
1775.541446,100,3406.697796,0.07153595175289579,False,False,[0.5 0.3 0.3]
1346.685351,100,3407.194882,0.10441125067986692,False,False,[0.5 0.3 0.3]
1790.541833,100,3407.657556,0.044081409643369415,False,False,[0.5 0.3 0.3]
783.402561,100,3408.14818,0.06871756211969839,False,False,[0.5 0.3 0.3]
1776.802384,100,3408.648051,0.0625346724741831,False,False,[0.5 0.3 0.3]
2167.941364,100,3409.147321,0.0776967255224951,False,False,[0.5 0.3 0.3]
728.987054,100,3409.613449,0.05785441501148283,False,False,[0.5 0.3 0.3]
1975.89015,100,3410.593974,0.11057717318915923,False,False,[0.5 0.3 0.3]
1180.66985,100,3411.073631,0.03758673494496892,False,False,[0.5 0.3 0.3]
1963.809635,100,3411.530773,0.04482983598566119,False,False,[0.5 0.3 0.3]
1552.939773,100,3412.003392,0.08116415306921283,False,False,[0.5 0.3 0.3]
1576.924873,100,3412.495656,0.046512747444112774,False,False,[0.5 0.3 0.3]
1353.868774,100,3412.956034,0.03917336175091418,False,False,[0.5 0.3 0.3]
1981.851887,100,3413.429305,0.025319818631908086,False,False,[0.5 0.3 0.3]
3030.656609,100,3413.886764,0.10212268715682783,False,False,[0.5 0.3 0.3]
1778.728831,100,3414.348798,0.019220767380088384,False,False,[0.5 0.3 0.3]
2601.393959,100,3414.812845,0.08916648707380849,False,False,[0.5 0.3 0.3]
2400.291309,100,3415.292252,0.09444134963007321,False,False,[0.5 0.3 0.3]
723.552921,100,3415.765968,0.11979427538460018,False,False,[0.5 0.3 0.3]
2023.562841,100,3416.242575,0.0524648518823798,False,False,[0.5 0.3 0.3]
1738.970084,40,3416.491967,0.04305507611921819,False,True,[0.5 0.3 0.3]
1365.783381,100,3416.966555,0.07456888185920149,False,False,[0.5 0.3 0.3]
2808.550646,100,3417.436192,0.06223417226633962,False,False,[0.5 0.3 0.3]
1977.756812,100,3417.900959,0.041125587283091854,False,False,[0.5 0.3 0.3]
2200.707841,100,3418.368698,0.0662928031084865,False,False,[0.5 0.3 0.3]
2008.704256,100,3418.841247,0.032380093397126476,False,False,[0.5 0.3 0.3]
1764.807849,100,3419.323737,0.07401505893211095,False,False,[0.5 0.3 0.3]
1794.15591,100,3419.805771,0.03290385520128165,False,False,[0.5 0.3 0.3]
2200.521094,100,3420.802117,0.033618340632254,False,False,[0.5 0.3 0.3]
1561.576994,100,3421.276806,0.05677495890385178,False,False,[0.5 0.3 0.3]
1593.8173,100,3421.766494,0.11505144613700813,False,False,[0.5 0.3 0.3]
1164.263698,100,3422.232969,0.08879022367840683,False,False,[0.5 0.3 0.3]
1749.445533,100,3422.695798,0.1416514513747086,False,False,[0.5 0.3 0.3]
794.768416,15,3422.853067,0.03405894254815232,False,True,[0.5 0.3 0.3]
530.149923,6,3423.078761,0.0360393098058466,False,True,[0.5 0.3 0.3]
1791.339895,100,3423.550392,0.029845178431339783,False,False,[0.5 0.3 0.3]
1381.724852,100,3424.015056,0.05601211432485761,False,False,[0.5 0.3 0.3]
2397.087856,100,3424.483469,0.08349159801111991,False,False,[0.5 0.3 0.3]
1157.184077,100,3424.949213,0.04607247696771881,False,False,[0.5 0.3 0.3]
1747.021433,100,3425.431834,0.12061525769289837,False,False,[0.5 0.3 0.3]
1073.927029,29,3425.637465,0.015792845237234596,False,True,[0.5 0.3 0.3]
3024.970447,100,3426.106291,0.04726421094693771,False,False,[0.5 0.3 0.3]
1400.381715,100,3426.570921,0.08924983061833407,False,False,[0.5 0.3 0.3]
1802.660512,100,3427.03412,0.045456130543827494,False,False,[0.5 0.3 0.3]
1376.737325,100,3427.513654,0.052087118575346404,False,False,[0.5 0.3 0.3]
1768.087679,100,3427.975116,0.03824907020026635,False,False,[0.5 0.3 0.3]
1965.954508,100,3428.438289,0.06139028807964382,False,False,[0.5 0.3 0.3]
2603.633536,100,3428.901759,0.03341702650285285,False,False,[0.5 0.3 0.3]
2815.680645,100,3429.370382,0.041477047366362346,False,False,[0.5 0.3 0.3]
2402.975478,100,3429.838367,0.07337218406980074,False,False,[0.5 0.3 0.3]
1772.144783,47,3430.139005,0.030975256546877213,False,True,[0.5 0.3 0.3]
1572.694079,100,3430.596205,0.01837108692830634,False,False,[0.5 0.3 0.3]
1130.570341,100,3431.631872,0.09007805356498938,False,False,[0.5 0.3 0.3]
2186.473302,100,3432.105789,0.0652925891127079,False,False,[0.5 0.3 0.3]
1984.000081,100,3432.565964,0.08473193972210882,False,False,[0.5 0.3 0.3]
1393.58591,100,3433.040256,0.0579068775951896,False,False,[0.5 0.3 0.3]
1368.787873,100,3433.526958,0.006807277130076875,False,False,[0.5 0.3 0.3]
1544.613309,100,3434.007948,0.08234784503341634,False,False,[0.5 0.3 0.3]
1586.08715,100,3434.481992,0.0399434659526249,False,False,[0.5 0.3 0.3]
1583.273914,100,3434.939129,0.030649121355009204,False,False,[0.5 0.3 0.3]
1574.593438,100,3435.402241,0.08785144935115333,False,False,[0.5 0.3 0.3]
1370.753723,100,3435.870187,0.056986028607242015,False,False,[0.5 0.3 0.3]
1962.209494,100,3436.337443,0.04894561000093966,False,False,[0.5 0.3 0.3]
1169.287142,100,3436.798194,0.061645379694242254,False,False,[0.5 0.3 0.3]
782.929065,100,3437.283075,0.041009599304346146,False,False,[0.5 0.3 0.3]
1346.861567,100,3437.759986,0.0697112864508505,False,False,[0.5 0.3 0.3]
2018.8401,100,3438.235512,0.09047634130201543,False,False,[0.5 0.3 0.3]
2185.516056,100,3438.690767,0.0853139536213042,False,False,[0.5 0.3 0.3]
2997.541335,100,3439.157668,0.06276980850416765,False,False,[0.5 0.3 0.3]
1598.520389,100,3439.671452,0.06800777129165528,False,False,[0.5 0.3 0.3]
1148.406629,100,3440.153878,0.09108025605618983,False,False,[0.5 0.3 0.3]
1982.7834,100,3440.631895,0.06832564229490484,False,False,[0.5 0.3 0.3]
1379.184988,100,3441.659452,0.0710492367602017,False,False,[0.5 0.3 0.3]
952.334929,100,3442.116042,0.07311687000681416,False,False,[0.5 0.3 0.3]
1165.503879,100,3442.579991,0.08511900402424395,False,False,[0.5 0.3 0.3]
1977.869166,100,3443.048259,0.031285977300195604,False,False,[0.5 0.3 0.3]
2197.446948,84,3443.449829,0.02771077612655913,False,True,[0.5 0.3 0.3]
1160.846386,100,3443.921633,0.060024577799525906,False,False,[0.5 0.3 0.3]
2593.709604,100,3444.396688,0.008062938292627435,False,False,[0.5 0.3 0.3]
2839.987085,100,3444.865784,0.10866174434226065,False,False,[0.5 0.3 0.3]
1779.52964,100,3445.328234,0.08416020026165388,False,False,[0.5 0.3 0.3]
1573.100897,100,3445.810349,0.008043387347984989,False,False,[0.5 0.3 0.3]
1963.739279,100,3446.283285,0.12642756496058832,False,False,[0.5 0.3 0.3]
1792.616086,100,3446.749348,0.08122815231919914,False,False,[0.5 0.3 0.3]
1364.839353,100,3447.224369,0.05086061420391411,False,False,[0.5 0.3 0.3]
1164.071214,100,3447.705914,0.1201691141972949,False,False,[0.5 0.3 0.3]
1764.204928,100,3448.160955,0.09781899460217221,False,False,[0.5 0.3 0.3]
1348.251892,100,3448.638772,0.05739879058618062,False,False,[0.5 0.3 0.3]
1566.817758,100,3449.125889,0.07351356274110056,False,False,[0.5 0.3 0.3]
1965.86769,100,3449.603684,0.10578070641645178,False,False,[0.5 0.3 0.3]
752.183126,100,3450.080808,0.031572022167490166,False,False,[0.5 0.3 0.3]
1784.286536,100,3450.544868,0.06423880649776435,False,False,[0.5 0.3 0.3]
777.844332,100,3451.013006,0.08766516750265216,False,False,[0.5 0.3 0.3]
1351.397309,100,3452.039748,0.06725751397159083,False,False,[0.5 0.3 0.3]
1583.883431,100,3452.507134,0.12094793406736806,False,False,[0.5 0.3 0.3]
753.989149,100,3452.975885,0.017089010488412777,False,False,[0.5 0.3 0.3]
1846.582281,100,3453.453303,0.027449048246276083,False,False,[0.5 0.3 0.3]
1590.872162,100,3453.929589,0.08414808832385533,False,False,[0.5 0.3 0.3]
1561.96894,100,3454.39566,0.0941861714543121,False,False,[0.5 0.3 0.3]
1564.450888,100,3454.867255,0.11830462054144407,False,False,[0.5 0.3 0.3]
1565.635349,100,3455.328555,0.06040437794865091,False,False,[0.5 0.3 0.3]
976.025935,100,3455.807902,0.05466451712142902,False,False,[0.5 0.3 0.3]
1775.831775,100,3456.274754,0.03815959121080832,False,False,[0.5 0.3 0.3]
1976.799619,100,3456.736758,0.08699851348275571,False,False,[0.5 0.3 0.3]
1577.365582,100,3457.213377,0.05429820393699903,False,False,[0.5 0.3 0.3]
3043.554835,100,3457.6628,0.06580830984729175,False,False,[0.5 0.3 0.3]
1995.521201,100,3458.130142,0.10355159921587963,False,False,[0.5 0.3 0.3]
1586.628698,100,3458.620619,0.010038030261467656,False,False,[0.5 0.3 0.3]
972.206104,100,3459.098677,0.10722174769918322,False,False,[0.5 0.3 0.3]
1964.237711,100,3459.569701,0.0355921820817711,False,False,[0.5 0.3 0.3]
2178.645666,100,3460.052617,0.06880971779655758,False,False,[0.5 0.3 0.3]
1771.57272,100,3460.513779,0.0986915523893257,False,False,[0.5 0.3 0.3]
1582.295238,100,3460.989966,0.048851464630363814,False,False,[0.5 0.3 0.3]
2631.920418,100,3462.025684,0.0586419309830659,False,False,[0.5 0.3 0.3]
1572.734376,100,3462.485854,0.013832107260977772,False,False,[0.5 0.3 0.3]
1555.869781,100,3462.959179,0.13056169501294268,False,False,[0.5 0.3 0.3]
1778.627275,100,3463.425322,0.04805951624298718,False,False,[0.5 0.3 0.3]
960.595422,100,3463.905602,0.07030192252065892,False,False,[0.5 0.3 0.3]
1158.264833,100,3464.3691,0.07187537011228157,False,False,[0.5 0.3 0.3]
1995.601659,100,3464.829509,0.077981961142798,False,False,[0.5 0.3 0.3]
1798.438075,100,3465.303518,0.13672426080504468,False,False,[0.5 0.3 0.3]
2192.488595,100,3465.764893,0.10704816620363748,False,False,[0.5 0.3 0.3]
2845.852954,100,3466.242298,0.09423266592112707,False,False,[0.5 0.3 0.3]
1576.236025,100,3466.711966,0.06936530444742285,False,False,[0.5 0.3 0.3]
2814.104096,85,3467.125307,0.03197674752385911,False,True,[0.5 0.3 0.3]
1776.227523,100,3467.589159,0.01026798410048309,False,False,[0.5 0.3 0.3]
1144.491563,100,3468.09875,0.07997300811491272,False,False,[0.5 0.3 0.3]
1395.409746,100,3468.5616,0.05792366168441924,False,False,[0.5 0.3 0.3]
1679.343145,27,3468.7646,0.04258784175598154,False,True,[0.5 0.3 0.3]
548.127586,100,3469.23301,0.06829953471504903,False,False,[0.5 0.3 0.3]
1382.803072,89,3469.664735,0.20316501445308405,True,False,[0.5 0.3 0.3]
1988.240938,100,3470.146551,0.04283778294419802,False,False,[0.5 0.3 0.3]
3446.975625,100,3470.612222,0.01869312679103579,False,False,[0.5 0.3 0.3]
1582.558636,100,3471.082307,0.03205977830987474,False,False,[0.5 0.3 0.3]
1996.704572,48,3471.364763,0.035297558547664046,False,True,[0.5 0.3 0.3]
526.140473,5,3471.486753,0.0366843700612041,False,True,[0.5 0.3 0.3]
560.580989,11,3471.636045,0.03311887087091259,False,True,[0.5 0.3 0.3]
1567.078614,100,3472.740698,0.058971513154279225,False,False,[0.5 0.3 0.3]
1771.599651,100,3473.198463,0.06394494706372372,False,False,[0.5 0.3 0.3]
2185.497942,100,3473.671779,0.09020534004964495,False,False,[0.5 0.3 0.3]
2846.869223,83,3474.086036,0.028974290914976258,False,True,[0.5 0.3 0.3]
1563.190472,100,3474.557645,0.05318510017959907,False,False,[0.5 0.3 0.3]
1981.987857,100,3475.032524,0.08323055949213701,False,False,[0.5 0.3 0.3]
1325.448775,100,3475.495122,0.04500214816230105,False,False,[0.5 0.3 0.3]
2211.520147,100,3475.977939,0.08882541823304844,False,False,[0.5 0.3 0.3]
2408.499405,100,3476.448054,0.019498676501159412,False,False,[0.5 0.3 0.3]
3035.466955,100,3476.91901,0.09578263968346018,False,False,[0.5 0.3 0.3]
1989.262417,100,3477.418237,0.031698990898082854,False,False,[0.5 0.3 0.3]
1574.012111,100,3477.866883,0.15045533892113155,False,False,[0.5 0.3 0.3]
1761.70232,100,3478.343629,0.0923846121947365,False,False,[0.5 0.3 0.3]
1787.475537,100,3478.815104,0.04044003793391416,False,False,[0.5 0.3 0.3]
1966.205109,100,3479.288502,0.04463068589295014,False,False,[0.5 0.3 0.3]
1786.225572,47,3479.563208,0.02677562394696373,False,True,[0.5 0.3 0.3]
1985.620028,100,3480.034365,0.0598310535583806,False,False,[0.5 0.3 0.3]
2011.696504,100,3480.505923,0.07382716102649628,False,False,[0.5 0.3 0.3]
1370.978158,100,3480.97181,0.1087888451906218,False,False,[0.5 0.3 0.3]
1156.295325,100,3481.439746,0.07626216998687764,False,False,[0.5 0.3 0.3]
992.852138,100,3481.905948,0.028738053715922623,False,False,[0.5 0.3 0.3]
1599.035335,100,3482.935431,0.06610335464627819,False,False,[0.5 0.3 0.3]
1367.176284,100,3483.38467,0.0978895926458881,False,False,[0.5 0.3 0.3]
530.74582,100,3483.860777,0.019097302005194394,False,False,[0.5 0.3 0.3]
2179.944852,100,3484.344949,0.08055460981075004,False,False,[0.5 0.3 0.3]
1324.413838,100,3484.811509,0.07267708312208257,False,False,[0.5 0.3 0.3]
1780.495408,100,3485.291266,0.016845531278886938,False,False,[0.5 0.3 0.3]
2210.003962,100,3485.764211,0.032310015463431534,False,False,[0.5 0.3 0.3]
1576.749713,100,3486.256119,0.07685215335053482,False,False,[0.5 0.3 0.3]
1800.091551,100,3486.754953,0.03855632834769073,False,False,[0.5 0.3 0.3]
2189.475093,100,3487.213582,0.05064997978116038,False,False,[0.5 0.3 0.3]
1762.85944,100,3487.670933,0.020844925347275885,False,False,[0.5 0.3 0.3]
1780.631534,100,3488.155866,0.09775589798719805,False,False,[0.5 0.3 0.3]
929.912191,100,3488.623588,0.06698239640649581,False,False,[0.5 0.3 0.3]
972.361904,100,3489.093037,0.052011472697176014,False,False,[0.5 0.3 0.3]
2427.799208,100,3489.556014,0.10384060405309889,False,False,[0.5 0.3 0.3]
1994.639243,100,3490.013361,0.06960119974352373,False,False,[0.5 0.3 0.3]
1170.255859,100,3490.503788,0.07889595783661021,False,False,[0.5 0.3 0.3]
1185.85083,100,3490.968967,0.06161305697760234,False,False,[0.5 0.3 0.3]
3199.529526,100,3491.44241,0.10686716567582188,False,False,[0.5 0.3 0.3]
1585.544953,100,3491.921905,0.127086610558608,False,False,[0.5 0.3 0.3]
2234.661081,100,3492.389092,0.06412430302789512,False,False,[0.5 0.3 0.3]
2231.440519,100,3493.402135,0.018629387598262298,False,False,[0.5 0.3 0.3]
2033.239663,100,3493.86774,0.03743911176942896,False,False,[0.5 0.3 0.3]
2011.740154,100,3494.34514,0.12296022116193008,False,False,[0.5 0.3 0.3]
2424.569592,100,3494.804094,0.09692758107653483,False,False,[0.5 0.3 0.3]
1792.532071,100,3495.278046,0.06485395956787601,False,False,[0.5 0.3 0.3]
1383.820273,100,3495.740381,0.026443080027498525,False,False,[0.5 0.3 0.3]
1781.369867,100,3496.226108,0.07343847223079511,False,False,[0.5 0.3 0.3]
2801.489958,100,3496.699602,0.05781436588915264,False,False,[0.5 0.3 0.3]
2628.559223,100,3497.169945,0.013049850614997322,False,False,[0.5 0.3 0.3]
2201.163291,100,3497.650591,0.11465917237167698,False,False,[0.5 0.3 0.3]
1589.643292,100,3498.11973,0.02273647266625705,False,False,[0.5 0.3 0.3]
2387.323172,100,3498.596321,0.07185545837924633,False,False,[0.5 0.3 0.3]
2223.528424,100,3499.067739,0.03458746328691029,False,False,[0.5 0.3 0.3]
1343.162035,100,3499.53426,0.13738791572870884,False,False,[0.5 0.3 0.3]
1991.737454,100,3500.00681,0.09627098807342471,False,False,[0.5 0.3 0.3]
2205.661639,100,3500.480634,0.05696287900770305,False,False,[0.5 0.3 0.3]
1367.564129,100,3500.971954,0.07655949961989268,False,False,[0.5 0.3 0.3]
1754.810398,100,3501.434958,0.08551108067393702,False,False,[0.5 0.3 0.3]
1369.07202,100,3501.898747,0.13454693551719069,False,False,[0.5 0.3 0.3]
2421.896748,100,3502.376708,0.0978922297128004,False,False,[0.5 0.3 0.3]
2799.013211,100,3503.377361,0.036880759775632314,False,False,[0.5 0.3 0.3]
1998.687871,100,3503.850158,0.03389241426476579,False,False,[0.5 0.3 0.3]
1582.354117,100,3504.306052,0.04168359132273207,False,False,[0.5 0.3 0.3]
1171.23397,100,3504.771634,0.06402869673324994,False,False,[0.5 0.3 0.3]
2172.811004,100,3505.265114,0.1221803202708918,False,False,[0.5 0.3 0.3]
1776.564404,100,3505.732089,0.037403299466893004,False,False,[0.5 0.3 0.3]
1374.137188,100,3506.207154,0.030904050066096565,False,False,[0.5 0.3 0.3]
1774.457897,100,3506.691102,0.06523903434435867,False,False,[0.5 0.3 0.3]
3421.913883,100,3507.160069,0.10846627943951652,False,False,[0.5 0.3 0.3]
2404.166129,100,3507.615078,0.06348756152771183,False,False,[0.5 0.3 0.3]
1808.817249,100,3508.07881,0.106546176223667,False,False,[0.5 0.3 0.3]
2006.920232,100,3508.548226,0.11566576594950868,False,False,[0.5 0.3 0.3]
2445.843529,92,3508.993704,0.03246439582537602,False,True,[0.5 0.3 0.3]
1752.220059,100,3509.468437,0.022543822657100858,False,False,[0.5 0.3 0.3]
1595.827863,100,3509.937781,0.08993809927282687,False,False,[0.5 0.3 0.3]
1574.502376,100,3510.402899,0.12456707408624876,False,False,[0.5 0.3 0.3]
1347.646153,100,3510.873822,0.13247024557639092,False,False,[0.5 0.3 0.3]
1349.710908,100,3511.360157,0.08613500884633192,False,False,[0.5 0.3 0.3]
1565.434314,100,3511.823837,0.05966380199145192,False,False,[0.5 0.3 0.3]
2017.604481,100,3512.286862,0.11605248392807824,False,False,[0.5 0.3 0.3]
1382.398687,100,3512.778111,0.029677371546440453,False,False,[0.5 0.3 0.3]
2819.639645,100,3513.765692,0.01336311935258814,False,False,[0.5 0.3 0.3]
2819.697545,80,3514.163539,0.02968866624173796,False,True,[0.5 0.3 0.3]
1367.903724,100,3514.671617,0.08867143082475086,False,False,[0.5 0.3 0.3]
1376.191663,100,3515.13232,0.11515049281004701,False,False,[0.5 0.3 0.3]
753.100746,100,3515.601609,0.06132680989857087,False,False,[0.5 0.3 0.3]
2199.008262,100,3516.059688,0.07673122410144696,False,False,[0.5 0.3 0.3]
1982.268527,100,3516.550532,0.09655904521259691,False,False,[0.5 0.3 0.3]
1163.844207,100,3517.020333,0.0987941043169984,False,False,[0.5 0.3 0.3]
1560.877543,100,3517.487254,0.08959681771691287,False,False,[0.5 0.3 0.3]
1553.611258,100,3517.961007,0.030590912280688342,False,False,[0.5 0.3 0.3]
1801.10406,100,3518.43393,0.08564724594789927,False,False,[0.5 0.3 0.3]
1163.819714,100,3518.898551,0.021869597496179446,False,False,[0.5 0.3 0.3]
1383.153409,100,3519.3696,0.1147111646426751,False,False,[0.5 0.3 0.3]
2183.221846,100,3519.845501,0.12301429696974375,False,False,[0.5 0.3 0.3]
2577.32036,100,3520.315501,0.09414326132514245,False,False,[0.5 0.3 0.3]
2408.945572,100,3520.799805,0.04108819084721976,False,False,[0.5 0.3 0.3]
1354.461125,100,3521.268608,0.10524394921651542,False,False,[0.5 0.3 0.3]
1785.430483,100,3521.735106,0.06899316093131604,False,False,[0.5 0.3 0.3]
1994.381689,100,3522.204798,0.0638494178467783,False,False,[0.5 0.3 0.3]
2235.602386,98,3522.68003,0.022377329603522088,False,True,[0.5 0.3 0.3]
1827.793511,100,3523.158227,0.09283378521519982,False,False,[0.5 0.3 0.3]
1760.312043,100,3524.186587,0.02882217999801721,False,False,[0.5 0.3 0.3]
1970.824011,100,3524.660267,0.08798629287219599,False,False,[0.5 0.3 0.3]
1363.978203,100,3525.135017,0.023486595813793937,False,False,[0.5 0.3 0.3]
1987.292538,100,3525.597652,0.09608643073648401,False,False,[0.5 0.3 0.3]
2680.092191,97,3526.051086,0.04001482070945662,False,True,[0.5 0.3 0.3]
2621.561985,100,3526.506728,0.017509625444035833,False,False,[0.5 0.3 0.3]
1970.903259,100,3526.981426,0.027276146504113443,False,False,[0.5 0.3 0.3]
2633.562528,100,3527.440581,0.034668369974718324,False,False,[0.5 0.3 0.3]
2201.986036,87,3527.842204,0.01376460464735913,False,True,[0.5 0.3 0.3]
1572.831617,100,3528.315161,0.0650171810948771,False,False,[0.5 0.3 0.3]
1990.22343,100,3528.786283,0.06337446370075656,False,False,[0.5 0.3 0.3]
1148.970835,100,3529.254183,0.08131710155770568,False,False,[0.5 0.3 0.3]
1998.491311,100,3529.715695,0.07756412935846745,False,False,[0.5 0.3 0.3]
1995.567067,100,3530.18839,0.10247026496599532,False,False,[0.5 0.3 0.3]
1994.50308,100,3530.659506,0.08430469927802645,False,False,[0.5 0.3 0.3]
2220.258662,100,3531.133394,0.13074379541647257,False,False,[0.5 0.3 0.3]
1567.8223,100,3531.605024,0.09183089750562261,False,False,[0.5 0.3 0.3]
950.698444,100,3532.078467,0.046066159809856004,False,False,[0.5 0.3 0.3]
1391.620721,100,3532.557277,0.050904427669155004,False,False,[0.5 0.3 0.3]
1780.434791,100,3533.075815,0.09023037927803831,False,False,[0.5 0.3 0.3]
2216.071715,100,3534.073135,0.04012957520482763,False,False,[0.5 0.3 0.3]
2415.394455,100,3534.528326,0.06780183407850231,False,False,[0.5 0.3 0.3]
2445.320319,100,3535.016505,0.060898248627636306,False,False,[0.5 0.3 0.3]
2629.607155,100,3535.485415,0.09192276985774096,False,False,[0.5 0.3 0.3]
1808.640392,48,3535.770495,0.04549596717512497,False,True,[0.5 0.3 0.3]
1819.336925,100,3536.24315,0.09266639649674682,False,False,[0.5 0.3 0.3]
2020.443473,100,3536.69691,0.1375963920092142,False,False,[0.5 0.3 0.3]
2424.478077,100,3537.177022,0.08598375217149545,False,False,[0.5 0.3 0.3]
1370.890812,100,3537.652972,0.09525887047866594,False,False,[0.5 0.3 0.3]
1368.368778,100,3538.111224,0.07108195497092844,False,False,[0.5 0.3 0.3]
2195.454837,100,3538.585681,0.05463956980217389,False,False,[0.5 0.3 0.3]
2015.451175,100,3539.068298,0.05967402085300228,False,False,[0.5 0.3 0.3]
911.019821,100,3539.539469,0.1204817407485957,False,False,[0.5 0.3 0.3]
1182.369376,100,3539.997207,0.04944932737045578,False,False,[0.5 0.3 0.3]
529.322128,100,3540.469346,0.0510977215561564,False,False,[0.5 0.3 0.3]
1580.040889,100,3540.942554,0.05933250655620874,False,False,[0.5 0.3 0.3]
1592.462724,100,3541.409349,0.11330176965819236,False,False,[0.5 0.3 0.3]
1133.403281,100,3541.903533,0.03007638544755492,False,False,[0.5 0.3 0.3]
2244.317745,100,3542.369013,0.03597251005726746,False,False,[0.5 0.3 0.3]
1579.538472,100,3542.841207,0.07272575525469745,False,False,[0.5 0.3 0.3]
3268.525069,91,3543.264962,0.02200684538548493,False,True,[0.5 0.3 0.3]
2223.701303,100,3544.296202,0.08577936927382361,False,False,[0.5 0.3 0.3]
3829.439669,100,3544.75884,0.06448104465400502,False,False,[0.5 0.3 0.3]
1754.443076,100,3545.236074,0.14338995550006473,False,False,[0.5 0.3 0.3]
1971.355194,100,3545.689797,0.10688349652596334,False,False,[0.5 0.3 0.3]
732.222332,100,3546.16434,0.09443132621143654,False,False,[0.5 0.3 0.3]
3221.732602,78,3546.548215,0.020521346998823985,False,True,[0.5 0.3 0.3]
1564.298492,100,3547.028326,0.037211069498818417,False,False,[0.5 0.3 0.3]
3219.5695,100,3547.504848,0.08092015727717213,False,False,[0.5 0.3 0.3]
2203.577458,100,3547.970164,0.0514595887104283,False,False,[0.5 0.3 0.3]
1988.990234,100,3548.443543,0.04198606837467205,False,False,[0.5 0.3 0.3]
1767.799329,100,3548.913123,0.04284581201662469,False,False,[0.5 0.3 0.3]
1590.765168,100,3549.383113,0.07106592002803219,False,False,[0.5 0.3 0.3]
1791.350557,100,3549.847359,0.018648464716770313,False,False,[0.5 0.3 0.3]
1774.520779,100,3550.325522,0.03708922922197788,False,False,[0.5 0.3 0.3]
2183.289409,100,3550.819364,0.03801453848644165,False,False,[0.5 0.3 0.3]
1368.676032,100,3551.303815,0.1362612155191699,False,False,[0.5 0.3 0.3]
2187.300452,100,3551.775019,0.018308663838152554,False,False,[0.5 0.3 0.3]
1198.802717,100,3552.253728,0.05937879792955136,False,False,[0.5 0.3 0.3]
1980.518812,100,3552.723783,0.019696879794707762,False,False,[0.5 0.3 0.3]
1352.730191,100,3553.205703,0.09241636018117315,False,False,[0.5 0.3 0.3]
752.215805,100,3553.670332,0.036000562236612674,False,False,[0.5 0.3 0.3]
2201.928602,100,3554.655872,0.020672764789810283,False,False,[0.5 0.3 0.3]
2214.805739,100,3555.14029,0.02363971892444634,False,False,[0.5 0.3 0.3]
1168.160348,100,3555.589362,0.16794221387421818,False,False,[0.5 0.3 0.3]
2189.609216,100,3556.052308,0.04811625903455169,False,False,[0.5 0.3 0.3]
1969.513974,100,3556.518544,0.08397945025074055,False,False,[0.5 0.3 0.3]
2204.475891,100,3556.994383,0.06269960306982582,False,False,[0.5 0.3 0.3]
908.75913,100,3557.465527,0.09225720434089861,False,False,[0.5 0.3 0.3]
2194.757527,100,3557.920805,0.04403240963903766,False,False,[0.5 0.3 0.3]
1993.381313,100,3558.393258,0.047099992516443104,False,False,[0.5 0.3 0.3]
1575.920271,100,3558.863329,0.08860581794147264,False,False,[0.5 0.3 0.3]
1537.893622,100,3559.336747,0.11505856657273682,False,False,[0.5 0.3 0.3]
2630.411358,100,3559.838188,0.06940556698507493,False,False,[0.5 0.3 0.3]
2039.922957,53,3560.131235,0.032500922383846324,False,True,[0.5 0.3 0.3]
2408.866936,100,3560.587174,0.07036320432537577,False,False,[0.5 0.3 0.3]
2402.156062,100,3561.05175,0.057107372442512475,False,False,[0.5 0.3 0.3]
2004.778185,47,3561.337665,0.03006377960752302,False,True,[0.5 0.3 0.3]
1594.946373,100,3561.799172,0.1273560430802154,False,False,[0.5 0.3 0.3]
2196.54189,100,3562.253366,0.046336683860558066,False,False,[0.5 0.3 0.3]
1762.011292,100,3562.727798,0.050111179804869885,False,False,[0.5 0.3 0.3]
1796.746458,100,3563.196103,0.03781001408843321,False,False,[0.5 0.3 0.3]
1186.566272,100,3563.657986,0.022002031316992764,False,False,[0.5 0.3 0.3]
2195.854597,100,3564.671801,0.062328271770036796,False,False,[0.5 0.3 0.3]
1558.257026,100,3565.146498,0.06904021219853884,False,False,[0.5 0.3 0.3]
2178.669842,100,3565.6047,0.06433729016460657,False,False,[0.5 0.3 0.3]
1774.809671,100,3566.078475,0.029482582743164044,False,False,[0.5 0.3 0.3]
1733.59255,37,3566.319088,0.030927106061169614,False,True,[0.5 0.3 0.3]
2829.575409,100,3566.776552,0.061013608952802174,False,False,[0.5 0.3 0.3]
2617.708991,100,3567.265339,0.03171168005792855,False,False,[0.5 0.3 0.3]
1592.26302,100,3567.724013,0.12313167458371187,False,False,[0.5 0.3 0.3]
1770.167639,100,3568.20417,0.08518139902177586,False,False,[0.5 0.3 0.3]
1979.247372,100,3568.677683,0.04693513856279802,False,False,[0.5 0.3 0.3]
1367.221892,100,3569.175896,0.049704568479487274,False,False,[0.5 0.3 0.3]
1883.376159,67,3569.53127,0.03686130305905393,False,True,[0.5 0.3 0.3]
558.879099,11,3569.67314,0.04994778419243139,False,True,[0.5 0.3 0.3]
1382.027407,100,3570.24598,0.037610564393134184,False,False,[0.5 0.3 0.3]
1185.179193,100,3570.700198,0.16459773776034664,False,False,[0.5 0.3 0.3]
1353.417734,100,3571.166371,0.09997790414831953,False,False,[0.5 0.3 0.3]
1336.203387,100,3571.636882,0.13409603426050642,False,False,[0.5 0.3 0.3]
1562.934058,100,3572.106952,0.059863252454183925,False,False,[0.5 0.3 0.3]
952.473413,100,3572.563293,0.11787935145543142,False,False,[0.5 0.3 0.3]
2434.758152,100,3573.037576,0.11730061541103551,False,False,[0.5 0.3 0.3]
1195.368759,100,3573.511111,0.0774833535163118,False,False,[0.5 0.3 0.3]
946.674058,100,3573.975771,0.10961127668847573,False,False,[0.5 0.3 0.3]
1567.3959,100,3574.438146,0.03549029164169164,False,False,[0.5 0.3 0.3]
764.633284,100,3575.438851,0.0951772250492267,False,False,[0.5 0.3 0.3]
1592.845517,100,3575.904436,0.05462030677546887,False,False,[0.5 0.3 0.3]
1784.307889,100,3576.383721,0.03350226115600437,False,False,[0.5 0.3 0.3]
1773.998942,100,3576.845927,0.10502658101576536,False,False,[0.5 0.3 0.3]
1767.172261,100,3577.320312,0.04868690700499204,False,False,[0.5 0.3 0.3]
1557.062473,100,3577.804733,0.04787285533771129,False,False,[0.5 0.3 0.3]
1982.678657,100,3578.27813,0.03396299482552858,False,False,[0.5 0.3 0.3]
2609.220414,100,3578.740627,0.11240514750700638,False,False,[0.5 0.3 0.3]
1982.274954,100,3579.202695,0.02786955999785467,False,False,[0.5 0.3 0.3]
1129.995283,100,3579.685588,0.14730281977853488,False,False,[0.5 0.3 0.3]
1762.065779,100,3580.155209,0.10296404420331541,False,False,[0.5 0.3 0.3]
1763.663582,100,3580.632495,0.11370953761816165,False,False,[0.5 0.3 0.3]
1779.559288,100,3581.120247,0.06962947788004839,False,False,[0.5 0.3 0.3]
2803.962976,100,3581.592365,0.055244549543752734,False,False,[0.5 0.3 0.3]
2623.341969,100,3582.061511,0.04822901576145824,False,False,[0.5 0.3 0.3]
2422.174194,100,3582.544957,0.01501317845148693,False,False,[0.5 0.3 0.3]
2402.934055,100,3583.028824,0.04320804553001023,False,False,[0.5 0.3 0.3]
2393.699613,100,3583.50583,0.06522185538845947,False,False,[0.5 0.3 0.3]
1578.227953,100,3583.976774,0.08021970356357369,False,False,[0.5 0.3 0.3]
2602.79032,81,3584.371187,0.026954824475566363,False,True,[0.5 0.3 0.3]
1573.498356,100,3585.374765,0.05505626768041512,False,False,[0.5 0.3 0.3]
1611.750785,100,3585.835444,0.01913933021845891,False,False,[0.5 0.3 0.3]
1999.217465,100,3586.299406,0.04516603125812031,False,False,[0.5 0.3 0.3]
1999.317002,100,3586.76055,0.05418015791525189,False,False,[0.5 0.3 0.3]
2391.416839,100,3587.250004,0.040694579504413596,False,False,[0.5 0.3 0.3]
1356.770117,100,3587.73354,0.09982904004423927,False,False,[0.5 0.3 0.3]
1991.766852,100,3588.214861,0.09274789739236765,False,False,[0.5 0.3 0.3]
1347.264627,100,3588.667691,0.08264494586273216,False,False,[0.5 0.3 0.3]
1360.598855,100,3589.145926,0.10512163068533473,False,False,[0.5 0.3 0.3]
1544.59981,100,3589.640624,0.036681622916987525,False,False,[0.5 0.3 0.3]
2194.10114,100,3590.109129,0.02080214369909596,False,False,[0.5 0.3 0.3]
1764.287784,100,3590.578084,0.08153344542622207,False,False,[0.5 0.3 0.3]
932.399739,100,3591.029554,0.08895363030561255,False,False,[0.5 0.3 0.3]
1334.795114,100,3591.499112,0.12363008832006218,False,False,[0.5 0.3 0.3]
2236.162072,100,3591.967103,0.06605978028056424,False,False,[0.5 0.3 0.3]
1335.952546,100,3592.433846,0.14478510779770523,False,False,[0.5 0.3 0.3]
2193.984793,100,3592.894821,0.10770209859179744,False,False,[0.5 0.3 0.3]
2406.872174,100,3593.361488,0.10987511010823148,False,False,[0.5 0.3 0.3]
1347.805867,100,3593.84713,0.03944839402746535,False,False,[0.5 0.3 0.3]
2582.796134,100,3594.315051,0.03943281686496599,False,False,[0.5 0.3 0.3]
1362.811436,100,3594.780323,0.05434120495215395,False,False,[0.5 0.3 0.3]
2411.738295,100,3595.805004,0.04646124219507816,False,False,[0.5 0.3 0.3]
532.023004,6,3595.931449,0.038369633881079904,False,True,[0.5 0.3 0.3]
1792.555657,100,3596.414831,0.06906816374932921,False,False,[0.5 0.3 0.3]
1362.359048,100,3596.883486,0.058479026960830745,False,False,[0.5 0.3 0.3]
1778.333416,49,3597.174046,0.04413640443575355,False,True,[0.5 0.3 0.3]
1605.097986,100,3597.653533,0.05058073661219442,False,False,[0.5 0.3 0.3]
2004.465541,100,3598.114024,0.027170610554030406,False,False,[0.5 0.3 0.3]
2008.758282,100,3598.590068,0.036570548757276805,False,False,[0.5 0.3 0.3]
1400.682814,100,3599.054846,0.022234550214763716,False,False,[0.5 0.3 0.3]
2168.516006,100,3599.523676,0.08695264411673229,False,False,[0.5 0.3 0.3]
536.882987,7,3599.659114,0.04868603060893168,False,True,[0.5 0.3 0.3]
1379.766984,100,3600.11395,0.03362124312558968,False,False,[0.5 0.3 0.3]
1349.374242,100,3600.590798,0.05299114569116335,False,False,[0.5 0.3 0.3]
1591.970456,100,3601.061773,0.08877556407333623,False,False,[0.5 0.3 0.3]
1188.300332,100,3601.529816,0.07869296892011708,False,False,[0.5 0.3 0.3]
1815.95501,100,3602.008742,0.010147723519443003,False,False,[0.5 0.3 0.3]
1360.044377,100,3602.475828,0.05412755980449004,False,False,[0.5 0.3 0.3]
1354.338965,100,3602.971453,0.02156625651795121,False,False,[0.5 0.3 0.3]
1980.247707,100,3603.439545,0.06931561004436075,False,False,[0.5 0.3 0.3]
960.037087,100,3603.917558,0.07334559483995343,False,False,[0.5 0.3 0.3]
1581.533825,100,3604.380588,0.09270009326941624,False,False,[0.5 0.3 0.3]
1183.161836,100,3604.836052,0.07769131561860096,False,False,[0.5 0.3 0.3]
2388.24801,100,3605.30695,0.043548730796351354,False,False,[0.5 0.3 0.3]
1591.052921,100,3606.346831,0.08490670104462113,False,False,[0.5 0.3 0.3]
1551.956164,100,3606.806987,0.08561487964049094,False,False,[0.5 0.3 0.3]
1620.715929,100,3607.272075,0.016404024781581497,False,False,[0.5 0.3 0.3]
1577.042719,100,3607.741095,0.08638536103472134,False,False,[0.5 0.3 0.3]
2814.533461,100,3608.21114,0.12198881795605326,False,False,[0.5 0.3 0.3]
2002.070602,100,3608.680289,0.08133608328093563,False,False,[0.5 0.3 0.3]
1546.696452,100,3609.143505,0.049492295853994984,False,False,[0.5 0.3 0.3]
1155.575654,100,3609.616639,0.10552341417449297,False,False,[0.5 0.3 0.3]
2194.572202,100,3610.086527,0.0801703545083632,False,False,[0.5 0.3 0.3]
1553.452053,100,3610.542665,0.08098278981390461,False,False,[0.5 0.3 0.3]
2183.161315,100,3611.013399,0.028713937979608882,False,False,[0.5 0.3 0.3]
1980.725376,100,3611.482128,0.1017182750406469,False,False,[0.5 0.3 0.3]
1141.896059,100,3611.9748,0.041947516692751007,False,False,[0.5 0.3 0.3]
2214.126604,100,3612.433118,0.04033834413726164,False,False,[0.5 0.3 0.3]
1793.536556,100,3612.900711,0.1105768684054177,False,False,[0.5 0.3 0.3]
553.562693,100,3613.38016,0.051440788879250555,False,False,[0.5 0.3 0.3]
2418.174539,100,3613.848763,0.10773559516762266,False,False,[0.5 0.3 0.3]
1604.445372,100,3614.310358,0.10706468166833903,False,False,[0.5 0.3 0.3]
2178.79964,100,3614.780875,0.023736332243477463,False,False,[0.5 0.3 0.3]
1587.085075,100,3615.245847,0.03552276439226681,False,False,[0.5 0.3 0.3]
1787.755431,100,3616.238884,0.07572340565749942,False,False,[0.5 0.3 0.3]
1351.269518,100,3616.698767,0.09304282452524275,False,False,[0.5 0.3 0.3]
2224.287604,100,3617.160804,0.07112630297095383,False,False,[0.5 0.3 0.3]
1791.603732,100,3617.61805,0.11021493983299398,False,False,[0.5 0.3 0.3]
967.763828,100,3618.11012,0.03674380378019887,False,False,[0.5 0.3 0.3]
1363.876435,100,3618.590868,0.055586237334193156,False,False,[0.5 0.3 0.3]
1988.211374,100,3619.053815,0.06697976896042059,False,False,[0.5 0.3 0.3]
2197.470398,100,3619.534533,0.06526711753709816,False,False,[0.5 0.3 0.3]
3269.255991,95,3619.999735,0.046620815533725435,False,True,[0.5 0.3 0.3]
1761.66879,100,3620.463924,0.07957758243924655,False,False,[0.5 0.3 0.3]
1975.217339,100,3620.929109,0.03390344471534132,False,False,[0.5 0.3 0.3]
1548.877828,100,3621.424909,0.05899463782701948,False,False,[0.5 0.3 0.3]
1340.649674,100,3621.887147,0.07528863724590094,False,False,[0.5 0.3 0.3]
1588.802409,100,3622.361394,0.07628937602034559,False,False,[0.5 0.3 0.3]
1811.126566,100,3622.83575,0.05036053830529174,False,False,[0.5 0.3 0.3]
1355.742907,100,3623.310474,0.06131747340519769,False,False,[0.5 0.3 0.3]
1356.968238,100,3623.780825,0.06900255214122972,False,False,[0.5 0.3 0.3]
1787.31418,100,3624.263223,0.027962976012631195,False,False,[0.5 0.3 0.3]
2024.32905,100,3624.719231,0.08466931817486502,False,False,[0.5 0.3 0.3]
1586.842481,100,3625.199441,0.08798279222129562,False,False,[0.5 0.3 0.3]
2006.396408,100,3625.654811,0.054870870887847076,False,False,[0.5 0.3 0.3]
1597.947593,100,3626.673621,0.015395860447131517,False,False,[0.5 0.3 0.3]
1984.935983,100,3627.141699,0.045402270729107345,False,False,[0.5 0.3 0.3]
2186.394157,100,3627.598202,0.015553472637509742,False,False,[0.5 0.3 0.3]
2415.516398,100,3628.068404,0.03547455529020682,False,False,[0.5 0.3 0.3]
1370.373346,100,3628.523928,0.11497587697362799,False,False,[0.5 0.3 0.3]
3030.078241,100,3628.996858,0.041042009428926975,False,False,[0.5 0.3 0.3]
1577.80501,100,3629.463409,0.020694610782136927,False,False,[0.5 0.3 0.3]
3040.03701,100,3629.907335,0.06604178332538944,False,False,[0.5 0.3 0.3]
951.23546,100,3630.416223,0.05617107343646844,False,False,[0.5 0.3 0.3]
1361.422651,100,3630.870358,0.05054961689635564,False,False,[0.5 0.3 0.3]
1589.718846,100,3631.341474,0.10237098489643534,False,False,[0.5 0.3 0.3]
2807.027981,81,3631.734014,0.032082928336966035,False,True,[0.5 0.3 0.3]
544.84302,8,3631.870573,0.020781017649231296,False,True,[0.5 0.3 0.3]
954.879403,100,3632.359456,0.031983615421749385,False,False,[0.5 0.3 0.3]
1383.614188,100,3632.816787,0.05118322464034701,False,False,[0.5 0.3 0.3]
1780.656481,100,3633.28709,0.0879541524005926,False,False,[0.5 0.3 0.3]
1998.855118,100,3633.757697,0.05902716062287562,False,False,[0.5 0.3 0.3]
2413.160367,100,3634.232805,0.03653127699117954,False,False,[0.5 0.3 0.3]
2201.321327,100,3634.696915,0.08593192427096054,False,False,[0.5 0.3 0.3]
1790.513238,100,3635.152932,0.14004505646624102,False,False,[0.5 0.3 0.3]
738.936424,100,3635.618102,0.1571020222962143,False,False,[0.5 0.3 0.3]
959.513721,100,3636.613566,0.043688844570903246,False,False,[0.5 0.3 0.3]
1602.380683,100,3637.073735,0.1091751267559015,False,False,[0.5 0.3 0.3]
1346.74937,100,3637.544174,0.07188308820886861,False,False,[0.5 0.3 0.3]
2609.751326,100,3638.011693,0.06512021447263179,False,False,[0.5 0.3 0.3]
1167.401014,100,3638.493331,0.037153862331792506,False,False,[0.5 0.3 0.3]
1208.144325,100,3638.964225,0.13552652203010734,False,False,[0.5 0.3 0.3]
1975.864795,100,3639.419369,0.07612235484095724,False,False,[0.5 0.3 0.3]
1197.639863,100,3639.911683,0.03140210010064428,False,False,[0.5 0.3 0.3]
2892.97192,95,3640.383216,0.0327637887595392,False,True,[0.5 0.3 0.3]
1985.636584,100,3640.846038,0.0973770578039602,False,False,[0.5 0.3 0.3]
1394.559427,100,3641.314442,0.0944751474419809,False,False,[0.5 0.3 0.3]
1762.579345,100,3641.786988,0.08906543866343966,False,False,[0.5 0.3 0.3]
2193.948612,100,3642.259737,0.12016220199240388,False,False,[0.5 0.3 0.3]
1390.143163,100,3642.714482,0.04972546005827854,False,False,[0.5 0.3 0.3]
1536.932193,100,3643.181282,0.15126717517815555,False,False,[0.5 0.3 0.3]
1953.383148,100,3643.641831,0.01818987048170648,False,False,[0.5 0.3 0.3]
1814.100106,100,3644.102246,0.05224817324809073,False,False,[0.5 0.3 0.3]
2812.332911,100,3644.588979,0.04028701209900129,False,False,[0.5 0.3 0.3]
1571.682589,100,3645.051343,0.06278503654803522,False,False,[0.5 0.3 0.3]
2637.425653,100,3645.522471,0.08469504194772792,False,False,[0.5 0.3 0.3]
1375.000513,100,3645.983411,0.1132406973231109,False,False,[0.5 0.3 0.3]
972.093586,100,3647.002344,0.08579997595381648,False,False,[0.5 0.3 0.3]
1854.653588,60,3647.331368,0.049333521794416586,False,True,[0.5 0.3 0.3]
1981.606812,100,3647.794538,0.1259132327348252,False,False,[0.5 0.3 0.3]
1158.275799,100,3648.271774,0.0443759654364054,False,False,[0.5 0.3 0.3]
2810.144338,100,3648.751816,0.16187769415732672,False,False,[0.5 0.3 0.3]
2415.360653,100,3649.235352,0.07762265700673211,False,False,[0.5 0.3 0.3]
2382.809274,100,3649.703151,0.04409708084319651,False,False,[0.5 0.3 0.3]
1998.02385,100,3650.169903,0.061618471812617835,False,False,[0.5 0.3 0.3]
1787.377113,100,3650.642675,0.133684190483775,False,False,[0.5 0.3 0.3]
935.489063,100,3651.109654,0.07260443993255297,False,False,[0.5 0.3 0.3]
2389.175272,100,3651.584227,0.10396164622725425,False,False,[0.5 0.3 0.3]
1143.334771,100,3652.047719,0.033526726509218376,False,False,[0.5 0.3 0.3]
1126.414613,100,3652.521745,0.05903475463297458,False,False,[0.5 0.3 0.3]
1561.48184,100,3652.981537,0.055243374512540175,False,False,[0.5 0.3 0.3]
1800.623788,100,3653.441911,0.07951195499022815,False,False,[0.5 0.3 0.3]
1784.206166,100,3653.91079,0.12152095635740609,False,False,[0.5 0.3 0.3]
1815.870927,100,3654.376105,0.0868591193160701,False,False,[0.5 0.3 0.3]
1576.778943,100,3654.842297,0.08596346388577902,False,False,[0.5 0.3 0.3]
1153.469222,100,3655.296147,0.03549244005230904,False,False,[0.5 0.3 0.3]
1781.491761,45,3655.568365,0.04125976572661982,False,True,[0.5 0.3 0.3]
1600.256893,100,3656.038674,0.052092361462452476,False,False,[0.5 0.3 0.3]
1779.252867,100,3657.03128,0.11166166217443957,False,False,[0.5 0.3 0.3]
1791.024682,100,3657.494442,0.08979242388358546,False,False,[0.5 0.3 0.3]
755.090593,100,3657.965541,0.060527946209347504,False,False,[0.5 0.3 0.3]
1976.168042,100,3658.474139,0.10468087516856028,False,False,[0.5 0.3 0.3]
1167.348916,100,3658.951152,0.07478597756944486,False,False,[0.5 0.3 0.3]
1967.054929,100,3659.405596,0.050482409148089026,False,False,[0.5 0.3 0.3]
1567.410417,100,3659.879781,0.12853584224230596,False,False,[0.5 0.3 0.3]
1577.967375,100,3660.340333,0.0759041434923582,False,False,[0.5 0.3 0.3]
1737.688694,37,3660.597386,0.02171648872317636,False,True,[0.5 0.3 0.3]
1772.148724,100,3661.076102,0.07419607583624784,False,False,[0.5 0.3 0.3]
985.027411,100,3661.56302,0.07792900511202343,False,False,[0.5 0.3 0.3]
2180.309399,100,3662.027727,0.027605521572885535,False,False,[0.5 0.3 0.3]
2201.872338,100,3662.506258,0.09953600985283857,False,False,[0.5 0.3 0.3]
2192.25332,100,3662.969226,0.08395763101743187,False,False,[0.5 0.3 0.3]
3007.80734,100,3663.439757,0.05551315886442192,False,False,[0.5 0.3 0.3]
1253.511066,24,3663.640112,0.034274314350699275,False,True,[0.5 0.3 0.3]
2416.611849,100,3664.100114,0.07289113748871005,False,False,[0.5 0.3 0.3]
1572.097263,100,3664.573634,0.05353751247610947,False,False,[0.5 0.3 0.3]
1141.385104,100,3665.041727,0.027156065451315957,False,False,[0.5 0.3 0.3]
1561.164131,100,3665.510839,0.03921993689775618,False,False,[0.5 0.3 0.3]
1555.102157,100,3665.968869,0.040178573252275945,False,False,[0.5 0.3 0.3]
2379.621614,100,3666.442485,0.08951462790307241,False,False,[0.5 0.3 0.3]
1566.122822,100,3667.467463,0.06563113804689909,False,False,[0.5 0.3 0.3]
1982.446173,100,3667.918002,0.13834396686791964,False,False,[0.5 0.3 0.3]
1344.280943,100,3668.389891,0.028351005483504627,False,False,[0.5 0.3 0.3]
1337.230637,100,3668.870032,0.10713796202211778,False,False,[0.5 0.3 0.3]
2837.294106,100,3669.336537,0.07045491437457704,False,False,[0.5 0.3 0.3]
2381.540707,100,3669.799603,0.043304799709625086,False,False,[0.5 0.3 0.3]
2004.1691,100,3670.270092,0.031102965960828545,False,False,[0.5 0.3 0.3]
2854.189298,100,3670.75518,0.05271471784035803,False,False,[0.5 0.3 0.3]
747.029447,100,3671.234778,0.0572378968367151,False,False,[0.5 0.3 0.3]
3086.680608,94,3671.672196,0.02378469089444083,False,True,[0.5 0.3 0.3]
525.312736,5,3671.792447,0.04873753292364802,False,True,[0.5 0.3 0.3]
2629.015027,100,3672.253134,0.11747722294362989,False,False,[0.5 0.3 0.3]
2180.770913,100,3672.716346,0.07491864280163589,False,False,[0.5 0.3 0.3]
1635.27075,100,3673.182379,0.07440145711808396,False,False,[0.5 0.3 0.3]
1981.440296,100,3673.651591,0.03800750862559544,False,False,[0.5 0.3 0.3]
1563.236508,100,3674.104231,0.10246264121156082,False,False,[0.5 0.3 0.3]
1558.203006,100,3674.579095,0.05368336488503026,False,False,[0.5 0.3 0.3]
3229.598258,100,3675.041937,0.03311616021891314,False,False,[0.5 0.3 0.3]
1626.737301,100,3675.51374,0.15136496072213682,False,False,[0.5 0.3 0.3]
1789.505274,100,3675.988185,0.06184149286892703,False,False,[0.5 0.3 0.3]
1775.134972,100,3676.485389,0.10990989448739259,False,False,[0.5 0.3 0.3]
2008.389069,100,3676.962937,0.12488251608911212,False,False,[0.5 0.3 0.3]
1988.325763,100,3677.942786,0.11970501223754026,False,False,[0.5 0.3 0.3]
2416.013949,100,3678.411,0.11624002112459478,False,False,[0.5 0.3 0.3]
1174.967403,100,3678.880686,0.04769495882787208,False,False,[0.5 0.3 0.3]
1179.524212,100,3679.349881,0.09402825090196391,False,False,[0.5 0.3 0.3]
1808.876746,100,3679.821559,0.07957661738663005,False,False,[0.5 0.3 0.3]
1984.503185,100,3680.297947,0.06960519406164625,False,False,[0.5 0.3 0.3]
2006.701184,100,3680.771809,0.07524053280904958,False,False,[0.5 0.3 0.3]
2006.271172,100,3681.232784,0.058072976424513915,False,False,[0.5 0.3 0.3]
1585.94412,100,3681.707323,0.11714541685398451,False,False,[0.5 0.3 0.3]
1752.875294,100,3682.18248,0.0831567467871748,False,False,[0.5 0.3 0.3]
2425.033493,100,3682.644799,0.027126097771472627,False,False,[0.5 0.3 0.3]
1960.647151,100,3683.118992,0.09207136753435637,False,False,[0.5 0.3 0.3]
1991.74285,100,3683.586063,0.13181179375335292,False,False,[0.5 0.3 0.3]
1962.005275,100,3684.050742,0.03933607031561394,False,False,[0.5 0.3 0.3]
1576.302014,100,3684.524888,0.052012781823529884,False,False,[0.5 0.3 0.3]
1772.018607,100,3684.998641,0.08624735598579242,False,False,[0.5 0.3 0.3]
1782.383458,100,3685.46882,0.09411484115902936,False,False,[0.5 0.3 0.3]
1560.75978,100,3685.958854,0.005214102274217144,False,False,[0.5 0.3 0.3]
1796.721824,100,3686.442627,0.07913120639051895,False,False,[0.5 0.3 0.3]
1169.19089,100,3686.916252,0.09546859795722686,False,False,[0.5 0.3 0.3]
1553.236635,100,3687.933645,0.05402870135775497,False,False,[0.5 0.3 0.3]
2384.17869,100,3688.405823,0.019352958448140622,False,False,[0.5 0.3 0.3]
1807.417036,100,3688.869693,0.10573201398285813,False,False,[0.5 0.3 0.3]
976.602719,100,3689.332532,0.09105020098852873,False,False,[0.5 0.3 0.3]
1410.467652,100,3689.796312,0.07606916296620041,False,False,[0.5 0.3 0.3]
2017.157777,100,3690.267388,0.01972650626269192,False,False,[0.5 0.3 0.3]
1768.51048,100,3690.734066,0.024458428224509804,False,False,[0.5 0.3 0.3]
2018.537658,100,3691.216275,0.014459572677138365,False,False,[0.5 0.3 0.3]
1974.177001,100,3691.683657,0.09905387477117611,False,False,[0.5 0.3 0.3]
966.276361,100,3692.147947,0.07007954732153629,False,False,[0.5 0.3 0.3]
987.074443,100,3692.61965,0.022158854273269756,False,False,[0.5 0.3 0.3]
2004.175416,100,3693.111147,0.05862157061075994,False,False,[0.5 0.3 0.3]
1372.350294,100,3693.574634,0.07369315003590698,False,False,[0.5 0.3 0.3]
1374.991587,100,3694.047485,0.026429224546701137,False,False,[0.5 0.3 0.3]
2167.244885,100,3694.522861,0.10735152455735433,False,False,[0.5 0.3 0.3]
2389.275719,100,3695.033516,0.13282657390918837,False,False,[0.5 0.3 0.3]
1823.811293,100,3695.497236,0.09159229449322716,False,False,[0.5 0.3 0.3]
2189.935501,100,3695.975968,0.02610927304164817,False,False,[0.5 0.3 0.3]
1784.313861,100,3696.441436,0.020442238293043098,False,False,[0.5 0.3 0.3]
967.443672,100,3696.906947,0.06327690459266823,False,False,[0.5 0.3 0.3]
2187.00888,100,3697.381075,0.07046920853934234,False,False,[0.5 0.3 0.3]
2401.29981,100,3698.375447,0.0334752798718408,False,False,[0.5 0.3 0.3]
2688.405142,96,3698.826051,0.039038400133805544,False,True,[0.5 0.3 0.3]
1794.833667,100,3699.307328,0.03430237472608939,False,False,[0.5 0.3 0.3]
2392.910796,100,3699.766841,0.034527072366794344,False,False,[0.5 0.3 0.3]
1153.515553,100,3700.217301,0.04100032872829128,False,False,[0.5 0.3 0.3]
1140.122591,100,3700.682896,0.09331802078713504,False,False,[0.5 0.3 0.3]
1609.271222,100,3701.179768,0.09045749176813861,False,False,[0.5 0.3 0.3]
1126.485589,100,3701.64433,0.08902199539429155,False,False,[0.5 0.3 0.3]
1980.955951,100,3702.126671,0.03990769367466472,False,False,[0.5 0.3 0.3]
1574.874363,100,3702.590688,0.05253644471757093,False,False,[0.5 0.3 0.3]
2035.670442,53,3702.88559,0.045490431181936436,False,True,[0.5 0.3 0.3]
1355.692164,100,3703.390828,0.14384544721711387,False,False,[0.5 0.3 0.3]
1780.076025,100,3703.890104,0.055280724724657476,False,False,[0.5 0.3 0.3]
1582.880608,100,3704.358056,0.14142860726105125,False,False,[0.5 0.3 0.3]
2851.292443,100,3704.819801,0.03623632257477569,False,False,[0.5 0.3 0.3]
1152.665543,100,3705.309665,0.11947224654350101,False,False,[0.5 0.3 0.3]
1580.723367,100,3705.778696,0.04748193206583896,False,False,[0.5 0.3 0.3]
1587.936615,100,3706.246195,0.047478398990930266,False,False,[0.5 0.3 0.3]
2196.059127,100,3706.721223,0.06557707812288589,False,False,[0.5 0.3 0.3]
1549.422489,100,3707.207141,0.10630879281923435,False,False,[0.5 0.3 0.3]
2193.08404,100,3707.663335,0.05654494691061942,False,False,[0.5 0.3 0.3]
1169.342397,100,3708.670316,0.05682563378567535,False,False,[0.5 0.3 0.3]
2205.112677,100,3709.153875,0.026889076909722403,False,False,[0.5 0.3 0.3]
990.680155,100,3709.622813,0.05869821917641291,False,False,[0.5 0.3 0.3]
1796.496121,100,3710.090986,0.0759982732233718,False,False,[0.5 0.3 0.3]
2599.43256,100,3710.554209,0.039084840737644067,False,False,[0.5 0.3 0.3]
1343.609595,100,3711.023566,0.07286931935716341,False,False,[0.5 0.3 0.3]
2183.767171,79,3711.415793,0.019468530200507744,False,True,[0.5 0.3 0.3]
1979.55581,100,3711.912197,0.025427090870777987,False,False,[0.5 0.3 0.3]
1378.936275,100,3712.374587,0.07562024947238334,False,False,[0.5 0.3 0.3]
2818.903451,100,3712.839498,0.05127435110967708,False,False,[0.5 0.3 0.3]
2196.557267,100,3713.325227,0.059871593487874554,False,False,[0.5 0.3 0.3]
923.860677,100,3713.793969,0.06923151362853089,False,False,[0.5 0.3 0.3]
2069.513988,58,3714.105741,0.0122346741825381,False,True,[0.5 0.3 0.3]
1364.161776,100,3714.569489,0.10595339859208365,False,False,[0.5 0.3 0.3]
1137.001816,100,3715.044265,0.10112162460751674,False,False,[0.5 0.3 0.3]
2621.497965,100,3715.523613,0.0173293758284893,False,False,[0.5 0.3 0.3]
2003.08374,100,3715.991145,0.07963675844923293,False,False,[0.5 0.3 0.3]
1118.139567,100,3716.453454,0.04142381052844864,False,False,[0.5 0.3 0.3]
969.317327,100,3716.916674,0.044908341709711475,False,False,[0.5 0.3 0.3]
1164.052239,100,3717.401245,0.14260137018345848,False,False,[0.5 0.3 0.3]
1588.815851,100,3717.874162,0.09335438834994834,False,False,[0.5 0.3 0.3]
2415.673205,100,3718.879129,0.05880393778295834,False,False,[0.5 0.3 0.3]
1796.330539,100,3719.350359,0.05656911615938083,False,False,[0.5 0.3 0.3]
2399.311329,100,3719.821661,0.04631700207994688,False,False,[0.5 0.3 0.3]
2925.235947,67,3720.178101,0.02155363391188925,False,True,[0.5 0.3 0.3]
922.689096,100,3720.644197,0.13070803368930817,False,False,[0.5 0.3 0.3]
927.065397,100,3721.115808,0.13577011995528962,False,False,[0.5 0.3 0.3]
1991.62299,100,3721.580158,0.0339260029430035,False,False,[0.5 0.3 0.3]
1148.159656,100,3722.04397,0.061188406535619806,False,False,[0.5 0.3 0.3]
1984.025608,100,3722.514829,0.11160369410863057,False,False,[0.5 0.3 0.3]
2371.888364,100,3722.96819,0.05843111462632353,False,False,[0.5 0.3 0.3]
1979.93744,100,3723.450009,0.042750574174988246,False,False,[0.5 0.3 0.3]
1132.697094,100,3723.910046,0.07365401096641597,False,False,[0.5 0.3 0.3]
2222.864523,100,3724.388843,0.036604890153009564,False,False,[0.5 0.3 0.3]
1132.176308,100,3724.851707,0.0820625396596475,False,False,[0.5 0.3 0.3]
1178.805586,100,3725.322653,0.06254179706258246,False,False,[0.5 0.3 0.3]
2422.36717,100,3725.807335,0.06475259356432415,False,False,[0.5 0.3 0.3]
1575.357495,100,3726.289894,0.06436275425902045,False,False,[0.5 0.3 0.3]
1769.624282,100,3726.756308,0.03236512071679026,False,False,[0.5 0.3 0.3]
2210.760619,100,3727.228984,0.08103501392489955,False,False,[0.5 0.3 0.3]
1358.761951,100,3727.703741,0.08727418005994994,False,False,[0.5 0.3 0.3]
1561.012999,100,3728.20096,0.07215405162343919,False,False,[0.5 0.3 0.3]
1381.13952,100,3729.221769,0.024898450717105575,False,False,[0.5 0.3 0.3]
2149.054592,73,3729.605078,0.02239068286730121,False,True,[0.5 0.3 0.3]
2017.246541,100,3730.080537,0.08880757028700985,False,False,[0.5 0.3 0.3]
1393.313657,100,3730.544093,0.05321108264833562,False,False,[0.5 0.3 0.3]
1787.35011,100,3731.003619,0.009979637699854943,False,False,[0.5 0.3 0.3]
2602.785062,100,3731.469501,0.06235047146844301,False,False,[0.5 0.3 0.3]
1959.312519,100,3731.943132,0.12423246200586684,False,False,[0.5 0.3 0.3]
1574.791635,100,3732.409683,0.12766042257625154,False,False,[0.5 0.3 0.3]
1995.889719,100,3732.883688,0.08063948817715733,False,False,[0.5 0.3 0.3]
1558.382021,100,3733.338708,0.03576303947976128,False,False,[0.5 0.3 0.3]
2402.615461,100,3733.814364,0.09080662990262035,False,False,[0.5 0.3 0.3]
1163.304189,100,3734.294627,0.13773408144923976,False,False,[0.5 0.3 0.3]
2203.345779,100,3734.769117,0.07619602220131261,False,False,[0.5 0.3 0.3]
1137.808306,100,3735.241086,0.06655027142392188,False,False,[0.5 0.3 0.3]
1366.359786,100,3735.723283,0.07209179226149003,False,False,[0.5 0.3 0.3]
1796.58713,100,3736.19434,0.03709064978366703,False,False,[0.5 0.3 0.3]
2623.86058,100,3736.66948,0.06686384085638505,False,False,[0.5 0.3 0.3]
1770.763704,100,3737.181896,0.04348252441669044,False,False,[0.5 0.3 0.3]
1169.791264,100,3737.732633,0.0684219222527352,False,False,[0.5 0.3 0.3]
1566.509301,100,3738.243008,0.08378070636852096,False,False,[0.5 0.3 0.3]
3042.698941,100,3739.304228,0.03149470336676907,False,False,[0.5 0.3 0.3]
2002.327276,100,3739.833667,0.08199837010664364,False,False,[0.5 0.3 0.3]
1329.580155,39,3740.096342,0.04254915323007261,False,True,[0.5 0.3 0.3]
1166.09891,100,3740.612961,0.08274367431956324,False,False,[0.5 0.3 0.3]
1358.152535,100,3741.129073,0.053056736201606655,False,False,[0.5 0.3 0.3]
1569.505473,100,3741.662103,0.06364512403925869,False,False,[0.5 0.3 0.3]
1996.925127,100,3742.170004,0.05528363042405249,False,False,[0.5 0.3 0.3]
1355.031407,100,3742.674072,0.038825954780356636,False,False,[0.5 0.3 0.3]
2005.174574,100,3743.182817,0.08144499461899601,False,False,[0.5 0.3 0.3]
945.862551,100,3743.690921,0.04697269793239456,False,False,[0.5 0.3 0.3]
2446.945347,100,3744.204173,0.06072143595149153,False,False,[0.5 0.3 0.3]
3216.460249,100,3744.726281,0.03691910990261521,False,False,[0.5 0.3 0.3]
1595.858617,100,3745.25408,0.13638624491404164,False,False,[0.5 0.3 0.3]
2189.956319,100,3745.811181,0.0886019469663497,False,False,[0.5 0.3 0.3]
1583.460353,100,3746.322607,0.05297267935996432,False,False,[0.5 0.3 0.3]
1380.628636,100,3746.823372,0.014720873108514486,False,False,[0.5 0.3 0.3]
1794.707771,100,3747.37926,0.018729295315234568,False,False,[0.5 0.3 0.3]
958.30801,100,3747.907375,0.057281157467631974,False,False,[0.5 0.3 0.3]
1173.677117,100,3748.409428,0.10530386931653438,False,False,[0.5 0.3 0.3]
2182.758082,100,3748.931808,0.061816317967004944,False,False,[0.5 0.3 0.3]
1982.58648,100,3749.437648,0.034841253146862455,False,False,[0.5 0.3 0.3]
2614.417632,100,3750.502059,0.0373572495463191,False,False,[0.5 0.3 0.3]
2180.576745,100,3751.002906,0.07491993032455782,False,False,[0.5 0.3 0.3]
2390.623693,100,3751.527784,0.12290189109819888,False,False,[0.5 0.3 0.3]
2209.251972,100,3752.02459,0.06089147131743558,False,False,[0.5 0.3 0.3]
1224.692868,100,3752.492442,0.07499329178825609,False,False,[0.5 0.3 0.3]
1369.835232,100,3752.96908,0.11067199007032391,False,False,[0.5 0.3 0.3]
1154.174702,100,3753.470701,0.06112657123148291,False,False,[0.5 0.3 0.3]
1142.911704,100,3753.988624,0.06985236059572508,False,False,[0.5 0.3 0.3]
1165.891203,100,3754.463014,0.10789970989287788,False,False,[0.5 0.3 0.3]
1790.212823,100,3754.933369,0.0789319972077902,False,False,[0.5 0.3 0.3]
2011.319749,100,3755.416298,0.058910264629395324,False,False,[0.5 0.3 0.3]
1992.363763,100,3755.885716,0.027933071201025172,False,False,[0.5 0.3 0.3]
2423.80176,100,3756.357097,0.04471402698862079,False,False,[0.5 0.3 0.3]
1412.460362,100,3756.818751,0.01804903925234661,False,False,[0.5 0.3 0.3]
1152.517797,100,3757.311462,0.053755480060152246,False,False,[0.5 0.3 0.3]
-15.475775,16,3757.479457,0.23359014888803487,True,False,[0.5 0.3 0.3]
2417.677343,100,3758.039977,0.08372679599583865,False,False,[0.5 0.3 0.3]
1359.631165,100,3758.505519,0.04602070356586276,False,False,[0.5 0.3 0.3]
2174.362316,100,3758.992297,0.03236509404448189,False,False,[0.5 0.3 0.3]
934.363279,100,3759.456926,0.055456455424480924,False,False,[0.5 0.3 0.3]
1987.71135,100,3759.921571,0.0852143281874555,False,False,[0.5 0.3 0.3]
1788.148562,100,3760.374877,0.03691223229286821,False,False,[0.5 0.3 0.3]
2022.824781,100,3761.370558,0.045490793252374095,False,False,[0.5 0.3 0.3]
2806.476779,88,3761.802732,0.026218321642059172,False,True,[0.5 0.3 0.3]
2606.492217,100,3762.28949,0.052158723439235964,False,False,[0.5 0.3 0.3]
1363.997311,100,3762.76518,0.08903311813864702,False,False,[0.5 0.3 0.3]
1993.181736,100,3763.24228,0.0958280662163091,False,False,[0.5 0.3 0.3]
2189.99883,100,3763.698582,0.10445751717443508,False,False,[0.5 0.3 0.3]
1785.7173,100,3764.162835,0.045559202483862526,False,False,[0.5 0.3 0.3]
1785.169367,100,3764.643331,0.059878760923160454,False,False,[0.5 0.3 0.3]
1154.565365,100,3765.116025,0.05442750933098995,False,False,[0.5 0.3 0.3]
1611.508902,100,3765.581921,0.08449390022928463,False,False,[0.5 0.3 0.3]
1366.899768,100,3766.0655,0.05713778277753679,False,False,[0.5 0.3 0.3]
1784.215609,100,3766.556092,0.061128202413934504,False,False,[0.5 0.3 0.3]
2005.630991,100,3767.022467,0.06396297585036165,False,False,[0.5 0.3 0.3]
2617.924449,100,3767.491589,0.09045701588483684,False,False,[0.5 0.3 0.3]
3575.948009,72,3767.85521,0.04730024299390672,False,True,[0.5 0.3 0.3]
527.444024,5,3767.977617,0.04276678653243399,False,True,[0.5 0.3 0.3]
1355.31383,100,3768.476285,0.11092364554269193,False,False,[0.5 0.3 0.3]
1965.515756,100,3768.956834,0.07317262578065546,False,False,[0.5 0.3 0.3]
1999.718142,100,3769.426784,0.03993995962807231,False,False,[0.5 0.3 0.3]
1162.237987,100,3769.900941,0.05425533637143415,False,False,[0.5 0.3 0.3]
2003.714687,100,3770.371001,0.03288666728714821,False,False,[0.5 0.3 0.3]
1375.983312,100,3770.83741,0.09949709209011671,False,False,[0.5 0.3 0.3]
1374.857081,100,3771.846051,0.07513653357815282,False,False,[0.5 0.3 0.3]
1974.641053,100,3772.318393,0.07669127961890368,False,False,[0.5 0.3 0.3]
2615.607957,100,3772.781515,0.05686155650679401,False,False,[0.5 0.3 0.3]
1375.306362,100,3773.266218,0.07017336142111505,False,False,[0.5 0.3 0.3]
1990.089906,100,3773.748572,0.04273548620131515,False,False,[0.5 0.3 0.3]
1165.832539,100,3774.225068,0.013633639407240638,False,False,[0.5 0.3 0.3]
946.766214,100,3774.704053,0.04102794830801171,False,False,[0.5 0.3 0.3]
1972.997523,100,3775.16989,0.13421129923514483,False,False,[0.5 0.3 0.3]
3839.088803,100,3775.628927,0.09959116059019409,False,False,[0.5 0.3 0.3]
1354.749915,100,3776.117965,0.10613467860082189,False,False,[0.5 0.3 0.3]
1347.063964,100,3776.595731,0.11064558384203023,False,False,[0.5 0.3 0.3]
988.300367,100,3777.065351,0.05893519614154986,False,False,[0.5 0.3 0.3]
2018.486952,100,3777.527265,0.04124084070661129,False,False,[0.5 0.3 0.3]
2205.259485,100,3778.00385,0.03502803019803037,False,False,[0.5 0.3 0.3]
2009.647413,100,3778.482551,0.059502941216943814,False,False,[0.5 0.3 0.3]
1570.730385,100,3778.953476,0.06785226273014472,False,False,[0.5 0.3 0.3]
2190.974872,100,3779.418985,0.0397102069561277,False,False,[0.5 0.3 0.3]
1131.600269,100,3779.900129,0.09342227963012724,False,False,[0.5 0.3 0.3]
1757.687568,37,3780.139384,0.01540758781948535,False,True,[0.5 0.3 0.3]
1757.246493,100,3780.607347,0.027251652191129534,False,False,[0.5 0.3 0.3]
1813.365446,100,3781.072946,0.02095676480653371,False,False,[0.5 0.3 0.3]
1772.86698,100,3782.105705,0.032592956632453526,False,False,[0.5 0.3 0.3]
1559.720636,100,3782.628735,0.11932729570872358,False,False,[0.5 0.3 0.3]
2598.978943,100,3783.144294,0.04164563126358685,False,False,[0.5 0.3 0.3]
2004.134077,100,3783.654732,0.06571959873666884,False,False,[0.5 0.3 0.3]
2414.276708,100,3784.173987,0.05404343863884825,False,False,[0.5 0.3 0.3]
1381.415704,100,3784.676458,0.07306098939785322,False,False,[0.5 0.3 0.3]
2008.34008,100,3785.209283,0.0806180265980382,False,False,[0.5 0.3 0.3]
2008.400263,100,3785.74999,0.04409578599185631,False,False,[0.5 0.3 0.3]
1155.671291,100,3786.295112,0.011738005056018156,False,False,[0.5 0.3 0.3]
1141.084855,100,3786.823715,0.05780028789307318,False,False,[0.5 0.3 0.3]
2380.676986,100,3787.356087,0.12139370247561061,False,False,[0.5 0.3 0.3]
1773.011421,100,3787.864849,0.1401796891879092,False,False,[0.5 0.3 0.3]
1578.715051,100,3788.390624,0.11566641263667132,False,False,[0.5 0.3 0.3]
2411.191878,100,3788.911482,0.15535538592248277,False,False,[0.5 0.3 0.3]
3025.489423,100,3789.434139,0.057675926942637665,False,False,[0.5 0.3 0.3]
1164.887829,100,3789.954919,0.1244621666514031,False,False,[0.5 0.3 0.3]
2212.192312,100,3790.472264,0.07261369464874498,False,False,[0.5 0.3 0.3]
2421.823914,100,3790.986148,0.07930512117861979,False,False,[0.5 0.3 0.3]
2185.164797,100,3791.503956,0.1125641948438569,False,False,[0.5 0.3 0.3]
1574.196002,100,3792.030031,0.08035589219518605,False,False,[0.5 0.3 0.3]
1192.738088,100,3793.094927,0.07177072892399891,False,False,[0.5 0.3 0.3]
1604.864634,100,3793.607769,0.07901727947665373,False,False,[0.5 0.3 0.3]
2190.90077,100,3794.105173,0.08438916514801673,False,False,[0.5 0.3 0.3]
1146.383538,100,3794.619292,0.09722331259231547,False,False,[0.5 0.3 0.3]
2798.838305,100,3795.155117,0.07554244485108104,False,False,[0.5 0.3 0.3]
1805.550173,100,3795.672231,0.0703759270871539,False,False,[0.5 0.3 0.3]
2395.223456,100,3796.210476,0.06746113543008304,False,False,[0.5 0.3 0.3]
1359.707571,100,3796.735704,0.04340916863956834,False,False,[0.5 0.3 0.3]
1346.835421,100,3797.261506,0.06833073219020476,False,False,[0.5 0.3 0.3]
1555.566017,100,3797.769696,0.06077191844606627,False,False,[0.5 0.3 0.3]
2704.213394,100,3798.260761,0.0016187688222352053,False,True,[0.5 0.3 0.3]
553.617385,10,3798.404139,0.03267915561346344,False,True,[0.5 0.3 0.3]
556.153318,11,3798.651488,0.04164337852084215,False,True,[0.5 0.3 0.3]
961.810876,100,3799.222664,0.029322123163864896,False,False,[0.5 0.3 0.3]
2423.8044,100,3799.676891,0.08159762984850462,False,False,[0.5 0.3 0.3]
1715.703336,31,3799.89391,0.00882134156794895,False,True,[0.5 0.3 0.3]
1760.751939,100,3800.36872,0.06349657993710331,False,False,[0.5 0.3 0.3]
741.819611,100,3800.847071,0.0811875707675549,False,False,[0.5 0.3 0.3]
2205.169945,100,3801.328761,0.04994681982602953,False,False,[0.5 0.3 0.3]
1165.82445,100,3801.795133,0.048649051714573635,False,False,[0.5 0.3 0.3]
1567.524762,100,3802.270152,0.0839460536695227,False,False,[0.5 0.3 0.3]
2002.195642,100,3802.720869,0.11458800573045745,False,False,[0.5 0.3 0.3]
2410.032166,100,3803.180867,0.028140171986372982,False,False,[0.5 0.3 0.3]
2002.850145,100,3804.172978,0.03728096914590689,False,False,[0.5 0.3 0.3]
1173.149935,100,3804.686045,0.0747257449958685,False,False,[0.5 0.3 0.3]
1597.733879,100,3805.143276,0.0708427745601338,False,False,[0.5 0.3 0.3]
1797.900206,100,3805.606317,0.10569905763276434,False,False,[0.5 0.3 0.3]
1581.276989,100,3806.080933,0.0441724299669615,False,False,[0.5 0.3 0.3]
1968.837571,100,3806.553284,0.051169624112653946,False,False,[0.5 0.3 0.3]
1364.705873,100,3807.017817,0.06612579949005001,False,False,[0.5 0.3 0.3]
1565.704033,100,3807.481582,0.07664571594874486,False,False,[0.5 0.3 0.3]
2020.788493,100,3807.956938,0.07176089867053673,False,False,[0.5 0.3 0.3]
1566.305702,100,3808.433696,0.03464323176086041,False,False,[0.5 0.3 0.3]
2627.527653,100,3808.896952,0.03785123085305224,False,False,[0.5 0.3 0.3]
2396.224313,100,3809.370746,0.04843628924521414,False,False,[0.5 0.3 0.3]
1384.929884,100,3809.836144,0.08855744031981541,False,False,[0.5 0.3 0.3]
1988.216295,100,3810.305179,0.0916994713396273,False,False,[0.5 0.3 0.3]
1792.709931,100,3810.773214,0.05169148759248814,False,False,[0.5 0.3 0.3]
1338.788767,100,3811.247493,0.137885282333131,False,False,[0.5 0.3 0.3]
1371.780888,100,3811.702544,0.05835059334167121,False,False,[0.5 0.3 0.3]
1814.073988,100,3812.163626,0.11109302212220097,False,False,[0.5 0.3 0.3]
1994.072645,100,3812.643415,0.05859458183397661,False,False,[0.5 0.3 0.3]
2409.530138,100,3813.121997,0.11182187497532169,False,False,[0.5 0.3 0.3]
1984.02636,100,3813.57842,0.09946021354083265,False,False,[0.5 0.3 0.3]
2210.207645,100,3814.592677,0.06476395457144712,False,False,[0.5 0.3 0.3]
2004.682138,100,3815.080338,0.037025564610947234,False,False,[0.5 0.3 0.3]
1180.739722,100,3815.555411,0.09923334517320614,False,False,[0.5 0.3 0.3]
1782.210107,100,3816.028537,0.11108949807580057,False,False,[0.5 0.3 0.3]
1561.891146,100,3816.508421,0.11553693068542524,False,False,[0.5 0.3 0.3]
1991.601374,100,3816.981269,0.06383240272037927,False,False,[0.5 0.3 0.3]
1748.803967,100,3817.445698,0.04601154789873909,False,False,[0.5 0.3 0.3]
727.743689,100,3817.909589,0.01853397803704638,False,False,[0.5 0.3 0.3]
1150.367444,100,3818.375572,0.05303304291222562,False,False,[0.5 0.3 0.3]
1780.143623,100,3818.846474,0.05887563757212306,False,False,[0.5 0.3 0.3]
2408.927334,100,3819.308934,0.10730356527075888,False,False,[0.5 0.3 0.3]
1571.920267,100,3819.777102,0.03208178517004771,False,False,[0.5 0.3 0.3]
938.00865,100,3820.257438,0.09310883410265954,False,False,[0.5 0.3 0.3]
1774.204311,100,3820.729434,0.1283413625473131,False,False,[0.5 0.3 0.3]
1349.265726,100,3821.20772,0.03623418527761232,False,False,[0.5 0.3 0.3]
2009.846677,100,3821.660936,0.13963190904034,False,False,[0.5 0.3 0.3]
1170.509439,100,3822.126786,0.05497992540933304,False,False,[0.5 0.3 0.3]
1802.467276,100,3822.612543,0.09856136542163925,False,False,[0.5 0.3 0.3]
716.820929,100,3823.088658,0.06472249013937027,False,False,[0.5 0.3 0.3]
2219.620475,84,3823.529065,0.019545087837869356,False,True,[0.5 0.3 0.3]
2428.093395,87,3824.500774,0.009611032659181777,False,True,[0.5 0.3 0.3]
1575.870859,100,3824.979912,0.05997849921997663,False,False,[0.5 0.3 0.3]
1581.731641,100,3825.450827,0.07168459854712478,False,False,[0.5 0.3 0.3]
1975.224903,100,3825.914184,0.16172572820874087,False,False,[0.5 0.3 0.3]
1575.467161,100,3826.372929,0.07075533454016149,False,False,[0.5 0.3 0.3]
1575.801681,100,3826.863707,0.08567365428513911,False,False,[0.5 0.3 0.3]
1562.949949,100,3827.386619,0.02364446813231368,False,False,[0.5 0.3 0.3]
1388.924523,100,3827.897766,0.040877163133352344,False,False,[0.5 0.3 0.3]
2007.815524,100,3828.404689,0.06188059788739107,False,False,[0.5 0.3 0.3]
1808.809314,100,3828.949312,0.04267094507173639,False,False,[0.5 0.3 0.3]
1757.799271,100,3829.467154,0.059675357708848506,False,False,[0.5 0.3 0.3]
973.431694,100,3829.999604,0.05423739482352798,False,False,[0.5 0.3 0.3]
1955.005608,100,3830.522606,0.13795733179331454,False,False,[0.5 0.3 0.3]
1383.674778,100,3831.053378,0.05864094408019222,False,False,[0.5 0.3 0.3]
1369.217324,100,3831.571441,0.049774968622951485,False,False,[0.5 0.3 0.3]
2219.84307,100,3832.089527,0.07896515731972716,False,False,[0.5 0.3 0.3]
754.993016,100,3832.616275,0.08610396401917166,False,False,[0.5 0.3 0.3]
3060.572706,91,3833.111098,0.02720172528363498,False,True,[0.5 0.3 0.3]
2204.831203,100,3833.649362,0.026222042670433033,False,False,[0.5 0.3 0.3]
1989.135491,100,3834.159932,0.039544312440646226,False,False,[0.5 0.3 0.3]
1957.202118,100,3834.687558,0.02458339573200889,False,False,[0.5 0.3 0.3]
1545.478971,100,3835.753977,0.04049726257304936,False,False,[0.5 0.3 0.3]
1572.237274,100,3836.274961,0.08345389293040877,False,False,[0.5 0.3 0.3]
1963.468597,100,3836.807129,0.08079586223576059,False,False,[0.5 0.3 0.3]
1935.620641,100,3837.326946,0.043781428367116036,False,False,[0.5 0.3 0.3]
1359.90192,100,3837.842208,0.022313382339129245,False,False,[0.5 0.3 0.3]
1781.201619,100,3838.354798,0.03739370045490029,False,False,[0.5 0.3 0.3]
2384.68196,100,3838.869345,0.09738733472464085,False,False,[0.5 0.3 0.3]
1919.110147,33,3839.122248,0.010428820293130126,False,True,[0.5 0.3 0.3]
1565.422329,100,3839.645671,0.07686936760717424,False,False,[0.5 0.3 0.3]
1591.281244,100,3840.159728,0.02867462932895898,False,False,[0.5 0.3 0.3]
1817.133004,100,3840.675752,0.04988244543982508,False,False,[0.5 0.3 0.3]
1392.549282,100,3841.209199,0.034985126484898516,False,False,[0.5 0.3 0.3]
1982.280602,100,3841.718962,0.044784522716264104,False,False,[0.5 0.3 0.3]
1546.006536,100,3842.230988,0.09574695215656424,False,False,[0.5 0.3 0.3]
1578.016664,100,3842.700502,0.045127592360615816,False,False,[0.5 0.3 0.3]
1794.562223,100,3843.237844,0.025536525953705733,False,False,[0.5 0.3 0.3]
1779.020917,100,3843.730405,0.06625880891603271,False,False,[0.5 0.3 0.3]
1596.420649,100,3844.193747,0.030013238464833652,False,False,[0.5 0.3 0.3]
1785.203633,100,3844.676207,0.05077567002677668,False,False,[0.5 0.3 0.3]
1371.666641,100,3845.163168,0.05273682329733971,False,False,[0.5 0.3 0.3]
1867.400581,58,3845.473375,0.035896962786736944,False,True,[0.5 0.3 0.3]
3463.417648,100,3845.932787,0.06952515393290083,False,False,[0.5 0.3 0.3]
1710.765522,33,3846.684924,0.045223451344752766,False,True,[0.5 0.3 0.3]
1154.199273,100,3847.173321,0.0309557514007796,False,False,[0.5 0.3 0.3]
2399.100472,100,3847.678786,0.08638109684337728,False,False,[0.5 0.3 0.3]
2007.965746,100,3848.160261,0.07881820842159316,False,False,[0.5 0.3 0.3]
1604.702764,100,3848.624365,0.06659979542737147,False,False,[0.5 0.3 0.3]
1773.375134,100,3849.110335,0.10795024031855698,False,False,[0.5 0.3 0.3]
1162.764546,100,3849.580882,0.05533915581753912,False,False,[0.5 0.3 0.3]
1151.810135,100,3850.052939,0.10743570105250033,False,False,[0.5 0.3 0.3]
1810.62972,100,3850.52778,0.04664479595484187,False,False,[0.5 0.3 0.3]
1549.799419,100,3850.994433,0.06909271185551323,False,False,[0.5 0.3 0.3]
1982.776987,100,3851.471605,0.08855186406962108,False,False,[0.5 0.3 0.3]
1165.161751,100,3851.969296,0.11141000951219907,False,False,[0.5 0.3 0.3]
1588.696658,100,3852.446367,0.07984960083645558,False,False,[0.5 0.3 0.3]
970.684976,100,3852.908181,0.0714018663389692,False,False,[0.5 0.3 0.3]
1583.263881,100,3853.401231,0.07997503348577943,False,False,[0.5 0.3 0.3]
2217.16077,100,3853.859885,0.0335405177958998,False,False,[0.5 0.3 0.3]
1598.800584,100,3854.3225,0.05613428742539449,False,False,[0.5 0.3 0.3]
2384.894262,100,3854.785945,0.09515484210539268,False,False,[0.5 0.3 0.3]
2195.987577,100,3855.259298,0.04464310865194041,False,False,[0.5 0.3 0.3]
1576.653979,100,3855.728822,0.11682918236102388,False,False,[0.5 0.3 0.3]
1558.628883,100,3856.200082,0.09248964830692545,False,False,[0.5 0.3 0.3]
1356.932845,100,3857.229074,0.09308098389159249,False,False,[0.5 0.3 0.3]
2009.584922,100,3857.693536,0.0450984333637753,False,False,[0.5 0.3 0.3]
1760.895649,100,3858.171891,0.05201152353672797,False,False,[0.5 0.3 0.3]
2608.787737,100,3858.654989,0.04978332178180592,False,False,[0.5 0.3 0.3]
1984.348839,100,3859.129797,0.035762246794183425,False,False,[0.5 0.3 0.3]
1563.062627,100,3859.601882,0.06409123997010009,False,False,[0.5 0.3 0.3]
1559.361846,100,3860.078118,0.09649193576882972,False,False,[0.5 0.3 0.3]
2098.571124,68,3860.437563,0.03963493099124912,False,True,[0.5 0.3 0.3]
2013.685678,100,3860.895713,0.08098270271800072,False,False,[0.5 0.3 0.3]
3030.470275,100,3861.384754,0.08543556548615316,False,False,[0.5 0.3 0.3]
1391.365012,100,3861.875659,0.054990036443327346,False,False,[0.5 0.3 0.3]
2396.180303,100,3862.354502,0.08636175380609175,False,False,[0.5 0.3 0.3]
1771.229132,100,3862.837419,0.062002888983058904,False,False,[0.5 0.3 0.3]
1180.190015,100,3863.31466,0.15993839167707166,False,False,[0.5 0.3 0.3]
1181.525083,100,3863.796627,0.02267365242042161,False,False,[0.5 0.3 0.3]
2623.816009,100,3864.265483,0.0769679390865964,False,False,[0.5 0.3 0.3]
1213.033325,18,3864.437898,0.017027604708959847,False,True,[0.5 0.3 0.3]
2001.176587,100,3864.90694,0.04608007276381727,False,False,[0.5 0.3 0.3]
1584.671227,100,3865.386516,0.11276877168869066,False,False,[0.5 0.3 0.3]
1644.558277,18,3865.553911,0.011414198075448757,False,True,[0.5 0.3 0.3]
1394.060926,100,3866.034668,0.03786396648040549,False,False,[0.5 0.3 0.3]
1807.960924,100,3866.512272,0.05427274581617205,False,False,[0.5 0.3 0.3]
1561.034566,100,3867.531118,0.04059978656053331,False,False,[0.5 0.3 0.3]
1369.79254,100,3868.003431,0.06361329596406701,False,False,[0.5 0.3 0.3]
1994.95836,100,3868.465769,0.0619497376993054,False,False,[0.5 0.3 0.3]
2174.05433,100,3868.931019,0.048058075884983995,False,False,[0.5 0.3 0.3]
2412.563547,100,3869.403984,0.04233550122588481,False,False,[0.5 0.3 0.3]
1367.974611,100,3869.874823,0.13253834998158429,False,False,[0.5 0.3 0.3]
2645.409013,100,3870.331324,0.04493368303177903,False,False,[0.5 0.3 0.3]
1774.267203,100,3870.797438,0.11248258869310737,False,False,[0.5 0.3 0.3]
1976.547877,100,3871.305493,0.030727943013100303,False,False,[0.5 0.3 0.3]
1577.772148,100,3871.809357,0.11408462605238816,False,False,[0.5 0.3 0.3]
1411.52938,100,3872.333184,0.07694512936679954,False,False,[0.5 0.3 0.3]
2211.129534,100,3872.854799,0.1080283792645462,False,False,[0.5 0.3 0.3]
2619.002087,100,3873.373932,0.060202432838601126,False,False,[0.5 0.3 0.3]
945.702814,100,3873.906056,0.06652879640277687,False,False,[0.5 0.3 0.3]
1350.960972,100,3874.420311,0.08109642735402041,False,False,[0.5 0.3 0.3]
946.107559,100,3874.924591,0.05216308034715317,False,False,[0.5 0.3 0.3]
1188.03361,100,3875.448832,0.11809727853734367,False,False,[0.5 0.3 0.3]
1980.112364,100,3875.957526,0.06736564728918783,False,False,[0.5 0.3 0.3]
1605.277137,100,3876.458583,0.042952928864316675,False,False,[0.5 0.3 0.3]
1815.724214,100,3876.974586,0.07082850325104967,False,False,[0.5 0.3 0.3]
2601.906865,100,3877.507197,0.03974477793794181,False,False,[0.5 0.3 0.3]
1576.781062,100,3878.610326,0.08622505143785607,False,False,[0.5 0.3 0.3]
2162.710271,100,3879.132015,0.0685698635382275,False,False,[0.5 0.3 0.3]
2195.368517,100,3879.651734,0.08800643179152882,False,False,[0.5 0.3 0.3]
1572.861123,100,3880.160074,0.01339989090909577,False,False,[0.5 0.3 0.3]
1983.750407,100,3880.669529,0.06419498680053407,False,False,[0.5 0.3 0.3]
1767.355809,100,3881.216279,0.07942088917911959,False,False,[0.5 0.3 0.3]
1794.950743,100,3881.738797,0.0911763589569591,False,False,[0.5 0.3 0.3]
1995.387442,100,3882.237774,0.11789929054899036,False,False,[0.5 0.3 0.3]
1349.555676,100,3882.759892,0.026233576575104556,False,False,[0.5 0.3 0.3]
1585.110868,100,3883.263978,0.09411672803989381,False,False,[0.5 0.3 0.3]
1141.092018,100,3883.779016,0.03551543056796412,False,False,[0.5 0.3 0.3]
1566.001531,100,3884.281024,0.12033128976368816,False,False,[0.5 0.3 0.3]
1584.554943,100,3884.79533,0.037818548775532236,False,False,[0.5 0.3 0.3]
1773.387269,100,3885.321426,0.08033591080262317,False,False,[0.5 0.3 0.3]
1155.847098,100,3885.837617,0.1294625983500148,False,False,[0.5 0.3 0.3]
1967.881125,100,3886.351163,0.09345688681371134,False,False,[0.5 0.3 0.3]
1350.185771,100,3886.868054,0.09782683669485559,False,False,[0.5 0.3 0.3]
1786.833099,100,3887.338744,0.10044929809834728,False,False,[0.5 0.3 0.3]
1969.796466,100,3887.830586,0.05033671282491316,False,False,[0.5 0.3 0.3]
1747.813744,39,3888.094095,0.02328430548609092,False,True,[0.5 0.3 0.3]
539.264743,8,3888.22803,0.046357907263020456,False,True,[0.5 0.3 0.3]
2003.013438,100,3888.750542,0.019798809411512228,False,False,[0.5 0.3 0.3]
1776.471252,100,3889.776553,0.03413846430692697,False,False,[0.5 0.3 0.3]
2604.763255,100,3890.265555,0.050313025055568415,False,False,[0.5 0.3 0.3]
1795.065124,100,3890.757668,0.01650920129479305,False,False,[0.5 0.3 0.3]
1804.55594,100,3891.233376,0.14277200386903696,False,False,[0.5 0.3 0.3]
2216.115592,90,3891.686819,0.044705053870319734,False,True,[0.5 0.3 0.3]
1767.366832,100,3892.172822,0.09600610724732847,False,False,[0.5 0.3 0.3]
1372.34918,100,3892.644161,0.08514867579316784,False,False,[0.5 0.3 0.3]
2648.845862,100,3893.10961,0.10471840683838134,False,False,[0.5 0.3 0.3]
2192.849184,100,3893.606175,0.07476617297190707,False,False,[0.5 0.3 0.3]
1979.278846,100,3894.108968,0.07700610115765093,False,False,[0.5 0.3 0.3]
1162.631339,100,3894.575816,0.09544904411464074,False,False,[0.5 0.3 0.3]
2012.325136,100,3895.039439,0.12998851429361427,False,False,[0.5 0.3 0.3]
1374.656814,100,3895.499934,0.10363267099456715,False,False,[0.5 0.3 0.3]
1763.321135,100,3895.97644,0.03017408184681647,False,False,[0.5 0.3 0.3]
2596.719862,100,3896.44925,0.04885570464801084,False,False,[0.5 0.3 0.3]
1795.327382,100,3896.945112,0.03388963468570766,False,False,[0.5 0.3 0.3]
1583.712193,100,3897.411416,0.017854365962695705,False,False,[0.5 0.3 0.3]
1798.864125,100,3897.906983,0.09293189945360517,False,False,[0.5 0.3 0.3]
1174.318119,100,3898.375443,0.03939172110852892,False,False,[0.5 0.3 0.3]
1753.018291,100,3898.841364,0.1455083170718637,False,False,[0.5 0.3 0.3]
1795.327601,100,3899.821746,0.12223339373155737,False,False,[0.5 0.3 0.3]
2169.238575,78,3900.199122,0.041533924517270865,False,True,[0.5 0.3 0.3]
2403.204978,100,3900.662412,0.03313581193626681,False,False,[0.5 0.3 0.3]
2428.920911,100,3901.143111,0.016074722086210986,False,False,[0.5 0.3 0.3]
2002.950459,100,3901.612221,0.09597685016040702,False,False,[0.5 0.3 0.3]
1984.444964,100,3902.098121,0.11800944694296549,False,False,[0.5 0.3 0.3]
779.90437,15,3902.263307,0.04760586335273317,False,True,[0.5 0.3 0.3]
1592.401846,100,3902.727148,0.041996844778975695,False,False,[0.5 0.3 0.3]
2190.308143,100,3903.1898,0.051209171665697086,False,False,[0.5 0.3 0.3]
1574.753924,100,3903.66753,0.09182135247210235,False,False,[0.5 0.3 0.3]
1602.879346,100,3904.151736,0.05744558797184319,False,False,[0.5 0.3 0.3]
1785.598144,100,3904.623235,0.05333089752850441,False,False,[0.5 0.3 0.3]
2103.71875,67,3904.963172,0.028605227067931838,False,True,[0.5 0.3 0.3]
1413.504987,100,3905.433093,0.027241221403985535,False,False,[0.5 0.3 0.3]
1781.768297,100,3905.909004,0.06664917893876773,False,False,[0.5 0.3 0.3]
2403.798552,100,3906.409951,0.07317754607904382,False,False,[0.5 0.3 0.3]
1143.928658,100,3906.883808,0.10101419234129021,False,False,[0.5 0.3 0.3]
2014.138537,100,3907.338184,0.08419801259769928,False,False,[0.5 0.3 0.3]
937.843585,43,3907.60218,0.04510454133336233,False,True,[0.5 0.3 0.3]
1991.486111,100,3908.078644,0.10961468505425236,False,False,[0.5 0.3 0.3]
1577.346172,100,3908.547427,0.09800299558160223,False,False,[0.5 0.3 0.3]
1371.388076,100,3909.023431,0.05364376391478584,False,False,[0.5 0.3 0.3]
1147.827421,100,3909.492731,0.09839109484796453,False,False,[0.5 0.3 0.3]
1583.779384,100,3910.54839,0.029729760041794742,False,False,[0.5 0.3 0.3]
2169.414887,100,3911.024741,0.04768186704263083,False,False,[0.5 0.3 0.3]
752.21542,100,3911.490712,0.07680460603919839,False,False,[0.5 0.3 0.3]
1368.086028,100,3911.970457,0.03489335729148447,False,False,[0.5 0.3 0.3]
1561.931741,45,3912.249145,0.033448937430367,False,True,[0.5 0.3 0.3]
1166.80189,100,3912.719473,0.08257485138825466,False,False,[0.5 0.3 0.3]
1599.734341,100,3913.171509,0.0730854285834043,False,False,[0.5 0.3 0.3]
2639.692029,100,3913.639019,0.06891358291342782,False,False,[0.5 0.3 0.3]
1167.962396,100,3914.11873,0.06320255136309429,False,False,[0.5 0.3 0.3]
1568.356999,100,3914.577923,0.040450020328093854,False,False,[0.5 0.3 0.3]
1600.937337,100,3915.047422,0.053812954180836606,False,False,[0.5 0.3 0.3]
1153.127252,100,3915.549396,0.1237860238489161,False,False,[0.5 0.3 0.3]
1580.505242,100,3916.021966,0.05774184431841535,False,False,[0.5 0.3 0.3]
1799.814314,100,3916.482893,0.09884165965032736,False,False,[0.5 0.3 0.3]
1363.757147,100,3916.949604,0.08514635573686846,False,False,[0.5 0.3 0.3]
2432.11714,100,3917.405544,0.04574938239243989,False,False,[0.5 0.3 0.3]
1967.542008,100,3917.866026,0.08285993530247238,False,False,[0.5 0.3 0.3]
1778.5169,100,3918.335079,0.0485078323635525,False,False,[0.5 0.3 0.3]
2184.885721,100,3918.804347,0.0651660311357037,False,False,[0.5 0.3 0.3]
1380.008713,100,3919.276072,0.051513080004720484,False,False,[0.5 0.3 0.3]
2191.519646,100,3919.743073,0.028436603185415864,False,False,[0.5 0.3 0.3]
2595.461503,100,3920.742708,0.055993890600313685,False,False,[0.5 0.3 0.3]
2195.585989,100,3921.20634,0.10478169582610063,False,False,[0.5 0.3 0.3]
1367.259229,100,3921.678272,0.06846565958950443,False,False,[0.5 0.3 0.3]
1787.256334,100,3922.152399,0.04638002478840503,False,False,[0.5 0.3 0.3]
1990.675805,100,3922.627676,0.013223853928105943,False,False,[0.5 0.3 0.3]
3001.823714,84,3923.037131,0.039286683684756823,False,True,[0.5 0.3 0.3]
1767.701002,100,3923.488449,0.08161979074197805,False,False,[0.5 0.3 0.3]
2457.046601,100,3923.955227,0.07430104261650984,False,False,[0.5 0.3 0.3]
1555.286271,100,3924.417714,0.059690791188542654,False,False,[0.5 0.3 0.3]
1374.632093,100,3924.922146,0.08616828946084969,False,False,[0.5 0.3 0.3]
740.648761,100,3925.38371,0.042024500984510264,False,False,[0.5 0.3 0.3]
1561.898201,100,3925.849954,0.04463723566235435,False,False,[0.5 0.3 0.3]
2194.87275,100,3926.329118,0.11656432772927529,False,False,[0.5 0.3 0.3]
1544.036357,100,3926.801994,0.04299498904738985,False,False,[0.5 0.3 0.3]
1549.461102,100,3927.273691,0.06335984374590618,False,False,[0.5 0.3 0.3]
1561.123495,100,3927.738804,0.05568822700871159,False,False,[0.5 0.3 0.3]
1788.93512,100,3928.216365,0.03646994553133136,False,False,[0.5 0.3 0.3]
2006.190305,100,3928.684035,0.029493717071011834,False,False,[0.5 0.3 0.3]
1383.545021,100,3929.147568,0.07547143316418403,False,False,[0.5 0.3 0.3]
2189.194071,100,3929.613434,0.03034295846657042,False,False,[0.5 0.3 0.3]
1569.651672,100,3930.619287,0.0452456026340086,False,False,[0.5 0.3 0.3]
1599.977063,100,3931.089389,0.07392533482940605,False,False,[0.5 0.3 0.3]
1990.397791,100,3931.556513,0.07113836805582265,False,False,[0.5 0.3 0.3]
2407.784175,100,3932.032795,0.08653100656142763,False,False,[0.5 0.3 0.3]
1401.951789,100,3932.520197,0.009120959507247953,False,False,[0.5 0.3 0.3]
1815.520212,100,3932.98578,0.057623189350036776,False,False,[0.5 0.3 0.3]
2379.036548,100,3933.447829,0.016185541321128545,False,False,[0.5 0.3 0.3]
1785.130663,100,3933.900971,0.049509553910177535,False,False,[0.5 0.3 0.3]
2836.544478,100,3934.371514,0.10056906603501667,False,False,[0.5 0.3 0.3]
952.621774,100,3934.841975,0.10516914018500828,False,False,[0.5 0.3 0.3]
1595.470849,100,3935.31239,0.03782840257768123,False,False,[0.5 0.3 0.3]
2185.82452,100,3935.764351,0.125907389208443,False,False,[0.5 0.3 0.3]
2432.195913,100,3936.24114,0.017704499137606782,False,False,[0.5 0.3 0.3]
2199.748233,100,3936.715364,0.09279884702983023,False,False,[0.5 0.3 0.3]
1365.378358,100,3937.167644,0.07240162569646695,False,False,[0.5 0.3 0.3]
2172.200919,100,3937.644129,0.05074988330149903,False,False,[0.5 0.3 0.3]
1999.685746,100,3938.126449,0.0441159983409119,False,False,[0.5 0.3 0.3]
1371.526742,100,3938.598607,0.08229141777652899,False,False,[0.5 0.3 0.3]
2004.693802,100,3939.065613,0.09071553558525415,False,False,[0.5 0.3 0.3]
1584.338218,100,3939.527945,0.02734577696605301,False,False,[0.5 0.3 0.3]
2006.307563,100,3939.993498,0.0749031786922407,False,False,[0.5 0.3 0.3]
1762.480499,100,3941.04435,0.0845098713085669,False,False,[0.5 0.3 0.3]
1755.097915,100,3941.530922,0.04455585880420912,False,False,[0.5 0.3 0.3]
1983.412857,100,3941.998806,0.049248456637383656,False,False,[0.5 0.3 0.3]
1361.279013,100,3942.48211,0.11714457550461647,False,False,[0.5 0.3 0.3]
1590.857725,100,3942.944724,0.06847427978061373,False,False,[0.5 0.3 0.3]
2394.454295,100,3943.423334,0.08533036360550454,False,False,[0.5 0.3 0.3]
1762.827941,100,3943.891634,0.07557871988302212,False,False,[0.5 0.3 0.3]
2215.0701,100,3944.360069,0.037484557021768256,False,False,[0.5 0.3 0.3]
928.3583,100,3944.852641,0.06966198272676306,False,False,[0.5 0.3 0.3]
2625.050025,100,3945.324502,0.04999481175175542,False,False,[0.5 0.3 0.3]
1972.534411,100,3945.791196,0.05753868263053947,False,False,[0.5 0.3 0.3]
1772.082862,100,3946.263885,0.05727784027395907,False,False,[0.5 0.3 0.3]
2004.971973,100,3946.735269,0.04369148524165567,False,False,[0.5 0.3 0.3]
2192.751183,100,3947.213572,0.05122753225968449,False,False,[0.5 0.3 0.3]
2188.807837,100,3947.676857,0.0756480838453123,False,False,[0.5 0.3 0.3]
1375.402946,100,3948.150456,0.057587699966262514,False,False,[0.5 0.3 0.3]
1400.77015,100,3948.639705,0.07142141393007692,False,False,[0.5 0.3 0.3]
1996.61183,100,3949.105988,0.0639001343547063,False,False,[0.5 0.3 0.3]
1952.146691,100,3949.566343,0.05415991072577481,False,False,[0.5 0.3 0.3]
1161.77815,100,3950.030053,0.020666676401874567,False,False,[0.5 0.3 0.3]
1179.411055,100,3951.047576,0.08197836994330036,False,False,[0.5 0.3 0.3]
1608.363371,100,3951.518345,0.07981748272468708,False,False,[0.5 0.3 0.3]
1992.815474,100,3951.971541,0.08087180697753721,False,False,[0.5 0.3 0.3]
1779.724802,100,3952.437033,0.09346636105508332,False,False,[0.5 0.3 0.3]
1803.195727,100,3952.931879,0.03620408371293989,False,False,[0.5 0.3 0.3]
1171.175033,100,3953.390574,0.05032382309254476,False,False,[0.5 0.3 0.3]
1359.356309,100,3953.850396,0.08661754450954418,False,False,[0.5 0.3 0.3]
1584.778784,100,3954.320414,0.08903785033032925,False,False,[0.5 0.3 0.3]
1578.394156,100,3954.78981,0.06844065326885544,False,False,[0.5 0.3 0.3]
1796.387166,100,3955.247186,0.08512942772625827,False,False,[0.5 0.3 0.3]
1978.771861,100,3955.719949,0.07466591823101223,False,False,[0.5 0.3 0.3]
1496.52863,100,3956.194196,0.10177112253521868,False,False,[0.5 0.3 0.3]
2623.293255,100,3956.670524,0.0829573970428237,False,False,[0.5 0.3 0.3]
2228.524298,100,3957.125609,0.05555160334113356,False,False,[0.5 0.3 0.3]
2630.195144,100,3957.600656,0.06672057849454859,False,False,[0.5 0.3 0.3]
2818.116345,100,3958.059541,0.0743363269207611,False,False,[0.5 0.3 0.3]
2544.454584,71,3958.430831,0.029799494865133707,False,True,[0.5 0.3 0.3]
1153.604066,100,3958.909712,0.06908889103851018,False,False,[0.5 0.3 0.3]
1994.247185,100,3959.366464,0.0726355627791267,False,False,[0.5 0.3 0.3]
1787.66954,100,3959.842543,0.10348528031315324,False,False,[0.5 0.3 0.3]
1369.016129,100,3960.312913,0.12974179132099117,False,False,[0.5 0.3 0.3]
1588.986966,100,3961.309856,0.04992278231163475,False,False,[0.5 0.3 0.3]
1373.076134,100,3961.769782,0.019424327911475022,False,False,[0.5 0.3 0.3]
2019.347576,100,3962.258745,0.04098497113665377,False,False,[0.5 0.3 0.3]
2061.411369,100,3962.725461,0.0250495307988776,False,True,[0.5 0.3 0.3]
2004.013921,100,3963.195589,0.050181463036667026,False,False,[0.5 0.3 0.3]
1979.052621,100,3963.656033,0.018338085370622623,False,False,[0.5 0.3 0.3]
2006.854153,100,3964.117796,0.04919404054073905,False,False,[0.5 0.3 0.3]
936.367878,100,3964.599491,0.02283103646855369,False,False,[0.5 0.3 0.3]
1963.447299,100,3965.099423,0.0355731650065201,False,False,[0.5 0.3 0.3]
2178.727758,100,3965.56232,0.05480419759674678,False,False,[0.5 0.3 0.3]
1156.301165,100,3966.037979,0.038557516579327836,False,False,[0.5 0.3 0.3]
1137.270809,100,3966.508571,0.05404284558523446,False,False,[0.5 0.3 0.3]
1397.083619,100,3966.990551,0.11125024401893106,False,False,[0.5 0.3 0.3]
944.675811,100,3967.454408,0.05908890777598206,False,False,[0.5 0.3 0.3]
1587.213391,100,3967.916744,0.031136644648898693,False,False,[0.5 0.3 0.3]
1775.043315,100,3968.387033,0.05664290063979162,False,False,[0.5 0.3 0.3]
1768.9597,100,3968.858344,0.0921373220619868,False,False,[0.5 0.3 0.3]
2627.278219,100,3969.322678,0.03716628442681095,False,False,[0.5 0.3 0.3]
1993.397765,100,3969.788096,0.12556262998576148,False,False,[0.5 0.3 0.3]
927.853228,100,3970.253142,0.11130140158670515,False,False,[0.5 0.3 0.3]
1195.39697,100,3970.72772,0.08104955109639826,False,False,[0.5 0.3 0.3]
1768.715914,100,3971.743809,0.08883883266347281,False,False,[0.5 0.3 0.3]
2187.623927,100,3972.204768,0.04093943269718561,False,False,[0.5 0.3 0.3]
1159.87402,100,3972.683331,0.023951424337509828,False,False,[0.5 0.3 0.3]
1789.711817,100,3973.155658,0.05694542904911011,False,False,[0.5 0.3 0.3]
1598.386047,100,3973.623022,0.04363062562055093,False,False,[0.5 0.3 0.3]
2416.026015,100,3974.085177,0.0728071072594628,False,False,[0.5 0.3 0.3]
1966.560532,100,3974.544247,0.03928353846527055,False,False,[0.5 0.3 0.3]
1758.60154,100,3975.007258,0.07412287219595562,False,False,[0.5 0.3 0.3]
1811.139454,100,3975.472927,0.008233492424726135,False,False,[0.5 0.3 0.3]
2830.511969,100,3975.931895,0.06849598794982388,False,False,[0.5 0.3 0.3]
1791.600259,100,3976.397259,0.09327444366044377,False,False,[0.5 0.3 0.3]
2376.407541,100,3976.85139,0.03735213933924791,False,False,[0.5 0.3 0.3]
1562.16235,100,3977.312134,0.07372557598467008,False,False,[0.5 0.3 0.3]
1178.263558,100,3977.789091,0.043215096724160164,False,False,[0.5 0.3 0.3]
2179.870542,100,3978.266561,0.13135001959915232,False,False,[0.5 0.3 0.3]
1968.744533,100,3978.741295,0.03565306355183281,False,False,[0.5 0.3 0.3]
1736.556251,38,3978.987755,0.021926336312408805,False,True,[0.5 0.3 0.3]
587.358251,16,3979.146445,0.039638558359261764,False,True,[0.5 0.3 0.3]
1780.544825,100,3979.730023,0.09659074494825232,False,False,[0.5 0.3 0.3]
1720.909815,35,3979.964087,0.039147773130687506,False,True,[0.5 0.3 0.3]
1381.071702,100,3980.429052,0.11173836283375682,False,False,[0.5 0.3 0.3]
1189.0337,100,3980.92232,0.08999184769465597,False,False,[0.5 0.3 0.3]
1786.880687,100,3981.947337,0.02853294171864934,False,False,[0.5 0.3 0.3]
1132.413165,100,3982.411129,0.08279114183665946,False,False,[0.5 0.3 0.3]
1163.142629,100,3982.872174,0.0589880067122477,False,False,[0.5 0.3 0.3]
1207.549249,19,3983.040348,0.03732975889675132,False,True,[0.5 0.3 0.3]
1152.493602,100,3983.495257,0.050180829941830214,False,False,[0.5 0.3 0.3]
1795.941813,100,3983.968057,0.09529282554236367,False,False,[0.5 0.3 0.3]
1592.800131,100,3984.434766,0.04414977926821381,False,False,[0.5 0.3 0.3]
2199.188203,100,3984.900349,0.031594284009135165,False,False,[0.5 0.3 0.3]
2435.420795,100,3985.377316,0.06453163897721396,False,False,[0.5 0.3 0.3]
1618.854232,100,3985.853935,0.03763947717415839,False,False,[0.5 0.3 0.3]
1588.222305,100,3986.322241,0.05124972605759254,False,False,[0.5 0.3 0.3]
1788.446866,100,3986.807737,0.0388672698140736,False,False,[0.5 0.3 0.3]
1805.621094,100,3987.277367,0.11178379918375063,False,False,[0.5 0.3 0.3]
1385.386946,100,3987.735569,0.0664424138804512,False,False,[0.5 0.3 0.3]
1594.313575,100,3988.215808,0.04919469898596552,False,False,[0.5 0.3 0.3]
1580.254902,100,3988.692729,0.0697302301635318,False,False,[0.5 0.3 0.3]
2406.368637,82,3989.105689,0.0462139098601606,False,True,[0.5 0.3 0.3]
2382.0683,100,3989.56912,0.1018352785306474,False,False,[0.5 0.3 0.3]
1171.791569,100,3990.031409,0.0929160287328192,False,False,[0.5 0.3 0.3]
1163.610946,100,3990.50513,0.10920645247697143,False,False,[0.5 0.3 0.3]
1572.18776,100,3990.995928,0.04084602591536865,False,False,[0.5 0.3 0.3]
1150.276737,100,3991.469345,0.041259842914217776,False,False,[0.5 0.3 0.3]
2608.054837,100,3992.489761,0.028220454894653434,False,False,[0.5 0.3 0.3]
1787.467894,100,3992.960415,0.03757742370764172,False,False,[0.5 0.3 0.3]
1158.94462,100,3993.43404,0.06848647612469129,False,False,[0.5 0.3 0.3]
1795.078503,100,3993.915952,0.03049792027262618,False,False,[0.5 0.3 0.3]
1847.283089,59,3994.245411,0.03576148972817704,False,True,[0.5 0.3 0.3]
1562.31698,100,3994.708424,0.053299742512146635,False,False,[0.5 0.3 0.3]
1346.213874,100,3995.178828,0.09920207769117675,False,False,[0.5 0.3 0.3]
1564.840013,100,3995.64711,0.043235917908543524,False,False,[0.5 0.3 0.3]
2637.8176,100,3996.118995,0.12486566882040652,False,False,[0.5 0.3 0.3]
2211.826725,100,3996.587702,0.03578822406687871,False,False,[0.5 0.3 0.3]
1766.184688,100,3997.054341,0.06467576362377322,False,False,[0.5 0.3 0.3]
1550.285678,100,3997.528639,0.08621458579101947,False,False,[0.5 0.3 0.3]
1600.276381,100,3997.994673,0.020124017887832996,False,False,[0.5 0.3 0.3]
2407.830672,100,3998.471907,0.0515505538816416,False,False,[0.5 0.3 0.3]
1776.941617,100,3998.934048,0.05111460985079753,False,False,[0.5 0.3 0.3]
2622.895106,100,3999.411349,0.09634152023011326,False,False,[0.5 0.3 0.3]
1995.376688,100,3999.876936,0.0870605119827476,False,False,[0.5 0.3 0.3]
1943.852466,79,4000.287835,0.031941817233160044,False,True,[0.5 0.3 0.3]
1769.232211,100,4000.760788,0.06357573659283618,False,False,[0.5 0.3 0.3]
931.458196,100,4001.246912,0.11139223798805284,False,False,[0.5 0.3 0.3]
1580.101923,100,4001.716253,0.09602293156469403,False,False,[0.5 0.3 0.3]
1781.131679,100,4002.715792,0.020001049873058764,False,False,[0.5 0.3 0.3]
1993.479553,100,4003.187739,0.09074790825432252,False,False,[0.5 0.3 0.3]
1570.363489,100,4003.663872,0.03815487140693468,False,False,[0.5 0.3 0.3]
2640.183369,100,4004.120587,0.09908947767508954,False,False,[0.5 0.3 0.3]
1368.652366,100,4004.590257,0.16226748772574895,False,False,[0.5 0.3 0.3]
2000.479278,100,4005.058669,0.14606540053129358,False,False,[0.5 0.3 0.3]
2611.624496,100,4005.518385,0.030611446820880822,False,False,[0.5 0.3 0.3]
1961.193865,100,4005.978003,0.033683172867582864,False,False,[0.5 0.3 0.3]
1114.714846,100,4006.4363,0.07353073069922751,False,False,[0.5 0.3 0.3]
1385.327908,100,4006.910701,0.07211434090883473,False,False,[0.5 0.3 0.3]
2793.890353,100,4007.389491,0.022441898221820758,False,False,[0.5 0.3 0.3]
979.172613,100,4007.858196,0.053694834348614134,False,False,[0.5 0.3 0.3]
2199.603548,100,4008.327749,0.10211949039348832,False,False,[0.5 0.3 0.3]
742.609588,100,4008.794477,0.0730425175588714,False,False,[0.5 0.3 0.3]
1791.407246,100,4009.267938,0.03342803094170463,False,False,[0.5 0.3 0.3]
1586.0243,100,4009.771249,0.09919894258080741,False,False,[0.5 0.3 0.3]
1562.123779,100,4010.241579,0.08296383452235484,False,False,[0.5 0.3 0.3]
2092.592247,62,4010.577455,0.012843469983354243,False,True,[0.5 0.3 0.3]
536.362026,7,4010.710275,0.03894304065541877,False,True,[0.5 0.3 0.3]
965.632195,100,4011.189835,0.12386556805340289,False,False,[0.5 0.3 0.3]
1995.271843,100,4011.666422,0.06343618065786415,False,False,[0.5 0.3 0.3]
1537.819125,100,4012.674469,0.04480723970868902,False,False,[0.5 0.3 0.3]
1147.126597,100,4013.149495,0.061413124167078566,False,False,[0.5 0.3 0.3]
2407.736548,100,4013.632758,0.04858317866754333,False,False,[0.5 0.3 0.3]
1346.843256,100,4014.101562,0.06293970901672893,False,False,[0.5 0.3 0.3]
2433.303993,89,4014.536571,0.03664608193979708,False,True,[0.5 0.3 0.3]
1378.322343,100,4014.994859,0.0650337539371915,False,False,[0.5 0.3 0.3]
1782.958117,100,4015.462806,0.06838856727122858,False,False,[0.5 0.3 0.3]
2201.268581,100,4015.930752,0.08912350990116179,False,False,[0.5 0.3 0.3]
1762.854253,100,4016.39272,0.08112197252343081,False,False,[0.5 0.3 0.3]
1355.726497,100,4016.854511,0.07337848428786709,False,False,[0.5 0.3 0.3]
1408.041361,100,4017.330418,0.07383246468038629,False,False,[0.5 0.3 0.3]
1983.815854,100,4017.806041,0.10441842095932223,False,False,[0.5 0.3 0.3]
1584.614511,100,4018.276797,0.051337768679058766,False,False,[0.5 0.3 0.3]
1576.014716,100,4018.748601,0.04650968915231527,False,False,[0.5 0.3 0.3]
1806.786235,100,4019.221253,0.09279282522006571,False,False,[0.5 0.3 0.3]
934.360501,100,4019.723487,0.04187049040353208,False,False,[0.5 0.3 0.3]
1572.480722,100,4020.195426,0.06573459061570701,False,False,[0.5 0.3 0.3]
2821.838259,100,4020.673458,0.032340561251615496,False,False,[0.5 0.3 0.3]
2431.347779,100,4021.151165,0.05127371536245797,False,False,[0.5 0.3 0.3]
1396.973736,100,4021.616272,0.06846011811250864,False,False,[0.5 0.3 0.3]
1575.948809,100,4022.088282,0.11338273918985597,False,False,[0.5 0.3 0.3]
1806.412692,49,4022.370414,0.011639121897914202,False,True,[0.5 0.3 0.3]
1158.516835,100,4023.357317,0.012326920508617186,False,False,[0.5 0.3 0.3]
1352.557958,100,4023.833901,0.1123508205631261,False,False,[0.5 0.3 0.3]
1899.354645,66,4024.166278,0.019349879362523113,False,True,[0.5 0.3 0.3]
2839.805993,100,4024.631938,0.08498145953546639,False,False,[0.5 0.3 0.3]
1976.596843,100,4025.103517,0.11039296477562775,False,False,[0.5 0.3 0.3]
757.360601,100,4025.56042,0.03261419120604,False,False,[0.5 0.3 0.3]
2170.933232,100,4026.033679,0.03315780620146364,False,False,[0.5 0.3 0.3]
1987.525593,100,4026.514477,0.062050573339152544,False,False,[0.5 0.3 0.3]
1569.414439,100,4026.985465,0.044538637672821076,False,False,[0.5 0.3 0.3]
1572.549271,100,4027.457406,0.08719045472723401,False,False,[0.5 0.3 0.3]
1179.506807,100,4027.937063,0.04481636625508587,False,False,[0.5 0.3 0.3]
1384.167051,100,4028.405582,0.06851984725769171,False,False,[0.5 0.3 0.3]
2811.650062,100,4028.864234,0.04019786819456381,False,False,[0.5 0.3 0.3]
1564.015871,100,4029.339049,0.15076588024913226,False,False,[0.5 0.3 0.3]
1367.341966,100,4029.81652,0.12228656746685536,False,False,[0.5 0.3 0.3]
1609.761861,100,4030.300612,0.11282377800961045,False,False,[0.5 0.3 0.3]
1356.141169,100,4030.758754,0.10111404536440854,False,False,[0.5 0.3 0.3]
2005.735953,100,4031.227325,0.0885298442613566,False,False,[0.5 0.3 0.3]
1161.277219,100,4031.704106,0.08061779815010846,False,False,[0.5 0.3 0.3]
2017.152903,100,4032.171207,0.0462424607844299,False,False,[0.5 0.3 0.3]
937.34918,100,4033.174372,0.057508567177469314,False,False,[0.5 0.3 0.3]
1387.271192,100,4033.643838,0.08736960054879757,False,False,[0.5 0.3 0.3]
1789.094653,100,4034.113067,0.07862308024777154,False,False,[0.5 0.3 0.3]
2394.234299,100,4034.575908,0.08443908670461085,False,False,[0.5 0.3 0.3]
1806.091256,100,4035.036054,0.04102252384878838,False,False,[0.5 0.3 0.3]
1979.698286,100,4035.505378,0.03052671010924614,False,False,[0.5 0.3 0.3]
1142.376774,100,4035.984363,0.05868855546735183,False,False,[0.5 0.3 0.3]
1369.13388,100,4036.450597,0.028696304829120646,False,False,[0.5 0.3 0.3]
1977.702575,100,4036.920087,0.1661992826370816,False,False,[0.5 0.3 0.3]
1387.546825,100,4037.392701,0.04375128367469907,False,False,[0.5 0.3 0.3]
2037.533405,100,4037.867669,0.04476603588496468,False,False,[0.5 0.3 0.3]
1565.397204,100,4038.349685,0.06771794192885068,False,False,[0.5 0.3 0.3]
938.282954,100,4038.860632,0.11504289626983383,False,False,[0.5 0.3 0.3]
1137.174855,100,4039.330866,0.0876576483990367,False,False,[0.5 0.3 0.3]
2619.294305,100,4039.804744,0.038523468013246624,False,False,[0.5 0.3 0.3]
1793.114412,100,4040.254729,0.051482557698181046,False,False,[0.5 0.3 0.3]
2793.760336,100,4040.724435,0.12072090494466427,False,False,[0.5 0.3 0.3]
2397.252158,100,4041.19996,0.042284269548458334,False,False,[0.5 0.3 0.3]
973.183765,100,4041.667852,0.07935781551301517,False,False,[0.5 0.3 0.3]
2187.652518,100,4042.131976,0.08142401292427652,False,False,[0.5 0.3 0.3]
1156.828924,100,4042.603339,0.04362742256209023,False,False,[0.5 0.3 0.3]
1786.437189,100,4043.612766,0.07763837113326999,False,False,[0.5 0.3 0.3]
2189.805643,100,4044.079238,0.025614025936606298,False,False,[0.5 0.3 0.3]
2021.34557,100,4044.55713,0.06616949663484076,False,False,[0.5 0.3 0.3]
1143.328708,100,4045.031293,0.05354271883440759,False,False,[0.5 0.3 0.3]
1382.684683,100,4045.503751,0.08337055973373822,False,False,[0.5 0.3 0.3]
2017.341671,100,4045.966081,0.07025184737267319,False,False,[0.5 0.3 0.3]
1594.23633,100,4046.43666,0.10039516685441068,False,False,[0.5 0.3 0.3]
1366.644479,100,4046.893749,0.04344256189404993,False,False,[0.5 0.3 0.3]
1584.51952,100,4047.371732,0.08355192079810413,False,False,[0.5 0.3 0.3]
1535.210736,100,4047.844625,0.06482606114966868,False,False,[0.5 0.3 0.3]
2203.250679,100,4048.341625,0.09535564704099236,False,False,[0.5 0.3 0.3]
1139.350118,100,4048.808276,0.07474453622879026,False,False,[0.5 0.3 0.3]
2423.52937,100,4049.276203,0.019976498272112942,False,False,[0.5 0.3 0.3]
2173.492176,100,4049.759768,0.030302430774846924,False,False,[0.5 0.3 0.3]
1999.755457,100,4050.254465,0.08738017029989241,False,False,[0.5 0.3 0.3]
2615.103273,100,4050.729552,0.051901564033781225,False,False,[0.5 0.3 0.3]
1581.441464,100,4051.203937,0.12206641093676125,False,False,[0.5 0.3 0.3]
2404.667358,100,4051.676596,0.03011609524173788,False,False,[0.5 0.3 0.3]
2395.20297,100,4052.159346,0.054200420824228206,False,False,[0.5 0.3 0.3]
2604.788884,100,4052.622053,0.03333465413384637,False,False,[0.5 0.3 0.3]
1194.232399,100,4053.618705,0.06313302328598817,False,False,[0.5 0.3 0.3]
2023.314392,100,4054.09605,0.07106097903905885,False,False,[0.5 0.3 0.3]
2391.107207,100,4054.57765,0.06383350219928899,False,False,[0.5 0.3 0.3]
1572.283495,100,4055.044444,0.02743418078204551,False,False,[0.5 0.3 0.3]
1377.952252,100,4055.520536,0.09474156297033849,False,False,[0.5 0.3 0.3]
1768.104469,100,4055.989193,0.09206229027319623,False,False,[0.5 0.3 0.3]
2426.928077,100,4056.450995,0.04600087758901121,False,False,[0.5 0.3 0.3]
1571.301351,100,4056.922671,0.04247410120204462,False,False,[0.5 0.3 0.3]
2673.430163,93,4057.378823,0.030151044332078592,False,True,[0.5 0.3 0.3]
1983.992871,100,4057.871869,0.06922273907318292,False,False,[0.5 0.3 0.3]
1991.634346,100,4058.345781,0.0704134053955927,False,False,[0.5 0.3 0.3]
1394.559163,100,4058.803842,0.06680898651067488,False,False,[0.5 0.3 0.3]
2193.740914,100,4059.260812,0.02982452991966518,False,False,[0.5 0.3 0.3]
1767.727378,100,4059.73017,0.06002113464229944,False,False,[0.5 0.3 0.3]
2638.067847,100,4060.206081,0.0852698633988157,False,False,[0.5 0.3 0.3]
1140.384757,100,4060.669001,0.09664433536573377,False,False,[0.5 0.3 0.3]
1172.189909,100,4061.129801,0.04884642264641087,False,False,[0.5 0.3 0.3]
2633.249218,100,4061.594985,0.10174603476490311,False,False,[0.5 0.3 0.3]
2198.854303,100,4062.062192,0.07378596006758978,False,False,[0.5 0.3 0.3]
2398.507139,100,4062.539537,0.03610840938103368,False,False,[0.5 0.3 0.3]
2235.218406,100,4062.992923,0.04894963763266029,False,False,[0.5 0.3 0.3]
1993.913528,100,4064.022336,0.05764967191065354,False,False,[0.5 0.3 0.3]
1808.614799,100,4064.488453,0.07276309880705184,False,False,[0.5 0.3 0.3]
3040.210518,100,4064.947102,0.06095831942728298,False,False,[0.5 0.3 0.3]
1382.688899,100,4065.418934,0.036988726330810816,False,False,[0.5 0.3 0.3]
1819.326455,100,4065.890745,0.1520367294868845,False,False,[0.5 0.3 0.3]
1768.994804,100,4066.375733,0.0905710466936674,False,False,[0.5 0.3 0.3]
1986.643688,100,4066.873824,0.031419685837907,False,False,[0.5 0.3 0.3]
1181.899593,100,4067.348202,0.022647753767464404,False,False,[0.5 0.3 0.3]
924.338421,100,4067.82184,0.13965165276316702,False,False,[0.5 0.3 0.3]
1779.243214,100,4068.29974,0.04010615821872804,False,False,[0.5 0.3 0.3]
2210.938555,100,4068.773314,0.027230099480871406,False,False,[0.5 0.3 0.3]
1377.417738,100,4069.222397,0.04803948191042828,False,False,[0.5 0.3 0.3]
2205.245172,100,4069.697123,0.12243250321110027,False,False,[0.5 0.3 0.3]
1362.027467,100,4070.177204,0.04780292059947171,False,False,[0.5 0.3 0.3]
2013.096263,100,4070.644624,0.09226440449400473,False,False,[0.5 0.3 0.3]
1181.803582,100,4071.110118,0.08809314643052428,False,False,[0.5 0.3 0.3]
1381.716152,100,4071.573133,0.03380698048103226,False,False,[0.5 0.3 0.3]
1381.517885,100,4072.04729,0.12655958127212885,False,False,[0.5 0.3 0.3]
2197.478884,100,4072.532374,0.058876596964301024,False,False,[0.5 0.3 0.3]
983.730037,100,4072.993534,0.06151463125888653,False,False,[0.5 0.3 0.3]
2949.986581,70,4073.35179,0.03438374636741532,False,True,[0.5 0.3 0.3]
531.09967,6,4073.482139,0.026502148795545546,False,True,[0.5 0.3 0.3]
1781.680708,100,4074.476441,0.09014712773448033,False,False,[0.5 0.3 0.3]
1561.91114,100,4074.947997,0.06592733433336298,False,False,[0.5 0.3 0.3]
1597.168177,100,4075.408811,0.026303648786641636,False,False,[0.5 0.3 0.3]
2830.144682,100,4075.879567,0.04069326010595969,False,False,[0.5 0.3 0.3]
1373.658095,100,4076.367078,0.06881907483217038,False,False,[0.5 0.3 0.3]
2202.643848,100,4076.833377,0.037111762448865146,False,False,[0.5 0.3 0.3]
966.053169,100,4077.304091,0.07117727840095503,False,False,[0.5 0.3 0.3]
1601.381523,100,4077.769551,0.06677734746385139,False,False,[0.5 0.3 0.3]
1555.712794,100,4078.237762,0.1045220106949133,False,False,[0.5 0.3 0.3]
1819.011161,100,4078.723361,0.033710648880393504,False,False,[0.5 0.3 0.3]
2438.726801,100,4079.18194,0.03977286528956606,False,False,[0.5 0.3 0.3]
967.137,100,4079.643842,0.09432096459483512,False,False,[0.5 0.3 0.3]
2799.347068,100,4080.116671,0.0634865567538494,False,False,[0.5 0.3 0.3]
1806.931734,100,4080.586634,0.05139053426164529,False,False,[0.5 0.3 0.3]
3050.122841,100,4081.055269,0.0047730447640154106,False,False,[0.5 0.3 0.3]
2200.818602,100,4081.521267,0.07534823434174111,False,False,[0.5 0.3 0.3]
2200.627021,100,4081.999279,0.039129123028397515,False,False,[0.5 0.3 0.3]
1566.18488,100,4082.482759,0.08647727397462338,False,False,[0.5 0.3 0.3]
1589.310321,100,4082.973361,0.0808281795654025,False,False,[0.5 0.3 0.3]
1361.322598,100,4083.434221,0.07351569308961185,False,False,[0.5 0.3 0.3]
1374.24229,100,4084.439098,0.06558777929826623,False,False,[0.5 0.3 0.3]
1590.315022,100,4084.890782,0.08732989325978455,False,False,[0.5 0.3 0.3]
1385.889355,100,4085.357689,0.05218712199788863,False,False,[0.5 0.3 0.3]
2794.390788,100,4085.84706,0.03745071937297959,False,False,[0.5 0.3 0.3]
1780.194115,100,4086.320889,0.029429081338619906,False,False,[0.5 0.3 0.3]
1362.117111,100,4086.813331,0.06688188901198619,False,False,[0.5 0.3 0.3]
1187.849962,100,4087.292421,0.14383530814811749,False,False,[0.5 0.3 0.3]
937.353493,100,4087.75044,0.08348201995005378,False,False,[0.5 0.3 0.3]
1349.445192,100,4088.220051,0.09296342288366784,False,False,[0.5 0.3 0.3]
1818.36159,100,4088.687494,0.03344633377380817,False,False,[0.5 0.3 0.3]
1362.53808,100,4089.148172,0.0972479007217507,False,False,[0.5 0.3 0.3]
2384.182943,100,4089.62544,0.07165970078381632,False,False,[0.5 0.3 0.3]
1367.914366,100,4090.099914,0.062255822553853715,False,False,[0.5 0.3 0.3]
1570.029151,100,4090.553218,0.053188904987174886,False,False,[0.5 0.3 0.3]
1684.546185,26,4090.757601,0.04132612119901762,False,True,[0.5 0.3 0.3]
2026.085091,100,4091.227996,0.08835496047580904,False,False,[0.5 0.3 0.3]
1973.45851,100,4091.703658,0.10627144931151128,False,False,[0.5 0.3 0.3]
759.650536,100,4092.172565,0.08271906118003,False,False,[0.5 0.3 0.3]
1961.263252,81,4092.575745,0.035848548372753156,False,True,[0.5 0.3 0.3]
1370.140835,100,4093.035206,0.06352018474294202,False,False,[0.5 0.3 0.3]
1772.793222,100,4093.503197,0.054793318388716976,False,False,[0.5 0.3 0.3]
1341.383772,100,4093.968002,0.11775470029890783,False,False,[0.5 0.3 0.3]
1771.212179,100,4094.965005,0.05089816835654199,False,False,[0.5 0.3 0.3]
2080.99312,61,4095.323145,0.043373459817478185,False,True,[0.5 0.3 0.3]
1388.992555,100,4095.802974,0.0824754154547392,False,False,[0.5 0.3 0.3]
2585.008109,100,4096.275582,0.02455462692585831,False,False,[0.5 0.3 0.3]
1976.523925,100,4096.740542,0.04149016134515949,False,False,[0.5 0.3 0.3]
1571.556427,100,4097.220347,0.03505667009234625,False,False,[0.5 0.3 0.3]
2181.08321,100,4097.687461,0.04797070167713421,False,False,[0.5 0.3 0.3]
1397.016385,100,4098.164502,0.10047505143650622,False,False,[0.5 0.3 0.3]
2828.069729,100,4098.640162,0.019266190857446956,False,False,[0.5 0.3 0.3]
1161.217258,100,4099.105045,0.09413567571303433,False,False,[0.5 0.3 0.3]
1184.189372,100,4099.565315,0.12017128605276048,False,False,[0.5 0.3 0.3]
2182.754978,100,4100.027983,0.07063624926774074,False,False,[0.5 0.3 0.3]
1378.977925,100,4100.505717,0.1004594703774488,False,False,[0.5 0.3 0.3]
1190.365743,100,4100.993399,0.04918163416867273,False,False,[0.5 0.3 0.3]
2179.787096,100,4101.459986,0.06654728480954492,False,False,[0.5 0.3 0.3]
3018.289957,100,4101.926332,0.05479143958387854,False,False,[0.5 0.3 0.3]
1575.037849,100,4102.396111,0.05107368688954368,False,False,[0.5 0.3 0.3]
1164.649667,100,4102.858836,0.11018156766149395,False,False,[0.5 0.3 0.3]
1134.619153,100,4103.325316,0.07476413363239878,False,False,[0.5 0.3 0.3]
1993.642194,100,4103.796009,0.05877333679528584,False,False,[0.5 0.3 0.3]
1375.119225,100,4104.833054,0.06572138812054736,False,False,[0.5 0.3 0.3]
2014.784944,100,4105.29247,0.04477066406262963,False,False,[0.5 0.3 0.3]
1576.356629,100,4105.759959,0.07013922884075947,False,False,[0.5 0.3 0.3]
1391.092835,100,4106.220802,0.08397622674112133,False,False,[0.5 0.3 0.3]
1830.248973,58,4106.541655,0.02081035978511641,False,True,[0.5 0.3 0.3]
1557.982828,100,4107.022942,0.07765169252914735,False,False,[0.5 0.3 0.3]
1992.620299,100,4107.491939,0.013077262365248596,False,False,[0.5 0.3 0.3]
1171.699555,100,4107.954187,0.057616266693112796,False,False,[0.5 0.3 0.3]
1153.681874,100,4108.429084,0.05190367634774435,False,False,[0.5 0.3 0.3]
1373.123779,100,4108.902013,0.01952073490410883,False,False,[0.5 0.3 0.3]
1585.151526,100,4109.359166,0.035590523616734586,False,False,[0.5 0.3 0.3]
1582.470535,100,4109.830664,0.06895882769241238,False,False,[0.5 0.3 0.3]
2002.705858,100,4110.307264,0.07796182548794152,False,False,[0.5 0.3 0.3]
1799.212559,100,4110.773438,0.09842921159888672,False,False,[0.5 0.3 0.3]
3028.594442,100,4111.246341,0.050735338400766807,False,False,[0.5 0.3 0.3]
2385.197763,100,4111.713457,0.04332334673742691,False,False,[0.5 0.3 0.3]
1809.555607,100,4112.192322,0.04470590813830158,False,False,[0.5 0.3 0.3]
1776.979486,100,4112.662182,0.07718809618208425,False,False,[0.5 0.3 0.3]
2163.924994,77,4113.058678,0.027740156248809277,False,True,[0.5 0.3 0.3]
2440.487809,100,4113.526405,0.04188363513589349,False,False,[0.5 0.3 0.3]
1987.078757,100,4114.028139,0.05966032059770873,False,False,[0.5 0.3 0.3]
1755.379386,100,4114.504975,0.10625815482077268,False,False,[0.5 0.3 0.3]
948.341718,100,4115.538704,0.07158437144281951,False,False,[0.5 0.3 0.3]
1994.685177,100,4116.013219,0.08012934988683491,False,False,[0.5 0.3 0.3]
1153.341915,100,4116.487761,0.11880892791864761,False,False,[0.5 0.3 0.3]
1799.937852,100,4116.970703,0.0601509102907829,False,False,[0.5 0.3 0.3]
956.490318,100,4117.440029,0.026513268121634737,False,False,[0.5 0.3 0.3]
1381.837265,100,4117.906997,0.10059567843477989,False,False,[0.5 0.3 0.3]
2208.547383,100,4118.365103,0.053025156312062324,False,False,[0.5 0.3 0.3]
1750.767869,100,4118.83377,0.15902966412326217,False,False,[0.5 0.3 0.3]
1783.680191,100,4119.320783,0.033212059187082914,False,False,[0.5 0.3 0.3]
2414.349163,100,4119.778202,0.06808563311416346,False,False,[0.5 0.3 0.3]
1779.002007,100,4120.240289,0.09425805321815815,False,False,[0.5 0.3 0.3]
931.392528,100,4120.720752,0.04416193528484395,False,False,[0.5 0.3 0.3]
1806.136175,100,4121.196953,0.05332637566599912,False,False,[0.5 0.3 0.3]
1974.175779,100,4121.672,0.14096908784880216,False,False,[0.5 0.3 0.3]
2209.778908,100,4122.150386,0.06011176901709674,False,False,[0.5 0.3 0.3]
2390.681671,100,4122.62193,0.07904639993429652,False,False,[0.5 0.3 0.3]
1156.671215,100,4123.092152,0.07786624694007122,False,False,[0.5 0.3 0.3]
1822.442896,100,4123.582253,0.05527322650413097,False,False,[0.5 0.3 0.3]
1207.365507,100,4124.045127,0.03118532891106851,False,False,[0.5 0.3 0.3]
1564.218365,100,4124.509027,0.10206568142978473,False,False,[0.5 0.3 0.3]
1996.501972,100,4125.483924,0.03485032491220718,False,False,[0.5 0.3 0.3]
1585.10084,100,4125.949805,0.02198954037234252,False,False,[0.5 0.3 0.3]
1350.135879,100,4126.410024,0.08468797335082641,False,False,[0.5 0.3 0.3]
1980.514243,100,4126.868691,0.0944387652949466,False,False,[0.5 0.3 0.3]
1566.445914,100,4127.346507,0.03925429629644024,False,False,[0.5 0.3 0.3]
1785.133749,100,4127.824058,0.009214353353870448,False,False,[0.5 0.3 0.3]
1354.027466,100,4128.285451,0.10334059985054345,False,False,[0.5 0.3 0.3]
985.995856,100,4128.765862,0.0167212987451898,False,False,[0.5 0.3 0.3]
1948.60119,100,4129.244972,0.041221004619154254,False,False,[0.5 0.3 0.3]
1789.409122,100,4129.711259,0.08567715127905907,False,False,[0.5 0.3 0.3]
1369.262031,100,4130.195082,0.03349231992379369,False,False,[0.5 0.3 0.3]
2821.463699,100,4130.670718,0.06663736004103057,False,False,[0.5 0.3 0.3]
2190.414173,100,4131.149109,0.08656057521206857,False,False,[0.5 0.3 0.3]
1595.070751,100,4131.606425,0.07614461193668091,False,False,[0.5 0.3 0.3]
2009.094456,100,4132.074466,0.11123576522852885,False,False,[0.5 0.3 0.3]
1354.816164,100,4132.537354,0.0913079561288114,False,False,[0.5 0.3 0.3]
1781.03412,100,4133.039906,0.02148243078640841,False,False,[0.5 0.3 0.3]
1989.866323,100,4133.50895,0.06187097576257837,False,False,[0.5 0.3 0.3]
1781.546611,100,4133.969702,0.07157497704507053,False,False,[0.5 0.3 0.3]
2232.762853,100,4134.435729,0.032362179402149444,False,False,[0.5 0.3 0.3]
1999.571894,100,4135.432325,0.00713338386886011,False,False,[0.5 0.3 0.3]
1582.548059,100,4135.909302,0.04201990440570824,False,False,[0.5 0.3 0.3]
1629.080068,100,4136.381004,0.07096974812188996,False,False,[0.5 0.3 0.3]
1789.743266,100,4136.844253,0.07154382714653146,False,False,[0.5 0.3 0.3]
1964.214503,100,4137.312229,0.09723428145323569,False,False,[0.5 0.3 0.3]
1165.392914,100,4137.764681,0.04386145720753409,False,False,[0.5 0.3 0.3]
2390.331376,100,4138.232173,0.061413896078560105,False,False,[0.5 0.3 0.3]
2256.815574,100,4138.701847,0.048044265400747854,False,False,[0.5 0.3 0.3]
1998.129219,100,4139.185084,0.04373471395707663,False,False,[0.5 0.3 0.3]
1753.026669,41,4139.436288,0.03592223312066756,False,True,[0.5 0.3 0.3]
2025.964313,100,4139.91269,0.02089870571330352,False,False,[0.5 0.3 0.3]
1760.934073,40,4140.163331,0.013338698644021523,False,True,[0.5 0.3 0.3]
1783.684627,100,4140.626531,0.03106557753674146,False,False,[0.5 0.3 0.3]
2012.313025,100,4141.101084,0.05733699897038721,False,False,[0.5 0.3 0.3]
1359.453419,100,4141.580846,0.05311841224618579,False,False,[0.5 0.3 0.3]
2601.092736,100,4142.053187,0.05347386961701355,False,False,[0.5 0.3 0.3]
1964.134078,100,4142.546742,0.09343520887064447,False,False,[0.5 0.3 0.3]
1978.076985,100,4143.033539,0.09203436640812328,False,False,[0.5 0.3 0.3]
944.164446,100,4143.504567,0.10394691652732771,False,False,[0.5 0.3 0.3]
2610.874964,100,4143.970761,0.04980696600674629,False,False,[0.5 0.3 0.3]
1988.942044,100,4144.442413,0.10512228743935202,False,False,[0.5 0.3 0.3]
2209.014982,100,4144.920515,0.08754634073755978,False,False,[0.5 0.3 0.3]
1799.893601,100,4145.914549,0.03386244527768458,False,False,[0.5 0.3 0.3]
2610.43772,100,4146.383934,0.08119241016332207,False,False,[0.5 0.3 0.3]
1997.350112,100,4146.862047,0.10758110226522294,False,False,[0.5 0.3 0.3]
1178.219179,100,4147.33321,0.06585696292747,False,False,[0.5 0.3 0.3]
2005.284474,100,4147.794468,0.07864943981548658,False,False,[0.5 0.3 0.3]
1597.024356,100,4148.276875,0.130159187144312,False,False,[0.5 0.3 0.3]
1366.324073,100,4148.750873,0.13173011636273765,False,False,[0.5 0.3 0.3]
1768.603224,100,4149.209615,0.05603880130231559,False,False,[0.5 0.3 0.3]
736.910825,100,4149.69251,0.12930513921087405,False,False,[0.5 0.3 0.3]
1380.015705,100,4150.167536,0.049461544445704456,False,False,[0.5 0.3 0.3]
1612.210767,100,4150.650477,0.09298904183104174,False,False,[0.5 0.3 0.3]
2002.010208,100,4151.140599,0.05108223647566756,False,False,[0.5 0.3 0.3]
1818.828281,100,4151.643588,0.05551491990930058,False,False,[0.5 0.3 0.3]
1373.100693,100,4152.107494,0.036480806316646054,False,False,[0.5 0.3 0.3]
1789.038097,100,4152.583642,0.042432116758752206,False,False,[0.5 0.3 0.3]
3050.113863,93,4153.041231,0.048078012341407926,False,True,[0.5 0.3 0.3]
1957.678374,36,4153.267473,0.04514506933754283,False,True,[0.5 0.3 0.3]
597.221758,17,4153.437835,0.03108085522390602,False,True,[0.5 0.3 0.3]
1595.398578,100,4153.901967,0.053744821802527744,False,False,[0.5 0.3 0.3]
2004.438706,100,4154.361777,0.058325342463255055,False,False,[0.5 0.3 0.3]
1771.863083,100,4154.820638,0.021902538131272613,False,False,[0.5 0.3 0.3]
2445.585389,90,4155.247126,0.03793732336954699,False,True,[0.5 0.3 0.3]
2602.784563,100,4156.256433,0.036436336884884006,False,False,[0.5 0.3 0.3]
2192.622964,100,4156.72389,0.028253495073540053,False,False,[0.5 0.3 0.3]
1760.212883,100,4157.213297,0.06097328882009421,False,False,[0.5 0.3 0.3]
2431.147485,100,4157.685209,0.07135570440190338,False,False,[0.5 0.3 0.3]
2529.276458,73,4158.052578,0.04078133864280592,False,True,[0.5 0.3 0.3]
1909.242857,69,4158.392093,0.043867677716791315,False,True,[0.5 0.3 0.3]
1967.264948,100,4158.856877,0.07488726812774647,False,False,[0.5 0.3 0.3]
2640.284169,100,4159.316019,0.03487199624681929,False,False,[0.5 0.3 0.3]
2215.549232,100,4159.785615,0.07631159670762479,False,False,[0.5 0.3 0.3]
1755.355181,100,4160.256813,0.07611215866608236,False,False,[0.5 0.3 0.3]
1781.499905,100,4160.720069,0.025948862100587885,False,False,[0.5 0.3 0.3]
1762.683648,100,4161.197745,0.10147185513744357,False,False,[0.5 0.3 0.3]
1572.991532,100,4161.663496,0.0267573024247998,False,False,[0.5 0.3 0.3]
1153.675412,100,4162.130712,0.0949351655560647,False,False,[0.5 0.3 0.3]
1782.219793,100,4162.60466,0.03960536480682736,False,False,[0.5 0.3 0.3]
1985.704345,100,4163.078623,0.049061355357952266,False,False,[0.5 0.3 0.3]
1578.147715,100,4163.556512,0.09778064844727426,False,False,[0.5 0.3 0.3]
1803.324793,100,4164.024808,0.0609632508633321,False,False,[0.5 0.3 0.3]
1773.115869,100,4164.500084,0.04228652724062696,False,False,[0.5 0.3 0.3]
2422.951495,92,4164.93777,0.03886699884769515,False,True,[0.5 0.3 0.3]
2568.591753,73,4165.309122,0.031767165779328935,False,True,[0.5 0.3 0.3]
1574.281836,100,4165.789397,0.1016336720929969,False,False,[0.5 0.3 0.3]
1972.598358,100,4166.787981,0.0521876824470266,False,False,[0.5 0.3 0.3]
1589.512056,100,4167.263486,0.029153853467515943,False,False,[0.5 0.3 0.3]
1800.29581,100,4167.749377,0.02840133167495298,False,False,[0.5 0.3 0.3]
1390.409238,100,4168.220582,0.10203552022968121,False,False,[0.5 0.3 0.3]
1604.638663,100,4168.689603,0.024145826398584355,False,False,[0.5 0.3 0.3]
1571.089947,100,4169.160532,0.07890159664001709,False,False,[0.5 0.3 0.3]
1978.188769,100,4169.636774,0.048129085079034475,False,False,[0.5 0.3 0.3]
1804.903836,100,4170.099162,0.014730388652103417,False,False,[0.5 0.3 0.3]
2809.159386,100,4170.604383,0.09518547724789786,False,False,[0.5 0.3 0.3]
2365.083785,100,4171.075397,0.10779005624403996,False,False,[0.5 0.3 0.3]
1795.271986,100,4171.545112,0.03963897755916699,False,False,[0.5 0.3 0.3]
2021.412751,100,4172.033635,0.03312230654949167,False,False,[0.5 0.3 0.3]
757.760215,100,4172.49865,0.05263524494992769,False,False,[0.5 0.3 0.3]
1362.086419,100,4172.970966,0.045359488101568896,False,False,[0.5 0.3 0.3]
2168.198768,100,4173.453642,0.02071298771497708,False,False,[0.5 0.3 0.3]
2590.28315,100,4173.919162,0.12510077855225982,False,False,[0.5 0.3 0.3]
781.242125,100,4174.389217,0.11112370075438731,False,False,[0.5 0.3 0.3]
2813.493842,100,4174.858909,0.121146547534122,False,False,[0.5 0.3 0.3]
2404.971278,100,4175.322596,0.06630914478166354,False,False,[0.5 0.3 0.3]
1570.815003,100,4175.811453,0.05713225727834865,False,False,[0.5 0.3 0.3]
2384.84912,100,4176.818455,0.02555115319141319,False,False,[0.5 0.3 0.3]
2009.884707,100,4177.297081,0.07931818361387098,False,False,[0.5 0.3 0.3]
1825.663603,100,4177.775138,0.019002254311818914,False,False,[0.5 0.3 0.3]
2602.28536,100,4178.242298,0.08090385755549265,False,False,[0.5 0.3 0.3]
1787.285071,100,4178.695168,0.07977482907150601,False,False,[0.5 0.3 0.3]
1999.520903,100,4179.155973,0.02340520264565086,False,False,[0.5 0.3 0.3]
2402.778256,100,4179.629131,0.049978574654993786,False,False,[0.5 0.3 0.3]
2190.797616,100,4180.127723,0.02897279702478062,False,False,[0.5 0.3 0.3]
1381.098352,100,4180.588762,0.06184171399175107,False,False,[0.5 0.3 0.3]
1183.861046,100,4181.062083,0.09078217029081728,False,False,[0.5 0.3 0.3]
2179.819357,100,4181.536339,0.0917109009281908,False,False,[0.5 0.3 0.3]
2219.312988,100,4182.013741,0.03397345676934839,False,False,[0.5 0.3 0.3]
1956.723746,100,4182.490628,0.07976938936280092,False,False,[0.5 0.3 0.3]
2012.044236,100,4182.957396,0.04711133100203043,False,False,[0.5 0.3 0.3]
1172.779646,100,4183.425519,0.05976610898524591,False,False,[0.5 0.3 0.3]
2807.01145,100,4183.912986,0.07671954039654283,False,False,[0.5 0.3 0.3]
1183.511503,100,4184.3924,0.06422861369899509,False,False,[0.5 0.3 0.3]
1343.678864,100,4184.863697,0.07520527086043956,False,False,[0.5 0.3 0.3]
1999.041873,100,4185.337501,0.026076974061519587,False,False,[0.5 0.3 0.3]
2206.271846,100,4185.804809,0.03998951800096836,False,False,[0.5 0.3 0.3]
2391.418631,100,4186.28013,0.07825794289660919,False,False,[0.5 0.3 0.3]
1539.143837,100,4187.300043,0.06586298973431536,False,False,[0.5 0.3 0.3]
2015.461121,89,4187.733897,0.04682058448618828,False,True,[0.5 0.3 0.3]
1369.509589,100,4188.204993,0.043148600784757456,False,False,[0.5 0.3 0.3]
2361.843305,100,4188.666281,0.07003524208491864,False,False,[0.5 0.3 0.3]
2813.88394,100,4189.14637,0.044940940623159,False,False,[0.5 0.3 0.3]
999.507402,100,4189.644967,0.08663113688345726,False,False,[0.5 0.3 0.3]
2192.553899,100,4190.114037,0.07076163143996045,False,False,[0.5 0.3 0.3]
1969.484796,100,4190.589627,0.06662824623833727,False,False,[0.5 0.3 0.3]
1130.762709,100,4191.047312,0.06699102775649278,False,False,[0.5 0.3 0.3]
1771.631639,100,4191.52296,0.09068517064949912,False,False,[0.5 0.3 0.3]
1774.23166,100,4191.998946,0.021036420038733974,False,False,[0.5 0.3 0.3]
1153.872123,100,4192.469445,0.0708813066032755,False,False,[0.5 0.3 0.3]
940.747606,100,4192.939428,0.11775292555962384,False,False,[0.5 0.3 0.3]
2182.695431,100,4193.412633,0.07185574649065915,False,False,[0.5 0.3 0.3]
1387.995996,100,4193.878415,0.020836042731830103,False,False,[0.5 0.3 0.3]
1182.236895,100,4194.357212,0.01169843056307847,False,False,[0.5 0.3 0.3]
2216.247725,100,4194.820951,0.06476149397319804,False,False,[0.5 0.3 0.3]
1565.757592,100,4195.290188,0.00830312033017879,False,False,[0.5 0.3 0.3]
2408.330476,100,4195.787729,0.11032327079982902,False,False,[0.5 0.3 0.3]
1126.718299,100,4196.257765,0.06362266445735629,False,False,[0.5 0.3 0.3]
1179.093411,100,4197.281253,0.17569379102133084,False,False,[0.5 0.3 0.3]
2176.024301,100,4197.748374,0.09085116190394167,False,False,[0.5 0.3 0.3]
1992.078903,100,4198.219644,0.10466158367698045,False,False,[0.5 0.3 0.3]
1576.376713,100,4198.684541,0.07154112397206223,False,False,[0.5 0.3 0.3]
2184.591325,100,4199.159488,0.0162809906030484,False,False,[0.5 0.3 0.3]
2598.659912,100,4199.624253,0.11102267407587814,False,False,[0.5 0.3 0.3]
2215.200171,100,4200.083129,0.0903615424900986,False,False,[0.5 0.3 0.3]
3482.603067,92,4200.51749,0.04737660554477378,False,True,[0.5 0.3 0.3]
2213.41307,100,4200.971891,0.009567369432282294,False,False,[0.5 0.3 0.3]
2606.634532,100,4201.440419,0.04697681334677606,False,False,[0.5 0.3 0.3]
1792.312196,100,4201.914521,0.045022024441152456,False,False,[0.5 0.3 0.3]
1800.964173,100,4202.393326,0.04161975912295748,False,False,[0.5 0.3 0.3]
2196.220466,100,4202.856654,0.0575561591321648,False,False,[0.5 0.3 0.3]
1353.28211,100,4203.316688,0.07329971660277908,False,False,[0.5 0.3 0.3]
2432.830572,100,4203.783137,0.07265061702018052,False,False,[0.5 0.3 0.3]
1359.531518,100,4204.24587,0.02642164910917085,False,False,[0.5 0.3 0.3]
2210.566828,100,4204.716918,0.12161408163388093,False,False,[0.5 0.3 0.3]
1566.933332,100,4205.215551,0.053987392323535985,False,False,[0.5 0.3 0.3]
1386.066635,100,4205.696486,0.027771135207052038,False,False,[0.5 0.3 0.3]
1769.018208,100,4206.171654,0.08805978776358978,False,False,[0.5 0.3 0.3]
1383.477656,100,4206.646194,0.03525753510122783,False,False,[0.5 0.3 0.3]
1756.545087,100,4207.647079,0.06200778120371704,False,False,[0.5 0.3 0.3]
1996.667351,100,4208.120584,0.07007472760124137,False,False,[0.5 0.3 0.3]
1176.038338,100,4208.594488,0.1575624517365374,False,False,[0.5 0.3 0.3]
1551.527907,100,4209.058382,0.04111859202155506,False,False,[0.5 0.3 0.3]
3033.522635,100,4209.513077,0.07966666386518588,False,False,[0.5 0.3 0.3]
2008.308824,100,4209.98188,0.10339398403900238,False,False,[0.5 0.3 0.3]
1577.865976,100,4210.450279,0.1273044153408941,False,False,[0.5 0.3 0.3]
1148.967576,100,4210.927226,0.16363023690251394,False,False,[0.5 0.3 0.3]
1586.132974,100,4211.391994,0.08201407359959026,False,False,[0.5 0.3 0.3]
1812.796506,100,4211.864377,0.056839919426915624,False,False,[0.5 0.3 0.3]
2013.701071,100,4212.352869,0.08420738487495803,False,False,[0.5 0.3 0.3]
1364.82112,100,4212.836085,0.01544837916802193,False,False,[0.5 0.3 0.3]
2578.237668,78,4213.218793,0.035103878418154856,False,True,[0.5 0.3 0.3]
1806.3357,100,4213.690152,0.045478444541327545,False,False,[0.5 0.3 0.3]
2207.733605,100,4214.152088,0.05208394338346963,False,False,[0.5 0.3 0.3]
1379.778227,100,4214.651244,0.08503260931375425,False,False,[0.5 0.3 0.3]
2427.943487,100,4215.116833,0.040504468302702656,False,False,[0.5 0.3 0.3]
1591.940321,100,4215.578483,0.0333338155115618,False,False,[0.5 0.3 0.3]
1127.598558,100,4216.049507,0.11670647744789543,False,False,[0.5 0.3 0.3]
2396.704508,100,4216.525927,0.07012570334708612,False,False,[0.5 0.3 0.3]
1560.797666,100,4217.576138,0.05506562952925894,False,False,[0.5 0.3 0.3]
1363.424889,100,4218.093379,0.05609044909558662,False,False,[0.5 0.3 0.3]
1375.737199,100,4218.606651,0.13165729224920264,False,False,[0.5 0.3 0.3]
1357.201469,100,4219.137558,0.04073954251640361,False,False,[0.5 0.3 0.3]
2023.891486,100,4219.637001,0.051302818614286226,False,False,[0.5 0.3 0.3]
1370.669803,100,4220.163684,0.12401784263929727,False,False,[0.5 0.3 0.3]
1159.426825,100,4220.689119,0.022912637278233207,False,False,[0.5 0.3 0.3]
1584.02163,100,4221.209503,0.019955143306178463,False,False,[0.5 0.3 0.3]
1155.236005,100,4221.704169,0.07830331423487683,False,False,[0.5 0.3 0.3]
1983.609983,100,4222.196116,0.07874341194930305,False,False,[0.5 0.3 0.3]
1767.383769,100,4222.709445,0.04361623419934583,False,False,[0.5 0.3 0.3]
745.272162,100,4223.202503,0.05448479305167162,False,False,[0.5 0.3 0.3]
1966.127587,100,4223.738623,0.08590382095949349,False,False,[0.5 0.3 0.3]
1587.404328,100,4224.252693,0.05090988855390145,False,False,[0.5 0.3 0.3]
3034.934972,100,4224.81095,0.07870505742387077,False,False,[0.5 0.3 0.3]
1768.874851,100,4225.31614,0.05611330311479544,False,False,[0.5 0.3 0.3]
1762.219014,100,4225.832687,0.095664132250438,False,False,[0.5 0.3 0.3]
1161.814713,100,4226.331703,0.14415866817494435,False,False,[0.5 0.3 0.3]
965.012275,100,4226.860792,0.0665511687273648,False,False,[0.5 0.3 0.3]
2823.22853,100,4227.374774,0.09052367095777127,False,False,[0.5 0.3 0.3]
1812.359569,100,4227.904562,0.0881363574187558,False,False,[0.5 0.3 0.3]
1806.799425,51,4228.762763,0.03450201023424325,False,True,[0.5 0.3 0.3]
1354.824129,100,4229.273365,0.08058298319205032,False,False,[0.5 0.3 0.3]
2185.095853,100,4229.786283,0.06079347049039955,False,False,[0.5 0.3 0.3]
1565.241619,100,4230.290697,0.01285817034973816,False,False,[0.5 0.3 0.3]
1763.293895,100,4230.805532,0.08436101317270385,False,False,[0.5 0.3 0.3]
1386.490894,100,4231.309301,0.05574398509163656,False,False,[0.5 0.3 0.3]
1362.67455,100,4231.807755,0.06235338233204568,False,False,[0.5 0.3 0.3]
2213.381992,84,4232.221891,0.04963764875887961,False,True,[0.5 0.3 0.3]
1570.783009,100,4232.696596,0.08066211830656907,False,False,[0.5 0.3 0.3]
1598.706924,100,4233.189811,0.02085147728758804,False,False,[0.5 0.3 0.3]
1390.63623,100,4233.68471,0.03167221198949005,False,False,[0.5 0.3 0.3]
2185.290509,100,4234.163692,0.04438223503669822,False,False,[0.5 0.3 0.3]
2597.543738,100,4234.643536,0.06591069829342293,False,False,[0.5 0.3 0.3]
2165.433366,86,4235.055394,0.031534954113236424,False,True,[0.5 0.3 0.3]
1996.881204,100,4235.511908,0.12306817416714627,False,False,[0.5 0.3 0.3]
1360.923679,100,4235.998417,0.10244333415472318,False,False,[0.5 0.3 0.3]
2385.189376,100,4236.481,0.13739777423926203,False,False,[0.5 0.3 0.3]
2005.829755,100,4236.942115,0.11377079248404001,False,False,[0.5 0.3 0.3]
1980.071682,100,4237.405388,0.09768836546120763,False,False,[0.5 0.3 0.3]
1557.980204,100,4237.881017,0.10117868595901552,False,False,[0.5 0.3 0.3]
754.235289,100,4238.352296,0.08256536981838918,False,False,[0.5 0.3 0.3]
1572.251067,100,4239.345017,0.08172803394801931,False,False,[0.5 0.3 0.3]
2391.519811,100,4239.806883,0.13591557730308343,False,False,[0.5 0.3 0.3]
1400.170513,100,4240.278152,0.07390032170726218,False,False,[0.5 0.3 0.3]
2609.851508,100,4240.758023,0.04993980786212255,False,False,[0.5 0.3 0.3]
2426.505105,100,4241.231743,0.05183464408604372,False,False,[0.5 0.3 0.3]
2614.63955,100,4241.700584,0.08360455945735173,False,False,[0.5 0.3 0.3]
1965.349578,100,4242.171937,0.04793263075219978,False,False,[0.5 0.3 0.3]
1969.70018,100,4242.646448,0.10420499658739754,False,False,[0.5 0.3 0.3]
1371.988721,100,4243.117179,0.10174137420379785,False,False,[0.5 0.3 0.3]
1564.427595,100,4243.570201,0.0781643663076386,False,False,[0.5 0.3 0.3]
2390.562947,100,4244.067644,0.04502884232147745,False,False,[0.5 0.3 0.3]
2203.473599,100,4244.535574,0.08628675120354885,False,False,[0.5 0.3 0.3]
980.068596,100,4245.007986,0.056388199888779064,False,False,[0.5 0.3 0.3]
734.967609,100,4245.480036,0.1120453847053527,False,False,[0.5 0.3 0.3]
2061.982772,59,4245.801,0.0304891977763482,False,True,[0.5 0.3 0.3]
1991.974713,100,4246.277974,0.06821222498646114,False,False,[0.5 0.3 0.3]
1772.70885,100,4246.753513,0.0914438775243891,False,False,[0.5 0.3 0.3]
2802.728072,100,4247.231558,0.08385370415457634,False,False,[0.5 0.3 0.3]
1373.690557,100,4247.68878,0.04814029703479565,False,False,[0.5 0.3 0.3]
1568.713754,100,4248.158362,0.07497704062529681,False,False,[0.5 0.3 0.3]
1394.740232,100,4248.626553,0.0482888257797838,False,False,[0.5 0.3 0.3]
2198.163796,100,4249.62016,0.05485328306957748,False,False,[0.5 0.3 0.3]
3018.607483,100,4250.07499,0.08675815662998411,False,False,[0.5 0.3 0.3]
1560.442115,100,4250.53089,0.08446534923678549,False,False,[0.5 0.3 0.3]
2386.052841,100,4251.009312,0.08762049695887575,False,False,[0.5 0.3 0.3]
1893.081296,66,4251.35793,0.04657975393513229,False,True,[0.5 0.3 0.3]
1180.036193,100,4251.827489,0.06440024292624622,False,False,[0.5 0.3 0.3]
1953.695971,100,4252.310595,0.030315006327386117,False,False,[0.5 0.3 0.3]
1584.142846,100,4252.783883,0.07393058188801818,False,False,[0.5 0.3 0.3]
2514.258467,66,4253.135369,0.04351506364986659,False,True,[0.5 0.3 0.3]
1362.198682,100,4253.594174,0.08426229369766798,False,False,[0.5 0.3 0.3]
1977.208649,100,4254.065771,0.07870014589655125,False,False,[0.5 0.3 0.3]
3320.365436,98,4254.531357,0.02800253438655911,False,True,[0.5 0.3 0.3]
562.257394,11,4254.676391,0.040632608112985934,False,True,[0.5 0.3 0.3]
1361.940625,100,4255.152746,0.04946927000908179,False,False,[0.5 0.3 0.3]
773.558957,100,4255.620065,0.07265877531350214,False,False,[0.5 0.3 0.3]
1149.704898,100,4256.091137,0.101745031237287,False,False,[0.5 0.3 0.3]
2193.718735,100,4256.551038,0.13270944570927126,False,False,[0.5 0.3 0.3]
1543.346443,41,4256.813742,0.043252332436278344,False,True,[0.5 0.3 0.3]
1829.647698,100,4257.283149,0.06880467368397343,False,False,[0.5 0.3 0.3]
1635.870661,100,4257.747688,0.0304375656444471,False,False,[0.5 0.3 0.3]
1991.469855,100,4258.223462,0.07457043354958207,False,False,[0.5 0.3 0.3]
2204.122824,100,4258.68661,0.07269990394464457,False,False,[0.5 0.3 0.3]
2016.203415,100,4259.171523,0.060981103880739344,False,False,[0.5 0.3 0.3]
1997.740912,100,4260.17268,0.14760129818766732,False,False,[0.5 0.3 0.3]
1351.219228,100,4260.638187,0.058414133078144075,False,False,[0.5 0.3 0.3]
2047.54595,57,4260.961499,0.02818414012425868,False,True,[0.5 0.3 0.3]
2004.593117,100,4261.427154,0.0750777663400432,False,False,[0.5 0.3 0.3]
1581.203003,100,4261.924235,0.022000147748237338,False,False,[0.5 0.3 0.3]
1343.289473,100,4262.466328,0.0926056449927618,False,False,[0.5 0.3 0.3]
1981.337584,100,4262.975298,0.05171773126520661,False,False,[0.5 0.3 0.3]
2216.97372,100,4263.513535,0.08820208418050343,False,False,[0.5 0.3 0.3]
1735.522761,100,4264.036434,0.050353163273032846,False,False,[0.5 0.3 0.3]
1996.567478,100,4264.557245,0.07307422483379704,False,False,[0.5 0.3 0.3]
1569.551108,100,4265.09136,0.04097232758906754,False,False,[0.5 0.3 0.3]
1799.441709,100,4265.602249,0.04657450878193537,False,False,[0.5 0.3 0.3]
1559.133065,100,4266.126346,0.059706925487607955,False,False,[0.5 0.3 0.3]
2435.509123,100,4266.637516,0.12743208421660915,False,False,[0.5 0.3 0.3]
2376.463462,100,4267.160131,0.06856439705953998,False,False,[0.5 0.3 0.3]
1328.249516,100,4267.68273,0.11934023440653056,False,False,[0.5 0.3 0.3]
1380.055069,100,4268.182512,0.07921476415577644,False,False,[0.5 0.3 0.3]
1603.26409,100,4268.697654,0.060000933805409086,False,False,[0.5 0.3 0.3]
2221.373879,100,4269.222782,0.026732234037614183,False,False,[0.5 0.3 0.3]
1805.610641,100,4269.743896,0.06353961680851335,False,False,[0.5 0.3 0.3]
985.551918,100,4270.254986,0.03201749232038333,False,False,[0.5 0.3 0.3]
1366.420312,100,4271.314292,0.05981084926008875,False,False,[0.5 0.3 0.3]
1158.552194,100,4271.833459,0.08191227844818214,False,False,[0.5 0.3 0.3]
1980.674272,100,4272.3651,0.038428114723045075,False,False,[0.5 0.3 0.3]
1172.647972,100,4272.8779,0.05925988905877053,False,False,[0.5 0.3 0.3]
923.986538,100,4273.408213,0.06975893346736799,False,False,[0.5 0.3 0.3]
1781.943289,100,4273.916486,0.05640086795313651,False,False,[0.5 0.3 0.3]
2402.465741,100,4274.418644,0.02560304777778877,False,False,[0.5 0.3 0.3]
3031.561542,100,4274.941698,0.11909659435869334,False,False,[0.5 0.3 0.3]
1789.049913,100,4275.455092,0.06526604770683339,False,False,[0.5 0.3 0.3]
1356.465051,100,4275.976576,0.0694936546556773,False,False,[0.5 0.3 0.3]
2005.496671,100,4276.48746,0.032709414453961964,False,False,[0.5 0.3 0.3]
1576.066092,100,4277.002738,0.12802786179664902,False,False,[0.5 0.3 0.3]
1349.763499,100,4277.477077,0.0922566302118469,False,False,[0.5 0.3 0.3]
1592.889638,100,4277.947467,0.04255598298107518,False,False,[0.5 0.3 0.3]
1573.145013,100,4278.459737,0.041776958598841604,False,False,[0.5 0.3 0.3]
2212.232502,100,4278.96298,0.06077800523559585,False,False,[0.5 0.3 0.3]
1805.954669,100,4279.442158,0.06269490529191231,False,False,[0.5 0.3 0.3]
1365.229854,100,4279.911539,0.09338231229979023,False,False,[0.5 0.3 0.3]
1982.226048,100,4280.385648,0.05691741787430421,False,False,[0.5 0.3 0.3]
1574.129926,100,4280.846271,0.06423257743549755,False,False,[0.5 0.3 0.3]
2186.250505,100,4281.860639,0.038100123355018126,False,False,[0.5 0.3 0.3]
2594.831639,100,4282.328835,0.05264852120814527,False,False,[0.5 0.3 0.3]
2399.155286,100,4282.793392,0.056181532584555625,False,False,[0.5 0.3 0.3]
946.182419,100,4283.292944,0.09942512385320092,False,False,[0.5 0.3 0.3]
974.97381,100,4283.763722,0.0568944931553195,False,False,[0.5 0.3 0.3]
1821.286183,100,4284.221454,0.02916922169252052,False,False,[0.5 0.3 0.3]
1160.891911,100,4284.70421,0.0839175239951299,False,False,[0.5 0.3 0.3]
2222.469995,100,4285.183258,0.047812413295087834,False,False,[0.5 0.3 0.3]
1162.339492,100,4285.656329,0.07634652124128118,False,False,[0.5 0.3 0.3]
1574.957004,100,4286.137033,0.014151886599575057,False,False,[0.5 0.3 0.3]
2008.026756,100,4286.612919,0.03559617514103025,False,False,[0.5 0.3 0.3]
2412.735407,100,4287.077784,0.03076790299144029,False,False,[0.5 0.3 0.3]
2410.701806,100,4287.556342,0.07213270769789161,False,False,[0.5 0.3 0.3]
1596.570265,100,4288.025023,0.08179720354478599,False,False,[0.5 0.3 0.3]
3032.079139,100,4288.509382,0.07352545562034186,False,False,[0.5 0.3 0.3]
1778.200368,100,4288.974873,0.06412994372009216,False,False,[0.5 0.3 0.3]
2247.070184,100,4289.430294,0.050000634548612394,False,False,[0.5 0.3 0.3]
1400.003241,100,4289.900756,0.08961714775338346,False,False,[0.5 0.3 0.3]
1588.24452,100,4290.372088,0.08424667445460517,False,False,[0.5 0.3 0.3]
1149.995503,100,4290.840986,0.06893217035541323,False,False,[0.5 0.3 0.3]
1994.74527,100,4291.303639,0.03796378199579573,False,False,[0.5 0.3 0.3]
1979.523367,100,4292.299319,0.04675760743028298,False,False,[0.5 0.3 0.3]
2415.0688,100,4292.797303,0.07780364119921242,False,False,[0.5 0.3 0.3]
1584.271201,100,4293.268959,0.06899329996562982,False,False,[0.5 0.3 0.3]
2216.146637,100,4293.730621,0.022306297938163508,False,False,[0.5 0.3 0.3]
2185.756512,100,4294.198353,0.04399466765591643,False,False,[0.5 0.3 0.3]
1384.583568,100,4294.672949,0.05309237868541046,False,False,[0.5 0.3 0.3]
2018.340586,100,4295.136784,0.09392762203951843,False,False,[0.5 0.3 0.3]
1762.684884,100,4295.615819,0.05783020974386701,False,False,[0.5 0.3 0.3]
2002.371216,100,4296.081254,0.12268255339528143,False,False,[0.5 0.3 0.3]
3446.970321,100,4296.546851,0.018086297226065036,False,False,[0.5 0.3 0.3]
1154.613767,100,4297.026218,0.09212922284704562,False,False,[0.5 0.3 0.3]
1804.067392,100,4297.484178,0.08783326356790676,False,False,[0.5 0.3 0.3]
1354.802475,100,4297.958191,0.06259213616455456,False,False,[0.5 0.3 0.3]
1575.985085,100,4298.420847,0.045602700312066424,False,False,[0.5 0.3 0.3]
2213.093565,100,4298.89502,0.05394892421341926,False,False,[0.5 0.3 0.3]
2415.101519,100,4299.348925,0.11927992620286722,False,False,[0.5 0.3 0.3]
2608.171242,100,4299.824745,0.08356869976296563,False,False,[0.5 0.3 0.3]
1778.579514,100,4300.295678,0.09520230476696545,False,False,[0.5 0.3 0.3]
2172.550659,100,4300.756713,0.13125996981387092,False,False,[0.5 0.3 0.3]
2401.510126,100,4301.227872,0.06591428941939063,False,False,[0.5 0.3 0.3]
1816.790612,100,4302.273991,0.081456501106567,False,False,[0.5 0.3 0.3]
1772.045905,100,4302.748866,0.07390115276939192,False,False,[0.5 0.3 0.3]
1376.752437,100,4303.210841,0.04269082825316529,False,False,[0.5 0.3 0.3]
1192.491234,100,4303.691188,0.05151670008270144,False,False,[0.5 0.3 0.3]
1781.326949,100,4304.162242,0.054706708634376454,False,False,[0.5 0.3 0.3]
2067.653184,62,4304.495817,0.04099244400849802,False,True,[0.5 0.3 0.3]
536.789598,7,4304.634668,0.02649261707292909,False,True,[0.5 0.3 0.3]
1824.450056,100,4305.202876,0.0506934094078009,False,False,[0.5 0.3 0.3]
2217.407418,100,4305.678419,0.038756949063600776,False,False,[0.5 0.3 0.3]
2193.097242,100,4306.155601,0.05644270919435122,False,False,[0.5 0.3 0.3]
974.020715,100,4306.634487,0.021079242736304665,False,False,[0.5 0.3 0.3]
1584.354463,100,4307.155313,0.09560521502409339,False,False,[0.5 0.3 0.3]
1805.582366,100,4307.671525,0.059968838120539394,False,False,[0.5 0.3 0.3]
1984.781957,100,4308.182274,0.029784405572409016,False,False,[0.5 0.3 0.3]
1352.125483,100,4308.694566,0.11536842241662873,False,False,[0.5 0.3 0.3]
2005.562454,100,4309.225797,0.05744985844940016,False,False,[0.5 0.3 0.3]
1754.686555,100,4309.751213,0.0430252270757969,False,False,[0.5 0.3 0.3]
965.087479,100,4310.261285,0.08909370713393679,False,False,[0.5 0.3 0.3]
2823.207879,100,4310.768562,0.018413695967393333,False,False,[0.5 0.3 0.3]
1381.680947,100,4311.295732,0.0227161814394379,False,False,[0.5 0.3 0.3]
1993.01516,100,4311.840832,0.02141288836813499,False,False,[0.5 0.3 0.3]
1330.698293,100,4312.363265,0.0904951486452207,False,False,[0.5 0.3 0.3]
1977.194445,100,4313.425823,0.06961242340271545,False,False,[0.5 0.3 0.3]
1569.243478,100,4313.939502,0.1226568355008881,False,False,[0.5 0.3 0.3]
1363.737566,100,4314.442764,0.03259881118696764,False,False,[0.5 0.3 0.3]
2186.286251,100,4314.956635,0.05460031850307801,False,False,[0.5 0.3 0.3]
2399.569615,100,4315.466861,0.06248920687187231,False,False,[0.5 0.3 0.3]
2216.010895,100,4315.979378,0.04558660165256316,False,False,[0.5 0.3 0.3]
2179.153768,100,4316.479795,0.04978285662140808,False,False,[0.5 0.3 0.3]
1155.175544,100,4317.000993,0.15394023986407052,False,False,[0.5 0.3 0.3]
1992.662368,100,4317.512163,0.04896461428171505,False,False,[0.5 0.3 0.3]
1796.208861,100,4318.029349,0.05574282499667664,False,False,[0.5 0.3 0.3]
2217.071465,100,4318.554845,0.09916831710707505,False,False,[0.5 0.3 0.3]
1364.982505,100,4319.059,0.13415300554724782,False,False,[0.5 0.3 0.3]
1595.5138,100,4319.571397,0.068173640872026,False,False,[0.5 0.3 0.3]
2192.822872,100,4320.08858,0.10968198900158212,False,False,[0.5 0.3 0.3]
1392.531524,100,4320.60474,0.10060617211666213,False,False,[0.5 0.3 0.3]
1799.299662,100,4321.128872,0.06268462582864245,False,False,[0.5 0.3 0.3]
2214.286034,100,4321.648267,0.04785163261776328,False,False,[0.5 0.3 0.3]
1358.664886,100,4322.178009,0.05605922007242475,False,False,[0.5 0.3 0.3]
1984.826763,100,4322.647432,0.04207806671140135,False,False,[0.5 0.3 0.3]
747.227347,100,4323.142556,0.059134392992403945,False,False,[0.5 0.3 0.3]
1547.536727,100,4324.179969,0.05286204408179279,False,False,[0.5 0.3 0.3]
940.597134,100,4324.654072,0.047592588920289204,False,False,[0.5 0.3 0.3]
1136.102133,100,4325.132956,0.07863567176690876,False,False,[0.5 0.3 0.3]
1146.791622,100,4325.587028,0.061342515782131075,False,False,[0.5 0.3 0.3]
1343.985866,100,4326.062906,0.13165733511388422,False,False,[0.5 0.3 0.3]
1970.148969,100,4326.531187,0.039889216706462546,False,False,[0.5 0.3 0.3]
1600.121154,100,4326.986308,0.08166297323109675,False,False,[0.5 0.3 0.3]
1181.045582,100,4327.451994,0.10081850363779502,False,False,[0.5 0.3 0.3]
1793.030648,100,4327.907212,0.049691591860797975,False,False,[0.5 0.3 0.3]
2595.02437,100,4328.37734,0.10754994231131143,False,False,[0.5 0.3 0.3]
2602.020667,100,4328.840989,0.03655086996826302,False,False,[0.5 0.3 0.3]
1579.795319,100,4329.310514,0.08051446597988332,False,False,[0.5 0.3 0.3]
1366.199415,100,4329.778627,0.024703982766365085,False,False,[0.5 0.3 0.3]
2185.118506,78,4330.179214,0.023746268663014276,False,True,[0.5 0.3 0.3]
1584.022008,100,4330.636177,0.07643605558632946,False,False,[0.5 0.3 0.3]
2100.056144,66,4330.977741,0.036056549087236066,False,True,[0.5 0.3 0.3]
1777.641145,100,4331.474561,0.10229384846427857,False,False,[0.5 0.3 0.3]
1576.709569,100,4331.944468,0.0916732567329993,False,False,[0.5 0.3 0.3]
3065.011793,100,4332.39089,0.06425321958708709,False,False,[0.5 0.3 0.3]
1346.076381,100,4332.853088,0.06572053287505945,False,False,[0.5 0.3 0.3]
735.185701,100,4333.325717,0.10189814401959642,False,False,[0.5 0.3 0.3]
984.384311,100,4334.303871,0.08060025789085688,False,False,[0.5 0.3 0.3]
1192.516831,100,4334.757003,0.0507646641181556,False,False,[0.5 0.3 0.3]
2417.780496,100,4335.212459,0.0978103389266782,False,False,[0.5 0.3 0.3]
2813.293893,100,4335.666885,0.12836538968149663,False,False,[0.5 0.3 0.3]
1796.275702,100,4336.148391,0.020581549592038204,False,False,[0.5 0.3 0.3]
2065.568683,62,4336.482661,0.02935601751515394,False,True,[0.5 0.3 0.3]
956.069561,100,4336.925027,0.0516976691433412,False,False,[0.5 0.3 0.3]
1746.014664,100,4337.38965,0.06881841915983652,False,False,[0.5 0.3 0.3]
1996.808395,100,4337.848815,0.08071935760613942,False,False,[0.5 0.3 0.3]
2288.339881,62,4338.183148,0.016582856618318244,False,True,[0.5 0.3 0.3]
1005.063839,100,4338.641776,0.05659574887100184,False,False,[0.5 0.3 0.3]
2008.14082,100,4339.097504,0.046970970311765725,False,False,[0.5 0.3 0.3]
1376.402876,100,4339.569906,0.012238222391689155,False,False,[0.5 0.3 0.3]
1176.056255,100,4340.045537,0.0934468601518927,False,False,[0.5 0.3 0.3]
2018.105416,100,4340.502943,0.10664856071936171,False,False,[0.5 0.3 0.3]
1632.516243,100,4340.990324,0.026227024041899406,False,False,[0.5 0.3 0.3]
1155.493524,100,4341.459745,0.06542051275528318,False,False,[0.5 0.3 0.3]
2399.750152,100,4341.925487,0.09477026521311344,False,False,[0.5 0.3 0.3]
1968.708444,100,4342.397989,0.06286600184562981,False,False,[0.5 0.3 0.3]
1368.889999,100,4342.856003,0.04311594710906809,False,False,[0.5 0.3 0.3]
1379.506347,100,4343.318105,0.0939008343989679,False,False,[0.5 0.3 0.3]
2194.258347,100,4343.772788,0.022925990501758867,False,False,[0.5 0.3 0.3]
1980.265785,100,4344.744331,0.12287943272905465,False,False,[0.5 0.3 0.3]
1540.895972,100,4345.217667,0.06418970381246941,False,False,[0.5 0.3 0.3]
1563.200987,100,4345.68685,0.056311967079530116,False,False,[0.5 0.3 0.3]
1365.533115,100,4346.164893,0.09443551999164919,False,False,[0.5 0.3 0.3]
1358.746137,100,4346.62203,0.0717948087027306,False,False,[0.5 0.3 0.3]
2381.677649,100,4347.083609,0.08638022062801003,False,False,[0.5 0.3 0.3]
1788.116791,100,4347.555257,0.12484429303679419,False,False,[0.5 0.3 0.3]
1610.607425,100,4348.02187,0.014679529519341167,False,False,[0.5 0.3 0.3]
1790.007896,100,4348.492494,0.0724471240620653,False,False,[0.5 0.3 0.3]
2418.966056,100,4348.947609,0.08279582597895455,False,False,[0.5 0.3 0.3]
1370.030378,100,4349.415939,0.06300621114510435,False,False,[0.5 0.3 0.3]
1998.044719,100,4349.882934,0.03231061028816027,False,False,[0.5 0.3 0.3]
2599.478211,100,4350.389227,0.11728310530881043,False,False,[0.5 0.3 0.3]
2640.335999,100,4350.861601,0.08671430457638526,False,False,[0.5 0.3 0.3]
2605.208558,100,4351.324767,0.06867584551990587,False,False,[0.5 0.3 0.3]
1813.876719,100,4351.813112,0.10475077525891832,False,False,[0.5 0.3 0.3]
1356.9534,100,4352.333174,0.117927348919852,False,False,[0.5 0.3 0.3]
1594.686438,100,4352.847759,0.06229096568936369,False,False,[0.5 0.3 0.3]
1998.917784,100,4353.353547,0.061491659617754914,False,False,[0.5 0.3 0.3]
1116.379161,100,4353.874022,0.07747543856799598,False,False,[0.5 0.3 0.3]
1561.020207,100,4354.892466,0.055877188928089704,False,False,[0.5 0.3 0.3]
2215.513067,100,4355.38671,0.1006006620174406,False,False,[0.5 0.3 0.3]
1966.628608,100,4355.890183,0.09600900101831483,False,False,[0.5 0.3 0.3]
2179.290315,100,4356.406116,0.07197621956439702,False,False,[0.5 0.3 0.3]
2205.818232,100,4356.912484,0.06997577821554744,False,False,[0.5 0.3 0.3]
1979.703422,100,4357.43012,0.08529020290809122,False,False,[0.5 0.3 0.3]
2803.239346,100,4357.958874,0.06093686694159167,False,False,[0.5 0.3 0.3]
2006.95055,100,4358.483221,0.10992102232070142,False,False,[0.5 0.3 0.3]
1218.438402,100,4358.993818,0.06295186656076576,False,False,[0.5 0.3 0.3]
1568.794263,100,4359.526518,0.02566859448645821,False,False,[0.5 0.3 0.3]
1388.136082,100,4360.037253,0.13309773851719503,False,False,[0.5 0.3 0.3]
1158.234156,100,4360.573136,0.07039052858630784,False,False,[0.5 0.3 0.3]
1177.793183,100,4361.102313,0.0074220582874722435,False,False,[0.5 0.3 0.3]
1991.555464,100,4361.610556,0.09786791001823733,False,False,[0.5 0.3 0.3]
1355.064262,100,4362.112779,0.1475077709102575,False,False,[0.5 0.3 0.3]
1768.849939,100,4362.628411,0.08685752892508701,False,False,[0.5 0.3 0.3]
1563.614079,100,4363.134869,0.06916437235626315,False,False,[0.5 0.3 0.3]
1371.370507,100,4363.653026,0.05920658379563197,False,False,[0.5 0.3 0.3]
1157.684163,100,4364.172716,0.047010481662811826,False,False,[0.5 0.3 0.3]
1574.431537,100,4364.709275,0.07222622840504615,False,False,[0.5 0.3 0.3]
1576.399319,100,4365.221318,0.060989912535552776,False,False,[0.5 0.3 0.3]
1138.981124,100,4366.273045,0.06373792995629848,False,False,[0.5 0.3 0.3]
3223.406864,100,4366.807136,0.05614673346345231,False,False,[0.5 0.3 0.3]
948.907751,100,4367.298143,0.05132133490575093,False,False,[0.5 0.3 0.3]
1568.511756,100,4367.775761,0.02039620467978064,False,False,[0.5 0.3 0.3]
1387.093675,100,4368.258582,0.07802277170281541,False,False,[0.5 0.3 0.3]
942.246607,100,4368.762338,0.13585847029103074,False,False,[0.5 0.3 0.3]
1352.686379,100,4369.242138,0.0684172928172417,False,False,[0.5 0.3 0.3]
2013.501222,100,4369.713883,0.05148253337365858,False,False,[0.5 0.3 0.3]
1569.865748,100,4370.205132,0.09304902418666891,False,False,[0.5 0.3 0.3]
1244.774123,25,4370.403485,0.029462249476251524,False,True,[0.5 0.3 0.3]
1586.39946,100,4370.860605,0.031655025482445774,False,False,[0.5 0.3 0.3]
1365.423939,100,4371.328808,0.12279641012249885,False,False,[0.5 0.3 0.3]
1372.518766,100,4371.796919,0.11742664383927649,False,False,[0.5 0.3 0.3]
1359.904145,100,4372.261302,0.06894014929184983,False,False,[0.5 0.3 0.3]
754.232549,100,4372.733252,0.05804624761417303,False,False,[0.5 0.3 0.3]
2186.742328,100,4373.191366,0.04111930464093455,False,False,[0.5 0.3 0.3]
1374.819748,100,4373.649301,0.09373110204908906,False,False,[0.5 0.3 0.3]
1370.178692,100,4374.117472,0.05491693246070513,False,False,[0.5 0.3 0.3]
1578.459412,100,4374.5714,0.05815407671832302,False,False,[0.5 0.3 0.3]
1952.971633,100,4375.040527,0.0565556369656009,False,False,[0.5 0.3 0.3]
1581.71733,100,4375.49714,0.03741506821036487,False,False,[0.5 0.3 0.3]
2215.158372,100,4376.488708,0.12078464471017808,False,False,[0.5 0.3 0.3]
2060.794779,97,4376.949809,0.03855605427021922,False,True,[0.5 0.3 0.3]
1548.432949,100,4377.419166,0.1636846798678233,False,False,[0.5 0.3 0.3]
2117.40676,67,4377.786304,0.030933243345444,False,True,[0.5 0.3 0.3]
2188.001865,100,4378.253778,0.07234656442106853,False,False,[0.5 0.3 0.3]
1977.238513,100,4378.732308,0.07712672006887608,False,False,[0.5 0.3 0.3]
1919.987295,74,4379.11072,0.04283153687474112,False,True,[0.5 0.3 0.3]
2616.711126,100,4379.598648,0.05209618662002571,False,False,[0.5 0.3 0.3]
2419.183008,100,4380.061126,0.07330195873502061,False,False,[0.5 0.3 0.3]
2558.64539,73,4380.419641,0.020713318156187283,False,True,[0.5 0.3 0.3]
1759.22991,100,4380.88537,0.05248600889101182,False,False,[0.5 0.3 0.3]
1173.739825,100,4381.34477,0.048483582771693096,False,False,[0.5 0.3 0.3]
1992.23082,100,4381.81558,0.049591895650710496,False,False,[0.5 0.3 0.3]
2211.780383,100,4382.28623,0.036819643910423465,False,False,[0.5 0.3 0.3]
1594.190543,100,4382.759889,0.07762158099585269,False,False,[0.5 0.3 0.3]
1803.187925,100,4383.22562,0.04838938957914365,False,False,[0.5 0.3 0.3]
1577.387922,100,4383.696632,0.06963557392153337,False,False,[0.5 0.3 0.3]
1572.458351,100,4384.16317,0.06100891180192954,False,False,[0.5 0.3 0.3]
2198.038707,100,4384.62969,0.05733995176091343,False,False,[0.5 0.3 0.3]
1803.451995,100,4385.106048,0.03913374854615036,False,False,[0.5 0.3 0.3]
1589.688129,100,4385.571043,0.06448302124375577,False,False,[0.5 0.3 0.3]
1358.821789,100,4386.547229,0.1235755215733378,False,False,[0.5 0.3 0.3]
2226.461802,100,4387.014909,0.07388607700429363,False,False,[0.5 0.3 0.3]
2188.328627,100,4387.484757,0.09922310316871058,False,False,[0.5 0.3 0.3]
2005.256546,100,4387.947955,0.042714252314666794,False,False,[0.5 0.3 0.3]
1759.456518,100,4388.40907,0.09853192927589571,False,False,[0.5 0.3 0.3]
1192.614395,100,4388.881907,0.07890553783501242,False,False,[0.5 0.3 0.3]
1377.819336,100,4389.37589,0.08586788128862033,False,False,[0.5 0.3 0.3]
1769.520126,100,4389.847099,0.09027040660788321,False,False,[0.5 0.3 0.3]
2189.094886,100,4390.312886,0.0737568246316527,False,False,[0.5 0.3 0.3]
2648.615307,100,4390.771283,0.08381467671314374,False,False,[0.5 0.3 0.3]
2009.856712,100,4391.251777,0.06626879492923982,False,False,[0.5 0.3 0.3]
1995.334749,100,4391.726517,0.062305961953323906,False,False,[0.5 0.3 0.3]
2021.263097,100,4392.206154,0.08946704700164484,False,False,[0.5 0.3 0.3]
2237.835314,100,4392.679377,0.05511565363879715,False,False,[0.5 0.3 0.3]
1166.313596,100,4393.154661,0.05133008297609749,False,False,[0.5 0.3 0.3]
1593.015259,100,4393.616694,0.04622719490181046,False,False,[0.5 0.3 0.3]
1359.297953,100,4394.093942,0.05527880681368988,False,False,[0.5 0.3 0.3]
1588.766304,100,4394.57077,0.03326874576979931,False,False,[0.5 0.3 0.3]
1808.922347,100,4395.039934,0.1383737749742684,False,False,[0.5 0.3 0.3]
1366.791636,100,4395.515505,0.13085172715150817,False,False,[0.5 0.3 0.3]
2210.321414,100,4395.9786,0.06285428150771613,False,False,[0.5 0.3 0.3]
1801.713218,51,4396.77078,0.048634491481173936,False,True,[0.5 0.3 0.3]
1567.416877,100,4397.224704,0.07771830161274965,False,False,[0.5 0.3 0.3]
2019.248672,100,4397.67974,0.0772428186555308,False,False,[0.5 0.3 0.3]
1606.078237,100,4398.149852,0.04439037347969642,False,False,[0.5 0.3 0.3]
1165.438733,100,4398.615638,0.06979908911942469,False,False,[0.5 0.3 0.3]
1773.51355,100,4399.11021,0.029116388114125022,False,False,[0.5 0.3 0.3]
953.278997,100,4399.577553,0.024707859180480185,False,False,[0.5 0.3 0.3]
1774.402657,100,4400.036585,0.06025017899306121,False,False,[0.5 0.3 0.3]
1791.850313,100,4400.495728,0.06439367271726576,False,False,[0.5 0.3 0.3]
1391.839292,100,4400.961007,0.0672544535064974,False,False,[0.5 0.3 0.3]
735.486017,100,4401.423699,0.06384710716241788,False,False,[0.5 0.3 0.3]
1983.417343,84,4401.832134,0.040299575086791356,False,True,[0.5 0.3 0.3]
2181.683397,100,4402.306924,0.11899610522000627,False,False,[0.5 0.3 0.3]
1362.891971,100,4402.770316,0.04806033856505367,False,False,[0.5 0.3 0.3]
2006.27719,100,4403.239906,0.047987756899220364,False,False,[0.5 0.3 0.3]
3673.837913,90,4403.67369,0.04026204417209244,False,True,[0.5 0.3 0.3]
1351.555732,100,4404.144614,0.08071582889988205,False,False,[0.5 0.3 0.3]
1959.531302,38,4404.387357,0.012722694349043029,False,True,[0.5 0.3 0.3]
1562.485074,100,4404.848827,0.03572024402068367,False,False,[0.5 0.3 0.3]
1295.899803,35,4405.095419,0.01773661476451876,False,True,[0.5 0.3 0.3]
2187.364199,100,4405.561531,0.026742293181524487,False,False,[0.5 0.3 0.3]
2186.135192,100,4406.025607,0.11035442818833023,False,False,[0.5 0.3 0.3]
1362.893635,100,4406.997628,0.059420623463444885,False,False,[0.5 0.3 0.3]
1775.856556,100,4407.465707,0.1449442600589326,False,False,[0.5 0.3 0.3]
2617.417406,100,4407.929053,0.054226350305732515,False,False,[0.5 0.3 0.3]
2017.601525,100,4408.392781,0.06462264077564736,False,False,[0.5 0.3 0.3]
2182.085248,100,4408.859222,0.053350220759976724,False,False,[0.5 0.3 0.3]
2333.589189,69,4409.220529,0.005794208072319703,False,True,[0.5 0.3 0.3]
2233.190712,100,4409.69058,0.0642435812587311,False,False,[0.5 0.3 0.3]
1591.132557,100,4410.154912,0.060031205450525926,False,False,[0.5 0.3 0.3]
1400.38231,100,4410.624936,0.03547266521072556,False,False,[0.5 0.3 0.3]
1142.583055,100,4411.104313,0.0754144599987399,False,False,[0.5 0.3 0.3]
2201.529373,100,4411.561195,0.05048817655162779,False,False,[0.5 0.3 0.3]
958.518108,100,4412.023317,0.0141408420000475,False,False,[0.5 0.3 0.3]
1156.727035,100,4412.517194,0.06410679826707387,False,False,[0.5 0.3 0.3]
2618.211795,100,4412.978263,0.0639879621527877,False,False,[0.5 0.3 0.3]
2411.485992,100,4413.46728,0.049139078885182576,False,False,[0.5 0.3 0.3]
1955.372438,100,4413.933132,0.14271460059708346,False,False,[0.5 0.3 0.3]
2000.359822,100,4414.400922,0.11136147058296991,False,False,[0.5 0.3 0.3]
1590.448045,100,4414.865687,0.06923039799077586,False,False,[0.5 0.3 0.3]
2007.360955,50,4415.160671,0.04338035788684746,False,True,[0.5 0.3 0.3]
1784.660066,100,4415.622902,0.04847602288104416,False,False,[0.5 0.3 0.3]
1785.297691,100,4416.087434,0.08172420729106893,False,False,[0.5 0.3 0.3]
1560.61721,100,4416.571553,0.05353402179345919,False,False,[0.5 0.3 0.3]
1963.38236,100,4417.543938,0.10238604709788254,False,False,[0.5 0.3 0.3]
1804.670243,100,4418.004102,0.14583184124054047,False,False,[0.5 0.3 0.3]
1981.093322,100,4418.498578,0.07044637215509875,False,False,[0.5 0.3 0.3]
3464.748613,100,4418.949949,0.03000265205685556,False,False,[0.5 0.3 0.3]
1999.463605,100,4419.416188,0.03516688736737222,False,False,[0.5 0.3 0.3]
754.738737,9,4419.554129,0.03092659459980433,False,True,[0.5 0.3 0.3]
2198.801785,100,4420.019597,0.0619817011367683,False,False,[0.5 0.3 0.3]
1786.922228,100,4420.48796,0.03239383093865058,False,False,[0.5 0.3 0.3]
1798.127977,51,4420.780278,0.029378411032553446,False,True,[0.5 0.3 0.3]
1352.142264,100,4421.247179,0.045605835954861194,False,False,[0.5 0.3 0.3]
1612.475848,100,4421.71539,0.04695869123574536,False,False,[0.5 0.3 0.3]
2233.0487,100,4422.174729,0.1093341563206836,False,False,[0.5 0.3 0.3]
2279.432558,60,4422.504314,0.025482283453450084,False,True,[0.5 0.3 0.3]
2836.938311,100,4422.95695,0.07186062274624033,False,False,[0.5 0.3 0.3]
1381.951731,100,4423.430174,0.07663876731447003,False,False,[0.5 0.3 0.3]
1780.575892,100,4423.886181,0.042418188871618,False,False,[0.5 0.3 0.3]
2422.19693,100,4424.337995,0.13311324967148797,False,False,[0.5 0.3 0.3]
2289.533512,61,4424.666386,0.0217794662487271,False,True,[0.5 0.3 0.3]
1600.886334,100,4425.135448,0.0515387568219132,False,False,[0.5 0.3 0.3]
1361.497965,100,4425.60946,0.04137490830011278,False,False,[0.5 0.3 0.3]
1543.234846,100,4426.060727,0.09119043907810934,False,False,[0.5 0.3 0.3]
2040.584788,100,4426.533269,0.09397355416366314,False,False,[0.5 0.3 0.3]
971.046153,100,4427.547536,0.04672214952587943,False,False,[0.5 0.3 0.3]
3100.716057,98,4428.003487,0.020538902492733265,False,True,[0.5 0.3 0.3]
1545.983915,100,4428.468897,0.051413070265181625,False,False,[0.5 0.3 0.3]
1780.161343,100,4428.933958,0.08818419544041928,False,False,[0.5 0.3 0.3]
2230.961415,100,4429.398038,0.05187395195539006,False,False,[0.5 0.3 0.3]
1779.345349,100,4429.854311,0.05107452630167861,False,False,[0.5 0.3 0.3]
1789.384771,100,4430.321809,0.03703946104906157,False,False,[0.5 0.3 0.3]
1984.111323,100,4430.793472,0.019764022972876872,False,False,[0.5 0.3 0.3]
1565.295421,100,4431.269936,0.10738490164275265,False,False,[0.5 0.3 0.3]
951.973405,100,4431.756015,0.0822361648591976,False,False,[0.5 0.3 0.3]
3465.369866,89,4432.185074,0.011959792326326964,False,True,[0.5 0.3 0.3]
2208.448764,100,4432.658376,0.09806913608325314,False,False,[0.5 0.3 0.3]
3229.364454,100,4433.137505,0.02773992101970621,False,False,[0.5 0.3 0.3]
1782.379922,100,4433.612224,0.08544182978967982,False,False,[0.5 0.3 0.3]
2202.680864,100,4434.071224,0.027465555198196594,False,False,[0.5 0.3 0.3]
947.400147,100,4434.536842,0.007805010925254981,False,False,[0.5 0.3 0.3]
741.245883,100,4435.008605,0.042699116907740885,False,False,[0.5 0.3 0.3]
2190.654584,100,4435.481709,0.045465892926280435,False,False,[0.5 0.3 0.3]
1974.685267,100,4435.946548,0.07299907659109992,False,False,[0.5 0.3 0.3]
1564.540198,100,4436.412873,0.13994714099701805,False,False,[0.5 0.3 0.3]
1794.939114,100,4436.906117,0.026098201879911957,False,False,[0.5 0.3 0.3]
1558.075991,100,4437.902596,0.13193682058724573,False,False,[0.5 0.3 0.3]
1973.284493,100,4438.367757,0.026298283256883628,False,False,[0.5 0.3 0.3]
1765.376425,100,4438.83466,0.05919339161373117,False,False,[0.5 0.3 0.3]
2641.61273,100,4439.284667,0.0854563857194542,False,False,[0.5 0.3 0.3]
1761.191972,43,4439.548937,0.043615045986595,False,True,[0.5 0.3 0.3]
1572.910761,100,4440.012557,0.10740565222165656,False,False,[0.5 0.3 0.3]
1346.848305,100,4440.471088,0.0896243169710925,False,False,[0.5 0.3 0.3]
1379.644406,100,4440.948311,0.09171817611192615,False,False,[0.5 0.3 0.3]
3040.20672,100,4441.39723,0.05595839169575284,False,False,[0.5 0.3 0.3]
1763.932508,100,4441.862301,0.06464354766639317,False,False,[0.5 0.3 0.3]
1823.698289,57,4442.175503,0.020969601961312888,False,True,[0.5 0.3 0.3]
2191.517264,100,4442.651768,0.12579446800098854,False,False,[0.5 0.3 0.3]
2188.87155,100,4443.111525,0.08822101902280137,False,False,[0.5 0.3 0.3]
955.781384,100,4443.569978,0.021973386641155397,False,False,[0.5 0.3 0.3]
1606.254135,100,4444.026451,0.09902859715649481,False,False,[0.5 0.3 0.3]
1564.089783,100,4444.482004,0.04893972481505981,False,False,[0.5 0.3 0.3]
1376.830154,100,4444.953156,0.06174598140753363,False,False,[0.5 0.3 0.3]
2375.104872,100,4445.433748,0.08392773573813792,False,False,[0.5 0.3 0.3]
954.9151,100,4445.932063,0.05837825634041972,False,False,[0.5 0.3 0.3]
1367.517717,100,4446.406702,0.026139257345979317,False,False,[0.5 0.3 0.3]
1752.851911,100,4446.881034,0.07381629735164183,False,False,[0.5 0.3 0.3]
1372.51377,100,4447.889644,0.025281242459800367,False,False,[0.5 0.3 0.3]
1350.214931,100,4448.366476,0.07626764305996604,False,False,[0.5 0.3 0.3]
937.659995,100,4448.849491,0.05889270105145055,False,False,[0.5 0.3 0.3]
2819.17107,100,4449.30673,0.01791990862010918,False,False,[0.5 0.3 0.3]
2374.087414,100,4449.781143,0.03614858405788425,False,False,[0.5 0.3 0.3]
1791.941048,100,4450.241797,0.07811413431808421,False,False,[0.5 0.3 0.3]
1788.726049,100,4450.705504,0.08386430553964914,False,False,[0.5 0.3 0.3]
1805.170424,100,4451.176173,0.040099464657713454,False,False,[0.5 0.3 0.3]
1206.20233,100,4451.644415,0.07240255126955167,False,False,[0.5 0.3 0.3]
2183.859212,100,4452.128223,0.0657352857646133,False,False,[0.5 0.3 0.3]
1579.678845,100,4452.601244,0.07098307418409355,False,False,[0.5 0.3 0.3]
2188.804117,100,4453.088198,0.020512824999045998,False,False,[0.5 0.3 0.3]
1797.301977,100,4453.56973,0.06846017659897398,False,False,[0.5 0.3 0.3]
1997.188952,100,4454.039191,0.0484224186448962,False,False,[0.5 0.3 0.3]
1357.77622,100,4454.501084,0.04287007724762217,False,False,[0.5 0.3 0.3]
1385.277972,100,4454.966332,0.0934796522184963,False,False,[0.5 0.3 0.3]
2204.892223,100,4455.43271,0.042494860568747364,False,False,[0.5 0.3 0.3]
744.901711,7,4455.566524,0.04001116865489358,False,True,[0.5 0.3 0.3]
1990.989429,100,4456.024997,0.03349139233882099,False,False,[0.5 0.3 0.3]
1388.216781,100,4456.489417,0.061522882126977096,False,False,[0.5 0.3 0.3]
1173.024795,100,4456.955348,0.05295058829027136,False,False,[0.5 0.3 0.3]
1789.444616,100,4457.420554,0.0756915690481542,False,False,[0.5 0.3 0.3]
2213.773607,100,4458.415863,0.05168476883792896,False,False,[0.5 0.3 0.3]
1339.503957,100,4458.881387,0.0617633458944741,False,False,[0.5 0.3 0.3]
1384.62869,100,4459.353211,0.12235534197061275,False,False,[0.5 0.3 0.3]
1139.881837,100,4459.814418,0.037027752454741304,False,False,[0.5 0.3 0.3]
2604.827535,100,4460.278788,0.09422527325953924,False,False,[0.5 0.3 0.3]
1999.540389,100,4460.735816,0.017241311106742496,False,False,[0.5 0.3 0.3]
2204.826028,100,4461.197981,0.1335928074501202,False,False,[0.5 0.3 0.3]
1346.89976,100,4461.664946,0.09935076805912339,False,False,[0.5 0.3 0.3]
1631.993408,100,4462.137533,0.09470816537798667,False,False,[0.5 0.3 0.3]
2210.202686,100,4462.609929,0.09733237409695787,False,False,[0.5 0.3 0.3]
2637.311104,100,4463.071937,0.04897116783459951,False,False,[0.5 0.3 0.3]
1802.178407,100,4463.560572,0.07159508969318013,False,False,[0.5 0.3 0.3]
2249.681233,100,4464.020599,0.045371642127262,False,False,[0.5 0.3 0.3]
2416.856328,100,4464.49069,0.07544992641697215,False,False,[0.5 0.3 0.3]
927.047813,100,4464.972173,0.10519240576487797,False,False,[0.5 0.3 0.3]
2207.688157,100,4465.449466,0.11401218499870133,False,False,[0.5 0.3 0.3]
1779.973212,100,4465.934137,0.059402819818382545,False,False,[0.5 0.3 0.3]
1589.377496,100,4466.399281,0.1656769147392244,False,False,[0.5 0.3 0.3]
1379.688738,100,4466.861212,0.013160292188590291,False,False,[0.5 0.3 0.3]
1993.862399,100,4467.333123,0.06383162946491626,False,False,[0.5 0.3 0.3]
2425.042633,90,4468.300348,0.030450420758742165,False,True,[0.5 0.3 0.3]
1765.929791,100,4468.774508,0.05589925657533227,False,False,[0.5 0.3 0.3]
1819.243533,100,4469.237966,0.023522390226940207,False,False,[0.5 0.3 0.3]
1158.411256,100,4469.701939,0.07798711113501657,False,False,[0.5 0.3 0.3]
1994.595947,100,4470.17682,0.048416293401137296,False,False,[0.5 0.3 0.3]
1981.683975,100,4470.635625,0.08735907791066849,False,False,[0.5 0.3 0.3]
1555.133381,100,4471.11585,0.0763138333597364,False,False,[0.5 0.3 0.3]
1756.303313,100,4471.581796,0.09706038931528377,False,False,[0.5 0.3 0.3]
3021.972773,100,4472.043157,0.02766359385736862,False,False,[0.5 0.3 0.3]
2195.530575,100,4472.500424,0.042224556005039986,False,False,[0.5 0.3 0.3]
1568.138194,100,4472.973382,0.05075994335941461,False,False,[0.5 0.3 0.3]
1562.149111,100,4473.437715,0.08590756830120061,False,False,[0.5 0.3 0.3]
3155.097565,71,4473.792282,0.03977904934206857,False,True,[0.5 0.3 0.3]
627.679969,24,4473.991712,0.03500184073232929,False,True,[0.5 0.3 0.3]
1369.454812,100,4474.463262,0.10895938363855069,False,False,[0.5 0.3 0.3]
2613.275361,100,4474.924019,0.053598220450990476,False,False,[0.5 0.3 0.3]
2642.287759,100,4475.389155,0.04942278900635546,False,False,[0.5 0.3 0.3]
1159.194367,100,4475.853582,0.05620651727172674,False,False,[0.5 0.3 0.3]
1577.622838,100,4476.320656,0.06843872192910949,False,False,[0.5 0.3 0.3]
1977.315919,100,4476.795836,0.0929109352135745,False,False,[0.5 0.3 0.3]
1573.99566,100,4477.271338,0.038248354140087176,False,False,[0.5 0.3 0.3]
2024.348354,48,4477.546902,0.023160058353902217,False,True,[0.5 0.3 0.3]
526.76657,5,4477.672785,0.04755152223122703,False,True,[0.5 0.3 0.3]
3029.863389,100,4478.768722,0.02627579733247504,False,False,[0.5 0.3 0.3]
982.633423,14,4478.932366,0.045265067965884156,False,True,[0.5 0.3 0.3]
546.423086,100,4479.400848,0.12176415029226192,False,False,[0.5 0.3 0.3]
1810.424797,100,4479.858675,0.05572604596866376,False,False,[0.5 0.3 0.3]
2192.569073,100,4480.329797,0.02138479531986278,False,False,[0.5 0.3 0.3]
1980.387798,100,4480.803458,0.10328002112847551,False,False,[0.5 0.3 0.3]
1363.430003,100,4481.278495,0.0441035170225012,False,False,[0.5 0.3 0.3]
1370.938565,100,4481.735057,0.13026135417735996,False,False,[0.5 0.3 0.3]
1635.445852,100,4482.202829,0.06555382206468852,False,False,[0.5 0.3 0.3]
2171.771078,100,4482.682208,0.07146115653209766,False,False,[0.5 0.3 0.3]
2011.032131,100,4483.158398,0.07154815875807195,False,False,[0.5 0.3 0.3]
1185.317886,100,4483.618762,0.01153307962389094,False,False,[0.5 0.3 0.3]
2380.152914,79,4484.008742,0.043296926316921995,False,True,[0.5 0.3 0.3]
555.597099,10,4484.154409,0.019265235535325675,False,True,[0.5 0.3 0.3]
1990.020686,100,4484.755528,0.03799945940632359,False,False,[0.5 0.3 0.3]
1356.436662,100,4485.217162,0.07398076530492613,False,False,[0.5 0.3 0.3]
2020.589545,100,4485.683476,0.02142532265219431,False,False,[0.5 0.3 0.3]
2210.28026,100,4486.155492,0.06693810884035947,False,False,[0.5 0.3 0.3]
1157.075427,100,4486.610169,0.058947957180080085,False,False,[0.5 0.3 0.3]
1152.751543,100,4487.064287,0.04711759459384157,False,False,[0.5 0.3 0.3]
1782.560513,100,4487.533987,0.07166469662944938,False,False,[0.5 0.3 0.3]
1773.087817,100,4487.993976,0.05594273796268912,False,False,[0.5 0.3 0.3]
1766.034197,100,4488.45955,0.12759992406413043,False,False,[0.5 0.3 0.3]
1171.966827,100,4489.459161,0.058568042627111246,False,False,[0.5 0.3 0.3]
2008.647465,100,4489.923151,0.04516619794856632,False,False,[0.5 0.3 0.3]
1810.644824,100,4490.398107,0.023331740808984938,False,False,[0.5 0.3 0.3]
1576.252199,100,4490.883754,0.04874212717594156,False,False,[0.5 0.3 0.3]
2001.254991,100,4491.352384,0.024224069852001512,False,False,[0.5 0.3 0.3]
1562.33184,100,4491.85121,0.04751823244927361,False,False,[0.5 0.3 0.3]
739.855526,100,4492.32007,0.07357621887395595,False,False,[0.5 0.3 0.3]
2018.163209,100,4492.784108,0.0939883847622875,False,False,[0.5 0.3 0.3]
1581.198883,100,4493.262141,0.07501673459608571,False,False,[0.5 0.3 0.3]
968.416535,100,4493.728458,0.039198534347252484,False,False,[0.5 0.3 0.3]
1577.706168,100,4494.205092,0.09444446277160441,False,False,[0.5 0.3 0.3]
2223.381272,100,4494.673049,0.05440590350253503,False,False,[0.5 0.3 0.3]
1988.67257,46,4494.947255,0.04131799021060066,False,True,[0.5 0.3 0.3]
526.116988,5,4495.070314,0.036060843426865476,False,True,[0.5 0.3 0.3]
1163.136969,100,4495.532714,0.10753741723163909,False,False,[0.5 0.3 0.3]
2177.009797,100,4496.002644,0.0938738281677143,False,False,[0.5 0.3 0.3]
1139.539104,100,4496.481606,0.06393862134350918,False,False,[0.5 0.3 0.3]
1554.8055,100,4496.935953,0.10585290989410664,False,False,[0.5 0.3 0.3]
1144.289338,100,4497.418771,0.10796988531250722,False,False,[0.5 0.3 0.3]
1591.305249,100,4497.882404,0.039211024753413704,False,False,[0.5 0.3 0.3]
1411.818862,100,4498.36351,0.0545932115221277,False,False,[0.5 0.3 0.3]
1983.485334,100,4498.828259,0.09023169897167062,False,False,[0.5 0.3 0.3]
1577.291102,100,4499.834217,0.08547075953392087,False,False,[0.5 0.3 0.3]
2599.77702,100,4500.305341,0.03384117588613069,False,False,[0.5 0.3 0.3]
2006.769601,100,4500.773392,0.07000790644844562,False,False,[0.5 0.3 0.3]
1593.85295,100,4501.270995,0.04483087812587918,False,False,[0.5 0.3 0.3]
2189.199086,100,4501.722757,0.045211617235513625,False,False,[0.5 0.3 0.3]
2202.810876,100,4502.191575,0.05624321584612665,False,False,[0.5 0.3 0.3]
3428.445206,100,4502.655284,0.09500441119703448,False,False,[0.5 0.3 0.3]
1334.077904,100,4503.124454,0.09039234535218911,False,False,[0.5 0.3 0.3]
1820.775706,100,4503.600732,0.11105964430312618,False,False,[0.5 0.3 0.3]
1365.174617,100,4504.061016,0.10557689911957978,False,False,[0.5 0.3 0.3]
1985.681088,100,4504.537868,0.039145104739070374,False,False,[0.5 0.3 0.3]
2003.292193,100,4504.991811,0.0552766797375199,False,False,[0.5 0.3 0.3]
2014.599165,100,4505.461834,0.04256995132467339,False,False,[0.5 0.3 0.3]
1972.974261,100,4505.928728,0.07070256267415691,False,False,[0.5 0.3 0.3]
1161.346188,100,4506.405012,0.06078519878006946,False,False,[0.5 0.3 0.3]
1809.587198,100,4506.865115,0.07143660059894424,False,False,[0.5 0.3 0.3]
1599.078129,100,4507.329624,0.10683989389811456,False,False,[0.5 0.3 0.3]
1792.408416,100,4507.79291,0.07993212391927328,False,False,[0.5 0.3 0.3]
2803.261441,100,4508.262034,0.10332486433690814,False,False,[0.5 0.3 0.3]
2023.025318,100,4508.747989,0.12253226090941129,False,False,[0.5 0.3 0.3]
1568.949819,100,4509.757535,0.023631102948855665,False,False,[0.5 0.3 0.3]
2583.572557,100,4510.215933,0.10118808553276418,False,False,[0.5 0.3 0.3]
2616.261504,100,4510.685371,0.02888357535797426,False,False,[0.5 0.3 0.3]
2446.853227,94,4511.159695,0.017828312384316883,False,True,[0.5 0.3 0.3]
2202.834714,100,4511.62145,0.05564922619888357,False,False,[0.5 0.3 0.3]
2593.300998,100,4512.098803,0.12263343522071715,False,False,[0.5 0.3 0.3]
1589.258736,100,4512.562164,0.042492702166972145,False,False,[0.5 0.3 0.3]
1567.926941,100,4513.03273,0.06960987063665447,False,False,[0.5 0.3 0.3]
1586.652984,100,4513.509093,0.09833572754951425,False,False,[0.5 0.3 0.3]
2195.098294,100,4513.980829,0.03228978782638225,False,False,[0.5 0.3 0.3]
1544.96756,100,4514.444556,0.08200952343069227,False,False,[0.5 0.3 0.3]
1778.062669,100,4514.921819,0.05555502945908765,False,False,[0.5 0.3 0.3]
1816.371335,100,4515.395367,0.0623464541375097,False,False,[0.5 0.3 0.3]
1530.388813,100,4515.860819,0.0876851754732364,False,False,[0.5 0.3 0.3]
1168.514577,100,4516.323878,0.10750065556812244,False,False,[0.5 0.3 0.3]
2394.730559,100,4516.799053,0.1046297515179667,False,False,[0.5 0.3 0.3]
1952.963951,100,4517.258457,0.0326338168281793,False,False,[0.5 0.3 0.3]
1763.929777,100,4517.732424,0.029329497604276857,False,False,[0.5 0.3 0.3]
1376.280898,100,4518.197329,0.03664750760888462,False,False,[0.5 0.3 0.3]
1776.209887,100,4518.672301,0.04771627413803629,False,False,[0.5 0.3 0.3]
2828.186547,100,4519.134548,0.04387415387446605,False,False,[0.5 0.3 0.3]
2184.895659,100,4520.119128,0.056578384515128165,False,False,[0.5 0.3 0.3]
1973.24127,100,4520.612809,0.07174925834570293,False,False,[0.5 0.3 0.3]
3015.35848,100,4521.089495,0.021238866926911522,False,False,[0.5 0.3 0.3]
2032.952658,100,4521.557975,0.06585020060348909,False,False,[0.5 0.3 0.3]
1160.935177,100,4522.022407,0.10718791421776734,False,False,[0.5 0.3 0.3]
2175.287288,100,4522.479094,0.06507694018420833,False,False,[0.5 0.3 0.3]
2181.478876,100,4522.9508,0.06848678787051626,False,False,[0.5 0.3 0.3]
1183.090216,100,4523.414093,0.08896987857123437,False,False,[0.5 0.3 0.3]
1813.234888,100,4523.885949,0.08276268719530933,False,False,[0.5 0.3 0.3]
2618.682494,100,4524.354546,0.03518130886086199,False,False,[0.5 0.3 0.3]
1368.323205,100,4524.830499,0.07019193327253904,False,False,[0.5 0.3 0.3]
2448.373488,93,4525.279056,0.015237318063911834,False,True,[0.5 0.3 0.3]
1142.966682,100,4525.752431,0.0742917957217845,False,False,[0.5 0.3 0.3]
1595.850814,100,4526.248597,0.0553954913160146,False,False,[0.5 0.3 0.3]
1571.579192,100,4526.717462,0.06759535287564646,False,False,[0.5 0.3 0.3]
1375.641925,100,4527.17909,0.07449266455100897,False,False,[0.5 0.3 0.3]
2477.88374,96,4527.633784,0.027257194080965656,False,True,[0.5 0.3 0.3]
1957.004986,100,4528.096588,0.02939189320170171,False,False,[0.5 0.3 0.3]
2198.269648,100,4528.570154,0.042746069744682966,False,False,[0.5 0.3 0.3]
2000.101287,100,4529.04775,0.0469153424849373,False,False,[0.5 0.3 0.3]
1814.368468,100,4530.044163,0.08197820764970878,False,False,[0.5 0.3 0.3]
1579.861916,100,4530.538797,0.05231758001434863,False,False,[0.5 0.3 0.3]
2412.747476,100,4531.005307,0.02954509688036157,False,False,[0.5 0.3 0.3]
1784.506823,100,4531.472408,0.07869190466303037,False,False,[0.5 0.3 0.3]
1774.30961,100,4531.940977,0.03472016489820606,False,False,[0.5 0.3 0.3]
2614.620742,100,4532.402991,0.1420512464871525,False,False,[0.5 0.3 0.3]
914.584598,41,4532.660658,0.018578553363323584,False,True,[0.5 0.3 0.3]
533.807531,6,4532.787115,0.02038460759122586,False,True,[0.5 0.3 0.3]
1388.506277,100,4533.347296,0.03982287796320308,False,False,[0.5 0.3 0.3]
1150.460117,100,4533.825069,0.10961945342174671,False,False,[0.5 0.3 0.3]
1590.133206,100,4534.288253,0.06028475040518158,False,False,[0.5 0.3 0.3]
1825.704101,100,4534.744534,0.07336738314850086,False,False,[0.5 0.3 0.3]
2389.775039,100,4535.214541,0.07410985793981124,False,False,[0.5 0.3 0.3]
969.134792,100,4535.694381,0.023806245144287367,False,False,[0.5 0.3 0.3]
719.082774,100,4536.160905,0.0993447685897965,False,False,[0.5 0.3 0.3]
1391.653768,100,4536.623108,0.06258672367900431,False,False,[0.5 0.3 0.3]
1601.216336,100,4537.090329,0.05297455526690241,False,False,[0.5 0.3 0.3]
1607.486084,100,4537.555803,0.03801173932883579,False,False,[0.5 0.3 0.3]
1766.16938,100,4538.021703,0.033259996075985586,False,False,[0.5 0.3 0.3]
1588.791039,100,4538.515155,0.0454128497029789,False,False,[0.5 0.3 0.3]
2183.826608,100,4538.998184,0.10496826101937023,False,False,[0.5 0.3 0.3]
1589.43169,100,4539.455063,0.0955829668867528,False,False,[0.5 0.3 0.3]
2604.201178,100,4540.487221,0.10169756882758697,False,False,[0.5 0.3 0.3]
2209.770544,100,4540.954437,0.08730047016383125,False,False,[0.5 0.3 0.3]
1793.026868,100,4541.417317,0.08002348327351133,False,False,[0.5 0.3 0.3]
2662.905329,100,4541.875807,0.04457074386994035,False,False,[0.5 0.3 0.3]
3481.092564,91,4542.299336,0.008704664223441082,False,True,[0.5 0.3 0.3]
2011.968367,100,4542.758072,0.029521838492626757,False,False,[0.5 0.3 0.3]
2398.904749,100,4543.240659,0.0453252728908168,False,False,[0.5 0.3 0.3]
2817.883324,100,4543.719519,0.08383679846540568,False,False,[0.5 0.3 0.3]
2514.088045,65,4544.065763,0.020505906780627588,False,True,[0.5 0.3 0.3]
1572.601585,100,4544.535225,0.04288457950828197,False,False,[0.5 0.3 0.3]
1391.634117,100,4544.996302,0.07365816254332926,False,False,[0.5 0.3 0.3]
1365.318674,100,4545.470749,0.05358058639721534,False,False,[0.5 0.3 0.3]
1671.316399,25,4545.663434,0.022940503733077322,False,True,[0.5 0.3 0.3]
2077.683697,61,4545.991529,0.022844065574548312,False,True,[0.5 0.3 0.3]
1571.605264,100,4546.451365,0.05002942032361252,False,False,[0.5 0.3 0.3]
2639.968355,91,4546.872243,0.04089453344900373,False,True,[0.5 0.3 0.3]
2452.644182,100,4547.341833,0.08154789132698083,False,False,[0.5 0.3 0.3]
1995.460548,100,4547.805557,0.0617538561781643,False,False,[0.5 0.3 0.3]
1753.638888,100,4548.274139,0.07001094060732177,False,False,[0.5 0.3 0.3]
1797.723365,100,4548.735129,0.03716083160250852,False,False,[0.5 0.3 0.3]
2194.631355,100,4549.203145,0.02553120606039635,False,False,[0.5 0.3 0.3]
942.686403,100,4549.692694,0.04588833213241969,False,False,[0.5 0.3 0.3]
1570.148457,100,4550.693358,0.033400631947616354,False,False,[0.5 0.3 0.3]
1788.66855,100,4551.168894,0.07612485426520138,False,False,[0.5 0.3 0.3]
1795.143151,100,4551.645087,0.046002487673623166,False,False,[0.5 0.3 0.3]
2815.076116,100,4552.120929,0.04811989012443335,False,False,[0.5 0.3 0.3]
1976.928418,100,4552.593938,0.028144825513113453,False,False,[0.5 0.3 0.3]
1143.562934,100,4553.069971,0.06143062839283598,False,False,[0.5 0.3 0.3]
1981.427674,100,4553.53671,0.08035873010112939,False,False,[0.5 0.3 0.3]
1788.954179,100,4554.012876,0.02882881816105844,False,False,[0.5 0.3 0.3]
1148.087303,100,4554.476435,0.13874498877508648,False,False,[0.5 0.3 0.3]
2415.536452,100,4554.921381,0.054490647208944504,False,False,[0.5 0.3 0.3]
1338.568499,100,4555.390053,0.10076643409908853,False,False,[0.5 0.3 0.3]
1364.612192,100,4555.852682,0.07439899465604356,False,False,[0.5 0.3 0.3]
2427.955616,100,4556.331049,0.05560019120178691,False,False,[0.5 0.3 0.3]
1779.033668,100,4556.789873,0.01382249457075005,False,False,[0.5 0.3 0.3]
1986.291005,100,4557.281428,0.08757341360476534,False,False,[0.5 0.3 0.3]
1374.799445,100,4557.746094,0.12461677299964398,False,False,[0.5 0.3 0.3]
1766.682072,100,4558.230804,0.0888058775905466,False,False,[0.5 0.3 0.3]
1974.764453,100,4558.704778,0.09869606977144597,False,False,[0.5 0.3 0.3]
1772.172983,100,4559.20847,0.03345617813579042,False,False,[0.5 0.3 0.3]
2192.090208,100,4559.660124,0.06253789694516969,False,False,[0.5 0.3 0.3]
1983.8348,100,4560.135466,0.08576398873752246,False,False,[0.5 0.3 0.3]
2017.264474,100,4561.133108,0.07246135034833195,False,False,[0.5 0.3 0.3]
2425.47008,100,4561.664471,0.024605783460679244,False,False,[0.5 0.3 0.3]
1355.820071,100,4562.146063,0.04491770227343261,False,False,[0.5 0.3 0.3]
1988.097889,100,4562.61957,0.09369840782550601,False,False,[0.5 0.3 0.3]
1576.331945,100,4563.092424,0.041454685049063716,False,False,[0.5 0.3 0.3]
2188.50151,100,4563.555542,0.0348885265540153,False,False,[0.5 0.3 0.3]
802.514751,19,4563.742634,0.033594667953628234,False,True,[0.5 0.3 0.3]
1159.338242,100,4564.223173,0.036514731452959255,False,False,[0.5 0.3 0.3]
1777.573451,100,4564.680245,0.13159465710004253,False,False,[0.5 0.3 0.3]
1355.387194,100,4565.14997,0.13922914219412716,False,False,[0.5 0.3 0.3]
2036.787355,56,4565.459491,0.011554142981061404,False,True,[0.5 0.3 0.3]
2404.095732,100,4565.921818,0.07765277861248354,False,False,[0.5 0.3 0.3]
2196.014089,100,4566.397779,0.10352411185271888,False,False,[0.5 0.3 0.3]
1152.727001,100,4566.872058,0.04061177977078318,False,False,[0.5 0.3 0.3]
1165.99082,100,4567.33992,0.017815184156225645,False,False,[0.5 0.3 0.3]
936.842672,100,4567.804309,0.06414891469248055,False,False,[0.5 0.3 0.3]
2826.59563,100,4568.265417,0.05359662585028109,False,False,[0.5 0.3 0.3]
2189.91881,100,4568.760728,0.1363409125122935,False,False,[0.5 0.3 0.3]
1546.824353,100,4569.22664,0.056053111324664534,False,False,[0.5 0.3 0.3]
938.007115,100,4569.699127,0.10581656688278515,False,False,[0.5 0.3 0.3]
1392.664432,100,4570.174363,0.09083269580954591,False,False,[0.5 0.3 0.3]
2403.903508,100,4570.631629,0.04301028430962727,False,False,[0.5 0.3 0.3]
1133.314017,100,4571.624739,0.1281041949424762,False,False,[0.5 0.3 0.3]
2160.545,100,4572.089147,0.018804150248616095,False,False,[0.5 0.3 0.3]
1394.158537,100,4572.56226,0.01924195142302206,False,False,[0.5 0.3 0.3]
1565.030494,100,4573.029693,0.04512377906121719,False,False,[0.5 0.3 0.3]
963.529288,100,4573.511202,0.11098040740597404,False,False,[0.5 0.3 0.3]
1192.0704,100,4573.970801,0.05137016942114052,False,False,[0.5 0.3 0.3]
1784.70606,100,4574.444561,0.04426422613132753,False,False,[0.5 0.3 0.3]
1575.734033,100,4574.90046,0.08794989117161314,False,False,[0.5 0.3 0.3]
1818.376387,100,4575.371503,0.05257996695448047,False,False,[0.5 0.3 0.3]
1370.02749,100,4575.827936,0.04433158085465722,False,False,[0.5 0.3 0.3]
937.633105,100,4576.323205,0.045989051599519264,False,False,[0.5 0.3 0.3]
2003.998532,100,4576.802558,0.016387132680581055,False,False,[0.5 0.3 0.3]
2201.479995,100,4577.273245,0.12783331047791188,False,False,[0.5 0.3 0.3]
2649.933847,100,4577.740781,0.07946747740017629,False,False,[0.5 0.3 0.3]
1995.650249,100,4578.201835,0.046469794310307386,False,False,[0.5 0.3 0.3]
1959.591931,100,4578.699896,0.11931285239031778,False,False,[0.5 0.3 0.3]
2409.531912,100,4579.162185,0.04688345807423393,False,False,[0.5 0.3 0.3]
1967.664601,100,4579.64188,0.13153466836381703,False,False,[0.5 0.3 0.3]
2610.811941,100,4580.113593,0.08472923968886328,False,False,[0.5 0.3 0.3]
1981.837802,100,4580.594195,0.08210296355838557,False,False,[0.5 0.3 0.3]
1575.175061,100,4581.617045,0.10527845151646414,False,False,[0.5 0.3 0.3]
1576.518411,100,4582.084587,0.04244294755362284,False,False,[0.5 0.3 0.3]
1562.948881,100,4582.55194,0.05172543811499997,False,False,[0.5 0.3 0.3]
1765.739485,100,4583.015416,0.09493438574724924,False,False,[0.5 0.3 0.3]
1990.379459,100,4583.484072,0.06690671714354773,False,False,[0.5 0.3 0.3]
962.021821,100,4583.946251,0.039760104230044536,False,False,[0.5 0.3 0.3]
952.276515,100,4584.41081,0.05339004164056568,False,False,[0.5 0.3 0.3]
1362.276852,100,4584.884308,0.03591060203602027,False,False,[0.5 0.3 0.3]
1778.252223,100,4585.349362,0.03273519803891906,False,False,[0.5 0.3 0.3]
1998.003717,100,4585.822464,0.07466140248009655,False,False,[0.5 0.3 0.3]
1393.139386,100,4586.293863,0.10064224007751922,False,False,[0.5 0.3 0.3]
2208.672953,100,4586.769719,0.10838464522950968,False,False,[0.5 0.3 0.3]
1365.673345,100,4587.244458,0.07772568756591294,False,False,[0.5 0.3 0.3]
1349.475621,100,4587.709908,0.1318039670873849,False,False,[0.5 0.3 0.3]
1177.674294,100,4588.168155,0.09663663769293554,False,False,[0.5 0.3 0.3]
1988.827858,100,4588.678288,0.10329579244582072,False,False,[0.5 0.3 0.3]
2392.427669,100,4589.148878,0.07242872034084444,False,False,[0.5 0.3 0.3]
920.686731,100,4589.631449,0.05805094038808114,False,False,[0.5 0.3 0.3]
1404.515036,100,4590.090914,0.056316781039680214,False,False,[0.5 0.3 0.3]
2630.189246,100,4590.562448,0.09036603986301933,False,False,[0.5 0.3 0.3]
1361.220095,100,4591.043666,0.060135013428057264,False,False,[0.5 0.3 0.3]
1555.587009,100,4592.050859,0.04666158538801735,False,False,[0.5 0.3 0.3]
2399.822913,100,4592.51916,0.08358993149489193,False,False,[0.5 0.3 0.3]
1978.099927,100,4592.996546,0.03366730334746929,False,False,[0.5 0.3 0.3]
2404.404673,100,4593.460418,0.009207862141080396,False,False,[0.5 0.3 0.3]
1993.70646,100,4593.941181,0.128708235382973,False,False,[0.5 0.3 0.3]
1359.829054,100,4594.402554,0.07093173909090983,False,False,[0.5 0.3 0.3]
1178.535553,100,4594.875117,0.07767803830535805,False,False,[0.5 0.3 0.3]
1795.72698,100,4595.324206,0.06554680821053598,False,False,[0.5 0.3 0.3]
2190.430754,100,4595.798535,0.04334547552883171,False,False,[0.5 0.3 0.3]
1964.425156,100,4596.272436,0.026896169995388783,False,False,[0.5 0.3 0.3]
1588.821922,100,4596.740393,0.1298234005566206,False,False,[0.5 0.3 0.3]
1574.978125,100,4597.210346,0.07545475390151472,False,False,[0.5 0.3 0.3]
1585.340852,100,4597.68381,0.06638471351653852,False,False,[0.5 0.3 0.3]
1392.860024,100,4598.165658,0.027950949252161336,False,False,[0.5 0.3 0.3]
1603.435972,100,4598.669238,0.09316135922427617,False,False,[0.5 0.3 0.3]
1948.68794,40,4598.919398,0.02429171505080876,False,True,[0.5 0.3 0.3]
585.969551,15,4599.074394,0.01668090528595981,False,True,[0.5 0.3 0.3]
1392.791743,100,4599.642599,0.12084830239475464,False,False,[0.5 0.3 0.3]
1577.152674,100,4600.10584,0.11827122138646703,False,False,[0.5 0.3 0.3]
2397.861986,100,4600.566616,0.0548359883125806,False,False,[0.5 0.3 0.3]
1775.6273,100,4601.020021,0.15898163865938741,False,False,[0.5 0.3 0.3]
1376.575891,100,4601.486881,0.10388250501802117,False,False,[0.5 0.3 0.3]
1762.650818,100,4602.514797,0.06926249381224282,False,False,[0.5 0.3 0.3]
1772.891437,100,4602.984216,0.04620143153382641,False,False,[0.5 0.3 0.3]
1334.146464,100,4603.45314,0.05645775853835011,False,False,[0.5 0.3 0.3]
2201.928852,84,4603.871087,0.04468869827830887,False,True,[0.5 0.3 0.3]
1781.38214,100,4604.326728,0.047598484129310406,False,False,[0.5 0.3 0.3]
2859.636881,91,4604.766368,0.04233416258039278,False,True,[0.5 0.3 0.3]
1790.806419,100,4605.237982,0.025254198190162922,False,False,[0.5 0.3 0.3]
1988.578529,100,4605.694849,0.06221068048867277,False,False,[0.5 0.3 0.3]
2218.976453,100,4606.194178,0.07433466685217609,False,False,[0.5 0.3 0.3]
1356.779575,100,4606.659687,0.06942610007376072,False,False,[0.5 0.3 0.3]
1973.113008,100,4607.134563,0.0836464564537185,False,False,[0.5 0.3 0.3]
1385.529613,100,4607.599721,0.07088648485770228,False,False,[0.5 0.3 0.3]
2207.613613,100,4608.073186,0.03456069315569958,False,False,[0.5 0.3 0.3]
1784.014232,100,4608.570279,0.03551562564677893,False,False,[0.5 0.3 0.3]
1808.183368,100,4609.035142,0.0853218265263191,False,False,[0.5 0.3 0.3]
1992.846459,100,4609.492302,0.06317684479355705,False,False,[0.5 0.3 0.3]
1773.825477,100,4609.966877,0.0931536640147574,False,False,[0.5 0.3 0.3]
2600.014749,100,4610.427063,0.02620803441650759,False,False,[0.5 0.3 0.3]
1990.124633,100,4610.898089,0.05161924996307583,False,False,[0.5 0.3 0.3]
1566.191403,100,4611.369877,0.017856149494751047,False,False,[0.5 0.3 0.3]
2015.26434,100,4612.384086,0.05330193487750485,False,False,[0.5 0.3 0.3]
1372.747198,100,4612.85461,0.035459281669269774,False,False,[0.5 0.3 0.3]
1163.574959,100,4613.324333,0.07760099018693886,False,False,[0.5 0.3 0.3]
1601.869529,100,4613.794973,0.06647186756542645,False,False,[0.5 0.3 0.3]
1586.774822,100,4614.284335,0.03958921735661623,False,False,[0.5 0.3 0.3]
2668.138723,95,4614.720769,0.04880246797326106,False,True,[0.5 0.3 0.3]
2419.014545,100,4615.197127,0.05533338740085096,False,False,[0.5 0.3 0.3]
1568.410233,100,4615.662225,0.04755813575443996,False,False,[0.5 0.3 0.3]
2392.318519,100,4616.145324,0.12575683858772221,False,False,[0.5 0.3 0.3]
1597.78307,100,4616.613187,0.07867614204207178,False,False,[0.5 0.3 0.3]
2198.749131,100,4617.086812,0.08162533719663707,False,False,[0.5 0.3 0.3]
2387.668902,100,4617.544988,0.012493877966775964,False,False,[0.5 0.3 0.3]
1612.577438,55,4617.877895,0.04130552751970376,False,True,[0.5 0.3 0.3]
1366.391748,100,4618.370691,0.065082218483543,False,False,[0.5 0.3 0.3]
1591.705531,100,4618.839631,0.04202268348586681,False,False,[0.5 0.3 0.3]
1380.593956,100,4619.303624,0.024603024345507714,False,False,[0.5 0.3 0.3]
2821.397922,100,4619.782564,0.0056250472540818166,False,False,[0.5 0.3 0.3]
1158.552988,100,4620.253156,0.11719508082584972,False,False,[0.5 0.3 0.3]
2835.652487,100,4620.719974,0.023562841796241588,False,False,[0.5 0.3 0.3]
2197.398519,100,4621.206104,0.05744972057586131,False,False,[0.5 0.3 0.3]
1567.51995,100,4621.666661,0.06802445761523171,False,False,[0.5 0.3 0.3]
1807.275402,100,4622.684518,0.02102976966795563,False,False,[0.5 0.3 0.3]
2169.758355,100,4623.156937,0.03522403400674967,False,False,[0.5 0.3 0.3]
1789.981986,100,4623.62336,0.05449191066175245,False,False,[0.5 0.3 0.3]
1995.999769,100,4624.094455,0.08402735429215623,False,False,[0.5 0.3 0.3]
1958.598381,100,4624.5557,0.07275031380626046,False,False,[0.5 0.3 0.3]
2168.772795,100,4625.019815,0.08793541394218234,False,False,[0.5 0.3 0.3]
1582.028824,100,4625.495165,0.0949040858318011,False,False,[0.5 0.3 0.3]
1375.319211,100,4625.945137,0.11412836823255298,False,False,[0.5 0.3 0.3]
1806.722714,100,4626.423237,0.04726614642261082,False,False,[0.5 0.3 0.3]
1993.125154,100,4626.895009,0.12802325569816195,False,False,[0.5 0.3 0.3]
1574.294413,100,4627.359949,0.10760976781736302,False,False,[0.5 0.3 0.3]
2198.976614,100,4627.86732,0.10776718076399297,False,False,[0.5 0.3 0.3]
1994.646672,100,4628.342942,0.08892110600542744,False,False,[0.5 0.3 0.3]
2627.458078,100,4628.801168,0.06794871706585758,False,False,[0.5 0.3 0.3]
1973.266116,100,4629.284045,0.0575679234839029,False,False,[0.5 0.3 0.3]
1610.012674,100,4629.739554,0.051883356390355406,False,False,[0.5 0.3 0.3]
2363.529506,100,4630.206441,0.13094719566731486,False,False,[0.5 0.3 0.3]
1372.614997,100,4630.663035,0.05080781589095711,False,False,[0.5 0.3 0.3]
1575.697781,100,4631.140495,0.02497786049070375,False,False,[0.5 0.3 0.3]
1364.079164,100,4631.612993,0.07517382389295507,False,False,[0.5 0.3 0.3]
1781.871681,100,4632.079775,0.093445074374591,False,False,[0.5 0.3 0.3]
1603.928515,100,4633.078402,0.06218669746022761,False,False,[0.5 0.3 0.3]
1560.02324,100,4633.541187,0.08371493291153864,False,False,[0.5 0.3 0.3]
2379.733167,100,4634.011998,0.07696036680975099,False,False,[0.5 0.3 0.3]
1171.359258,100,4634.496859,0.051725373558772866,False,False,[0.5 0.3 0.3]
2634.381108,100,4634.967495,0.060678093449298615,False,False,[0.5 0.3 0.3]
2626.127041,100,4635.434197,0.02461869618284981,False,False,[0.5 0.3 0.3]
2224.048465,100,4635.900492,0.08811974037811657,False,False,[0.5 0.3 0.3]
1134.211005,100,4636.371636,0.08507009023217418,False,False,[0.5 0.3 0.3]
1590.82188,100,4636.851299,0.08044272017048908,False,False,[0.5 0.3 0.3]
2421.945121,100,4637.325915,0.015694985573791388,False,False,[0.5 0.3 0.3]
2223.994358,100,4637.803322,0.04287263990588315,False,False,[0.5 0.3 0.3]
1582.552129,100,4638.276354,0.09435728781490407,False,False,[0.5 0.3 0.3]
1360.476488,100,4638.753425,0.11907213675519503,False,False,[0.5 0.3 0.3]
2007.757407,100,4639.215431,0.06839738670483995,False,False,[0.5 0.3 0.3]
1133.726928,100,4639.681753,0.11310991888958166,False,False,[0.5 0.3 0.3]
1369.574495,100,4640.140791,0.05414054876624895,False,False,[0.5 0.3 0.3]
2409.229508,100,4640.617023,0.050005883359946025,False,False,[0.5 0.3 0.3]
1173.997683,100,4641.094753,0.06524994233437754,False,False,[0.5 0.3 0.3]
2004.33552,100,4641.566456,0.029918550386292615,False,False,[0.5 0.3 0.3]
1789.450638,100,4642.028722,0.07257245998278329,False,False,[0.5 0.3 0.3]
1393.923515,100,4643.024715,0.05228870490748077,False,False,[0.5 0.3 0.3]
1771.953205,100,4643.500426,0.054341558153723435,False,False,[0.5 0.3 0.3]
2629.67474,100,4643.969021,0.01659270487288284,False,False,[0.5 0.3 0.3]
1376.173812,100,4644.445382,0.09074453183258464,False,False,[0.5 0.3 0.3]
1786.032662,100,4644.909893,0.08871157178175068,False,False,[0.5 0.3 0.3]
1136.241435,100,4645.383815,0.14490532036642098,False,False,[0.5 0.3 0.3]
2807.854338,100,4645.852875,0.06443138432148157,False,False,[0.5 0.3 0.3]
978.109378,100,4646.319021,0.04829436370720662,False,False,[0.5 0.3 0.3]
1797.890503,100,4646.802923,0.0794808900315849,False,False,[0.5 0.3 0.3]
1584.19913,100,4647.283713,0.057877922873907535,False,False,[0.5 0.3 0.3]
2226.413844,100,4647.773989,0.04473804925881795,False,False,[0.5 0.3 0.3]
2250.225032,100,4648.235899,0.02969041279269521,False,False,[0.5 0.3 0.3]
1366.289206,100,4648.69726,0.07438918655905906,False,False,[0.5 0.3 0.3]
2414.79019,100,4649.170151,0.06479801323712259,False,False,[0.5 0.3 0.3]
2395.324096,100,4649.628376,0.14448163417576682,False,False,[0.5 0.3 0.3]
766.750829,11,4649.7735,0.03293890889034728,False,True,[0.5 0.3 0.3]
1806.043319,100,4650.240105,0.0729352794298108,False,False,[0.5 0.3 0.3]
1555.359611,100,4650.728179,0.12557020667533564,False,False,[0.5 0.3 0.3]
2397.642315,100,4651.203448,0.0809658806725068,False,False,[0.5 0.3 0.3]
1610.448178,100,4651.681573,0.036248127257295044,False,False,[0.5 0.3 0.3]
2183.52727,100,4652.15096,0.030100557680318756,False,False,[0.5 0.3 0.3]
1780.044442,100,4652.615833,0.02903957332501164,False,False,[0.5 0.3 0.3]
1979.319908,100,4653.611147,0.020928339368488893,False,False,[0.5 0.3 0.3]
2198.185514,100,4654.081216,0.10017323960745797,False,False,[0.5 0.3 0.3]
1803.732525,100,4654.547649,0.07168369680414292,False,False,[0.5 0.3 0.3]
1758.628816,100,4655.0247,0.0314616491128271,False,False,[0.5 0.3 0.3]
1793.933403,100,4655.498657,0.03280539595556818,False,False,[0.5 0.3 0.3]
1792.15222,100,4655.961843,0.0465270229718137,False,False,[0.5 0.3 0.3]
1379.125967,100,4656.427458,0.08293221276000103,False,False,[0.5 0.3 0.3]
1593.851284,100,4656.906304,0.02804861867944077,False,False,[0.5 0.3 0.3]
1182.791872,100,4657.412065,0.05274780760397647,False,False,[0.5 0.3 0.3]
1795.92924,100,4657.892869,0.11120447815794857,False,False,[0.5 0.3 0.3]
1567.063702,100,4658.372154,0.10029147784903404,False,False,[0.5 0.3 0.3]
1967.578681,100,4658.847002,0.13046875149311524,False,False,[0.5 0.3 0.3]
1367.698848,100,4659.319815,0.09256490366177995,False,False,[0.5 0.3 0.3]
1778.447178,100,4659.786693,0.06799812771711644,False,False,[0.5 0.3 0.3]
1781.616403,100,4660.261722,0.020979012279619038,False,False,[0.5 0.3 0.3]
1806.091211,100,4660.734642,0.01815740673445427,False,False,[0.5 0.3 0.3]
2204.666049,100,4661.20533,0.045890877715596225,False,False,[0.5 0.3 0.3]
746.29656,100,4661.679377,0.08832090311889308,False,False,[0.5 0.3 0.3]
1752.266647,40,4661.94094,0.04162801060105096,False,True,[0.5 0.3 0.3]
1576.681809,100,4662.413742,0.08824136417741209,False,False,[0.5 0.3 0.3]
1984.062399,100,4662.890212,0.08129209643154238,False,False,[0.5 0.3 0.3]
1152.513405,100,4663.893916,0.06539015845938558,False,False,[0.5 0.3 0.3]
1798.176313,100,4664.354267,0.0471639010797843,False,False,[0.5 0.3 0.3]
1988.423883,100,4664.835461,0.0807959275081193,False,False,[0.5 0.3 0.3]
1569.436052,100,4665.311532,0.09151742399903778,False,False,[0.5 0.3 0.3]
965.416612,100,4665.782056,0.09538679726653994,False,False,[0.5 0.3 0.3]
932.858329,100,4666.275266,0.06711474275696877,False,False,[0.5 0.3 0.3]
3670.995726,88,4666.693182,0.0380883549855728,False,True,[0.5 0.3 0.3]
1367.035634,100,4667.183694,0.0125713653122057,False,False,[0.5 0.3 0.3]
1782.719924,100,4667.664087,0.051683283121580124,False,False,[0.5 0.3 0.3]
2029.875597,54,4667.964679,0.03544006687870901,False,True,[0.5 0.3 0.3]
2609.586874,100,4668.418603,0.09209971300779175,False,False,[0.5 0.3 0.3]
1796.591326,100,4668.90186,0.13062284259821733,False,False,[0.5 0.3 0.3]
2002.892922,100,4669.357275,0.08443415250705792,False,False,[0.5 0.3 0.3]
1350.645469,100,4669.818778,0.014425585350692027,False,False,[0.5 0.3 0.3]
1593.12049,100,4670.28312,0.10425722929544737,False,False,[0.5 0.3 0.3]
1395.99514,100,4670.750298,0.03783332940572852,False,False,[0.5 0.3 0.3]
1814.939113,100,4671.216277,0.09284472682749104,False,False,[0.5 0.3 0.3]
3027.807799,100,4671.691063,0.043906453683794915,False,False,[0.5 0.3 0.3]
948.6633,100,4672.160371,0.06506889775693918,False,False,[0.5 0.3 0.3]
1794.28111,100,4672.618249,0.054212259940734496,False,False,[0.5 0.3 0.3]
2341.625727,72,4673.006666,0.02261772349201788,False,True,[0.5 0.3 0.3]
2637.694534,100,4674.019394,0.034287102050811036,False,False,[0.5 0.3 0.3]
1993.627246,100,4674.489486,0.025253796659413737,False,False,[0.5 0.3 0.3]
1988.924111,100,4674.972498,0.03964404508575531,False,False,[0.5 0.3 0.3]
1349.845712,100,4675.44246,0.06472175157797748,False,False,[0.5 0.3 0.3]
1577.741851,100,4675.902071,0.06495621611141261,False,False,[0.5 0.3 0.3]
1173.65107,100,4676.369768,0.12133517612296854,False,False,[0.5 0.3 0.3]
2616.940248,81,4676.763158,0.01853692196842225,False,True,[0.5 0.3 0.3]
2685.129234,99,4677.230676,0.022039719494990995,False,True,[0.5 0.3 0.3]
973.514387,100,4677.698647,0.08850333428519541,False,False,[0.5 0.3 0.3]
1765.058098,100,4678.165639,0.1551311274284004,False,False,[0.5 0.3 0.3]
1579.644491,100,4678.635065,0.020656679317666522,False,False,[0.5 0.3 0.3]
1996.577923,100,4679.118154,0.0836724105116062,False,False,[0.5 0.3 0.3]
1569.159511,100,4679.591182,0.02835270956091139,False,False,[0.5 0.3 0.3]
1156.481309,100,4680.069399,0.03875217083258931,False,False,[0.5 0.3 0.3]
1170.412507,100,4680.544479,0.06870885587346756,False,False,[0.5 0.3 0.3]
2174.863158,100,4681.019213,0.08684911169226996,False,False,[0.5 0.3 0.3]
1977.077784,100,4681.491285,0.14534761745320116,False,False,[0.5 0.3 0.3]
1564.137802,100,4681.960676,0.027100537036494718,False,False,[0.5 0.3 0.3]
1162.492839,100,4682.425254,0.10446516480244838,False,False,[0.5 0.3 0.3]
1573.603411,100,4682.900337,0.05777282248605344,False,False,[0.5 0.3 0.3]
2205.563739,100,4683.370579,0.06466396604131633,False,False,[0.5 0.3 0.3]
2207.742811,100,4684.362808,0.07700781086998641,False,False,[0.5 0.3 0.3]
1139.818524,100,4684.83761,0.0717145768466534,False,False,[0.5 0.3 0.3]
1576.760514,100,4685.311246,0.062045849271749665,False,False,[0.5 0.3 0.3]
1788.075615,100,4685.784728,0.1321348938191135,False,False,[0.5 0.3 0.3]
1768.444185,100,4686.271018,0.11108870573506943,False,False,[0.5 0.3 0.3]
2226.194904,100,4686.764549,0.09423475122915667,False,False,[0.5 0.3 0.3]
1817.659729,57,4687.091381,0.022665799586481565,False,True,[0.5 0.3 0.3]
1355.093553,100,4687.564678,0.08781971180186601,False,False,[0.5 0.3 0.3]
1172.986063,100,4688.034783,0.0637911310906488,False,False,[0.5 0.3 0.3]
1373.760343,100,4688.497442,0.046801068239920356,False,False,[0.5 0.3 0.3]
1379.225969,100,4688.963945,0.09776925133113941,False,False,[0.5 0.3 0.3]
1765.516268,100,4689.447456,0.06420541000313312,False,False,[0.5 0.3 0.3]
2203.216294,100,4689.917599,0.03507994132882665,False,False,[0.5 0.3 0.3]
1803.028734,100,4690.384086,0.03897905644743756,False,False,[0.5 0.3 0.3]
1996.216397,100,4690.844197,0.050544624566385817,False,False,[0.5 0.3 0.3]
1547.701908,100,4691.318236,0.028375670660160363,False,False,[0.5 0.3 0.3]
1242.848789,24,4691.515653,0.03876217081394538,False,True,[0.5 0.3 0.3]
1352.773543,100,4691.988544,0.09565780081298549,False,False,[0.5 0.3 0.3]
1784.232284,100,4692.458534,0.09484122383892728,False,False,[0.5 0.3 0.3]
973.839797,100,4692.925658,0.09987215183312818,False,False,[0.5 0.3 0.3]
1376.860078,100,4693.404095,0.03613934478084405,False,False,[0.5 0.3 0.3]
1763.669474,100,4694.424856,0.05530537764813362,False,False,[0.5 0.3 0.3]
962.601685,100,4694.880921,0.04889302398611026,False,False,[0.5 0.3 0.3]
2195.52862,100,4695.35646,0.05060049095660284,False,False,[0.5 0.3 0.3]
1779.322455,100,4695.807534,0.09421750427826418,False,False,[0.5 0.3 0.3]
2429.559763,100,4696.301761,0.09748131901992069,False,False,[0.5 0.3 0.3]
1557.819733,100,4696.79776,0.04519666502305056,False,False,[0.5 0.3 0.3]
1153.911393,100,4697.311804,0.1881333176350201,False,False,[0.5 0.3 0.3]
3048.514893,100,4697.829011,0.10213326521724238,False,False,[0.5 0.3 0.3]
1776.517872,100,4698.337752,0.1024120498114865,False,False,[0.5 0.3 0.3]
2382.938209,100,4698.838575,0.0280906189654268,False,False,[0.5 0.3 0.3]
2403.768646,100,4699.347218,0.11179978512261068,False,False,[0.5 0.3 0.3]
1597.414651,100,4699.86626,0.04458466121546656,False,False,[0.5 0.3 0.3]
1195.269255,100,4700.394867,0.02326859983057363,False,False,[0.5 0.3 0.3]
1363.922364,100,4700.900993,0.08935943820789086,False,False,[0.5 0.3 0.3]
1996.90937,48,4701.2032,0.020277636683560505,False,True,[0.5 0.3 0.3]
1987.868219,100,4701.720203,0.03215244022458906,False,False,[0.5 0.3 0.3]
1975.320763,100,4702.256879,0.029113000036331802,False,False,[0.5 0.3 0.3]
2821.501373,100,4702.755021,0.1138457996013333,False,False,[0.5 0.3 0.3]
2398.751551,100,4703.278219,0.05543892915512884,False,False,[0.5 0.3 0.3]
1790.843565,100,4703.786036,0.04133711914829031,False,False,[0.5 0.3 0.3]
2811.438148,100,4704.313541,0.07099515231220893,False,False,[0.5 0.3 0.3]
1388.362077,100,4705.358865,0.05659360656574299,False,False,[0.5 0.3 0.3]
2690.244932,100,4705.882302,0.02561760629531055,False,True,[0.5 0.3 0.3]
931.815073,100,4706.437269,0.07656667558998807,False,False,[0.5 0.3 0.3]
1567.944068,100,4706.953814,0.021424898120092146,False,False,[0.5 0.3 0.3]
1364.161414,100,4707.463836,0.009016496467848413,False,False,[0.5 0.3 0.3]
2402.112905,100,4707.995808,0.06251811784807071,False,False,[0.5 0.3 0.3]
1770.238161,100,4708.517942,0.06734229518297678,False,False,[0.5 0.3 0.3]
1758.866878,100,4709.02498,0.11153170600826387,False,False,[0.5 0.3 0.3]
1350.135545,100,4709.548823,0.11070063329659392,False,False,[0.5 0.3 0.3]
2000.964441,100,4710.06902,0.05462346142074768,False,False,[0.5 0.3 0.3]
1802.175148,100,4710.562649,0.11383653313584947,False,False,[0.5 0.3 0.3]
1387.053027,100,4711.09415,0.04455346047663647,False,False,[0.5 0.3 0.3]
2186.461449,100,4711.615649,0.10727179693595026,False,False,[0.5 0.3 0.3]
1797.209426,100,4712.105356,0.12646163281326772,False,False,[0.5 0.3 0.3]
2186.378894,100,4712.575743,0.06605473213949242,False,False,[0.5 0.3 0.3]
2383.128589,100,4713.075881,0.03388398815626008,False,False,[0.5 0.3 0.3]
1576.598769,100,4713.594127,0.10319277655077275,False,False,[0.5 0.3 0.3]
1776.275356,100,4714.084118,0.09386792675971023,False,False,[0.5 0.3 0.3]
1998.086694,100,4714.556717,0.0779216636220817,False,False,[0.5 0.3 0.3]
2159.714525,100,4715.019494,0.05958796395550234,False,False,[0.5 0.3 0.3]
1984.384444,100,4715.4825,0.09959051586603893,False,False,[0.5 0.3 0.3]
2176.103344,100,4716.533815,0.015315270140201839,False,False,[0.5 0.3 0.3]
1572.909296,100,4717.00915,0.03590668239731298,False,False,[0.5 0.3 0.3]
1170.433817,100,4717.490842,0.029038588955140113,False,False,[0.5 0.3 0.3]
1759.649597,100,4717.951461,0.046467673662351626,False,False,[0.5 0.3 0.3]
2218.993517,100,4718.427943,0.0435616830217288,False,False,[0.5 0.3 0.3]
1562.959888,100,4718.896171,0.0928948501137252,False,False,[0.5 0.3 0.3]
1349.34311,100,4719.365493,0.06535280399757525,False,False,[0.5 0.3 0.3]
2028.19229,100,4719.839674,0.03373656515629655,False,False,[0.5 0.3 0.3]
1784.750227,100,4720.319534,0.07385989717755033,False,False,[0.5 0.3 0.3]
1552.468804,100,4720.781082,0.045172832676633204,False,False,[0.5 0.3 0.3]
1584.066365,100,4721.255664,0.05302085506915716,False,False,[0.5 0.3 0.3]
1588.295646,100,4721.722489,0.11229520285753383,False,False,[0.5 0.3 0.3]
2399.093271,100,4722.20037,0.1154962874090278,False,False,[0.5 0.3 0.3]
2420.076856,100,4722.669995,0.0497168261628547,False,False,[0.5 0.3 0.3]
932.722593,100,4723.135744,0.04961709448703536,False,False,[0.5 0.3 0.3]
1772.146197,100,4723.614775,0.11605930055264453,False,False,[0.5 0.3 0.3]
1803.428694,100,4724.073251,0.02909940574876424,False,False,[0.5 0.3 0.3]
2816.50759,100,4724.558911,0.08761131263149265,False,False,[0.5 0.3 0.3]
1594.748249,100,4725.026867,0.027325797641378147,False,False,[0.5 0.3 0.3]
1575.129978,100,4725.50002,0.09502421292781774,False,False,[0.5 0.3 0.3]
2639.478371,100,4726.542503,0.053885197146891856,False,False,[0.5 0.3 0.3]
1589.049933,100,4727.020588,0.07264348727907244,False,False,[0.5 0.3 0.3]
1776.947064,100,4727.48248,0.09699510495224366,False,False,[0.5 0.3 0.3]
1949.956302,100,4727.96362,0.07174472999583256,False,False,[0.5 0.3 0.3]
2631.680726,100,4728.426791,0.07656593038493761,False,False,[0.5 0.3 0.3]
3023.610609,81,4728.818227,0.023015637131078466,False,True,[0.5 0.3 0.3]
1572.549591,100,4729.293174,0.07082876671817619,False,False,[0.5 0.3 0.3]
1571.173303,100,4729.77383,0.06455989430244535,False,False,[0.5 0.3 0.3]
1547.462907,100,4730.253191,0.07249687265479329,False,False,[0.5 0.3 0.3]
1984.476331,100,4730.719754,0.058603769326240965,False,False,[0.5 0.3 0.3]
1969.184738,100,4731.186234,0.10021789342486315,False,False,[0.5 0.3 0.3]
2220.929107,100,4731.661728,0.11379637759127013,False,False,[0.5 0.3 0.3]
2200.997067,100,4732.13647,0.09709612052931185,False,False,[0.5 0.3 0.3]
2008.2575,100,4732.603092,0.10577200681131999,False,False,[0.5 0.3 0.3]
1978.528985,100,4733.070921,0.056407841220918346,False,False,[0.5 0.3 0.3]
1764.078413,100,4733.540446,0.08094512207516628,False,False,[0.5 0.3 0.3]
1789.385029,100,4734.022763,0.028928204750461234,False,False,[0.5 0.3 0.3]
974.765022,100,4734.500547,0.05452353824249129,False,False,[0.5 0.3 0.3]
1600.574648,100,4734.969764,0.030767767594583082,False,False,[0.5 0.3 0.3]
3223.701342,100,4735.440212,0.023007273368073386,False,False,[0.5 0.3 0.3]
1999.268034,100,4735.94532,0.0939619641196453,False,False,[0.5 0.3 0.3]
1756.364343,100,4736.952075,0.08683931803146396,False,False,[0.5 0.3 0.3]
1572.10595,100,4737.407746,0.08656333847900366,False,False,[0.5 0.3 0.3]
1779.773352,100,4737.884356,0.02652983467720658,False,False,[0.5 0.3 0.3]
2395.597403,100,4738.349895,0.11864183477998848,False,False,[0.5 0.3 0.3]
2031.791417,100,4738.808107,0.02569866049212363,False,False,[0.5 0.3 0.3]
2427.910871,100,4739.265711,0.056951053340751706,False,False,[0.5 0.3 0.3]
1578.471225,100,4739.734329,0.02103697147304783,False,False,[0.5 0.3 0.3]
1579.363089,100,4740.199727,0.07091928363415244,False,False,[0.5 0.3 0.3]
2012.195326,100,4740.668559,0.06502900555202779,False,False,[0.5 0.3 0.3]
1981.236295,100,4741.146475,0.025776670627838116,False,False,[0.5 0.3 0.3]
1978.015253,100,4741.602448,0.10344941715338744,False,False,[0.5 0.3 0.3]
725.788053,100,4742.134358,0.10448206960842611,False,False,[0.5 0.3 0.3]
1147.179661,100,4742.65129,0.09296340806226101,False,False,[0.5 0.3 0.3]
1568.975213,100,4743.168936,0.05246141889698354,False,False,[0.5 0.3 0.3]
1375.534752,100,4743.673709,0.06848141721339217,False,False,[0.5 0.3 0.3]
2610.076274,100,4744.19177,0.04712655767975497,False,False,[0.5 0.3 0.3]
2206.171863,100,4744.711907,0.06239648252949389,False,False,[0.5 0.3 0.3]
1771.296417,100,4745.233344,0.08105912264824112,False,False,[0.5 0.3 0.3]
1566.284924,100,4745.794803,0.11874479133710124,False,False,[0.5 0.3 0.3]
1141.896259,100,4746.306184,0.05141470958973362,False,False,[0.5 0.3 0.3]
2591.305194,100,4747.367014,0.08132582870673183,False,False,[0.5 0.3 0.3]
1545.623014,100,4747.904249,0.07961050551423243,False,False,[0.5 0.3 0.3]
1371.922954,100,4748.425097,0.09441169731943186,False,False,[0.5 0.3 0.3]
1561.989047,100,4748.949812,0.02988984506849267,False,False,[0.5 0.3 0.3]
1571.350213,100,4749.462068,0.04338122007182301,False,False,[0.5 0.3 0.3]
1372.923979,100,4749.982358,0.03851569613635474,False,False,[0.5 0.3 0.3]
727.878971,100,4750.481534,0.07674999659636032,False,False,[0.5 0.3 0.3]
1972.298889,100,4750.995794,0.10674084394462253,False,False,[0.5 0.3 0.3]
968.717107,100,4751.511322,0.02576904817966891,False,False,[0.5 0.3 0.3]
2622.908874,100,4752.013954,0.04691638007247983,False,False,[0.5 0.3 0.3]
1593.83031,100,4752.53429,0.07278519462087596,False,False,[0.5 0.3 0.3]
1141.389139,100,4753.07851,0.11265022575410748,False,False,[0.5 0.3 0.3]
1364.501439,100,4753.589197,0.0801490339268066,False,False,[0.5 0.3 0.3]
1607.733834,100,4754.109279,0.10321279075573293,False,False,[0.5 0.3 0.3]
1787.255441,100,4754.620461,0.0070433660573083826,False,False,[0.5 0.3 0.3]
2394.364977,100,4755.140937,0.029991608976751592,False,False,[0.5 0.3 0.3]
1572.959232,100,4755.663141,0.015844272197209568,False,False,[0.5 0.3 0.3]
1782.194438,100,4756.20942,0.06699183447534217,False,False,[0.5 0.3 0.3]
1577.14442,100,4756.715599,0.10907944369256327,False,False,[0.5 0.3 0.3]
1570.057513,100,4757.214635,0.07481869512087536,False,False,[0.5 0.3 0.3]
1163.591182,100,4757.720971,0.053403956184997596,False,False,[0.5 0.3 0.3]
1393.017296,100,4758.754234,0.07958809083112058,False,False,[0.5 0.3 0.3]
1559.302506,100,4759.224559,0.16467589060774573,False,False,[0.5 0.3 0.3]
1331.207404,42,4759.48946,0.036042917171205495,False,True,[0.5 0.3 0.3]
2430.008412,100,4759.964875,0.05551053259721938,False,False,[0.5 0.3 0.3]
2192.445253,100,4760.428079,0.0352239445841908,False,False,[0.5 0.3 0.3]
1358.15718,100,4760.895987,0.039922683682600685,False,False,[0.5 0.3 0.3]
1161.25725,100,4761.37191,0.039173020833373616,False,False,[0.5 0.3 0.3]
2412.732943,100,4761.82854,0.05540829139248276,False,False,[0.5 0.3 0.3]
2009.053774,100,4762.299318,0.13147698357227125,False,False,[0.5 0.3 0.3]
1157.396774,100,4762.764081,0.007439919921496376,False,False,[0.5 0.3 0.3]
1591.733981,100,4763.22857,0.024760629882858497,False,False,[0.5 0.3 0.3]
534.834114,100,4763.697905,0.09346613786495295,False,False,[0.5 0.3 0.3]
1370.984138,100,4764.159229,0.06619217814725809,False,False,[0.5 0.3 0.3]
1165.042908,100,4764.611497,0.08085280600815285,False,False,[0.5 0.3 0.3]
1397.839807,100,4765.084408,0.02243240548975298,False,False,[0.5 0.3 0.3]
1981.188111,100,4765.543798,0.05356329795866202,False,False,[0.5 0.3 0.3]
3034.349789,100,4766.029575,0.05292777779337305,False,False,[0.5 0.3 0.3]
1373.878533,100,4766.514305,0.028993470129269377,False,False,[0.5 0.3 0.3]
3663.46556,100,4766.997913,0.0527103730475145,False,False,[0.5 0.3 0.3]
1765.258703,100,4767.481049,0.08819754546803663,False,False,[0.5 0.3 0.3]
2197.156997,100,4767.956481,0.1217034993779434,False,False,[0.5 0.3 0.3]
1020.162046,20,4768.135674,0.030394762761705937,False,True,[0.5 0.3 0.3]
1980.187507,100,4769.136164,0.06552043216449668,False,False,[0.5 0.3 0.3]
938.520174,100,4769.600606,0.04386769697451649,False,False,[0.5 0.3 0.3]
1796.616328,100,4770.067642,0.08087045939266878,False,False,[0.5 0.3 0.3]
1569.054485,100,4770.534227,0.07159184393436313,False,False,[0.5 0.3 0.3]
1548.679674,100,4771.004258,0.07864432533877386,False,False,[0.5 0.3 0.3]
2633.650831,100,4771.466019,0.07248822184819231,False,False,[0.5 0.3 0.3]
2962.349708,73,4771.838064,0.007588160716805754,False,True,[0.5 0.3 0.3]
1972.126082,100,4772.313983,0.06611247594390603,False,False,[0.5 0.3 0.3]
1604.780793,100,4772.775515,0.06574968269583133,False,False,[0.5 0.3 0.3]
1587.378465,100,4773.245521,0.056050686295767926,False,False,[0.5 0.3 0.3]
2013.403732,100,4773.711366,0.09479352177242838,False,False,[0.5 0.3 0.3]
1370.701717,100,4774.171333,0.0674457125162321,False,False,[0.5 0.3 0.3]
1994.333351,100,4774.647355,0.05027385691691022,False,False,[0.5 0.3 0.3]
1357.279691,100,4775.120187,0.049230951860937955,False,False,[0.5 0.3 0.3]
1982.911842,100,4775.62001,0.03726249020700953,False,False,[0.5 0.3 0.3]
2225.432661,100,4776.084034,0.15782703838097148,False,False,[0.5 0.3 0.3]
2383.016431,100,4776.556899,0.10700735982604297,False,False,[0.5 0.3 0.3]
2414.20816,100,4777.02359,0.05046692411203993,False,False,[0.5 0.3 0.3]
1786.266153,100,4777.490038,0.02794124103721329,False,False,[0.5 0.3 0.3]
2379.903509,100,4777.957802,0.06125867919826585,False,False,[0.5 0.3 0.3]
1983.680787,100,4778.440451,0.06104903896532224,False,False,[0.5 0.3 0.3]
1368.224485,100,4779.453582,0.06053452061050358,False,False,[0.5 0.3 0.3]
1551.564064,100,4779.922211,0.0319972093617097,False,False,[0.5 0.3 0.3]
1564.442639,100,4780.391699,0.018729117920639374,False,False,[0.5 0.3 0.3]
1373.224253,100,4780.851602,0.07999770787168839,False,False,[0.5 0.3 0.3]
2193.233301,100,4781.328168,0.12664053651936877,False,False,[0.5 0.3 0.3]
2000.347881,100,4781.789193,0.0471673288695353,False,False,[0.5 0.3 0.3]
1772.173691,100,4782.255329,0.17163477038549643,False,False,[0.5 0.3 0.3]
2212.760902,100,4782.729962,0.026517625352368547,False,False,[0.5 0.3 0.3]
1391.718447,100,4783.215181,0.04735609735098565,False,False,[0.5 0.3 0.3]
1178.952656,100,4783.680336,0.08580130269114472,False,False,[0.5 0.3 0.3]
1553.470143,100,4784.154907,0.04924870970239656,False,False,[0.5 0.3 0.3]
1794.224746,100,4784.635339,0.04378378165219073,False,False,[0.5 0.3 0.3]
2208.905579,100,4785.114399,0.027543626881907736,False,False,[0.5 0.3 0.3]
1971.702282,100,4785.626197,0.09143405933773538,False,False,[0.5 0.3 0.3]
1396.128374,100,4786.104981,0.043981941261182246,False,False,[0.5 0.3 0.3]
1995.104921,100,4786.59344,0.02210893335629687,False,False,[0.5 0.3 0.3]
1371.781157,100,4787.086875,0.09708541436800913,False,False,[0.5 0.3 0.3]
2591.752529,100,4787.610495,0.020932053738026448,False,False,[0.5 0.3 0.3]
2395.714946,100,4788.111295,0.11263831881847709,False,False,[0.5 0.3 0.3]
2602.880983,100,4788.636829,0.07454095892992106,False,False,[0.5 0.3 0.3]
1376.488888,100,4789.705831,0.029626448110301018,False,False,[0.5 0.3 0.3]
2407.629029,100,4790.223132,0.1056998116316749,False,False,[0.5 0.3 0.3]
2215.834801,100,4790.742115,0.09782898196021973,False,False,[0.5 0.3 0.3]
1776.162735,100,4791.284289,0.06849676049730392,False,False,[0.5 0.3 0.3]
2397.193357,86,4791.739283,0.04644395420418645,False,True,[0.5 0.3 0.3]
2590.626476,100,4792.277503,0.0829107228971862,False,False,[0.5 0.3 0.3]
1368.025839,100,4792.801404,0.04892305777620594,False,False,[0.5 0.3 0.3]
1579.564958,100,4793.324198,0.04639098749019835,False,False,[0.5 0.3 0.3]
1575.808054,100,4793.852243,0.16133647380420998,False,False,[0.5 0.3 0.3]
968.942143,100,4794.379416,0.0636457005948087,False,False,[0.5 0.3 0.3]
1565.739351,100,4794.909587,0.08914198294306765,False,False,[0.5 0.3 0.3]
1826.289377,100,4795.420304,0.08358632095120422,False,False,[0.5 0.3 0.3]
2237.811381,100,4795.92104,0.03488479337314981,False,False,[0.5 0.3 0.3]
2051.797428,100,4796.431521,0.040973829401982326,False,False,[0.5 0.3 0.3]
1176.893499,100,4796.952093,0.11442928386118702,False,False,[0.5 0.3 0.3]
2195.157682,100,4797.478767,0.02106302239216168,False,False,[0.5 0.3 0.3]
2406.541415,100,4797.992415,0.06449076754336393,False,False,[0.5 0.3 0.3]
1997.543709,100,4798.510365,0.018502772016495323,False,False,[0.5 0.3 0.3]
1359.858285,100,4799.020693,0.06874922166926896,False,False,[0.5 0.3 0.3]
1592.694759,100,4799.548566,0.041965947420069025,False,False,[0.5 0.3 0.3]
2221.379061,100,4800.079306,0.060546815077663095,False,False,[0.5 0.3 0.3]
1989.948024,100,4801.144921,0.1059153835739794,False,False,[0.5 0.3 0.3]
2347.201447,76,4801.567124,0.039567948337593,False,True,[0.5 0.3 0.3]
1552.04806,100,4802.06089,0.03556917239485869,False,False,[0.5 0.3 0.3]
1993.836681,100,4802.537001,0.050417868341524195,False,False,[0.5 0.3 0.3]
1155.024591,100,4803.020759,0.09890089141865151,False,False,[0.5 0.3 0.3]
1168.909577,100,4803.533558,0.03837208176017392,False,False,[0.5 0.3 0.3]
2429.710629,100,4804.034552,0.030486767373235163,False,False,[0.5 0.3 0.3]
2193.907284,100,4804.507137,0.08307667751392851,False,False,[0.5 0.3 0.3]
1365.690719,100,4804.980065,0.11131841621050544,False,False,[0.5 0.3 0.3]
2006.745487,100,4805.44071,0.08047121747517225,False,False,[0.5 0.3 0.3]
1797.440607,100,4805.916189,0.021294103578462606,False,False,[0.5 0.3 0.3]
1755.746653,100,4806.387137,0.024069298525529338,False,False,[0.5 0.3 0.3]
1997.604876,100,4806.864073,0.07758774442220637,False,False,[0.5 0.3 0.3]
2843.911205,100,4807.329886,0.07090596516216138,False,False,[0.5 0.3 0.3]
1978.031982,100,4807.795595,0.01062268533237486,False,False,[0.5 0.3 0.3]
1202.802727,100,4808.274732,0.050961142455194924,False,False,[0.5 0.3 0.3]
2180.181153,100,4808.745546,0.10050661420299048,False,False,[0.5 0.3 0.3]
2425.680287,100,4809.213969,0.033140572073623725,False,False,[0.5 0.3 0.3]
1383.962357,100,4809.694359,0.0719421623759137,False,False,[0.5 0.3 0.3]
2212.426677,100,4810.166064,0.05009148464730205,False,False,[0.5 0.3 0.3]
1376.874022,100,4811.197619,0.12209011898361727,False,False,[0.5 0.3 0.3]
1585.623143,100,4811.663412,0.04014003106573561,False,False,[0.5 0.3 0.3]
1380.118887,100,4812.155266,0.06240806841131262,False,False,[0.5 0.3 0.3]
2185.560115,100,4812.619951,0.06615851752429525,False,False,[0.5 0.3 0.3]
1579.668254,100,4813.094808,0.059002062156143946,False,False,[0.5 0.3 0.3]
2179.19635,100,4813.563014,0.04046630768826981,False,False,[0.5 0.3 0.3]
2001.174015,100,4814.02281,0.03194914841584491,False,False,[0.5 0.3 0.3]
1603.424767,100,4814.485285,0.1371450524592915,False,False,[0.5 0.3 0.3]
2593.528195,100,4814.955847,0.08563522136492749,False,False,[0.5 0.3 0.3]
1396.886313,100,4815.428672,0.12132221463820504,False,False,[0.5 0.3 0.3]
1617.533636,100,4815.895339,0.10280050029728631,False,False,[0.5 0.3 0.3]
1587.697081,100,4816.352559,0.052534038544581725,False,False,[0.5 0.3 0.3]
978.353778,100,4816.814932,0.0911974992573461,False,False,[0.5 0.3 0.3]
2846.268572,100,4817.26602,0.01384649622472028,False,False,[0.5 0.3 0.3]
2006.080257,100,4817.745414,0.041225451577473544,False,False,[0.5 0.3 0.3]
1164.55964,100,4818.210759,0.03815520015301738,False,False,[0.5 0.3 0.3]
754.398398,100,4818.682405,0.06380142382547432,False,False,[0.5 0.3 0.3]
2211.967908,100,4819.147995,0.05289203813916815,False,False,[0.5 0.3 0.3]
1374.335868,100,4819.617107,0.08319284022023722,False,False,[0.5 0.3 0.3]
1371.084225,100,4820.081789,0.051763816521954456,False,False,[0.5 0.3 0.3]
961.785073,100,4820.552575,0.06174488370875692,False,False,[0.5 0.3 0.3]
1785.641433,100,4821.586161,0.06842250629983632,False,False,[0.5 0.3 0.3]
2402.963282,100,4822.046492,0.021059484375366762,False,False,[0.5 0.3 0.3]
2202.254423,100,4822.495606,0.02709725812334071,False,False,[0.5 0.3 0.3]
1827.32254,100,4822.975094,0.0869293158766043,False,False,[0.5 0.3 0.3]
2280.652168,61,4823.299355,0.029954674525257022,False,True,[0.5 0.3 0.3]
1611.276326,100,4823.772629,0.08354777075228069,False,False,[0.5 0.3 0.3]
2186.344716,100,4824.238292,0.06694411675679648,False,False,[0.5 0.3 0.3]
2002.147753,100,4824.703779,0.024370084227154778,False,False,[0.5 0.3 0.3]
2012.396819,100,4825.174672,0.07591378177716686,False,False,[0.5 0.3 0.3]
2210.648508,100,4825.642325,0.05672263610490433,False,False,[0.5 0.3 0.3]
1788.448556,100,4826.125295,0.039593923319788234,False,False,[0.5 0.3 0.3]
2217.942669,100,4826.580292,0.11290452927201702,False,False,[0.5 0.3 0.3]
1845.799778,100,4827.05613,0.12751832196283025,False,False,[0.5 0.3 0.3]
1783.228402,100,4827.521686,0.10961084835372274,False,False,[0.5 0.3 0.3]
2806.829901,82,4827.934224,0.036870892495737724,False,True,[0.5 0.3 0.3]
532.787668,6,4828.068468,0.020717763114963452,False,True,[0.5 0.3 0.3]
1991.761458,100,4828.634649,0.14077685207174118,False,False,[0.5 0.3 0.3]
2240.621338,100,4829.103508,0.05360080367667725,False,False,[0.5 0.3 0.3]
2182.727523,100,4829.567523,0.032796687900201245,False,False,[0.5 0.3 0.3]
1355.344963,100,4830.034563,0.03844442546093959,False,False,[0.5 0.3 0.3]
1585.097788,100,4830.498153,0.06620268372899478,False,False,[0.5 0.3 0.3]
1979.50224,100,4830.992391,0.04362279808375511,False,False,[0.5 0.3 0.3]
1770.62597,100,4832.047375,0.044882684106775525,False,False,[0.5 0.3 0.3]
1770.694694,100,4832.572832,0.07914144194984925,False,False,[0.5 0.3 0.3]
2013.141519,49,4832.877777,0.040776315438985994,False,True,[0.5 0.3 0.3]
2196.850133,100,4833.404141,0.06948265865984456,False,False,[0.5 0.3 0.3]
1576.782057,100,4833.948845,0.08419290065866508,False,False,[0.5 0.3 0.3]
1998.476212,100,4834.458384,0.023799297386519085,False,False,[0.5 0.3 0.3]
1327.209586,100,4834.961547,0.10842723620434414,False,False,[0.5 0.3 0.3]
1374.638608,100,4835.490308,0.05533305294981602,False,False,[0.5 0.3 0.3]
1587.936597,100,4836.01147,0.04145260810628772,False,False,[0.5 0.3 0.3]
1812.05822,100,4836.530758,0.02712570563417303,False,False,[0.5 0.3 0.3]
1772.340059,100,4837.043766,0.10215064430909579,False,False,[0.5 0.3 0.3]
2420.335574,100,4837.568919,0.05837279380609795,False,False,[0.5 0.3 0.3]
2009.260326,100,4838.100894,0.04749434376648378,False,False,[0.5 0.3 0.3]
1147.106366,100,4838.615082,0.11391342660968021,False,False,[0.5 0.3 0.3]
1791.721199,100,4839.122086,0.030201555515949,False,False,[0.5 0.3 0.3]
1988.73148,100,4839.651552,0.019653540678665808,False,False,[0.5 0.3 0.3]
2003.044274,100,4840.16873,0.08093089651209069,False,False,[0.5 0.3 0.3]
1764.733368,100,4840.668797,0.059812222591344284,False,False,[0.5 0.3 0.3]
1772.449264,100,4841.221557,0.052880709333660146,False,False,[0.5 0.3 0.3]
1590.928336,100,4841.734916,0.0284575682063264,False,False,[0.5 0.3 0.3]
1785.372301,100,4842.250252,0.0863978635056434,False,False,[0.5 0.3 0.3]
1782.627038,100,4843.315322,0.031199783903773863,False,False,[0.5 0.3 0.3]
1777.145613,100,4843.837642,0.10303579295542893,False,False,[0.5 0.3 0.3]
2608.198013,100,4844.362684,0.04292874770020958,False,False,[0.5 0.3 0.3]
1588.764676,100,4844.887211,0.06230950321948477,False,False,[0.5 0.3 0.3]
1568.530071,100,4845.410821,0.10464376169055924,False,False,[0.5 0.3 0.3]
1986.304384,100,4845.926821,0.11664779267594919,False,False,[0.5 0.3 0.3]
2200.979919,100,4846.429676,0.11357192641454637,False,False,[0.5 0.3 0.3]
2013.1767,100,4846.931557,0.0762278017676685,False,False,[0.5 0.3 0.3]
1555.439254,100,4847.408129,0.02688554847934841,False,False,[0.5 0.3 0.3]
2412.381082,100,4847.887249,0.1266761658887038,False,False,[0.5 0.3 0.3]
2418.405224,100,4848.395571,0.06874870754361738,False,False,[0.5 0.3 0.3]
2202.73195,100,4848.911225,0.0076529723389642855,False,False,[0.5 0.3 0.3]
1158.218079,100,4849.377261,0.08781686698346416,False,False,[0.5 0.3 0.3]
1371.379698,100,4849.847386,0.05344844802240484,False,False,[0.5 0.3 0.3]
1367.664148,100,4850.329826,0.03551502061746734,False,False,[0.5 0.3 0.3]
2188.945003,100,4850.802709,0.044484468834392096,False,False,[0.5 0.3 0.3]
1367.996963,100,4851.313381,0.02691575548981906,False,False,[0.5 0.3 0.3]
1754.980661,41,4851.569735,0.03185967966399511,False,True,[0.5 0.3 0.3]
990.904184,100,4852.036,0.03803504947867728,False,False,[0.5 0.3 0.3]
1590.45895,100,4852.519584,0.06930084812952148,False,False,[0.5 0.3 0.3]
1774.675263,100,4852.98726,0.11746825275255705,False,False,[0.5 0.3 0.3]
1582.057775,100,4853.986972,0.04838832113258677,False,False,[0.5 0.3 0.3]
1581.202833,100,4854.455774,0.07857804680433193,False,False,[0.5 0.3 0.3]
2581.558273,100,4854.925671,0.025785464845994675,False,False,[0.5 0.3 0.3]
2199.670931,100,4855.399709,0.036377053839917996,False,False,[0.5 0.3 0.3]
1803.130023,100,4855.874608,0.03186947132655357,False,False,[0.5 0.3 0.3]
1355.321878,100,4856.350556,0.13240736224044555,False,False,[0.5 0.3 0.3]
1348.406177,100,4856.812348,0.0584844517264879,False,False,[0.5 0.3 0.3]
1192.145937,100,4857.287181,0.060995258585446854,False,False,[0.5 0.3 0.3]
1785.257568,100,4857.753234,0.12068211517657203,False,False,[0.5 0.3 0.3]
2015.980526,100,4858.221336,0.05581059891458986,False,False,[0.5 0.3 0.3]
2401.999469,100,4858.682317,0.0961641731321567,False,False,[0.5 0.3 0.3]
984.504314,100,4859.158695,0.05335400996976632,False,False,[0.5 0.3 0.3]
1365.229275,100,4859.634171,0.06201265315227807,False,False,[0.5 0.3 0.3]
1187.56429,100,4860.106357,0.04152927896645964,False,False,[0.5 0.3 0.3]
1161.676456,100,4860.577134,0.046496981955018356,False,False,[0.5 0.3 0.3]
1568.506704,100,4861.081719,0.04857142313426964,False,False,[0.5 0.3 0.3]
1603.976822,100,4861.554109,0.07673040839135466,False,False,[0.5 0.3 0.3]
1974.918216,100,4862.019028,0.05850397598486297,False,False,[0.5 0.3 0.3]
2864.43934,90,4862.460752,0.03123978853355472,False,True,[0.5 0.3 0.3]
1365.985777,100,4862.929174,0.11231028886991076,False,False,[0.5 0.3 0.3]
1382.101091,100,4863.939989,0.01801942352234263,False,False,[0.5 0.3 0.3]
743.738658,100,4864.422696,0.09416246278519419,False,False,[0.5 0.3 0.3]
1133.876619,100,4864.879898,0.042105715848700154,False,False,[0.5 0.3 0.3]
1997.42638,100,4865.348614,0.07690681730838281,False,False,[0.5 0.3 0.3]
2830.241897,100,4865.816627,0.04070111425070452,False,False,[0.5 0.3 0.3]
2446.747771,100,4866.309773,0.038389398387890614,False,False,[0.5 0.3 0.3]
2408.818302,100,4866.78085,0.07440690994277634,False,False,[0.5 0.3 0.3]
1775.671135,100,4867.249533,0.08138781562716155,False,False,[0.5 0.3 0.3]
1963.482113,100,4867.727874,0.06833180633967723,False,False,[0.5 0.3 0.3]
2174.159452,100,4868.183226,0.0997735145282051,False,False,[0.5 0.3 0.3]
2379.221348,100,4868.639646,0.09167208331137564,False,False,[0.5 0.3 0.3]
2425.228978,100,4869.101752,0.06325127311205206,False,False,[0.5 0.3 0.3]
2224.165719,100,4869.55557,0.06054221876015708,False,False,[0.5 0.3 0.3]
1582.194357,100,4870.027926,0.06266963136427713,False,False,[0.5 0.3 0.3]
1805.573597,100,4870.526306,0.07032453234970851,False,False,[0.5 0.3 0.3]
2607.383235,100,4870.984202,0.07674679799541251,False,False,[0.5 0.3 0.3]
1395.30408,100,4871.451488,0.08945435954424939,False,False,[0.5 0.3 0.3]
1570.425414,100,4871.925734,0.04939105229780163,False,False,[0.5 0.3 0.3]
2224.5621,100,4872.390231,0.07526138575286648,False,False,[0.5 0.3 0.3]
1775.859843,100,4872.859999,0.02687979222605999,False,False,[0.5 0.3 0.3]
2644.307634,100,4873.31971,0.05505514145023764,False,False,[0.5 0.3 0.3]
1768.751577,100,4874.329142,0.05905586833688914,False,False,[0.5 0.3 0.3]
2001.011485,100,4874.795981,0.058183154367923755,False,False,[0.5 0.3 0.3]
1964.454551,100,4875.267065,0.09668938584611955,False,False,[0.5 0.3 0.3]
1361.992771,100,4875.746282,0.1105501444218297,False,False,[0.5 0.3 0.3]
2396.537756,100,4876.222657,0.061533526065699236,False,False,[0.5 0.3 0.3]
2414.501476,100,4876.688809,0.056675146746270666,False,False,[0.5 0.3 0.3]
747.568917,100,4877.169251,0.0863309889922468,False,False,[0.5 0.3 0.3]
1979.863206,100,4877.634461,0.057579536293306866,False,False,[0.5 0.3 0.3]
1974.096248,100,4878.117847,0.041326518597000095,False,False,[0.5 0.3 0.3]
1827.659379,48,4878.410147,0.019732733948002578,False,True,[0.5 0.3 0.3]
3068.537331,93,4878.846182,0.04994529314566932,False,True,[0.5 0.3 0.3]
2181.069404,100,4879.318908,0.029232469472959408,False,False,[0.5 0.3 0.3]
1172.421989,100,4879.78731,0.027766170822470716,False,False,[0.5 0.3 0.3]
2596.188129,100,4880.263684,0.03779351996922422,False,False,[0.5 0.3 0.3]
2802.100338,100,4880.738131,0.01865620110647465,False,False,[0.5 0.3 0.3]
1579.472899,100,4881.20786,0.05789352499588563,False,False,[0.5 0.3 0.3]
2205.296768,100,4881.670993,0.051948390134826015,False,False,[0.5 0.3 0.3]
1585.555794,100,4882.148682,0.06338216803307269,False,False,[0.5 0.3 0.3]
1799.264536,100,4882.621417,0.10210374159930155,False,False,[0.5 0.3 0.3]
1593.090284,100,4883.075589,0.08420373899679,False,False,[0.5 0.3 0.3]
1811.685178,100,4883.53228,0.03471586495007633,False,False,[0.5 0.3 0.3]
2809.889081,100,4884.535706,0.04582349485081967,False,False,[0.5 0.3 0.3]
1599.288124,100,4885.004736,0.10543907163630745,False,False,[0.5 0.3 0.3]
2017.744665,100,4885.478855,0.02728102795702878,False,False,[0.5 0.3 0.3]
1382.740813,100,4885.960726,0.04155658140221124,False,False,[0.5 0.3 0.3]
938.259516,100,4886.434183,0.09065448817401979,False,False,[0.5 0.3 0.3]
2637.122217,100,4886.903404,0.049461804074822,False,False,[0.5 0.3 0.3]
1788.243731,100,4887.384954,0.04337807986526517,False,False,[0.5 0.3 0.3]
1370.196132,100,4887.853943,0.038570640981097075,False,False,[0.5 0.3 0.3]
1567.019411,100,4888.324494,0.07511555584570133,False,False,[0.5 0.3 0.3]
2614.894274,100,4888.79853,0.061325694320918576,False,False,[0.5 0.3 0.3]
1355.917846,100,4889.272818,0.11090050881192574,False,False,[0.5 0.3 0.3]
2403.949451,100,4889.744151,0.06331084727303017,False,False,[0.5 0.3 0.3]
3239.289799,100,4890.216887,0.12584528526555494,False,False,[0.5 0.3 0.3]
2831.428266,100,4890.725324,0.08809006013371444,False,False,[0.5 0.3 0.3]
764.050399,11,4890.877813,0.029507253346869267,False,True,[0.5 0.3 0.3]
1762.538124,100,4891.3323,0.0828396887306382,False,False,[0.5 0.3 0.3]
1379.71525,100,4891.803238,0.09244016226405985,False,False,[0.5 0.3 0.3]
1773.971105,100,4892.287636,0.10829521332133607,False,False,[0.5 0.3 0.3]
1170.213638,100,4892.762341,0.02655434999490609,False,False,[0.5 0.3 0.3]
1937.480977,74,4893.146165,0.012200093654508727,False,True,[0.5 0.3 0.3]
2387.976502,100,4893.612996,0.08063194595654123,False,False,[0.5 0.3 0.3]
2219.550193,100,4894.080366,0.05224801135008319,False,False,[0.5 0.3 0.3]
1797.28512,100,4895.062237,0.08345631422653525,False,False,[0.5 0.3 0.3]
1181.160925,100,4895.519128,0.028707897822346354,False,False,[0.5 0.3 0.3]
1799.627834,100,4895.98297,0.033524691183361856,False,False,[0.5 0.3 0.3]
1785.745211,100,4896.445437,0.08689901972433149,False,False,[0.5 0.3 0.3]
1992.376516,100,4896.918424,0.0629446131301849,False,False,[0.5 0.3 0.3]
1577.497288,100,4897.38679,0.01606785843565388,False,False,[0.5 0.3 0.3]
1184.649781,100,4897.857702,0.09607895419660761,False,False,[0.5 0.3 0.3]
3002.770721,100,4898.328625,0.06439691683625738,False,False,[0.5 0.3 0.3]
2409.620059,100,4898.794428,0.024737614495205007,False,False,[0.5 0.3 0.3]
2211.877322,100,4899.275967,0.019887926722991785,False,False,[0.5 0.3 0.3]
982.400161,100,4899.729267,0.06131448626973436,False,False,[0.5 0.3 0.3]
2207.448462,100,4900.206575,0.0975094856709455,False,False,[0.5 0.3 0.3]
552.328174,9,4900.344831,0.01526987236084786,False,True,[0.5 0.3 0.3]
1985.63721,100,4900.810561,0.03825987696564464,False,False,[0.5 0.3 0.3]
1390.609046,100,4901.316592,0.05572516515008918,False,False,[0.5 0.3 0.3]
1584.641458,100,4901.786312,0.030598969555545606,False,False,[0.5 0.3 0.3]
1592.535387,100,4902.250802,0.03183210630846952,False,False,[0.5 0.3 0.3]
2011.589232,100,4902.729312,0.09280966733250882,False,False,[0.5 0.3 0.3]
1390.047082,100,4903.196912,0.06617233453358051,False,False,[0.5 0.3 0.3]
1982.274194,100,4903.659365,0.03141281008279394,False,False,[0.5 0.3 0.3]
3226.843511,100,4904.144447,0.03679611798402449,False,False,[0.5 0.3 0.3]
1563.832912,100,4905.154347,0.02709272956809853,False,False,[0.5 0.3 0.3]
2437.745574,100,4905.612278,0.06360453067320404,False,False,[0.5 0.3 0.3]
2252.999022,53,4905.91858,0.036002242050252674,False,True,[0.5 0.3 0.3]
1793.170728,100,4906.41237,0.09763477925195756,False,False,[0.5 0.3 0.3]
2227.69597,100,4906.889296,0.009937554467733,False,False,[0.5 0.3 0.3]
1783.314814,100,4907.358119,0.11391286654993525,False,False,[0.5 0.3 0.3]
2178.402562,100,4907.825569,0.09333280366369444,False,False,[0.5 0.3 0.3]
2031.473491,100,4908.286499,0.04282801076370647,False,False,[0.5 0.3 0.3]
1964.535306,100,4908.746792,0.09138599636293653,False,False,[0.5 0.3 0.3]
1828.550237,52,4909.048292,0.024213004702727914,False,True,[0.5 0.3 0.3]
1788.722664,100,4909.51518,0.03071723350058221,False,False,[0.5 0.3 0.3]
1167.291485,100,4909.98301,0.10540526508166882,False,False,[0.5 0.3 0.3]
1339.854147,100,4910.451594,0.009065096982307971,False,False,[0.5 0.3 0.3]
2211.643923,100,4910.922991,0.06602539097890124,False,False,[0.5 0.3 0.3]
1768.207649,100,4911.431617,0.04848278808562823,False,False,[0.5 0.3 0.3]
1372.143156,100,4911.89658,0.10341268447499055,False,False,[0.5 0.3 0.3]
1148.731471,100,4912.380468,0.10898893658749488,False,False,[0.5 0.3 0.3]
2180.237664,100,4912.850691,0.02591892691801723,False,False,[0.5 0.3 0.3]
1792.180368,100,4913.322958,0.07475180343512679,False,False,[0.5 0.3 0.3]
1799.266181,100,4913.787364,0.03320783772291995,False,False,[0.5 0.3 0.3]
2219.017649,100,4914.27509,0.019864558739566964,False,False,[0.5 0.3 0.3]
1157.339844,100,4915.279105,0.04587353200741845,False,False,[0.5 0.3 0.3]
1359.343744,100,4915.753194,0.0642136277646063,False,False,[0.5 0.3 0.3]
1970.183287,100,4916.237763,0.11400638486818926,False,False,[0.5 0.3 0.3]
2397.991778,100,4916.705945,0.07645384505781448,False,False,[0.5 0.3 0.3]
1774.328636,100,4917.177432,0.014767540228207853,False,False,[0.5 0.3 0.3]
938.465089,100,4917.64468,0.05200051720032263,False,False,[0.5 0.3 0.3]
1600.201915,100,4918.106723,0.12395967135547532,False,False,[0.5 0.3 0.3]
2599.909185,82,4918.512621,0.03143054513049227,False,True,[0.5 0.3 0.3]
1162.180617,100,4918.98769,0.05602722675967094,False,False,[0.5 0.3 0.3]
1606.504121,100,4919.441207,0.03938155183843083,False,False,[0.5 0.3 0.3]
1209.495581,100,4919.911196,0.05352354607072198,False,False,[0.5 0.3 0.3]
1988.176627,100,4920.394186,0.10539049752035448,False,False,[0.5 0.3 0.3]
1822.295438,100,4920.853837,0.11004860387266079,False,False,[0.5 0.3 0.3]
1560.03763,100,4921.314095,0.04259868221949114,False,False,[0.5 0.3 0.3]
972.703384,100,4921.792371,0.08909146305232235,False,False,[0.5 0.3 0.3]
1157.222917,100,4922.287255,0.11860716149156246,False,False,[0.5 0.3 0.3]
1176.897011,100,4922.750634,0.13960938477710957,False,False,[0.5 0.3 0.3]
1965.912675,100,4923.221818,0.015855457636950038,False,False,[0.5 0.3 0.3]
1001.356921,100,4923.688859,0.05768115700705082,False,False,[0.5 0.3 0.3]
953.762674,100,4924.163331,0.10491751607968539,False,False,[0.5 0.3 0.3]
2815.664103,100,4924.637834,0.07379791564213013,False,False,[0.5 0.3 0.3]
2190.986798,100,4925.646111,0.04226602746183486,False,False,[0.5 0.3 0.3]
1372.348907,100,4926.115935,0.10899012915737934,False,False,[0.5 0.3 0.3]
1972.263819,100,4926.585654,0.05129099044531046,False,False,[0.5 0.3 0.3]
934.83358,100,4927.066232,0.03609323299283134,False,False,[0.5 0.3 0.3]
1585.597232,100,4927.535458,0.03238765494156148,False,False,[0.5 0.3 0.3]
2179.697942,100,4927.999105,0.14519652847656175,False,False,[0.5 0.3 0.3]
1779.243133,100,4928.468593,0.07942251380355678,False,False,[0.5 0.3 0.3]
1576.949019,100,4928.941405,0.043401178136110406,False,False,[0.5 0.3 0.3]
1586.726544,100,4929.404515,0.04968108673681155,False,False,[0.5 0.3 0.3]
771.11418,100,4929.871489,0.05322235089629528,False,False,[0.5 0.3 0.3]
1813.448751,100,4930.331717,0.044689389907466646,False,False,[0.5 0.3 0.3]
2817.55677,100,4930.809347,0.017304205181682863,False,False,[0.5 0.3 0.3]
1971.679527,100,4931.288193,0.1373363348663792,False,False,[0.5 0.3 0.3]
2207.676761,100,4931.758758,0.08396352622630453,False,False,[0.5 0.3 0.3]
1172.180853,100,4932.253278,0.13866019751179406,False,False,[0.5 0.3 0.3]
1576.656564,100,4932.741143,0.08596706576119535,False,False,[0.5 0.3 0.3]
1398.647677,100,4933.21489,0.023026214741749807,False,False,[0.5 0.3 0.3]
1993.472863,100,4933.669392,0.12095132600951396,False,False,[0.5 0.3 0.3]
1742.374599,100,4934.139253,0.07796404344554131,False,False,[0.5 0.3 0.3]
1118.012416,40,4934.389065,0.042802943563959105,False,True,[0.5 0.3 0.3]
1598.034529,100,4934.851394,0.08673655705215565,False,False,[0.5 0.3 0.3]
1615.388946,100,4935.843631,0.07238634454686071,False,False,[0.5 0.3 0.3]
1783.9752,100,4936.319586,0.05451780101685516,False,False,[0.5 0.3 0.3]
1387.666737,100,4936.791304,0.08798348664980737,False,False,[0.5 0.3 0.3]
2634.592293,100,4937.249835,0.08922294315658398,False,False,[0.5 0.3 0.3]
1811.497111,100,4937.729205,0.037988324219168194,False,False,[0.5 0.3 0.3]
2194.002516,100,4938.197186,0.0690912208600514,False,False,[0.5 0.3 0.3]
1357.328664,100,4938.660288,0.07694829620595972,False,False,[0.5 0.3 0.3]
3000.836482,100,4939.129177,0.03729210596549686,False,False,[0.5 0.3 0.3]
1351.014043,100,4939.599618,0.06757177432024764,False,False,[0.5 0.3 0.3]
1578.201049,100,4940.06094,0.07452366028441548,False,False,[0.5 0.3 0.3]
2616.492116,100,4940.525285,0.02077801731970437,False,False,[0.5 0.3 0.3]
1193.55098,100,4940.987768,0.13182836793975258,False,False,[0.5 0.3 0.3]
1386.83016,100,4941.467603,0.08986657911012395,False,False,[0.5 0.3 0.3]
2410.810256,100,4941.933922,0.008121472111572395,False,False,[0.5 0.3 0.3]
2397.659798,100,4942.38757,0.02927109511937114,False,False,[0.5 0.3 0.3]
1803.075589,100,4942.879677,0.06324181437315854,False,False,[0.5 0.3 0.3]
768.195218,100,4943.353095,0.06958683448072386,False,False,[0.5 0.3 0.3]
2004.117355,100,4943.811663,0.10247958825644793,False,False,[0.5 0.3 0.3]
2413.089236,100,4944.267902,0.09430007090058261,False,False,[0.5 0.3 0.3]
1797.008829,100,4944.751555,0.10620428144492734,False,False,[0.5 0.3 0.3]
1377.905025,100,4945.211579,0.07257896274489788,False,False,[0.5 0.3 0.3]
741.108198,100,4946.196068,0.09689830191193155,False,False,[0.5 0.3 0.3]
1567.253426,100,4946.663471,0.0914598436287208,False,False,[0.5 0.3 0.3]
2619.134212,100,4947.131172,0.0507819759928269,False,False,[0.5 0.3 0.3]
1592.771256,100,4947.606477,0.05000078563915963,False,False,[0.5 0.3 0.3]
1866.408464,60,4947.923618,0.004127627429097918,False,True,[0.5 0.3 0.3]
1962.982298,100,4948.393656,0.10140485307763428,False,False,[0.5 0.3 0.3]
2195.703306,100,4948.868913,0.062266704616287714,False,False,[0.5 0.3 0.3]
1593.205178,100,4949.341501,0.0431318854530944,False,False,[0.5 0.3 0.3]
982.670887,100,4949.820454,0.049428552279788346,False,False,[0.5 0.3 0.3]
1990.98922,100,4950.293959,0.03440403083811286,False,False,[0.5 0.3 0.3]
732.054362,100,4950.763368,0.06129051733993232,False,False,[0.5 0.3 0.3]
2015.342878,100,4951.235252,0.07323341389815263,False,False,[0.5 0.3 0.3]
1781.519995,100,4951.701227,0.05553055615638215,False,False,[0.5 0.3 0.3]
1191.879876,100,4952.180787,0.05680068435702645,False,False,[0.5 0.3 0.3]
1563.89416,100,4952.63417,0.1313599318324355,False,False,[0.5 0.3 0.3]
1536.47233,100,4953.132999,0.09345917027602343,False,False,[0.5 0.3 0.3]
1983.70148,100,4953.613198,0.06931162576441367,False,False,[0.5 0.3 0.3]
1796.401334,100,4954.093281,0.05515181347392933,False,False,[0.5 0.3 0.3]
1574.592246,100,4954.556891,0.1304455919483208,False,False,[0.5 0.3 0.3]
2204.251634,100,4955.016892,0.04055746900861401,False,False,[0.5 0.3 0.3]
2611.720718,100,4955.484156,0.0697522336647643,False,False,[0.5 0.3 0.3]
1993.758743,100,4956.472506,0.08412413800854238,False,False,[0.5 0.3 0.3]
748.495499,100,4956.939326,0.10052493863511959,False,False,[0.5 0.3 0.3]
1203.40495,100,4957.416556,0.07117253125908564,False,False,[0.5 0.3 0.3]
973.877094,100,4957.878419,0.08835188263554108,False,False,[0.5 0.3 0.3]
2178.840382,100,4958.356195,0.06816837717623075,False,False,[0.5 0.3 0.3]
1802.625435,100,4958.83264,0.02265044507652444,False,False,[0.5 0.3 0.3]
1360.229009,100,4959.299488,0.08426500154690698,False,False,[0.5 0.3 0.3]
1797.70535,100,4959.757516,0.053550132193405674,False,False,[0.5 0.3 0.3]
1563.402533,100,4960.226233,0.04241996990007383,False,False,[0.5 0.3 0.3]
1347.059525,100,4960.694865,0.06700095756452366,False,False,[0.5 0.3 0.3]
976.107318,100,4961.185108,0.04810833168385092,False,False,[0.5 0.3 0.3]
2393.729587,100,4961.661882,0.08619051330093576,False,False,[0.5 0.3 0.3]
2185.579134,100,4962.123107,0.07031490298014191,False,False,[0.5 0.3 0.3]
2008.13119,100,4962.592557,0.07322758765745876,False,False,[0.5 0.3 0.3]
1387.934392,100,4963.070267,0.05666682780608085,False,False,[0.5 0.3 0.3]
2038.007983,100,4963.562158,0.09678235547780337,False,False,[0.5 0.3 0.3]
1589.143965,100,4964.029963,0.08081507765411092,False,False,[0.5 0.3 0.3]
1577.017623,100,4964.505664,0.04048527081590192,False,False,[0.5 0.3 0.3]
1805.22752,100,4964.973192,0.102578740639964,False,False,[0.5 0.3 0.3]
1575.478754,100,4965.438092,0.04043503739014073,False,False,[0.5 0.3 0.3]
1576.574667,100,4966.412434,0.04797427185215653,False,False,[0.5 0.3 0.3]
2250.129903,54,4966.710378,0.02335515625465728,False,True,[0.5 0.3 0.3]
632.607596,23,4966.906136,0.01830889607723589,False,True,[0.5 0.3 0.3]
3240.648836,100,4967.374938,0.04171244802597624,False,False,[0.5 0.3 0.3]
2195.559735,100,4967.84171,0.021308064283544818,False,False,[0.5 0.3 0.3]
1999.604536,100,4968.308017,0.04510682367145675,False,False,[0.5 0.3 0.3]
1795.865966,100,4968.782165,0.10551826248751309,False,False,[0.5 0.3 0.3]
2428.285864,100,4969.250738,0.047998758568409114,False,False,[0.5 0.3 0.3]
1561.256281,100,4969.730299,0.036407229657122994,False,False,[0.5 0.3 0.3]
1764.005853,100,4970.192756,0.05704135788181453,False,False,[0.5 0.3 0.3]
1562.977479,100,4970.665488,0.032374744697136554,False,False,[0.5 0.3 0.3]
1782.170063,100,4971.138577,0.08136480452936433,False,False,[0.5 0.3 0.3]
1343.041583,100,4971.604107,0.07554947561878135,False,False,[0.5 0.3 0.3]
2626.992728,100,4972.062298,0.04870165743995613,False,False,[0.5 0.3 0.3]
1784.758268,100,4972.541091,0.057766889121834995,False,False,[0.5 0.3 0.3]
1980.504301,100,4973.016761,0.07800554137551542,False,False,[0.5 0.3 0.3]
1788.395339,100,4973.484255,0.054999971083004986,False,False,[0.5 0.3 0.3]
2011.604849,100,4973.974605,0.03898255666387159,False,False,[0.5 0.3 0.3]
933.473485,100,4974.441843,0.03652829035565324,False,False,[0.5 0.3 0.3]
1587.306146,100,4974.904049,0.11600367710056884,False,False,[0.5 0.3 0.3]
3045.098432,100,4975.360378,0.022318909186791608,False,False,[0.5 0.3 0.3]
1786.108552,45,4975.63762,0.035804166913353384,False,True,[0.5 0.3 0.3]
2815.397038,100,4976.626302,0.04615197049348804,False,False,[0.5 0.3 0.3]
1777.379894,100,4977.087427,0.07535850438473893,False,False,[0.5 0.3 0.3]
2402.397883,100,4977.564412,0.0531254521313954,False,False,[0.5 0.3 0.3]
1180.332601,100,4978.024963,0.053796774113363845,False,False,[0.5 0.3 0.3]
2836.702662,100,4978.486402,0.0789703898356739,False,False,[0.5 0.3 0.3]
1178.597498,100,4978.949762,0.04895708375643298,False,False,[0.5 0.3 0.3]
2195.596148,100,4979.422608,0.0759827236257576,False,False,[0.5 0.3 0.3]
1557.908141,100,4979.887282,0.02973818858007686,False,False,[0.5 0.3 0.3]
1766.764325,100,4980.349171,0.030164019054445004,False,False,[0.5 0.3 0.3]
2010.038106,100,4980.818531,0.055866426754643886,False,False,[0.5 0.3 0.3]
1806.329295,100,4981.293402,0.03455538430359095,False,False,[0.5 0.3 0.3]
1556.828531,100,4981.757102,0.04957996520962505,False,False,[0.5 0.3 0.3]
1805.38072,100,4982.214158,0.06458983596757771,False,False,[0.5 0.3 0.3]
1360.019125,100,4982.684288,0.04412858999020723,False,False,[0.5 0.3 0.3]
1419.342431,100,4983.157706,0.039768094083574096,False,False,[0.5 0.3 0.3]
1553.845668,100,4983.62907,0.06876245432542162,False,False,[0.5 0.3 0.3]
1792.737755,48,4983.90613,0.04961691418556918,False,True,[0.5 0.3 0.3]
1761.006433,100,4984.391436,0.09956519809654191,False,False,[0.5 0.3 0.3]
1346.403773,100,4984.8693,0.08293248390218197,False,False,[0.5 0.3 0.3]
1809.391207,100,4985.338203,0.10360491363905819,False,False,[0.5 0.3 0.3]
2832.109019,100,4985.810936,0.10717794480744924,False,False,[0.5 0.3 0.3]
1779.287812,100,4986.78658,0.03936259807809745,False,False,[0.5 0.3 0.3]
2415.860872,100,4987.250427,0.10883660653324254,False,False,[0.5 0.3 0.3]
2437.371618,87,4987.665486,0.015377417438799256,False,True,[0.5 0.3 0.3]
2215.261495,100,4988.125078,0.02460981064757188,False,False,[0.5 0.3 0.3]
1328.475968,100,4988.58634,0.08297096064092031,False,False,[0.5 0.3 0.3]
1401.25599,100,4989.04141,0.05355518934810261,False,False,[0.5 0.3 0.3]
1615.06144,100,4989.515662,0.15428962974097926,False,False,[0.5 0.3 0.3]
1982.137138,100,4990.002475,0.10081775750941674,False,False,[0.5 0.3 0.3]
1985.012546,100,4990.464775,0.02675838019898221,False,False,[0.5 0.3 0.3]
1563.763325,100,4990.944828,0.03804796003717903,False,False,[0.5 0.3 0.3]
2220.770078,100,4991.415044,0.03724969164180368,False,False,[0.5 0.3 0.3]
2397.975106,100,4991.883826,0.09663514821712849,False,False,[0.5 0.3 0.3]
1813.664414,100,4992.347348,0.10987431133565297,False,False,[0.5 0.3 0.3]
1355.729249,100,4992.817237,0.051771321450338706,False,False,[0.5 0.3 0.3]
1994.529021,100,4993.285131,0.039731845318034614,False,False,[0.5 0.3 0.3]
2391.289762,100,4993.757023,0.030380167560300778,False,False,[0.5 0.3 0.3]
1130.863383,100,4994.258078,0.06827516414766795,False,False,[0.5 0.3 0.3]
1346.44243,100,4994.72012,0.15543405198497812,False,False,[0.5 0.3 0.3]
2014.280419,100,4995.185376,0.0787545912415675,False,False,[0.5 0.3 0.3]
1771.435717,100,4995.658976,0.08084860683805996,False,False,[0.5 0.3 0.3]
1586.760877,100,4996.15679,0.04446604223110951,False,False,[0.5 0.3 0.3]
2210.611855,100,4997.15323,0.10030390828703274,False,False,[0.5 0.3 0.3]
1789.29757,100,4997.631435,0.025147536341800603,False,False,[0.5 0.3 0.3]
1174.195155,100,4998.098159,0.04634578283983273,False,False,[0.5 0.3 0.3]
1593.596873,100,4998.54797,0.05178267157633578,False,False,[0.5 0.3 0.3]
3227.530321,100,4999.003991,0.11739509963035165,False,False,[0.5 0.3 0.3]
2199.271219,100,4999.477441,0.047477886657371814,False,False,[0.5 0.3 0.3]
1811.81592,100,4999.955795,0.07111703374840583,False,False,[0.5 0.3 0.3]
3052.468944,100,5000.408199,0.04004480046378653,False,False,[0.5 0.3 0.3]
1393.897571,100,5000.868135,0.13202464631540506,False,False,[0.5 0.3 0.3]
1538.051795,100,5001.337847,0.04767282582659167,False,False,[0.5 0.3 0.3]
1624.863234,100,5001.80907,0.07539936523819105,False,False,[0.5 0.3 0.3]
2826.435286,100,5002.286755,0.023609303374719694,False,False,[0.5 0.3 0.3]
2195.948956,100,5002.754412,0.059482112797747434,False,False,[0.5 0.3 0.3]
2624.979087,100,5003.218001,0.10146552160926534,False,False,[0.5 0.3 0.3]
1589.003969,100,5003.685488,0.05763504397619713,False,False,[0.5 0.3 0.3]
1564.655443,100,5004.186499,0.09531855185128284,False,False,[0.5 0.3 0.3]
1376.963189,100,5004.64889,0.053907660205862004,False,False,[0.5 0.3 0.3]
1989.103766,100,5005.120187,0.06851641996495937,False,False,[0.5 0.3 0.3]
1960.311677,100,5005.595806,0.09531769179036442,False,False,[0.5 0.3 0.3]
2194.732997,100,5006.091717,0.0332182400913567,False,False,[0.5 0.3 0.3]
1577.551315,100,5007.081106,0.041480862431059674,False,False,[0.5 0.3 0.3]
1368.791127,100,5007.542945,0.1386391608877167,False,False,[0.5 0.3 0.3]
3267.556046,100,5008.027341,0.13525609674617448,False,False,[0.5 0.3 0.3]
2206.731578,100,5008.494061,0.0820095005635201,False,False,[0.5 0.3 0.3]
1160.849917,100,5008.961155,0.04490739037024288,False,False,[0.5 0.3 0.3]
2195.517281,100,5009.428794,0.06144490416623083,False,False,[0.5 0.3 0.3]
1586.813682,100,5009.903623,0.08489929895542003,False,False,[0.5 0.3 0.3]
2009.728494,100,5010.379639,0.09651259584867422,False,False,[0.5 0.3 0.3]
1782.816937,100,5010.852582,0.04047162021781992,False,False,[0.5 0.3 0.3]
2402.36243,100,5011.308516,0.09927646470156784,False,False,[0.5 0.3 0.3]
2414.938349,100,5011.774755,0.05578775957158424,False,False,[0.5 0.3 0.3]
2788.230292,100,5012.240997,0.03821871912083444,False,False,[0.5 0.3 0.3]
2627.797008,100,5012.702656,0.07186841215039377,False,False,[0.5 0.3 0.3]
1553.24718,100,5013.173982,0.08574194787670116,False,False,[0.5 0.3 0.3]
2214.222455,100,5013.646098,0.07031094447515787,False,False,[0.5 0.3 0.3]
1390.315991,100,5014.154364,0.06615835191652873,False,False,[0.5 0.3 0.3]
1200.359963,100,5014.635982,0.050979423628256575,False,False,[0.5 0.3 0.3]
1380.240578,100,5015.105962,0.12811822233812356,False,False,[0.5 0.3 0.3]
2256.909231,57,5015.414805,0.03972919423889263,False,True,[0.5 0.3 0.3]
2711.166642,59,5015.731201,0.041898254537266,False,True,[0.5 0.3 0.3]
2820.461349,100,5016.206609,0.020653172707382515,False,False,[0.5 0.3 0.3]
1604.127606,100,5016.68094,0.08873888013802407,False,False,[0.5 0.3 0.3]
1343.398434,100,5017.690659,0.05932152491174001,False,False,[0.5 0.3 0.3]
2612.072868,100,5018.161495,0.0769450895295559,False,False,[0.5 0.3 0.3]
2201.873317,100,5018.618288,0.09076323625191349,False,False,[0.5 0.3 0.3]
2397.725067,100,5019.083617,0.10125929581221513,False,False,[0.5 0.3 0.3]
1789.654862,100,5019.556232,0.04975655566801794,False,False,[0.5 0.3 0.3]
1789.443961,100,5020.035724,0.043172153405331246,False,False,[0.5 0.3 0.3]
1790.647554,100,5020.512619,0.06634742870148266,False,False,[0.5 0.3 0.3]
1792.616743,100,5020.987969,0.047185852114109916,False,False,[0.5 0.3 0.3]
2617.935476,100,5021.4412,0.06822960668239642,False,False,[0.5 0.3 0.3]
1343.548123,100,5021.911352,0.06929896496283025,False,False,[0.5 0.3 0.3]
1607.028293,100,5022.384879,0.07181749271869797,False,False,[0.5 0.3 0.3]
1986.597131,43,5022.642688,0.00947952456001413,False,True,[0.5 0.3 0.3]
1766.295365,100,5023.110025,0.0964638573042561,False,False,[0.5 0.3 0.3]
1858.300085,61,5023.436501,0.027368910894875816,False,True,[0.5 0.3 0.3]
1820.11349,100,5023.898673,0.013948742741304273,False,False,[0.5 0.3 0.3]
1383.45117,100,5024.392429,0.03281726189911886,False,False,[0.5 0.3 0.3]
1604.054901,100,5024.854752,0.058267104816734354,False,False,[0.5 0.3 0.3]
1393.96342,100,5025.317058,0.06877471841134428,False,False,[0.5 0.3 0.3]
2005.245303,100,5025.785252,0.04850495828695106,False,False,[0.5 0.3 0.3]
1364.447834,100,5026.254307,0.07531695978128264,False,False,[0.5 0.3 0.3]
1583.20413,100,5026.719057,0.14308495865832405,False,False,[0.5 0.3 0.3]
2233.923083,93,5027.701788,0.03419265149059903,False,True,[0.5 0.3 0.3]
1775.348049,100,5028.173234,0.05825891765617438,False,False,[0.5 0.3 0.3]
1969.228891,100,5028.646646,0.08517491050898587,False,False,[0.5 0.3 0.3]
1579.854094,100,5029.120288,0.05052843861498825,False,False,[0.5 0.3 0.3]
2006.451494,100,5029.590538,0.11064317808960614,False,False,[0.5 0.3 0.3]
1362.152233,100,5030.04991,0.062358779245961574,False,False,[0.5 0.3 0.3]
2405.403044,100,5030.524083,0.12976709305187173,False,False,[0.5 0.3 0.3]
1792.585091,100,5030.988536,0.0552101827535326,False,False,[0.5 0.3 0.3]
1318.016626,37,5031.231488,0.04626543986185197,False,True,[0.5 0.3 0.3]
541.607087,7,5031.36378,0.011466410818953622,False,True,[0.5 0.3 0.3]
1387.59463,100,5031.831196,0.018335805412668722,False,False,[0.5 0.3 0.3]
2411.227208,100,5032.317761,0.025642929242320128,False,False,[0.5 0.3 0.3]
2210.923431,100,5032.783648,0.06786733882386692,False,False,[0.5 0.3 0.3]
1782.798478,100,5033.248766,0.07064987696088289,False,False,[0.5 0.3 0.3]
1786.493124,100,5033.714326,0.055977073184742036,False,False,[0.5 0.3 0.3]
766.641477,100,5034.188273,0.08759721894709191,False,False,[0.5 0.3 0.3]
1551.426304,100,5034.693635,0.037545130164484304,False,False,[0.5 0.3 0.3]
765.661202,100,5035.163506,0.0912096099670018,False,False,[0.5 0.3 0.3]
2796.326057,100,5035.635358,0.02245265638812561,False,False,[0.5 0.3 0.3]
1994.336696,100,5036.114456,0.0522815820916788,False,False,[0.5 0.3 0.3]
1798.954778,100,5036.583064,0.0583172842763711,False,False,[0.5 0.3 0.3]
1359.461334,100,5037.052397,0.04985225455772845,False,False,[0.5 0.3 0.3]
1992.025205,100,5038.020106,0.08401673329710575,False,False,[0.5 0.3 0.3]
1357.490968,100,5038.475922,0.053011288441546706,False,False,[0.5 0.3 0.3]
1577.127822,100,5038.93576,0.0706190372361482,False,False,[0.5 0.3 0.3]
2592.330451,100,5039.392589,0.06290281194337859,False,False,[0.5 0.3 0.3]
1796.900212,100,5039.856944,0.07353884461369606,False,False,[0.5 0.3 0.3]
1374.144228,100,5040.332149,0.028765015827153368,False,False,[0.5 0.3 0.3]
1590.927637,100,5040.799127,0.07420586686484527,False,False,[0.5 0.3 0.3]
1566.356273,100,5041.269829,0.13486680898709383,False,False,[0.5 0.3 0.3]
2392.318046,100,5041.739084,0.04921998648904068,False,False,[0.5 0.3 0.3]
1563.952826,100,5042.204042,0.033989215629174827,False,False,[0.5 0.3 0.3]
1808.352448,100,5042.675627,0.061892336940070035,False,False,[0.5 0.3 0.3]
2005.609258,100,5043.138554,0.0867496920919728,False,False,[0.5 0.3 0.3]
1368.092941,100,5043.60518,0.11819363784154589,False,False,[0.5 0.3 0.3]
540.376755,100,5044.07654,0.11933119896666328,False,False,[0.5 0.3 0.3]
2402.274082,83,5044.493457,0.03015689892402515,False,True,[0.5 0.3 0.3]
556.009945,11,5044.640005,0.04840348610389922,False,True,[0.5 0.3 0.3]
647.042158,100,5045.138979,0.018476056870645532,False,False,[0.5 0.3 0.3]
2004.507808,100,5045.61332,0.12901128598038888,False,False,[0.5 0.3 0.3]
1580.897759,100,5046.124393,0.08795809354572212,False,False,[0.5 0.3 0.3]
3430.177689,100,5046.591019,0.055845814920517864,False,False,[0.5 0.3 0.3]
1401.70721,100,5047.066106,0.05979593458740296,False,False,[0.5 0.3 0.3]
1806.460038,100,5047.529458,0.07480906020070005,False,False,[0.5 0.3 0.3]
2615.990084,100,5048.539304,0.050244687629132236,False,False,[0.5 0.3 0.3]
2023.588512,100,5049.00933,0.08622427279586767,False,False,[0.5 0.3 0.3]
2198.649739,100,5049.478871,0.07952292195365172,False,False,[0.5 0.3 0.3]
1785.649601,100,5049.953752,0.08612561226507448,False,False,[0.5 0.3 0.3]
1796.672356,100,5050.41958,0.06560639820851896,False,False,[0.5 0.3 0.3]
2012.546275,100,5050.894311,0.0628714018601715,False,False,[0.5 0.3 0.3]
2007.894243,100,5051.366729,0.04895744938083103,False,False,[0.5 0.3 0.3]
2198.271296,100,5051.826982,0.0321814922215069,False,False,[0.5 0.3 0.3]
1806.468485,100,5052.293167,0.032295156381817874,False,False,[0.5 0.3 0.3]
1596.713985,100,5052.76568,0.1100913414296472,False,False,[0.5 0.3 0.3]
1383.334304,100,5053.231507,0.06885301097617001,False,False,[0.5 0.3 0.3]
2422.167714,100,5053.687519,0.024017010669477,False,False,[0.5 0.3 0.3]
2208.704004,100,5054.146664,0.0573583456342996,False,False,[0.5 0.3 0.3]
1389.171128,100,5054.609026,0.07380380170538396,False,False,[0.5 0.3 0.3]
1972.109725,100,5055.076782,0.03919486964656542,False,False,[0.5 0.3 0.3]
1594.354397,100,5055.585515,0.057102300201607864,False,False,[0.5 0.3 0.3]
1799.124774,100,5056.05326,0.05833823693138414,False,False,[0.5 0.3 0.3]
951.409927,100,5056.521624,0.071737229520044,False,False,[0.5 0.3 0.3]
2385.217635,100,5057.000571,0.0813843997120513,False,False,[0.5 0.3 0.3]
1998.037851,100,5057.471177,0.024286422503201434,False,False,[0.5 0.3 0.3]
