#{"t_start": 1742757012.870531, "env_id": "None"}
r,l,t,distance_to_target,collision,reached_goal,target
154.390849,100,3.075078,0.39318828250308346,False,False,[0.5 0.1 0.3]
154.390851,100,5.180336,0.3931882786113804,False,False,[0.5 0.1 0.3]
28.691285,82,7.275698,0.31549538056904464,True,False,[0.5 0.1 0.3]
316.073803,100,7.506283,0.4242396736809936,False,False,[0.5 0.1 0.3]
367.103765,100,7.733152,0.18516079660412602,False,False,[0.5 0.1 0.3]
275.632657,100,7.961171,0.24331247043041837,False,False,[0.5 0.1 0.3]
224.470549,84,8.161608,0.3756196575155106,True,False,[0.5 0.1 0.3]
243.603429,100,8.386959,0.47361407486687657,False,False,[0.5 0.1 0.3]
384.978142,100,8.603436,0.26549709795177345,False,False,[0.5 0.1 0.3]
223.816158,100,8.817462,0.5410346381134882,False,False,[0.5 0.1 0.3]
124.529773,54,8.991663,0.22706418616008847,True,False,[0.5 0.1 0.3]
281.303865,100,9.217581,0.2665818911101411,False,False,[0.5 0.1 0.3]
149.714618,63,9.403734,0.27483144219924566,True,False,[0.5 0.1 0.3]
446.943305,100,9.725979,0.11531970981878645,False,False,[0.5 0.1 0.3]
334.238981,100,9.949431,0.34637768820469095,False,False,[0.5 0.1 0.3]
213.154229,84,10.149013,0.38700095606794493,True,False,[0.5 0.1 0.3]
218.433936,100,10.471942,0.5625128593692216,False,False,[0.5 0.1 0.3]
335.281906,100,10.693292,0.220199513041494,False,False,[0.5 0.1 0.3]
508.796843,100,10.906043,0.14778307727139262,False,False,[0.5 0.1 0.3]
391.521315,100,11.125897,0.19728452229085017,False,False,[0.5 0.1 0.3]
475.901994,100,11.344138,0.25841188364181217,False,False,[0.5 0.1 0.3]
451.14199,100,12.051479,0.12639206105823317,False,False,[0.5 0.1 0.3]
351.649735,100,12.274797,0.2835725039065149,False,False,[0.5 0.1 0.3]
559.287858,100,12.496146,0.07902569037455959,False,False,[0.5 0.1 0.3]
68.421952,37,12.65637,0.25041904193198133,True,False,[0.5 0.1 0.3]
178.914536,65,12.831788,0.2880994896050345,True,False,[0.5 0.1 0.3]
341.266917,100,13.053072,0.21932709828808186,False,False,[0.5 0.1 0.3]
348.195707,100,13.411014,0.1361473124449445,False,False,[0.5 0.1 0.3]
396.960925,100,13.631418,0.10839872856711301,False,False,[0.5 0.1 0.3]
394.069206,100,13.8548,0.11704943261368561,False,False,[0.5 0.1 0.3]
255.035413,100,14.07372,0.4713962226355773,False,False,[0.5 0.1 0.3]
364.083198,100,14.292822,0.3282444995866675,False,False,[0.5 0.1 0.3]
411.014555,100,14.521199,0.1537422691413564,False,False,[0.5 0.1 0.3]
157.08122,89,14.728815,0.3069654686367129,True,False,[0.5 0.1 0.3]
354.538887,100,14.946826,0.3070594116233365,False,False,[0.5 0.1 0.3]
227.1332,86,15.153913,0.23014994068636396,True,False,[0.5 0.1 0.3]
243.678878,100,15.368999,0.4568917872176272,False,False,[0.5 0.1 0.3]
315.7798,100,15.589919,0.3001141012107412,False,False,[0.5 0.1 0.3]
461.644614,100,15.813125,0.11380247052262397,False,False,[0.5 0.1 0.3]
219.89206,95,16.051538,0.40037354610032955,True,False,[0.5 0.1 0.3]
160.63571,65,16.336474,0.23144063856360272,True,False,[0.5 0.1 0.3]
206.288189,64,16.52185,0.24056826825331196,True,False,[0.5 0.1 0.3]
330.300759,100,16.747629,0.15108831562784897,False,False,[0.5 0.1 0.3]
345.180843,100,16.971369,0.16856574694050583,False,False,[0.5 0.1 0.3]
297.475828,97,17.668124,0.3377336276024481,True,False,[0.5 0.1 0.3]
525.222754,100,18.001205,0.08449598275378974,False,False,[0.5 0.1 0.3]
437.79217,100,18.228779,0.19420926629287197,False,False,[0.5 0.1 0.3]
361.763333,100,18.453943,0.25748520018239407,False,False,[0.5 0.1 0.3]
347.720324,100,18.774204,0.18914086952809317,False,False,[0.5 0.1 0.3]
422.657853,100,18.99172,0.17625548276191919,False,False,[0.5 0.1 0.3]
172.432535,67,19.183148,0.24746444112267027,True,False,[0.5 0.1 0.3]
451.519832,100,19.40542,0.17312545351756478,False,False,[0.5 0.1 0.3]
366.192682,100,19.740739,0.1355581846160576,False,False,[0.5 0.1 0.3]
250.591067,100,19.957727,0.5198300658586179,False,False,[0.5 0.1 0.3]
288.524407,100,20.178156,0.3158767705049495,False,False,[0.5 0.1 0.3]
279.31416,100,20.399244,0.29671855931471874,False,False,[0.5 0.1 0.3]
498.012745,100,20.62455,0.0890162117462144,False,False,[0.5 0.1 0.3]
301.034655,100,20.855088,0.3152279046983954,False,False,[0.5 0.1 0.3]
386.74674,100,21.077944,0.17997714706553197,False,False,[0.5 0.1 0.3]
377.543194,100,21.29874,0.14031600737754674,False,False,[0.5 0.1 0.3]
239.547787,100,21.525239,0.3820381820413901,False,False,[0.5 0.1 0.3]
395.362944,100,21.745937,0.28848621417412157,False,False,[0.5 0.1 0.3]
620.783761,100,22.056059,0.2741608080965302,False,False,[0.5 0.1 0.3]
323.503874,100,22.359563,0.1954992359045127,False,False,[0.5 0.1 0.3]
352.17214,100,22.691878,0.22567112868209957,False,False,[0.5 0.1 0.3]
300.392571,100,23.446059,0.2530176913832508,False,False,[0.5 0.1 0.3]
158.212075,69,23.662951,0.3037474835917665,True,False,[0.5 0.1 0.3]
396.199135,100,23.967626,0.24254990563732098,False,False,[0.5 0.1 0.3]
390.636111,100,24.182094,0.22663180068881594,False,False,[0.5 0.1 0.3]
318.412113,100,24.465758,0.2319386519263457,False,False,[0.5 0.1 0.3]
335.274768,100,24.699075,0.46373597321444743,False,False,[0.5 0.1 0.3]
232.365874,88,24.937284,0.3077298485461113,True,False,[0.5 0.1 0.3]
369.999644,100,25.173675,0.23523361513729904,False,False,[0.5 0.1 0.3]
339.363911,100,25.401167,0.2465362339202059,False,False,[0.5 0.1 0.3]
330.331914,100,25.624943,0.21351074550716134,False,False,[0.5 0.1 0.3]
375.297627,100,25.948479,0.3730814448608024,False,False,[0.5 0.1 0.3]
433.639856,100,26.184975,0.2266569629393551,False,False,[0.5 0.1 0.3]
385.252388,100,26.402712,0.11846374871134172,False,False,[0.5 0.1 0.3]
346.509734,100,26.6341,0.17402378109361225,False,False,[0.5 0.1 0.3]
417.42825,100,26.852872,0.08695695471347234,False,False,[0.5 0.1 0.3]
370.568733,100,27.129788,0.16725345651669007,False,False,[0.5 0.1 0.3]
260.442175,33,27.289944,0.22736123628261637,True,False,[0.5 0.1 0.3]
65.402072,43,27.47884,0.34982011097451804,True,False,[0.5 0.1 0.3]
352.185794,100,27.744263,0.2184457169080987,False,False,[0.5 0.1 0.3]
423.96791,100,27.989042,0.254651733057811,False,False,[0.5 0.1 0.3]
212.669473,86,28.207474,0.22483465409203646,True,False,[0.5 0.1 0.3]
455.518932,100,28.450448,0.22072038163786317,False,False,[0.5 0.1 0.3]
214.800512,59,29.107365,0.21584271396890511,True,False,[0.5 0.1 0.3]
287.79845,100,29.349263,0.3941342109830149,False,False,[0.5 0.1 0.3]
383.16801,100,29.581911,0.07379411858551707,False,False,[0.5 0.1 0.3]
287.477858,100,29.811246,0.25302184320132554,False,False,[0.5 0.1 0.3]
441.87044,100,30.040861,0.08545175306848389,False,False,[0.5 0.1 0.3]
458.720843,100,30.274067,0.01645759402904216,False,False,[0.5 0.1 0.3]
290.784674,92,30.498074,0.22471371012247143,True,False,[0.5 0.1 0.3]
259.354156,100,30.729647,0.249436799361018,True,False,[0.5 0.1 0.3]
245.017086,95,30.956311,0.31298424152721854,True,False,[0.5 0.1 0.3]
405.778017,100,31.185115,0.12097419357963671,False,False,[0.5 0.1 0.3]
265.49595,95,31.415571,0.30258420497331023,True,False,[0.5 0.1 0.3]
380.291706,100,31.649149,0.2679250786304049,False,False,[0.5 0.1 0.3]
284.448684,95,31.874257,0.31242935595971305,True,False,[0.5 0.1 0.3]
447.701733,100,32.115873,0.17346736724189774,False,False,[0.5 0.1 0.3]
255.918454,100,32.349827,0.4174331986880382,False,False,[0.5 0.1 0.3]
472.333282,100,32.582916,0.10322228635268288,False,False,[0.5 0.1 0.3]
135.095362,56,32.772125,0.2604886160743386,True,False,[0.5 0.1 0.3]
381.980684,100,33.014278,0.26195057823425216,False,False,[0.5 0.1 0.3]
279.999058,87,33.235597,0.21172356173548632,True,False,[0.5 0.1 0.3]
119.799188,49,33.428438,0.20392977378581914,True,False,[0.5 0.1 0.3]
407.161818,100,33.66045,0.19310085178644312,False,False,[0.5 0.1 0.3]
337.411297,100,33.992082,0.27331863544803575,False,False,[0.5 0.1 0.3]
324.611321,100,34.712394,0.2536805391137803,False,False,[0.5 0.1 0.3]
432.701929,100,34.972704,0.24275964082866588,False,False,[0.5 0.1 0.3]
156.078099,70,35.175284,0.2585471472276593,True,False,[0.5 0.1 0.3]
315.183765,100,35.430832,0.24861551470949295,False,False,[0.5 0.1 0.3]
246.84844,85,35.642126,0.3609464425149911,True,False,[0.5 0.1 0.3]
316.518107,100,35.889088,0.26595720111937304,False,False,[0.5 0.1 0.3]
112.428686,46,36.064445,0.2465335723803636,True,False,[0.5 0.1 0.3]
419.485667,100,36.302124,0.2457944197708,False,False,[0.5 0.1 0.3]
341.43088,95,36.531585,0.22065635232053293,True,False,[0.5 0.1 0.3]
179.703616,70,36.729761,0.24524983026431402,True,False,[0.5 0.1 0.3]
304.138595,100,36.972238,0.29591787468352887,False,False,[0.5 0.1 0.3]
305.351898,100,37.220546,0.34837399098312594,False,False,[0.5 0.1 0.3]
402.299356,100,37.460263,0.18370730749389247,False,False,[0.5 0.1 0.3]
417.372024,100,37.704033,0.19093144175094284,False,False,[0.5 0.1 0.3]
56.982405,41,37.876125,0.29716107104380385,True,False,[0.5 0.1 0.3]
404.008575,100,38.103041,0.24492369690988477,False,False,[0.5 0.1 0.3]
330.060448,100,38.349471,0.20403899845659892,False,False,[0.5 0.1 0.3]
456.636088,100,38.589334,0.17361069557947925,False,False,[0.5 0.1 0.3]
475.329644,100,38.832264,0.17464511957877388,False,False,[0.5 0.1 0.3]
382.992875,100,39.06323,0.21161289293557717,False,False,[0.5 0.1 0.3]
370.592888,100,39.293673,0.24170709415288172,False,False,[0.5 0.1 0.3]
359.122474,100,39.528846,0.34148443837655224,False,False,[0.5 0.1 0.3]
409.041481,100,39.765132,0.22228635517471212,False,False,[0.5 0.1 0.3]
235.212173,85,40.434298,0.22662701882798286,True,False,[0.5 0.1 0.3]
387.979572,100,40.673767,0.20547892971113205,False,False,[0.5 0.1 0.3]
492.178627,100,40.898737,0.19952703805802818,False,False,[0.5 0.1 0.3]
218.587213,83,41.124434,0.3886791931466262,True,False,[0.5 0.1 0.3]
483.460024,100,41.351228,0.03700015174724362,False,False,[0.5 0.1 0.3]
332.368259,100,41.582838,0.33584534703574076,False,False,[0.5 0.1 0.3]
297.819624,95,41.806932,0.25758532457225797,True,False,[0.5 0.1 0.3]
368.684737,100,42.043996,0.13057232204801317,False,False,[0.5 0.1 0.3]
408.139793,100,42.274121,0.14029209530755746,False,False,[0.5 0.1 0.3]
429.929904,100,42.509114,0.29848028979682245,False,False,[0.5 0.1 0.3]
274.629095,84,42.818444,0.3162394837255316,True,False,[0.5 0.1 0.3]
382.150924,100,43.145695,0.23680767818017012,False,False,[0.5 0.1 0.3]
453.690584,100,43.459632,0.18976555955743638,False,False,[0.5 0.1 0.3]
340.187376,100,43.695288,0.1805540716207397,False,False,[0.5 0.1 0.3]
133.873771,64,43.920852,0.4096760185418851,True,False,[0.5 0.1 0.3]
361.283955,100,44.15525,0.1921386866299487,False,False,[0.5 0.1 0.3]
326.597083,100,44.390817,0.35181002933122746,False,False,[0.5 0.1 0.3]
164.076876,62,44.581523,0.26008957095346064,True,False,[0.5 0.1 0.3]
366.151132,100,44.813683,0.3342032093651418,False,False,[0.5 0.1 0.3]
345.605695,100,45.133873,0.3640125402720062,False,False,[0.5 0.1 0.3]
470.007928,100,45.460263,0.10001471085028665,False,False,[0.5 0.1 0.3]
242.790558,78,46.138366,0.21714393328491272,True,False,[0.5 0.1 0.3]
324.163067,90,46.358276,0.25323503830703514,True,False,[0.5 0.1 0.3]
365.366191,100,46.587668,0.39618423059764457,False,False,[0.5 0.1 0.3]
161.770258,58,46.789803,0.2277424327583684,True,False,[0.5 0.1 0.3]
515.733281,100,47.019787,0.10988419157528274,False,False,[0.5 0.1 0.3]
328.549863,100,47.260189,0.3267643544663184,False,False,[0.5 0.1 0.3]
376.963821,100,47.493695,0.19038483715161864,False,False,[0.5 0.1 0.3]
318.130931,88,47.714763,0.2394254231352153,True,False,[0.5 0.1 0.3]
182.104288,63,47.908383,0.23467605302978733,True,False,[0.5 0.1 0.3]
282.047415,98,48.140571,0.26463478254255385,True,False,[0.5 0.1 0.3]
200.135565,79,48.353541,0.39868574025077724,True,False,[0.5 0.1 0.3]
399.765762,98,48.581672,0.2735044162434871,True,False,[0.5 0.1 0.3]
297.896962,100,48.806622,0.13457233510295077,False,False,[0.5 0.1 0.3]
376.495967,100,49.035866,0.141178037338683,False,False,[0.5 0.1 0.3]
438.966082,100,49.269529,0.1612342739657178,False,False,[0.5 0.1 0.3]
448.29781,100,49.499736,0.10276950619708111,False,False,[0.5 0.1 0.3]
356.057178,100,49.74416,0.2984776757606031,False,False,[0.5 0.1 0.3]
399.840744,100,49.973412,0.14254274047177012,False,False,[0.5 0.1 0.3]
57.920365,38,50.142979,0.20815478592912925,True,False,[0.5 0.1 0.3]
353.074666,100,50.372565,0.09079243237902095,False,False,[0.5 0.1 0.3]
418.302147,100,50.601147,0.259993199074641,False,False,[0.5 0.1 0.3]
410.034401,100,50.848597,0.2574963442304684,False,False,[0.5 0.1 0.3]
465.389698,100,51.076591,0.15057958171831337,False,False,[0.5 0.1 0.3]
350.475541,100,51.768728,0.18510417816149974,False,False,[0.5 0.1 0.3]
346.010918,100,52.003715,0.21851929856801486,False,False,[0.5 0.1 0.3]
414.817224,100,52.24184,0.14579368064708564,False,False,[0.5 0.1 0.3]
415.505018,100,52.479046,0.11100880971913071,False,False,[0.5 0.1 0.3]
305.280691,100,52.712187,0.3479696213473554,False,False,[0.5 0.1 0.3]
428.27554,100,52.943661,0.14798657276868055,False,False,[0.5 0.1 0.3]
263.527558,95,53.170792,0.3202792772099075,True,False,[0.5 0.1 0.3]
319.697891,84,53.38663,0.22342614163096822,True,False,[0.5 0.1 0.3]
169.378746,54,53.569856,0.25549866717582953,True,False,[0.5 0.1 0.3]
369.128577,100,53.799143,0.2790706621861772,False,False,[0.5 0.1 0.3]
402.789858,100,54.029399,0.1936289036924434,False,False,[0.5 0.1 0.3]
407.561452,100,54.264678,0.24654620155417478,False,False,[0.5 0.1 0.3]
372.223576,100,54.508162,0.09906597401437843,False,False,[0.5 0.1 0.3]
382.788678,100,54.821729,0.21562173290090192,False,False,[0.5 0.1 0.3]
397.871497,100,55.048573,0.19867040512176878,False,False,[0.5 0.1 0.3]
390.276052,100,55.282332,0.20167753943574365,False,False,[0.5 0.1 0.3]
403.258482,100,55.505547,0.1631626962398971,False,False,[0.5 0.1 0.3]
396.259629,100,55.725626,0.30381648032264086,False,False,[0.5 0.1 0.3]
443.184673,100,55.95609,0.193891559236104,False,False,[0.5 0.1 0.3]
281.21539,100,56.185796,0.41236111746638754,False,False,[0.5 0.1 0.3]
277.634032,100,56.507415,0.40978050288712525,False,False,[0.5 0.1 0.3]
337.823034,100,57.226172,0.3514286007115847,False,False,[0.5 0.1 0.3]
417.066098,100,57.464835,0.07458780585651624,False,False,[0.5 0.1 0.3]
367.195551,100,57.699435,0.2888873744706484,False,False,[0.5 0.1 0.3]
452.172398,100,57.917978,0.0626977088049797,False,False,[0.5 0.1 0.3]
195.562331,61,58.104854,0.21238456267547792,True,False,[0.5 0.1 0.3]
331.016461,100,58.352428,0.32024149650640266,False,False,[0.5 0.1 0.3]
439.356787,100,58.589177,0.10059913039575201,False,False,[0.5 0.1 0.3]
336.786965,100,58.822192,0.30045407016728926,False,False,[0.5 0.1 0.3]
386.710055,100,59.054394,0.3014256366410195,False,False,[0.5 0.1 0.3]
312.851423,100,59.282522,0.16543430037397552,False,False,[0.5 0.1 0.3]
350.40184,100,59.51739,0.21291864851458078,False,False,[0.5 0.1 0.3]
396.503184,100,59.747472,0.17257816195053713,False,False,[0.5 0.1 0.3]
251.736375,100,59.972134,0.3850520884814531,False,False,[0.5 0.1 0.3]
386.757062,100,60.209636,0.3709276298553343,False,False,[0.5 0.1 0.3]
372.294793,100,60.534328,0.20907158954478441,False,False,[0.5 0.1 0.3]
172.477996,72,60.728413,0.2625431742379727,True,False,[0.5 0.1 0.3]
385.923379,100,60.9544,0.1256440635942263,False,False,[0.5 0.1 0.3]
380.829361,100,61.187274,0.25379470614971356,False,False,[0.5 0.1 0.3]
142.748312,58,61.382363,0.21063158711416205,True,False,[0.5 0.1 0.3]
329.138112,100,61.620728,0.2043032543035315,False,False,[0.5 0.1 0.3]
444.434767,100,61.845133,0.1737400053050636,False,False,[0.5 0.1 0.3]
402.328497,100,62.078083,0.3530732782442398,False,False,[0.5 0.1 0.3]
272.711227,100,62.767338,0.34790200037497615,False,False,[0.5 0.1 0.3]
418.821793,100,62.984486,0.2128405458126114,False,False,[0.5 0.1 0.3]
389.790603,100,63.216208,0.20268710308863389,False,False,[0.5 0.1 0.3]
313.919331,100,63.460507,0.23983011490577844,False,False,[0.5 0.1 0.3]
326.583515,100,63.685703,0.24546543456998735,False,False,[0.5 0.1 0.3]
416.681687,100,63.918428,0.2242937595218985,False,False,[0.5 0.1 0.3]
299.225683,100,64.236529,0.3598472324370088,False,False,[0.5 0.1 0.3]
258.96254,83,64.45496,0.27864595054196184,True,False,[0.5 0.1 0.3]
357.147852,100,64.773142,0.23509752873778003,False,False,[0.5 0.1 0.3]
336.976069,100,65.09319,0.30160478596094303,False,False,[0.5 0.1 0.3]
389.001555,100,65.412218,0.21385760507633694,False,False,[0.5 0.1 0.3]
388.049362,100,65.659198,0.2221533627772999,False,False,[0.5 0.1 0.3]
258.408199,100,65.974591,0.3919925826336571,False,False,[0.5 0.1 0.3]
380.642577,100,66.2034,0.2554880948430136,False,False,[0.5 0.1 0.3]
400.490801,100,66.434339,0.17942872657339878,False,False,[0.5 0.1 0.3]
421.593053,100,66.675361,0.29030623025779634,False,False,[0.5 0.1 0.3]
427.416128,100,66.90716,0.1264138961971124,False,False,[0.5 0.1 0.3]
310.265745,100,67.140355,0.21034786196164637,False,False,[0.5 0.1 0.3]
219.323271,78,67.342663,0.21704091584148982,True,False,[0.5 0.1 0.3]
406.895448,100,67.574451,0.1681830434035228,False,False,[0.5 0.1 0.3]
448.671346,100,68.276303,0.17648684928117295,False,False,[0.5 0.1 0.3]
334.297113,100,68.514659,0.24464308404515686,False,False,[0.5 0.1 0.3]
338.289141,100,68.755341,0.17801374331627323,False,False,[0.5 0.1 0.3]
489.540487,100,68.982426,0.26345652285969356,False,False,[0.5 0.1 0.3]
462.490364,100,69.212739,0.1240580106759892,False,False,[0.5 0.1 0.3]
307.32078,100,69.449362,0.18958457938157366,False,False,[0.5 0.1 0.3]
366.293695,100,69.682434,0.17179617486377316,False,False,[0.5 0.1 0.3]
380.954952,100,70.006823,0.21609771686028317,False,False,[0.5 0.1 0.3]
660.025102,100,70.240724,0.20369247117832692,False,False,[0.5 0.1 0.3]
294.089296,100,70.473837,0.31948859811474056,False,False,[0.5 0.1 0.3]
384.114909,100,70.702601,0.3213371779256601,False,False,[0.5 0.1 0.3]
249.851297,93,70.929383,0.26948631522153144,True,False,[0.5 0.1 0.3]
369.604693,100,71.161294,0.17722123296719605,False,False,[0.5 0.1 0.3]
440.83296,100,71.38624,0.14404247266017292,False,False,[0.5 0.1 0.3]
488.831999,100,71.618046,0.1173595969229108,False,False,[0.5 0.1 0.3]
181.252213,67,71.812995,0.22202944391864732,True,False,[0.5 0.1 0.3]
358.624326,100,72.039757,0.2713677126444934,False,False,[0.5 0.1 0.3]
447.884323,100,72.276391,0.14506504589574976,False,False,[0.5 0.1 0.3]
398.136406,100,72.51077,0.253565620717091,False,False,[0.5 0.1 0.3]
416.469566,100,72.770348,0.26907913825761837,False,False,[0.5 0.1 0.3]
336.258413,100,73.00308,0.22390604573572806,False,False,[0.5 0.1 0.3]
268.083174,100,73.706802,0.4443131596420828,False,False,[0.5 0.1 0.3]
324.969199,100,73.934597,0.35769685243167676,False,False,[0.5 0.1 0.3]
356.900123,100,74.162176,0.26995277876850066,False,False,[0.5 0.1 0.3]
416.925333,100,74.398146,0.20437015513642026,False,False,[0.5 0.1 0.3]
387.494019,100,74.621429,0.2073863618715652,False,False,[0.5 0.1 0.3]
355.361288,100,74.856472,0.3387369231796196,False,False,[0.5 0.1 0.3]
397.77592,100,75.094521,0.18543313510351664,False,False,[0.5 0.1 0.3]
368.306263,100,75.323377,0.2516746362104999,False,False,[0.5 0.1 0.3]
421.733218,100,75.553299,0.23475325995194957,False,False,[0.5 0.1 0.3]
365.344964,100,75.783605,0.1759675497011091,False,False,[0.5 0.1 0.3]
336.240588,100,76.021234,0.2448295428616241,False,False,[0.5 0.1 0.3]
350.549298,100,76.247376,0.1191730821760617,False,False,[0.5 0.1 0.3]
384.599902,100,76.563667,0.2420947966739638,False,False,[0.5 0.1 0.3]
327.182114,100,76.804199,0.2893392651058008,False,False,[0.5 0.1 0.3]
409.813366,100,77.041827,0.1604687732156411,False,False,[0.5 0.1 0.3]
280.256205,100,77.267194,0.2702950294701685,False,False,[0.5 0.1 0.3]
451.377286,100,77.496308,0.18208787524270925,False,False,[0.5 0.1 0.3]
483.550343,100,77.727431,0.19557276469602988,False,False,[0.5 0.1 0.3]
240.890125,100,77.964525,0.43163323414353877,False,False,[0.5 0.1 0.3]
352.201028,100,78.194726,0.30208524835285283,False,False,[0.5 0.1 0.3]
359.989735,100,78.427649,0.3081467302159214,False,False,[0.5 0.1 0.3]
183.861577,63,79.106817,0.21307682686450874,True,False,[0.5 0.1 0.3]
423.819948,100,79.339239,0.16144677537243907,False,False,[0.5 0.1 0.3]
308.766848,100,79.5689,0.32392486753765415,False,False,[0.5 0.1 0.3]
357.554354,100,79.824543,0.46856025044828176,False,False,[0.5 0.1 0.3]
339.932238,100,80.063707,0.36889157743719053,False,False,[0.5 0.1 0.3]
292.131927,100,80.282711,0.29982928210833965,False,False,[0.5 0.1 0.3]
315.413353,100,80.523207,0.318804124468494,False,False,[0.5 0.1 0.3]
212.791504,80,80.734118,0.24731938029598624,True,False,[0.5 0.1 0.3]
311.533417,100,80.970894,0.33730090299658244,False,False,[0.5 0.1 0.3]
400.167495,100,81.20273,0.24544062829562402,False,False,[0.5 0.1 0.3]
361.243051,100,81.513596,0.1849812885710066,False,False,[0.5 0.1 0.3]
366.391038,100,81.751229,0.2261137089304543,False,False,[0.5 0.1 0.3]
417.267269,100,82.070566,0.2356504962275123,False,False,[0.5 0.1 0.3]
390.760272,100,82.300957,0.17114628897330594,False,False,[0.5 0.1 0.3]
346.656627,100,82.525506,0.2533532465929764,False,False,[0.5 0.1 0.3]
409.33748,100,82.75108,0.2431065563199221,False,False,[0.5 0.1 0.3]
368.460119,100,82.989037,0.26415138329947474,False,False,[0.5 0.1 0.3]
268.548708,82,83.198028,0.2769347348311979,True,False,[0.5 0.1 0.3]
359.463687,100,83.426097,0.2531225792393928,False,False,[0.5 0.1 0.3]
395.685523,100,83.656554,0.26066446408095206,False,False,[0.5 0.1 0.3]
122.490721,48,83.820175,0.3365726686858853,True,False,[0.5 0.1 0.3]
359.090373,100,84.047481,0.2555379651412384,False,False,[0.5 0.1 0.3]
286.90091,100,84.739518,0.31870863185827475,False,False,[0.5 0.1 0.3]
317.943694,100,84.965754,0.39597796868701335,False,False,[0.5 0.1 0.3]
185.633699,66,85.156838,0.2758926166059891,True,False,[0.5 0.1 0.3]
362.073758,100,85.389053,0.2358333245402907,False,False,[0.5 0.1 0.3]
346.827111,100,85.625223,0.29647908638448545,False,False,[0.5 0.1 0.3]
263.552349,89,85.856371,0.2748031293715909,True,False,[0.5 0.1 0.3]
364.921404,100,86.174076,0.2190741476788663,False,False,[0.5 0.1 0.3]
383.964322,100,86.409635,0.34720290392989756,False,False,[0.5 0.1 0.3]
340.806845,100,86.641241,0.33013637649360145,False,False,[0.5 0.1 0.3]
482.294808,100,86.868922,0.12754786482085795,False,False,[0.5 0.1 0.3]
382.374848,100,87.094759,0.262659591840212,False,False,[0.5 0.1 0.3]
371.614335,100,87.329303,0.3457237579668921,False,False,[0.5 0.1 0.3]
482.829407,100,87.563964,0.121220206896792,False,False,[0.5 0.1 0.3]
327.907897,100,87.803479,0.3246790809674122,False,False,[0.5 0.1 0.3]
348.579206,100,88.036568,0.428704297100484,False,False,[0.5 0.1 0.3]
316.238186,100,88.272197,0.3576764966020564,False,False,[0.5 0.1 0.3]
362.591469,100,88.593255,0.3329846246008603,False,False,[0.5 0.1 0.3]
378.68938,100,88.820304,0.17254496733705088,False,False,[0.5 0.1 0.3]
308.866185,100,89.069714,0.3976667216267848,False,False,[0.5 0.1 0.3]
287.243892,100,89.319898,0.40731059567833133,False,False,[0.5 0.1 0.3]
191.004648,81,89.532647,0.28952786170882067,True,False,[0.5 0.1 0.3]
318.679675,100,90.232786,0.37161865194687244,False,False,[0.5 0.1 0.3]
324.690358,100,90.461364,0.3064590022753195,False,False,[0.5 0.1 0.3]
303.816422,100,90.691901,0.3493252479053863,False,False,[0.5 0.1 0.3]
435.565006,100,90.92568,0.24850788988872358,False,False,[0.5 0.1 0.3]
290.873123,85,91.140679,0.2972283053841508,True,False,[0.5 0.1 0.3]
314.829186,100,91.359768,0.10796493682572512,False,False,[0.5 0.1 0.3]
279.893906,100,91.58582,0.42807003826628615,False,False,[0.5 0.1 0.3]
238.185795,100,91.81626,0.31303226081162316,False,False,[0.5 0.1 0.3]
307.413802,100,92.050855,0.43688005384075274,False,False,[0.5 0.1 0.3]
345.552007,100,92.276525,0.3765522337294126,False,False,[0.5 0.1 0.3]
389.718136,100,92.538151,0.17644248310818786,False,False,[0.5 0.1 0.3]
71.761362,54,92.71752,0.5253444660792272,True,False,[0.5 0.1 0.3]
306.845229,100,92.950969,0.32146287164600434,False,False,[0.5 0.1 0.3]
400.281352,100,93.186376,0.2306535628306425,False,False,[0.5 0.1 0.3]
463.945845,100,93.414546,0.07610671596805489,False,False,[0.5 0.1 0.3]
337.260875,100,93.643539,0.29015704084133054,False,False,[0.5 0.1 0.3]
456.462024,100,93.878007,0.1474927013034956,False,False,[0.5 0.1 0.3]
387.633609,100,94.114745,0.25091379784431533,False,False,[0.5 0.1 0.3]
327.872436,100,94.336535,0.2509000602793551,False,False,[0.5 0.1 0.3]
358.911556,100,94.56614,0.35427840772134594,False,False,[0.5 0.1 0.3]
301.506945,100,94.795861,0.40859480135737497,False,False,[0.5 0.1 0.3]
307.039511,100,95.515935,0.34617485870134407,False,False,[0.5 0.1 0.3]
393.57966,100,95.741609,0.20436877983434926,False,False,[0.5 0.1 0.3]
303.781654,83,95.954536,0.23140016137974326,True,False,[0.5 0.1 0.3]
244.824118,100,96.183962,0.3779802421464034,False,False,[0.5 0.1 0.3]
326.208126,100,96.411035,0.29647133816403975,False,False,[0.5 0.1 0.3]
338.030277,100,96.649621,0.28556137000759163,False,False,[0.5 0.1 0.3]
264.579245,91,96.863189,0.24007244369472877,True,False,[0.5 0.1 0.3]
366.960035,100,97.090744,0.32385890776603987,False,False,[0.5 0.1 0.3]
117.955918,54,97.268708,0.24141383168338587,True,False,[0.5 0.1 0.3]
398.801241,100,97.499895,0.19139644578785045,False,False,[0.5 0.1 0.3]
496.308333,100,97.739324,0.12425030927427044,False,False,[0.5 0.1 0.3]
397.599282,100,97.979169,0.21512122019700233,False,False,[0.5 0.1 0.3]
137.038025,62,98.174282,0.2856886308292766,True,False,[0.5 0.1 0.3]
355.091308,100,98.494904,0.21049113429543465,False,False,[0.5 0.1 0.3]
157.947707,55,98.679505,0.2286620793893602,True,False,[0.5 0.1 0.3]
194.797198,79,98.909575,0.27832698531573014,True,False,[0.5 0.1 0.3]
401.166116,100,99.149353,0.15478406628288144,False,False,[0.5 0.1 0.3]
435.776867,100,99.375498,0.08938805584610648,False,False,[0.5 0.1 0.3]
354.226933,100,99.605254,0.24186355983155336,False,False,[0.5 0.1 0.3]
363.847736,100,99.940221,0.3818404488693514,False,False,[0.5 0.1 0.3]
151.83991,57,100.117648,0.23641198306754932,True,False,[0.5 0.1 0.3]
518.061411,100,100.350803,0.19136736275580363,False,False,[0.5 0.1 0.3]
393.722949,100,101.063227,0.2668648723556904,False,False,[0.5 0.1 0.3]
393.251072,100,101.298896,0.20485999712918207,False,False,[0.5 0.1 0.3]
404.24908,100,101.526911,0.22891567504239183,False,False,[0.5 0.1 0.3]
299.192692,100,101.755389,0.3075213245125919,False,False,[0.5 0.1 0.3]
56.741344,37,101.925758,0.3380713709533037,True,False,[0.5 0.1 0.3]
537.810029,100,102.152416,0.15873592586718377,False,False,[0.5 0.1 0.3]
425.31166,100,102.392352,0.199295633069255,False,False,[0.5 0.1 0.3]
277.89714,100,102.622238,0.5246947688991586,False,False,[0.5 0.1 0.3]
437.25707,100,102.854947,0.22221966914809285,False,False,[0.5 0.1 0.3]
124.186916,64,103.0523,0.3348574008620755,True,False,[0.5 0.1 0.3]
86.036921,39,103.222212,0.21652277793901706,True,False,[0.5 0.1 0.3]
512.734576,100,103.457618,0.10895368454614049,False,False,[0.5 0.1 0.3]
152.482306,79,103.666928,0.24371366803251743,True,False,[0.5 0.1 0.3]
324.198842,100,103.99654,0.30730332540837335,False,False,[0.5 0.1 0.3]
295.235106,100,104.228944,0.3481723261617547,False,False,[0.5 0.1 0.3]
318.919045,100,104.461498,0.32698429841025967,False,False,[0.5 0.1 0.3]
334.669159,100,104.691693,0.2753996095323619,False,False,[0.5 0.1 0.3]
405.699585,100,104.942506,0.19792413913649426,False,False,[0.5 0.1 0.3]
343.964273,100,105.178053,0.2848098176136008,False,False,[0.5 0.1 0.3]
407.983201,100,105.403236,0.2619672280624724,False,False,[0.5 0.1 0.3]
308.042781,100,105.633557,0.3234343089927636,False,False,[0.5 0.1 0.3]
262.517531,100,105.861926,0.48916126652816344,False,False,[0.5 0.1 0.3]
343.971674,100,106.091527,0.2738124721943945,False,False,[0.5 0.1 0.3]
404.732294,100,106.796712,0.2242835163489136,False,False,[0.5 0.1 0.3]
288.632481,100,107.027389,0.2811685270018189,False,False,[0.5 0.1 0.3]
408.574369,100,107.264641,0.16781055047341484,False,False,[0.5 0.1 0.3]
342.363715,100,107.499037,0.12014617232720604,False,False,[0.5 0.1 0.3]
349.772752,100,107.728335,0.23432750782229103,False,False,[0.5 0.1 0.3]
426.352054,100,107.959703,0.18089846090065473,False,False,[0.5 0.1 0.3]
462.273331,100,108.282565,0.029719434486654074,False,False,[0.5 0.1 0.3]
268.569939,100,108.511747,0.4205795718195932,False,False,[0.5 0.1 0.3]
473.83133,100,108.745669,0.0914886412241472,False,False,[0.5 0.1 0.3]
373.565379,100,108.978712,0.23330204177541047,False,False,[0.5 0.1 0.3]
309.469791,100,109.207302,0.3644877686633633,False,False,[0.5 0.1 0.3]
355.859043,100,109.438456,0.3547635837342549,False,False,[0.5 0.1 0.3]
285.872247,100,109.674798,0.5051114309284889,False,False,[0.5 0.1 0.3]
406.656502,100,109.996358,0.2366169453872442,False,False,[0.5 0.1 0.3]
318.786741,100,110.227607,0.3414890528290902,False,False,[0.5 0.1 0.3]
390.829259,100,110.458601,0.23338688090965196,False,False,[0.5 0.1 0.3]
408.465628,100,110.691458,0.26421367274395646,False,False,[0.5 0.1 0.3]
411.307256,100,110.923482,0.1280208180739551,False,False,[0.5 0.1 0.3]
342.054493,100,111.161343,0.38203963490570203,False,False,[0.5 0.1 0.3]
284.010251,100,111.410815,0.36364494990436697,False,False,[0.5 0.1 0.3]
343.689728,100,112.114074,0.365478808032786,False,False,[0.5 0.1 0.3]
395.410856,100,112.351835,0.29101965330003704,False,False,[0.5 0.1 0.3]
350.39214,100,112.581469,0.21616904610126056,False,False,[0.5 0.1 0.3]
226.575352,84,112.79766,0.24223335679886265,True,False,[0.5 0.1 0.3]
364.794238,100,113.037907,0.19050153971573602,False,False,[0.5 0.1 0.3]
668.404275,100,113.262482,0.18669112602215676,False,False,[0.5 0.1 0.3]
325.890617,100,113.495649,0.1170457777932791,False,False,[0.5 0.1 0.3]
296.281741,100,113.734658,0.26205660105898143,False,False,[0.5 0.1 0.3]
297.8424,100,113.960999,0.22092724669677216,False,False,[0.5 0.1 0.3]
360.823237,100,114.200192,0.17111851624921692,False,False,[0.5 0.1 0.3]
284.448789,90,114.417035,0.22881277555002244,True,False,[0.5 0.1 0.3]
463.860006,100,114.6482,0.07678371875152581,False,False,[0.5 0.1 0.3]
240.156538,87,114.862413,0.3293996105972377,True,False,[0.5 0.1 0.3]
449.897768,100,115.09981,0.17533233658496358,False,False,[0.5 0.1 0.3]
416.246001,100,115.331181,0.18387442631014558,False,False,[0.5 0.1 0.3]
457.781902,100,115.556125,0.07752105456249753,False,False,[0.5 0.1 0.3]
313.270143,100,115.784772,0.1917133100580404,False,False,[0.5 0.1 0.3]
500.730396,100,116.019536,0.14068183990488198,False,False,[0.5 0.1 0.3]
198.764107,71,116.220559,0.29367442985718767,True,False,[0.5 0.1 0.3]
216.700329,100,116.457209,0.29162200640883373,False,False,[0.5 0.1 0.3]
455.854068,100,116.686327,0.1538828544149095,False,False,[0.5 0.1 0.3]
395.881475,100,117.391953,0.2672741872791343,False,False,[0.5 0.1 0.3]
391.849469,100,117.707461,0.11795264240380954,False,False,[0.5 0.1 0.3]
190.22411,67,117.931654,0.29056224089329874,True,False,[0.5 0.1 0.3]
457.671185,100,118.16838,0.16487608901086562,False,False,[0.5 0.1 0.3]
346.874487,100,118.395332,0.37030545413451155,False,False,[0.5 0.1 0.3]
305.556808,100,118.619475,0.21041056068129582,False,False,[0.5 0.1 0.3]
490.458294,100,118.847744,0.13417863163370436,False,False,[0.5 0.1 0.3]
446.617267,100,119.080804,0.12641179547574993,False,False,[0.5 0.1 0.3]
181.746739,61,119.271087,0.21335903585493543,True,False,[0.5 0.1 0.3]
271.031185,100,119.520433,0.3458004666301856,False,False,[0.5 0.1 0.3]
452.214841,100,119.747621,0.06399909794906665,False,False,[0.5 0.1 0.3]
397.851506,100,119.977679,0.10456576247281933,False,False,[0.5 0.1 0.3]
261.233135,92,120.202951,0.23665029843492505,True,False,[0.5 0.1 0.3]
502.752446,100,120.441614,0.11901982818482784,False,False,[0.5 0.1 0.3]
200.425608,62,120.629926,0.21793483460985513,True,False,[0.5 0.1 0.3]
399.228976,100,120.864067,0.1058820260291387,False,False,[0.5 0.1 0.3]
487.388046,100,121.177956,0.14214677897507313,False,False,[0.5 0.1 0.3]
412.755667,100,121.407458,0.16241950711927208,False,False,[0.5 0.1 0.3]
351.512936,100,121.629573,0.11611341535348149,False,False,[0.5 0.1 0.3]
227.127166,100,121.86359,0.2179155716517706,True,False,[0.5 0.1 0.3]
367.283489,100,122.096177,0.17228061701241806,False,False,[0.5 0.1 0.3]
495.286886,100,122.325817,0.058611567865812106,False,False,[0.5 0.1 0.3]
251.841215,85,123.022203,0.24322019690010713,True,False,[0.5 0.1 0.3]
351.043404,100,123.256177,0.30511790261247657,False,False,[0.5 0.1 0.3]
167.548279,68,123.456426,0.22504458168957814,True,False,[0.5 0.1 0.3]
383.398554,100,123.68654,0.22758257508798463,False,False,[0.5 0.1 0.3]
384.620055,100,123.935585,0.11890985341545228,False,False,[0.5 0.1 0.3]
411.589809,100,124.167349,0.31650972312784936,False,False,[0.5 0.1 0.3]
402.951855,100,124.395369,0.21087940721653062,False,False,[0.5 0.1 0.3]
381.134693,100,124.629848,0.19176220577440778,False,False,[0.5 0.1 0.3]
412.961144,100,124.861862,0.17924766796095493,False,False,[0.5 0.1 0.3]
369.88395,100,125.083928,0.254956808747767,False,False,[0.5 0.1 0.3]
494.774204,100,125.30914,0.16688865417660304,False,False,[0.5 0.1 0.3]
154.297386,55,125.489176,0.21766162143867543,True,False,[0.5 0.1 0.3]
481.492105,100,125.733456,0.2195648293889044,False,False,[0.5 0.1 0.3]
443.813556,100,125.962049,0.13330571759426152,False,False,[0.5 0.1 0.3]
399.680384,100,126.201442,0.1339530354294412,False,False,[0.5 0.1 0.3]
306.976913,100,126.43793,0.2950543729716959,False,False,[0.5 0.1 0.3]
362.85825,100,126.66672,0.25825151968806076,False,False,[0.5 0.1 0.3]
380.317588,100,126.897008,0.23766213604895103,False,False,[0.5 0.1 0.3]
335.743828,100,127.119477,0.34917749842990736,False,False,[0.5 0.1 0.3]
455.53529,100,127.448509,0.10867301271472302,False,False,[0.5 0.1 0.3]
499.890963,100,127.678485,0.06716456998261243,False,False,[0.5 0.1 0.3]
288.475899,100,128.379742,0.37369049848152686,False,False,[0.5 0.1 0.3]
546.431303,100,128.61242,0.07037494425289277,False,False,[0.5 0.1 0.3]
334.903655,100,128.848731,0.4106773210907492,False,False,[0.5 0.1 0.3]
362.278047,100,129.169107,0.2079403564900826,False,False,[0.5 0.1 0.3]
317.059048,100,129.490838,0.2550280237739046,False,False,[0.5 0.1 0.3]
257.66601,100,129.74823,0.6822566316858502,False,False,[0.5 0.1 0.3]
356.223764,100,129.976298,0.07964425183386645,False,False,[0.5 0.1 0.3]
348.30302,100,130.207551,0.24586187363807685,False,False,[0.5 0.1 0.3]
333.40866,100,130.443074,0.3610579191053565,False,False,[0.5 0.1 0.3]
346.936613,100,130.673142,0.3712635287626051,False,False,[0.5 0.1 0.3]
392.152447,100,130.889547,0.2216553766746372,False,False,[0.5 0.1 0.3]
435.043998,100,131.117537,0.1032541119333504,False,False,[0.5 0.1 0.3]
301.701871,100,131.353823,0.28511038102583836,False,False,[0.5 0.1 0.3]
457.872706,100,131.579014,0.12304985664968367,False,False,[0.5 0.1 0.3]
324.462827,100,131.807782,0.26145692582561436,False,False,[0.5 0.1 0.3]
200.644833,95,132.1206,0.4701349279610866,True,False,[0.5 0.1 0.3]
178.626939,73,132.415762,0.2864210036817578,True,False,[0.5 0.1 0.3]
368.421141,100,132.642976,0.23372338185555774,False,False,[0.5 0.1 0.3]
524.99684,100,132.865012,0.1582767291465129,False,False,[0.5 0.1 0.3]
301.164197,100,133.188814,0.23537365792041604,False,False,[0.5 0.1 0.3]
431.091478,100,133.430866,0.15066416575408115,False,False,[0.5 0.1 0.3]
171.554282,63,133.623636,0.2836497737107938,True,False,[0.5 0.1 0.3]
421.440034,100,134.316315,0.297101423150348,False,False,[0.5 0.1 0.3]
410.668666,100,134.537459,0.13567560182166646,False,False,[0.5 0.1 0.3]
384.168855,100,134.769566,0.13283218632761096,False,False,[0.5 0.1 0.3]
355.689624,100,134.991395,0.16762672797916933,False,False,[0.5 0.1 0.3]
291.893357,94,135.215511,0.3015380690159334,True,False,[0.5 0.1 0.3]
266.863212,94,135.439042,0.2581815608001674,True,False,[0.5 0.1 0.3]
494.640005,100,135.762664,0.05896667259478565,False,False,[0.5 0.1 0.3]
453.405123,100,135.995233,0.13821507789603213,False,False,[0.5 0.1 0.3]
390.903485,100,136.307322,0.26740882100106167,False,False,[0.5 0.1 0.3]
329.919991,100,136.538722,0.14177152404245624,False,False,[0.5 0.1 0.3]
265.969989,99,136.860726,0.40786317497262886,True,False,[0.5 0.1 0.3]
311.564651,100,137.176359,0.2546185605192995,False,False,[0.5 0.1 0.3]
478.588698,100,137.406804,0.06464984510622936,False,False,[0.5 0.1 0.3]
332.487589,100,137.631691,0.29814678819366486,False,False,[0.5 0.1 0.3]
364.320323,100,137.933082,0.18354879540918978,False,False,[0.5 0.1 0.3]
337.387451,100,138.245809,0.33306157610986814,False,False,[0.5 0.1 0.3]
189.36687,58,138.51845,0.2200027137866167,True,False,[0.5 0.1 0.3]
413.167371,100,138.757365,0.14899976512853316,False,False,[0.5 0.1 0.3]
468.99578,100,138.980586,0.11145805885961159,False,False,[0.5 0.1 0.3]
298.231255,100,139.211267,0.30873645844670905,False,False,[0.5 0.1 0.3]
365.839583,100,139.450144,0.18230191597905984,False,False,[0.5 0.1 0.3]
263.728495,100,140.155622,0.46612686183401836,False,False,[0.5 0.1 0.3]
386.270501,100,140.376863,0.2915314845730891,False,False,[0.5 0.1 0.3]
387.251096,100,140.704005,0.14836577030410136,False,False,[0.5 0.1 0.3]
399.18356,100,140.933419,0.10645186947147843,False,False,[0.5 0.1 0.3]
479.357367,100,141.252147,0.05830277196608911,False,False,[0.5 0.1 0.3]
393.480403,100,141.505778,0.12447821769032923,False,False,[0.5 0.1 0.3]
280.25463,100,141.753796,0.20333031210119837,False,False,[0.5 0.1 0.3]
410.213938,100,141.978911,0.2459955819090298,False,False,[0.5 0.1 0.3]
297.543222,100,142.201827,0.3465013209349553,False,False,[0.5 0.1 0.3]
257.039347,100,142.42619,0.28089204878995555,False,False,[0.5 0.1 0.3]
271.822885,100,142.760389,0.4530064774631043,False,False,[0.5 0.1 0.3]
350.544151,100,143.085851,0.2230875530528173,False,False,[0.5 0.1 0.3]
462.88381,100,143.317863,0.09218435301560596,False,False,[0.5 0.1 0.3]
579.697114,100,143.550831,0.12113125110447379,False,False,[0.5 0.1 0.3]
300.161424,100,143.793675,0.30205636814025344,True,False,[0.5 0.1 0.3]
432.983315,100,144.113717,0.16420064083850677,False,False,[0.5 0.1 0.3]
336.082353,100,144.340743,0.3221980909845685,False,False,[0.5 0.1 0.3]
421.686539,100,144.588234,0.23586708038214935,False,False,[0.5 0.1 0.3]
505.20987,100,144.907577,0.11075025290750899,False,False,[0.5 0.1 0.3]
374.127115,100,145.134865,0.17561445792967514,False,False,[0.5 0.1 0.3]
351.153329,100,145.855795,0.26064312551921726,False,False,[0.5 0.1 0.3]
360.605882,100,146.174569,0.1729839339567389,False,False,[0.5 0.1 0.3]
331.050571,100,146.492991,0.1698083021989397,False,False,[0.5 0.1 0.3]
357.144982,100,146.730307,0.14931847178354826,False,False,[0.5 0.1 0.3]
520.45987,100,146.960094,0.0869640940579101,False,False,[0.5 0.1 0.3]
323.355585,100,147.185343,0.25376778714218234,False,False,[0.5 0.1 0.3]
417.609463,100,147.43281,0.15834794570885996,False,False,[0.5 0.1 0.3]
474.010206,100,147.661953,0.07530408051908731,False,False,[0.5 0.1 0.3]
191.854599,82,147.888671,0.22877633812224246,True,False,[0.5 0.1 0.3]
448.75905,100,148.117833,0.2118291888144207,False,False,[0.5 0.1 0.3]
413.095352,100,148.355195,0.1533434333428373,False,False,[0.5 0.1 0.3]
476.337171,100,148.59293,0.21090903831942828,False,False,[0.5 0.1 0.3]
245.342984,92,148.817111,0.29952294308063226,True,False,[0.5 0.1 0.3]
330.358613,100,149.041024,0.2953670316861596,False,False,[0.5 0.1 0.3]
452.928775,100,149.280225,0.2458146194257829,False,False,[0.5 0.1 0.3]
397.177309,100,149.512603,0.21318705166488366,False,False,[0.5 0.1 0.3]
286.670279,100,149.751853,0.3008567381924312,False,False,[0.5 0.1 0.3]
413.271041,100,149.99428,0.19767006370038126,False,False,[0.5 0.1 0.3]
347.479092,100,150.222228,0.34979514987505356,False,False,[0.5 0.1 0.3]
328.127123,100,150.456191,0.40790203844203016,False,False,[0.5 0.1 0.3]
295.120509,100,150.694657,0.28841211989889265,False,False,[0.5 0.1 0.3]
385.081415,100,151.38957,0.2681816583527288,False,False,[0.5 0.1 0.3]
333.47325,100,151.620595,0.2766985136229626,True,False,[0.5 0.1 0.3]
402.58574,100,151.852827,0.11159610736605349,False,False,[0.5 0.1 0.3]
342.246449,100,152.083395,0.18573146559349754,False,False,[0.5 0.1 0.3]
432.555291,100,152.330033,0.1941958849173539,False,False,[0.5 0.1 0.3]
389.848817,100,152.557492,0.28962311953723435,False,False,[0.5 0.1 0.3]
428.13354,100,152.785494,0.15521384740878943,False,False,[0.5 0.1 0.3]
466.554556,100,153.01413,0.1470724917050125,False,False,[0.5 0.1 0.3]
397.80542,100,153.243824,0.2062075009238446,False,False,[0.5 0.1 0.3]
207.827111,72,153.530591,0.2553062368536341,True,False,[0.5 0.1 0.3]
432.53789,100,153.759873,0.1912621721314962,False,False,[0.5 0.1 0.3]
416.954238,100,153.99708,0.09643574873774083,False,False,[0.5 0.1 0.3]
342.94559,100,154.230611,0.29800897529404397,False,False,[0.5 0.1 0.3]
433.477862,100,154.554289,0.12686905867004847,False,False,[0.5 0.1 0.3]
471.589452,100,154.787262,0.08914249426406803,False,False,[0.5 0.1 0.3]
312.112496,100,155.015973,0.23403773432628908,False,False,[0.5 0.1 0.3]
351.347094,100,155.254793,0.36277286612923826,False,False,[0.5 0.1 0.3]
347.241596,100,155.570515,0.19619826934666862,False,False,[0.5 0.1 0.3]
481.137417,100,155.894748,0.1707525681060331,False,False,[0.5 0.1 0.3]
346.759415,100,156.213784,0.2165958354235073,False,False,[0.5 0.1 0.3]
470.440369,100,156.44055,0.1291491387497112,False,False,[0.5 0.1 0.3]
208.09787,72,157.108548,0.2806238669452864,True,False,[0.5 0.1 0.3]
412.826673,100,157.428872,0.21894713501513247,False,False,[0.5 0.1 0.3]
143.309302,73,157.627962,0.34488813231415605,True,False,[0.5 0.1 0.3]
224.134522,86,157.853428,0.26944835347134666,True,False,[0.5 0.1 0.3]
112.614922,47,158.039676,0.26134786534637944,True,False,[0.5 0.1 0.3]
410.392513,100,158.35928,0.22211882660052942,False,False,[0.5 0.1 0.3]
175.397015,72,158.561576,0.24669632653232607,True,False,[0.5 0.1 0.3]
425.152038,100,158.881997,0.20044929548394605,False,False,[0.5 0.1 0.3]
409.57102,100,159.108361,0.1415138567349807,False,False,[0.5 0.1 0.3]
279.360916,99,159.346838,0.24690224802268063,True,False,[0.5 0.1 0.3]
299.607104,100,159.668384,0.13787345545633975,False,False,[0.5 0.1 0.3]
490.803493,100,159.896566,0.06738737672648364,False,False,[0.5 0.1 0.3]
310.08284,100,160.122406,0.2925502512043581,False,False,[0.5 0.1 0.3]
406.809984,100,160.352231,0.16663952737180363,False,False,[0.5 0.1 0.3]
368.508964,100,160.664801,0.058362925969381994,False,False,[0.5 0.1 0.3]
353.594147,100,160.888353,0.26643800669207685,False,False,[0.5 0.1 0.3]
309.612475,100,161.118141,0.3306645374079263,False,False,[0.5 0.1 0.3]
369.79714,100,161.344869,0.20564222064518445,False,False,[0.5 0.1 0.3]
420.595854,100,161.574321,0.13084861006835624,False,False,[0.5 0.1 0.3]
308.774446,100,161.805386,0.29051635286322547,False,False,[0.5 0.1 0.3]
244.490437,100,162.035639,0.34684685493144907,True,False,[0.5 0.1 0.3]
478.754396,100,162.349232,0.053498829062992345,False,False,[0.5 0.1 0.3]
272.061657,96,163.033554,0.2243948252718846,True,False,[0.5 0.1 0.3]
224.01334,77,163.23408,0.25801479513532144,True,False,[0.5 0.1 0.3]
323.755801,100,163.458455,0.22493291215493888,False,False,[0.5 0.1 0.3]
339.318272,100,163.68574,0.05416410068822475,False,False,[0.5 0.1 0.3]
403.981839,100,163.926879,0.08817341563939478,False,False,[0.5 0.1 0.3]
362.041911,100,164.158492,0.3111673773306228,False,False,[0.5 0.1 0.3]
365.075067,100,164.389194,0.1784466351394693,False,False,[0.5 0.1 0.3]
336.687775,100,164.621218,0.22111304186706157,False,False,[0.5 0.1 0.3]
366.077406,100,164.861157,0.1231559358165027,False,False,[0.5 0.1 0.3]
113.13737,47,165.025183,0.2529840812609703,True,False,[0.5 0.1 0.3]
354.396323,100,165.262322,0.22919541885270855,False,False,[0.5 0.1 0.3]
311.713342,100,165.50062,0.3085696625729881,False,False,[0.5 0.1 0.3]
321.15083,100,165.729247,0.28591850775119126,False,False,[0.5 0.1 0.3]
327.772933,100,165.961769,0.2685792959987188,False,False,[0.5 0.1 0.3]
282.944593,100,166.207751,0.3055294447201942,False,False,[0.5 0.1 0.3]
331.171948,100,166.436989,0.23148054821833294,False,False,[0.5 0.1 0.3]
392.138608,100,166.662195,0.21361230768072859,False,False,[0.5 0.1 0.3]
292.339072,100,166.902488,0.23920174784267934,False,False,[0.5 0.1 0.3]
263.236057,78,167.109011,0.2763805568713823,True,False,[0.5 0.1 0.3]
467.818829,100,167.335914,0.12103229513525014,False,False,[0.5 0.1 0.3]
395.129368,100,167.565857,0.2719091608693538,False,False,[0.5 0.1 0.3]
252.30617,100,168.268016,0.40030315936641775,False,False,[0.5 0.1 0.3]
387.990846,100,168.498499,0.24240730389202533,False,False,[0.5 0.1 0.3]
346.305739,100,168.726393,0.2728036816138555,False,False,[0.5 0.1 0.3]
374.89559,100,168.957924,0.23185911392324532,False,False,[0.5 0.1 0.3]
340.742583,100,169.182865,0.23848634548841383,False,False,[0.5 0.1 0.3]
266.572315,100,169.424158,0.4145303989042407,False,False,[0.5 0.1 0.3]
382.123269,100,169.65762,0.17185479545940038,False,False,[0.5 0.1 0.3]
433.259045,100,169.885168,0.19265343822958889,False,False,[0.5 0.1 0.3]
370.875041,100,170.114508,0.25871991332449334,False,False,[0.5 0.1 0.3]
479.760614,100,170.349276,0.061874653894684425,False,False,[0.5 0.1 0.3]
348.219295,100,170.578106,0.2571651843936067,False,False,[0.5 0.1 0.3]
484.114186,100,170.806665,0.10356506019725129,False,False,[0.5 0.1 0.3]
362.382501,100,171.037729,0.2636354572727018,False,False,[0.5 0.1 0.3]
351.26106,100,171.268614,0.1734026857980937,False,False,[0.5 0.1 0.3]
416.134972,100,171.492039,0.23685445747665368,False,False,[0.5 0.1 0.3]
314.197719,100,171.725907,0.19775624762808602,False,False,[0.5 0.1 0.3]
288.378889,100,171.951784,0.3499118204934165,False,False,[0.5 0.1 0.3]
449.302555,100,172.197027,0.25256817070850945,False,False,[0.5 0.1 0.3]
358.035269,100,172.423059,0.2216169759766352,False,False,[0.5 0.1 0.3]
255.339851,100,172.649577,0.2090722246497027,False,False,[0.5 0.1 0.3]
355.996776,100,172.890493,0.18204747948997957,False,False,[0.5 0.1 0.3]
414.860089,100,173.592637,0.24665949438604995,False,False,[0.5 0.1 0.3]
300.172318,100,173.809213,0.36968914477615367,False,False,[0.5 0.1 0.3]
378.87086,100,174.039326,0.1761919992550343,False,False,[0.5 0.1 0.3]
406.670444,100,174.276286,0.047724091088757074,False,False,[0.5 0.1 0.3]
514.126491,100,174.50193,0.0920996520701175,False,False,[0.5 0.1 0.3]
270.283945,100,174.761089,0.4309819994347051,False,False,[0.5 0.1 0.3]
378.348331,100,174.998317,0.15828298198229598,False,False,[0.5 0.1 0.3]
289.592497,100,175.229186,0.35724744903365263,False,False,[0.5 0.1 0.3]
448.608423,100,175.460455,0.1661448223670178,False,False,[0.5 0.1 0.3]
367.253219,100,175.688494,0.22630149415283174,False,False,[0.5 0.1 0.3]
471.387215,100,175.922735,0.07541346739044966,False,False,[0.5 0.1 0.3]
337.340688,100,176.147796,0.27634358898471006,False,False,[0.5 0.1 0.3]
226.44534,87,176.367451,0.42084284737463573,True,False,[0.5 0.1 0.3]
303.319164,100,176.601939,0.2871963569085719,False,False,[0.5 0.1 0.3]
256.650187,100,176.833631,0.21435435598202582,False,False,[0.5 0.1 0.3]
327.125003,100,177.061421,0.3128708764183336,False,False,[0.5 0.1 0.3]
384.944943,100,177.288772,0.20835057621056682,False,False,[0.5 0.1 0.3]
332.63045,100,177.521545,0.32161540922359455,False,False,[0.5 0.1 0.3]
279.10023,100,177.750998,0.4226032697762913,False,False,[0.5 0.1 0.3]
315.179499,100,177.986815,0.3054419808096069,False,False,[0.5 0.1 0.3]
346.795677,100,178.689288,0.2381401728696307,False,False,[0.5 0.1 0.3]
364.919313,100,178.913559,0.12634655363012584,False,False,[0.5 0.1 0.3]
354.549678,100,179.14234,0.2526540453140418,False,False,[0.5 0.1 0.3]
369.690179,100,179.368627,0.33771886972197473,False,False,[0.5 0.1 0.3]
427.692735,100,179.594458,0.11445455350295655,False,False,[0.5 0.1 0.3]
274.20842,100,179.823526,0.23685644076255083,True,False,[0.5 0.1 0.3]
423.062454,100,180.129159,0.12254914977234896,False,False,[0.5 0.1 0.3]
146.37844,55,180.313087,0.31678697781275655,True,False,[0.5 0.1 0.3]
367.364842,100,180.557176,0.18345303022245743,False,False,[0.5 0.1 0.3]
413.527798,100,180.790065,0.11152255879549058,False,False,[0.5 0.1 0.3]
465.903412,100,181.030453,0.06424013541694928,False,False,[0.5 0.1 0.3]
387.48771,100,181.255845,0.2639176766492693,False,False,[0.5 0.1 0.3]
360.912953,100,181.484889,0.2106541853568471,False,False,[0.5 0.1 0.3]
253.470982,80,181.69349,0.250055066884132,True,False,[0.5 0.1 0.3]
468.207996,100,181.922008,0.028191405605615696,False,False,[0.5 0.1 0.3]
403.070185,100,182.147006,0.14261650347844523,False,False,[0.5 0.1 0.3]
448.459766,100,182.394355,0.16454345572907822,False,False,[0.5 0.1 0.3]
452.705823,100,182.623408,0.18618835635951755,False,False,[0.5 0.1 0.3]
338.107746,100,182.84557,0.21597256692204325,False,False,[0.5 0.1 0.3]
396.519427,100,183.09025,0.19837687345765245,False,False,[0.5 0.1 0.3]
330.919522,100,183.322093,0.4218371801338069,False,False,[0.5 0.1 0.3]
331.43971,100,184.03412,0.24448047074923465,False,False,[0.5 0.1 0.3]
367.980733,100,184.351657,0.28296645409884824,False,False,[0.5 0.1 0.3]
402.197364,100,184.58754,0.20764068882795206,False,False,[0.5 0.1 0.3]
281.195811,94,184.815183,0.21730217447151437,True,False,[0.5 0.1 0.3]
466.264954,100,185.057981,0.10139360738647807,False,False,[0.5 0.1 0.3]
367.393829,100,185.285964,0.22584814253499363,False,False,[0.5 0.1 0.3]
264.747801,100,185.628124,0.2695198424654235,False,False,[0.5 0.1 0.3]
415.527382,100,185.866153,0.26421263735712586,False,False,[0.5 0.1 0.3]
148.437292,62,186.061617,0.2570432035501723,True,False,[0.5 0.1 0.3]
389.160353,100,186.285637,0.26543626768277173,False,False,[0.5 0.1 0.3]
131.430067,49,186.475233,0.22582594130290087,True,False,[0.5 0.1 0.3]
333.601527,100,186.798991,0.1804293883221266,False,False,[0.5 0.1 0.3]
80.153771,63,186.995277,0.4224695902804688,True,False,[0.5 0.1 0.3]
334.874734,100,187.231514,0.15999077843607337,False,False,[0.5 0.1 0.3]
505.668518,100,187.470128,0.13083739360581947,False,False,[0.5 0.1 0.3]
331.208863,100,187.696014,0.37587319951824244,False,False,[0.5 0.1 0.3]
464.507088,100,187.913218,0.12942015282895433,False,False,[0.5 0.1 0.3]
328.192364,83,188.12525,0.25331076873909963,True,False,[0.5 0.1 0.3]
272.417124,80,188.432909,0.22384198456250423,True,False,[0.5 0.1 0.3]
307.554356,100,188.664359,0.34297096487260303,False,False,[0.5 0.1 0.3]
511.128207,100,188.909278,0.093372353765396,False,False,[0.5 0.1 0.3]
328.040755,100,189.148889,0.23976211472215586,False,False,[0.5 0.1 0.3]
169.264402,72,189.352427,0.2566927664999702,True,False,[0.5 0.1 0.3]
344.46181,100,190.15287,0.277857085291751,False,False,[0.5 0.1 0.3]
342.34758,100,190.478075,0.36909313745267086,False,False,[0.5 0.1 0.3]
380.168077,100,190.69992,0.22679467769288592,False,False,[0.5 0.1 0.3]
406.877232,100,190.923021,0.20699346425908374,False,False,[0.5 0.1 0.3]
382.882928,100,191.198549,0.1275168267158981,False,False,[0.5 0.1 0.3]
282.055899,100,191.434202,0.3885664339777078,False,False,[0.5 0.1 0.3]
399.75814,100,191.665108,0.22266060581447047,False,False,[0.5 0.1 0.3]
383.031178,100,191.899868,0.272473859034407,False,False,[0.5 0.1 0.3]
409.949149,100,192.2141,0.09677492977638456,False,False,[0.5 0.1 0.3]
333.338128,100,192.444748,0.23340969142596704,False,False,[0.5 0.1 0.3]
298.140228,100,192.681164,0.3575812081238814,False,False,[0.5 0.1 0.3]
349.218907,100,192.905233,0.21972820020973083,False,False,[0.5 0.1 0.3]
413.835997,100,193.13683,0.09267892944271479,False,False,[0.5 0.1 0.3]
409.203031,100,193.363752,0.16871011744337522,False,False,[0.5 0.1 0.3]
349.196471,100,193.603252,0.26374498163237164,False,False,[0.5 0.1 0.3]
398.655325,100,193.919824,0.2930542223446585,False,False,[0.5 0.1 0.3]
493.369217,100,194.151273,0.29358488877161815,False,False,[0.5 0.1 0.3]
266.153622,94,194.380221,0.26387924068498503,True,False,[0.5 0.1 0.3]
278.665978,100,194.613538,0.4913301127888173,False,False,[0.5 0.1 0.3]
403.630596,100,194.933686,0.2375840603165825,False,False,[0.5 0.1 0.3]
366.235574,100,195.644475,0.18549540293656697,False,False,[0.5 0.1 0.3]
504.514828,100,195.871686,0.16180785263857905,False,False,[0.5 0.1 0.3]
232.039339,74,196.082326,0.27309360323590054,True,False,[0.5 0.1 0.3]
201.789408,100,196.31589,0.5884494294193556,False,False,[0.5 0.1 0.3]
379.028427,100,196.580621,0.21584541262011786,False,False,[0.5 0.1 0.3]
450.909509,100,196.814012,0.11858487231050882,False,False,[0.5 0.1 0.3]
286.080423,100,197.04015,0.35071398554011807,False,False,[0.5 0.1 0.3]
428.416225,100,197.270499,0.13786508801558858,False,False,[0.5 0.1 0.3]
320.195999,100,197.499183,0.33228871297523693,False,False,[0.5 0.1 0.3]
212.778393,75,197.707711,0.2604681365649302,True,False,[0.5 0.1 0.3]
411.798522,100,197.934885,0.13659481153989037,False,False,[0.5 0.1 0.3]
185.367224,58,198.117945,0.22250340206176192,True,False,[0.5 0.1 0.3]
353.666532,100,198.345232,0.14433389789052742,False,False,[0.5 0.1 0.3]
356.324689,100,198.588427,0.3779476238354557,False,False,[0.5 0.1 0.3]
357.85555,100,198.82419,0.20423929975424251,False,False,[0.5 0.1 0.3]
220.223247,79,199.034549,0.292199031920696,True,False,[0.5 0.1 0.3]
399.530846,100,199.350168,0.09399280246785334,False,False,[0.5 0.1 0.3]
431.697503,100,199.577711,0.19053145547353756,False,False,[0.5 0.1 0.3]
277.146026,100,199.806723,0.35876738323550383,False,False,[0.5 0.1 0.3]
325.150641,98,200.122993,0.31125372697567605,True,False,[0.5 0.1 0.3]
300.629744,100,200.449687,0.4153494796698064,False,False,[0.5 0.1 0.3]
415.517931,100,200.767149,0.15080344214604263,False,False,[0.5 0.1 0.3]
437.346088,100,201.47735,0.11019341493481319,False,False,[0.5 0.1 0.3]
299.871993,100,201.703917,0.45882054118651755,False,False,[0.5 0.1 0.3]
379.307955,100,202.017562,0.18618967166944814,False,False,[0.5 0.1 0.3]
481.501178,100,202.247899,0.17935648362142456,False,False,[0.5 0.1 0.3]
369.543346,100,202.472364,0.2690045586360001,False,False,[0.5 0.1 0.3]
305.453273,100,202.715586,0.26757172612149593,False,False,[0.5 0.1 0.3]
113.982217,53,202.894037,0.25193572880545584,True,False,[0.5 0.1 0.3]
441.120498,100,203.125097,0.10716477030795929,False,False,[0.5 0.1 0.3]
223.125432,78,203.341648,0.27685810073577416,True,False,[0.5 0.1 0.3]
326.144468,100,203.579575,0.3512279013387166,False,False,[0.5 0.1 0.3]
438.830901,100,203.806152,0.2381902572704219,False,False,[0.5 0.1 0.3]
165.692116,93,204.034,0.3823489252909494,True,False,[0.5 0.1 0.3]
419.024597,100,204.261108,0.28603997806709625,False,False,[0.5 0.1 0.3]
438.035197,100,204.582876,0.06416948044510719,False,False,[0.5 0.1 0.3]
386.274975,100,204.824041,0.28328924181586673,False,False,[0.5 0.1 0.3]
308.563322,100,205.057143,0.29993832791142366,False,False,[0.5 0.1 0.3]
360.94896,100,205.287886,0.18672054895587528,False,False,[0.5 0.1 0.3]
360.257026,100,205.521469,0.25067049785955337,False,False,[0.5 0.1 0.3]
405.025494,100,205.750033,0.09728743098432292,False,False,[0.5 0.1 0.3]
426.66519,100,205.981095,0.22462111198581258,False,False,[0.5 0.1 0.3]
408.078259,100,206.20734,0.15122606545431522,False,False,[0.5 0.1 0.3]
452.998641,100,206.905498,0.18232116263309428,False,False,[0.5 0.1 0.3]
320.354096,100,207.155783,0.2412498109754878,False,False,[0.5 0.1 0.3]
390.950275,100,207.39828,0.17558122728695447,False,False,[0.5 0.1 0.3]
213.804517,100,207.639017,0.31870172443163625,False,False,[0.5 0.1 0.3]
463.31522,100,207.862539,0.084407386353869,False,False,[0.5 0.1 0.3]
378.285721,100,208.087905,0.3636309481083201,False,False,[0.5 0.1 0.3]
397.171674,100,208.407286,0.29155778401854676,False,False,[0.5 0.1 0.3]
367.347307,100,208.642967,0.10405728933144064,False,False,[0.5 0.1 0.3]
435.316153,100,208.889945,0.1129676584277005,False,False,[0.5 0.1 0.3]
348.673255,100,209.123487,0.22129184976780072,False,False,[0.5 0.1 0.3]
250.455206,90,209.351843,0.2598678590669626,True,False,[0.5 0.1 0.3]
355.698438,100,209.666459,0.20607959684530205,False,False,[0.5 0.1 0.3]
334.92049,100,209.9057,0.27519177462610267,False,False,[0.5 0.1 0.3]
371.642152,100,210.141194,0.15244721971186279,False,False,[0.5 0.1 0.3]
363.407788,100,210.383099,0.1958618511331654,False,False,[0.5 0.1 0.3]
465.916508,100,210.614806,0.2290396713778143,False,False,[0.5 0.1 0.3]
472.214816,100,210.856374,0.14766645148545143,False,False,[0.5 0.1 0.3]
377.338957,100,211.082428,0.27671690138736404,False,False,[0.5 0.1 0.3]
519.447333,100,211.308301,0.09531418759176548,False,False,[0.5 0.1 0.3]
334.867424,100,211.542427,0.3146085409584987,False,False,[0.5 0.1 0.3]
436.386086,100,211.770844,0.17702805365690688,False,False,[0.5 0.1 0.3]
291.143741,100,212.475554,0.2669406910768924,False,False,[0.5 0.1 0.3]
301.936207,100,212.706353,0.2645432240877125,False,False,[0.5 0.1 0.3]
144.600989,96,212.922988,0.4271428422031177,True,False,[0.5 0.1 0.3]
405.666919,100,213.155225,0.18921221337710922,False,False,[0.5 0.1 0.3]
214.213194,71,213.351461,0.27476739755904,True,False,[0.5 0.1 0.3]
486.065076,100,213.5847,0.07281641762110691,False,False,[0.5 0.1 0.3]
272.195318,98,213.812063,0.29352742319972536,True,False,[0.5 0.1 0.3]
350.753435,100,214.033279,0.2532613723800699,False,False,[0.5 0.1 0.3]
352.508918,100,214.262697,0.2604698821337186,False,False,[0.5 0.1 0.3]
220.639222,93,214.49658,0.2686083819796728,True,False,[0.5 0.1 0.3]
262.717775,88,214.711034,0.2392868723302572,True,False,[0.5 0.1 0.3]
454.273193,100,215.032096,0.3454806611073428,False,False,[0.5 0.1 0.3]
414.922655,100,215.295418,0.17403354053666273,False,False,[0.5 0.1 0.3]
83.010981,45,215.465365,0.24603111002709346,True,False,[0.5 0.1 0.3]
385.159437,100,215.691618,0.2394038216229119,False,False,[0.5 0.1 0.3]
491.500284,100,215.922834,0.17409915595787276,False,False,[0.5 0.1 0.3]
321.031734,100,216.15597,0.3510774571619576,False,False,[0.5 0.1 0.3]
363.894188,100,216.475391,0.20129870479307155,False,False,[0.5 0.1 0.3]
496.502719,100,216.707677,0.06492032815033075,False,False,[0.5 0.1 0.3]
300.187734,100,216.94996,0.26367636265663286,False,False,[0.5 0.1 0.3]
479.205045,100,217.179436,0.25449335369459875,False,False,[0.5 0.1 0.3]
331.998772,100,217.992206,0.2546867841217931,False,False,[0.5 0.1 0.3]
198.276604,67,218.191017,0.24231428485931567,True,False,[0.5 0.1 0.3]
299.956251,100,218.504497,0.3566113700359627,False,False,[0.5 0.1 0.3]
391.191257,100,218.730699,0.2806061275073407,False,False,[0.5 0.1 0.3]
392.035076,100,218.968949,0.17169296598481104,False,False,[0.5 0.1 0.3]
410.217448,100,219.205989,0.23638896410918528,False,False,[0.5 0.1 0.3]
253.492575,100,219.438076,0.4543443702021948,False,False,[0.5 0.1 0.3]
297.935792,100,219.66493,0.3706715965909235,False,False,[0.5 0.1 0.3]
280.909116,100,219.898793,0.3596212524005796,False,False,[0.5 0.1 0.3]
379.794084,100,220.129865,0.277891343646226,False,False,[0.5 0.1 0.3]
340.855976,100,220.358252,0.2486560273792606,False,False,[0.5 0.1 0.3]
377.855969,100,220.610705,0.19399614957484557,False,False,[0.5 0.1 0.3]
328.333961,100,220.934719,0.24693962277391043,False,False,[0.5 0.1 0.3]
419.758129,100,221.158693,0.2684388739748713,False,False,[0.5 0.1 0.3]
467.782392,100,221.392133,0.1511722868619189,False,False,[0.5 0.1 0.3]
289.244325,100,221.628899,0.2945837307755235,False,False,[0.5 0.1 0.3]
132.297941,46,221.891965,0.20406036277851197,True,False,[0.5 0.1 0.3]
393.041097,100,222.131966,0.22018156029361333,False,False,[0.5 0.1 0.3]
379.051434,100,222.368581,0.3111841257777473,False,False,[0.5 0.1 0.3]
371.247558,100,222.603654,0.2920163846731427,False,False,[0.5 0.1 0.3]
391.7412,100,222.831091,0.1756530917138402,False,False,[0.5 0.1 0.3]
358.937003,100,223.058713,0.24278421155424817,False,False,[0.5 0.1 0.3]
318.874257,100,223.754515,0.3183750679103392,False,False,[0.5 0.1 0.3]
348.164097,100,224.076001,0.15484702663900946,False,False,[0.5 0.1 0.3]
396.625775,100,224.395989,0.09352527529722109,False,False,[0.5 0.1 0.3]
302.646544,100,224.629519,0.41501861214548774,False,False,[0.5 0.1 0.3]
455.379963,100,224.868442,0.13894899811010178,False,False,[0.5 0.1 0.3]
405.754538,100,225.095369,0.23576999404978594,False,False,[0.5 0.1 0.3]
349.6042,100,225.323674,0.3691670459448692,False,False,[0.5 0.1 0.3]
347.866824,100,225.550573,0.17739274616968037,False,False,[0.5 0.1 0.3]
325.093426,100,225.781717,0.2632431628774892,False,False,[0.5 0.1 0.3]
547.049461,100,226.016959,0.06401786596137547,False,False,[0.5 0.1 0.3]
443.189126,100,226.244812,0.27093785145325433,False,False,[0.5 0.1 0.3]
299.291372,100,226.47619,0.27892948882116325,False,False,[0.5 0.1 0.3]
386.368466,100,226.703428,0.11906630402338347,False,False,[0.5 0.1 0.3]
199.53608,83,226.919997,0.24884442856013894,True,False,[0.5 0.1 0.3]
331.048214,100,227.150104,0.17287343546306336,False,False,[0.5 0.1 0.3]
216.289424,78,227.355819,0.22739041052308803,True,False,[0.5 0.1 0.3]
368.814919,100,227.584919,0.2461587510202284,False,False,[0.5 0.1 0.3]
402.556534,100,227.824713,0.2066441597965003,False,False,[0.5 0.1 0.3]
424.40472,100,228.051568,0.15464787903009838,False,False,[0.5 0.1 0.3]
742.835129,100,228.285409,0.13454039171469367,False,False,[0.5 0.1 0.3]
340.190419,100,228.51257,0.3181946099849008,False,False,[0.5 0.1 0.3]
83.526558,49,229.156599,0.24384275966920976,True,False,[0.5 0.1 0.3]
360.539281,100,229.383743,0.2210077229152419,False,False,[0.5 0.1 0.3]
125.80641,53,229.56028,0.23194496752692917,True,False,[0.5 0.1 0.3]
290.562843,100,229.797587,0.2863202559785627,False,False,[0.5 0.1 0.3]
304.620885,100,230.029117,0.3499812810426831,False,False,[0.5 0.1 0.3]
314.412621,100,230.275859,0.15379583916262224,False,False,[0.5 0.1 0.3]
457.142921,100,230.510917,0.17213289471467869,False,False,[0.5 0.1 0.3]
454.769957,100,230.740662,0.2198519494588351,False,False,[0.5 0.1 0.3]
330.628294,100,230.982222,0.30533292647157056,False,False,[0.5 0.1 0.3]
144.503565,51,231.147421,0.2050632396525126,True,False,[0.5 0.1 0.3]
392.661253,100,231.375708,0.27055916184008866,False,False,[0.5 0.1 0.3]
195.186944,76,231.576225,0.28604747965601685,True,False,[0.5 0.1 0.3]
361.859202,100,231.812597,0.23774493998692828,False,False,[0.5 0.1 0.3]
459.513953,100,232.04924,0.14137912976440842,False,False,[0.5 0.1 0.3]
342.78715,100,232.283704,0.19856150198657302,False,False,[0.5 0.1 0.3]
294.411253,100,232.52036,0.28443641576767925,False,False,[0.5 0.1 0.3]
283.801368,93,232.743475,0.30569852151617727,True,False,[0.5 0.1 0.3]
434.553536,100,232.977365,0.12170321777074185,False,False,[0.5 0.1 0.3]
132.506824,58,233.161284,0.27166751293173663,True,False,[0.5 0.1 0.3]
507.483124,100,233.478111,0.24689877583294412,False,False,[0.5 0.1 0.3]
309.913863,100,233.718255,0.2664423341026394,False,False,[0.5 0.1 0.3]
357.965425,100,233.946356,0.30584524966710586,False,False,[0.5 0.1 0.3]
136.500673,58,234.21682,0.29197457485982165,True,False,[0.5 0.1 0.3]
389.714389,100,234.909983,0.2369892959893722,False,False,[0.5 0.1 0.3]
311.901011,100,235.168085,0.27805563748949463,False,False,[0.5 0.1 0.3]
347.514831,100,235.401031,0.2778161206803587,False,False,[0.5 0.1 0.3]
489.111692,100,235.628961,0.1281892100657587,False,False,[0.5 0.1 0.3]
11.984263,25,235.777534,0.22509464518139397,True,False,[0.5 0.1 0.3]
329.103392,100,236.008111,0.24389828353318363,False,False,[0.5 0.1 0.3]
478.637622,100,236.243073,0.09101419578163106,False,False,[0.5 0.1 0.3]
709.555835,100,236.479532,0.19851564384909184,False,False,[0.5 0.1 0.3]
384.061919,100,236.701069,0.20440390534838246,False,False,[0.5 0.1 0.3]
515.793144,100,236.933919,0.06967151362152735,False,False,[0.5 0.1 0.3]
385.736525,100,237.174639,0.18833855254277088,False,False,[0.5 0.1 0.3]
414.361855,100,237.402524,0.09372814802105615,False,False,[0.5 0.1 0.3]
404.651153,100,237.633172,0.29892926444007645,False,False,[0.5 0.1 0.3]
438.719002,100,237.86305,0.060234635959741045,False,False,[0.5 0.1 0.3]
322.602815,100,238.086045,0.35668133155342246,False,False,[0.5 0.1 0.3]
467.112078,100,238.315783,0.17261017222212152,False,False,[0.5 0.1 0.3]
324.416796,100,238.54727,0.3035622675588251,False,False,[0.5 0.1 0.3]
338.818273,100,238.784738,0.2675656587230972,False,False,[0.5 0.1 0.3]
171.745274,80,238.995728,0.3606150121210012,True,False,[0.5 0.1 0.3]
179.995321,62,239.191847,0.226720246947949,True,False,[0.5 0.1 0.3]
379.828942,100,239.426992,0.18473837017293912,False,False,[0.5 0.1 0.3]
391.120902,100,240.158804,0.21541067679576187,False,False,[0.5 0.1 0.3]
409.807167,100,240.388146,0.18927460857887976,False,False,[0.5 0.1 0.3]
484.777009,100,240.622398,0.11439108241542499,False,False,[0.5 0.1 0.3]
392.638395,100,240.854783,0.21758138821989084,False,False,[0.5 0.1 0.3]
459.014604,100,241.084836,0.1488443231356914,False,False,[0.5 0.1 0.3]
259.275739,100,241.319644,0.41836272076783393,False,False,[0.5 0.1 0.3]
346.629516,100,241.545715,0.296829578678418,False,False,[0.5 0.1 0.3]
409.176323,100,241.776713,0.16637993319594163,False,False,[0.5 0.1 0.3]
382.909687,100,242.004587,0.2565023115986678,False,False,[0.5 0.1 0.3]
396.57061,100,242.239339,0.1584510692055213,False,False,[0.5 0.1 0.3]
389.767028,100,242.466738,0.022531464808278837,False,False,[0.5 0.1 0.3]
333.518524,100,242.694173,0.24291480904282112,False,False,[0.5 0.1 0.3]
408.889301,100,242.92279,0.10940372333842444,False,False,[0.5 0.1 0.3]
253.043357,100,243.161046,0.3008885954227523,False,False,[0.5 0.1 0.3]
366.965027,100,243.482794,0.3380719962710136,False,False,[0.5 0.1 0.3]
305.208147,100,243.71506,0.22719309727678824,False,False,[0.5 0.1 0.3]
477.394381,100,243.956723,0.1303012641199075,False,False,[0.5 0.1 0.3]
404.947477,100,244.187091,0.19602798149013512,False,False,[0.5 0.1 0.3]
386.319272,100,244.410035,0.13068863283275461,False,False,[0.5 0.1 0.3]
450.86054,100,244.660343,0.19751749355296147,False,False,[0.5 0.1 0.3]
397.143589,100,244.893277,0.22383611119845345,False,False,[0.5 0.1 0.3]
312.933796,100,245.60217,0.24720090625603125,False,False,[0.5 0.1 0.3]
393.174803,100,245.827862,0.2123507102449916,False,False,[0.5 0.1 0.3]
213.124442,80,246.133664,0.28401073787642733,True,False,[0.5 0.1 0.3]
384.065669,100,246.37368,0.34091503922597666,False,False,[0.5 0.1 0.3]
217.371905,76,246.579455,0.2907536215549367,True,False,[0.5 0.1 0.3]
413.070195,100,246.806746,0.09821623841914945,False,False,[0.5 0.1 0.3]
409.259568,100,247.036139,0.26479132640557307,False,False,[0.5 0.1 0.3]
350.723083,100,247.35903,0.3600498262346875,False,False,[0.5 0.1 0.3]
510.310884,100,247.669835,0.02588153705309458,False,False,[0.5 0.1 0.3]
346.412025,100,247.904335,0.40946057070267017,False,False,[0.5 0.1 0.3]
491.002516,100,248.13801,0.2364269447837287,False,False,[0.5 0.1 0.3]
344.657974,100,248.361929,0.21188070179197094,False,False,[0.5 0.1 0.3]
454.764633,100,248.588952,0.1442908326011642,False,False,[0.5 0.1 0.3]
376.588245,100,248.816027,0.37191281040405594,False,False,[0.5 0.1 0.3]
367.377622,100,249.140438,0.2057616511307414,False,False,[0.5 0.1 0.3]
423.724555,100,249.375439,0.22128902883775312,False,False,[0.5 0.1 0.3]
343.800585,100,249.630071,0.30091332669777643,False,False,[0.5 0.1 0.3]
385.233056,100,249.857588,0.2509520641972611,False,False,[0.5 0.1 0.3]
363.015628,100,250.177083,0.13842888727167418,False,False,[0.5 0.1 0.3]
313.810914,100,250.405562,0.38337121643848104,False,False,[0.5 0.1 0.3]
485.595535,100,250.735091,0.16606023099705475,False,False,[0.5 0.1 0.3]
256.353343,91,251.433166,0.323718655546934,True,False,[0.5 0.1 0.3]
499.646047,100,251.741632,0.21250560732599638,False,False,[0.5 0.1 0.3]
447.462424,100,251.977479,0.17546870343583393,False,False,[0.5 0.1 0.3]
370.042737,100,252.211016,0.2303691387767448,False,False,[0.5 0.1 0.3]
237.016454,88,252.432202,0.22970681930159087,True,False,[0.5 0.1 0.3]
415.487478,100,252.669749,0.23013303389517076,False,False,[0.5 0.1 0.3]
120.163801,49,252.835991,0.23490626260117828,True,False,[0.5 0.1 0.3]
317.616801,100,253.061059,0.26069921555913916,False,False,[0.5 0.1 0.3]
311.356385,100,253.396147,0.4511422127971875,False,False,[0.5 0.1 0.3]
411.284457,100,253.627765,0.13960985598347103,False,False,[0.5 0.1 0.3]
345.357599,100,253.859429,0.1503298656501779,False,False,[0.5 0.1 0.3]
177.925211,75,254.149375,0.2962924009595404,True,False,[0.5 0.1 0.3]
199.514179,63,254.433624,0.21826066900529864,True,False,[0.5 0.1 0.3]
424.655084,100,254.663137,0.17513809264833632,False,False,[0.5 0.1 0.3]
343.50922,100,254.894291,0.2105834588039744,False,False,[0.5 0.1 0.3]
440.165833,100,255.134214,0.21048535364773563,False,False,[0.5 0.1 0.3]
371.831765,100,255.364667,0.2654900802910482,False,False,[0.5 0.1 0.3]
245.13995,89,255.671127,0.3157241047369703,True,False,[0.5 0.1 0.3]
398.709361,100,255.995157,0.21606882432705213,False,False,[0.5 0.1 0.3]
511.732807,100,256.215417,0.16484982558548392,False,False,[0.5 0.1 0.3]
261.274824,79,256.428503,0.24723850158211064,True,False,[0.5 0.1 0.3]
381.833737,100,256.665113,0.31900256909747426,False,False,[0.5 0.1 0.3]
337.356469,89,257.447634,0.23163333703848554,True,False,[0.5 0.1 0.3]
340.221046,100,257.678558,0.294451511125247,False,False,[0.5 0.1 0.3]
129.777363,60,257.955598,0.2735078638504241,True,False,[0.5 0.1 0.3]
406.157383,100,258.273405,0.34361126073980597,False,False,[0.5 0.1 0.3]
165.850454,66,258.464323,0.33014515567715647,True,False,[0.5 0.1 0.3]
320.95452,87,258.765535,0.22673597332728118,True,False,[0.5 0.1 0.3]
235.171358,74,258.972034,0.22021470199047632,True,False,[0.5 0.1 0.3]
408.03291,100,259.226897,0.11179330857699234,False,False,[0.5 0.1 0.3]
314.255216,100,259.470818,0.3016429550303135,False,False,[0.5 0.1 0.3]
397.469762,100,259.785885,0.1705290522267498,False,False,[0.5 0.1 0.3]
441.081665,100,260.023366,0.24563564312281833,False,False,[0.5 0.1 0.3]
291.839541,85,260.238043,0.24913682508993273,True,False,[0.5 0.1 0.3]
277.956022,78,260.445419,0.24094690134106708,True,False,[0.5 0.1 0.3]
393.326163,100,260.681471,0.12475733186999487,False,False,[0.5 0.1 0.3]
558.108673,100,260.899781,0.19494677908798153,False,False,[0.5 0.1 0.3]
248.22389,94,261.125289,0.3147282782229936,True,False,[0.5 0.1 0.3]
425.417803,100,261.357119,0.2049827640676123,False,False,[0.5 0.1 0.3]
304.89691,81,261.575745,0.2327332213360801,True,False,[0.5 0.1 0.3]
235.694143,71,261.779116,0.21752556807402887,True,False,[0.5 0.1 0.3]
325.334253,100,262.006903,0.27969202842372604,False,False,[0.5 0.1 0.3]
318.783153,100,262.328296,0.2941852364028246,False,False,[0.5 0.1 0.3]
292.539272,98,262.651353,0.2254238425010325,True,False,[0.5 0.1 0.3]
407.239263,100,262.887265,0.34852328718180375,False,False,[0.5 0.1 0.3]
248.432146,100,263.584663,0.27139912218441065,True,False,[0.5 0.1 0.3]
397.069174,100,263.829757,0.20323176649668603,False,False,[0.5 0.1 0.3]
295.518185,100,264.162706,0.25970154632914766,True,False,[0.5 0.1 0.3]
403.238066,100,264.404291,0.12534179113768654,False,False,[0.5 0.1 0.3]
348.253576,100,264.635972,0.2151495256209712,False,False,[0.5 0.1 0.3]
445.222372,100,264.870214,0.1458946051784095,False,False,[0.5 0.1 0.3]
461.788131,100,265.191295,0.07891046251807149,False,False,[0.5 0.1 0.3]
343.711958,100,265.424811,0.17114715381403833,False,False,[0.5 0.1 0.3]
371.270214,100,265.660008,0.24726160528106927,False,False,[0.5 0.1 0.3]
370.625648,100,265.891736,0.23551922266902456,False,False,[0.5 0.1 0.3]
254.372064,100,266.130599,0.38144447097442313,False,False,[0.5 0.1 0.3]
404.06608,100,266.45708,0.1573397181205049,False,False,[0.5 0.1 0.3]
376.683822,100,266.683177,0.18376768228706344,False,False,[0.5 0.1 0.3]
435.546232,100,266.906739,0.19211573392469397,False,False,[0.5 0.1 0.3]
361.227296,100,267.226646,0.21518247998440843,False,False,[0.5 0.1 0.3]
440.056893,100,267.455319,0.11336983920345377,False,False,[0.5 0.1 0.3]
462.868819,100,267.690908,0.07101004249603501,False,False,[0.5 0.1 0.3]
321.720104,100,267.919128,0.26523608434709134,False,False,[0.5 0.1 0.3]
320.651357,87,268.226108,0.21195131411396087,True,False,[0.5 0.1 0.3]
431.971741,100,268.457873,0.2420833705540744,False,False,[0.5 0.1 0.3]
202.129423,71,268.65833,0.26245624323311967,True,False,[0.5 0.1 0.3]
458.33987,100,269.374747,0.19060271239864546,False,False,[0.5 0.1 0.3]
476.360989,100,269.598794,0.13883482808333936,False,False,[0.5 0.1 0.3]
300.248842,100,269.826442,0.2491278072145559,False,False,[0.5 0.1 0.3]
167.710759,59,270.018455,0.21144614483553814,True,False,[0.5 0.1 0.3]
382.66208,100,270.252304,0.18691081812304455,False,False,[0.5 0.1 0.3]
365.602164,100,270.485777,0.22505695226373743,False,False,[0.5 0.1 0.3]
455.038957,100,270.714169,0.16631994912524012,False,False,[0.5 0.1 0.3]
425.91888,100,270.944367,0.15913633794399437,False,False,[0.5 0.1 0.3]
360.075782,100,271.172262,0.20012103242204893,False,False,[0.5 0.1 0.3]
540.663982,100,271.400584,0.03357487502898988,False,False,[0.5 0.1 0.3]
470.869563,100,271.627536,0.18316267038890677,False,False,[0.5 0.1 0.3]
179.160353,81,271.840904,0.21848199074223576,True,False,[0.5 0.1 0.3]
55.553635,42,272.009249,0.29084200197299465,True,False,[0.5 0.1 0.3]
487.917385,100,272.254809,0.29103467405909206,False,False,[0.5 0.1 0.3]
493.819228,100,272.49068,0.16617385157755485,False,False,[0.5 0.1 0.3]
367.981126,100,272.756148,0.17059614288015645,False,False,[0.5 0.1 0.3]
144.411034,54,272.936568,0.22138956714684532,True,False,[0.5 0.1 0.3]
406.535167,100,273.170947,0.18720819386285348,False,False,[0.5 0.1 0.3]
458.050463,100,273.40731,0.0971958590813569,False,False,[0.5 0.1 0.3]
367.172798,100,273.629776,0.1945336464913559,False,False,[0.5 0.1 0.3]
350.650672,100,273.856741,0.3264876193186648,False,False,[0.5 0.1 0.3]
346.299265,100,274.093035,0.21794784749989543,False,False,[0.5 0.1 0.3]
376.415466,100,274.889351,0.28446410586200976,False,False,[0.5 0.1 0.3]
267.016544,100,275.111007,0.39612474560820193,False,False,[0.5 0.1 0.3]
373.975905,100,275.34086,0.21877780162471175,False,False,[0.5 0.1 0.3]
297.674793,100,275.565617,0.2327371478389501,False,False,[0.5 0.1 0.3]
388.141226,100,275.801535,0.2775729500794125,False,False,[0.5 0.1 0.3]
341.477211,100,276.121805,0.31742521877946817,False,False,[0.5 0.1 0.3]
444.982944,100,276.354367,0.14903212421692016,False,False,[0.5 0.1 0.3]
329.688687,100,276.585522,0.2610601832244959,False,False,[0.5 0.1 0.3]
261.486043,100,276.816728,0.308149445197667,False,False,[0.5 0.1 0.3]
458.860372,100,277.129166,0.19310635565179368,False,False,[0.5 0.1 0.3]
347.699514,100,277.377464,0.22254670174424643,False,False,[0.5 0.1 0.3]
321.026621,100,277.601119,0.2975910638635149,False,False,[0.5 0.1 0.3]
428.923119,100,277.842329,0.22051413394717373,False,False,[0.5 0.1 0.3]
424.416342,100,278.073044,0.22785818798134405,False,False,[0.5 0.1 0.3]
360.389185,100,278.310793,0.1438072229777475,False,False,[0.5 0.1 0.3]
433.05959,100,278.627161,0.211390200468725,False,False,[0.5 0.1 0.3]
362.407352,100,278.866856,0.24412205988193647,False,False,[0.5 0.1 0.3]
401.05062,100,279.095813,0.16788805732697507,False,False,[0.5 0.1 0.3]
487.563622,100,279.332875,0.09554301982979484,False,False,[0.5 0.1 0.3]
508.868986,100,279.567721,0.12090674430563221,False,False,[0.5 0.1 0.3]
465.165214,100,280.286497,0.13985513786634246,False,False,[0.5 0.1 0.3]
263.605583,100,280.524243,0.22718341165416894,False,False,[0.5 0.1 0.3]
449.760363,100,280.753646,0.08376317779893261,False,False,[0.5 0.1 0.3]
413.12183,100,280.985289,0.2057980702908748,False,False,[0.5 0.1 0.3]
518.151409,100,281.213138,0.08264841393802441,False,False,[0.5 0.1 0.3]
288.644542,100,281.453543,0.2941291621157644,False,False,[0.5 0.1 0.3]
511.139,100,281.675944,0.11287588764131892,False,False,[0.5 0.1 0.3]
310.862757,100,281.931379,0.36707784850051434,False,False,[0.5 0.1 0.3]
453.70446,100,282.163505,0.13774286918708528,False,False,[0.5 0.1 0.3]
359.638368,100,282.396622,0.15377591388311498,False,False,[0.5 0.1 0.3]
300.344812,100,282.627119,0.22887604562271094,False,False,[0.5 0.1 0.3]
465.535648,100,282.939274,0.13626656110513366,False,False,[0.5 0.1 0.3]
532.60371,100,283.172946,0.12436896563868821,False,False,[0.5 0.1 0.3]
429.350691,100,283.404567,0.05468817583021465,False,False,[0.5 0.1 0.3]
424.85528,100,283.645546,0.3195940182244402,False,False,[0.5 0.1 0.3]
374.504509,100,283.964892,0.2055010508552542,False,False,[0.5 0.1 0.3]
411.872353,100,284.198905,0.1812057798967497,False,False,[0.5 0.1 0.3]
185.468052,70,284.410872,0.24639782033573035,True,False,[0.5 0.1 0.3]
366.752245,100,284.633804,0.20232839709783892,False,False,[0.5 0.1 0.3]
410.93216,100,284.866446,0.18092800538185216,False,False,[0.5 0.1 0.3]
420.207555,100,285.089232,0.14790058786848803,False,False,[0.5 0.1 0.3]
210.944494,79,285.770362,0.27464068403947367,True,False,[0.5 0.1 0.3]
530.933289,100,286.091944,0.07506710211557913,False,False,[0.5 0.1 0.3]
353.738922,100,286.328078,0.2908220283478466,False,False,[0.5 0.1 0.3]
393.263429,100,286.58028,0.11658484251968407,False,False,[0.5 0.1 0.3]
439.734234,100,286.81164,0.1870679284744702,False,False,[0.5 0.1 0.3]
453.340322,100,287.130689,0.23895361355375394,False,False,[0.5 0.1 0.3]
300.205573,100,287.365122,0.15796392982372714,False,False,[0.5 0.1 0.3]
325.801763,100,287.604152,0.18897256145447938,False,False,[0.5 0.1 0.3]
365.931149,100,287.837106,0.2497915256270829,False,False,[0.5 0.1 0.3]
380.212014,100,288.066509,0.2971976588322825,False,False,[0.5 0.1 0.3]
327.688729,100,288.298204,0.27409863594797895,False,False,[0.5 0.1 0.3]
445.37527,100,288.533057,0.2068243112325909,False,False,[0.5 0.1 0.3]
257.363684,81,288.745636,0.23047109496045,True,False,[0.5 0.1 0.3]
434.303518,100,288.97403,0.23069049776822875,False,False,[0.5 0.1 0.3]
73.646614,54,289.161789,0.3027155075196567,True,False,[0.5 0.1 0.3]
324.331602,100,289.394224,0.27635666834136086,False,False,[0.5 0.1 0.3]
378.459224,100,289.713233,0.2131144643307991,False,False,[0.5 0.1 0.3]
450.578952,100,289.954739,0.10354736847366115,False,False,[0.5 0.1 0.3]
376.392454,100,290.184652,0.18251584097756188,False,False,[0.5 0.1 0.3]
460.270756,100,290.4207,0.09944784713451496,False,False,[0.5 0.1 0.3]
158.457865,76,290.646424,0.2721683434494617,True,False,[0.5 0.1 0.3]
401.636689,100,290.882628,0.22996341253189195,False,False,[0.5 0.1 0.3]
267.850656,100,291.576931,0.34867861119176413,False,False,[0.5 0.1 0.3]
487.597775,100,291.784405,0.072670698136861,False,False,[0.5 0.1 0.3]
362.831793,100,292.022705,0.25226797790437033,False,False,[0.5 0.1 0.3]
422.240545,100,292.255614,0.21267449556122678,False,False,[0.5 0.1 0.3]
455.920507,100,292.491197,0.1495800057974653,False,False,[0.5 0.1 0.3]
423.485862,100,292.718132,0.39157247008037127,False,False,[0.5 0.1 0.3]
402.707683,100,292.953705,0.347040221160834,False,False,[0.5 0.1 0.3]
413.202562,100,293.274321,0.08207875788498274,False,False,[0.5 0.1 0.3]
379.02555,100,293.503036,0.23454777437089402,False,False,[0.5 0.1 0.3]
372.362893,100,293.742903,0.16710610401016132,False,False,[0.5 0.1 0.3]
432.994311,100,293.977269,0.2180102102695793,False,False,[0.5 0.1 0.3]
380.442644,100,294.207542,0.19333147225506622,False,False,[0.5 0.1 0.3]
413.812999,100,294.440953,0.12417729832727338,False,False,[0.5 0.1 0.3]
427.405516,100,294.666559,0.11339756557862421,False,False,[0.5 0.1 0.3]
474.734985,100,294.89459,0.14764167653875757,False,False,[0.5 0.1 0.3]
420.558196,100,295.129973,0.15820691256190655,False,False,[0.5 0.1 0.3]
318.656053,100,295.353826,0.3903515354987032,False,False,[0.5 0.1 0.3]
412.508498,100,295.581778,0.25413643953945864,False,False,[0.5 0.1 0.3]
397.546618,100,295.817164,0.17342855231596493,False,False,[0.5 0.1 0.3]
275.853478,100,296.055938,0.39597102088538055,False,False,[0.5 0.1 0.3]
477.273505,100,296.764705,0.0963364805476411,False,False,[0.5 0.1 0.3]
374.87694,100,297.01241,0.32174592816342595,False,False,[0.5 0.1 0.3]
454.279742,100,297.246644,0.16355868405400995,False,False,[0.5 0.1 0.3]
441.564453,100,297.478327,0.12003737315892762,False,False,[0.5 0.1 0.3]
479.596683,100,297.708658,0.2504063938557127,False,False,[0.5 0.1 0.3]
486.451939,100,297.941442,0.20346418815236886,False,False,[0.5 0.1 0.3]
358.719645,100,298.170195,0.12067775272407166,False,False,[0.5 0.1 0.3]
742.387208,100,298.398953,0.18988699890406063,False,False,[0.5 0.1 0.3]
90.163563,43,298.573834,0.2549828657310731,True,False,[0.5 0.1 0.3]
395.176958,100,298.799946,0.26479240432894435,False,False,[0.5 0.1 0.3]
307.404388,100,299.030999,0.13618231188247953,False,False,[0.5 0.1 0.3]
351.957751,100,299.285992,0.21875305736934295,False,False,[0.5 0.1 0.3]
448.034659,100,299.511005,0.10830375471319857,False,False,[0.5 0.1 0.3]
439.293214,100,299.743883,0.15505572870395798,False,False,[0.5 0.1 0.3]
371.527744,100,299.97881,0.22180020004665438,False,False,[0.5 0.1 0.3]
498.314199,100,300.215576,0.10428145542028618,False,False,[0.5 0.1 0.3]
426.774547,100,300.445529,0.13805910380843228,False,False,[0.5 0.1 0.3]
410.091334,100,300.67879,0.20950546620924745,False,False,[0.5 0.1 0.3]
369.974379,100,300.913912,0.07701952273614945,False,False,[0.5 0.1 0.3]
410.572874,100,301.140494,0.2511998972408052,False,False,[0.5 0.1 0.3]
464.658383,100,301.471314,0.17811608510854554,False,False,[0.5 0.1 0.3]
370.12942,100,302.167447,0.2658500687305724,False,False,[0.5 0.1 0.3]
200.891925,91,302.393989,0.3053861671631311,True,False,[0.5 0.1 0.3]
380.685377,100,302.712572,0.17809889273926677,False,False,[0.5 0.1 0.3]
485.080467,100,302.940463,0.15087600681783214,False,False,[0.5 0.1 0.3]
350.813021,100,303.257529,0.10347734433559386,False,False,[0.5 0.1 0.3]
393.452901,100,303.495207,0.15698270021501465,False,False,[0.5 0.1 0.3]
428.769002,100,303.74667,0.1677335257094448,False,False,[0.5 0.1 0.3]
343.437211,100,303.977079,0.36570581125206486,False,False,[0.5 0.1 0.3]
291.876926,100,304.209805,0.3602864231010517,False,False,[0.5 0.1 0.3]
451.044536,100,304.52266,0.17671411983485502,False,False,[0.5 0.1 0.3]
368.024893,100,304.751483,0.26727066150745754,False,False,[0.5 0.1 0.3]
305.205052,100,305.075933,0.39344051805057034,False,False,[0.5 0.1 0.3]
320.553078,100,305.307301,0.2891060310585051,False,False,[0.5 0.1 0.3]
526.622754,100,305.549081,0.09848757474426073,False,False,[0.5 0.1 0.3]
427.244712,100,305.780528,0.1447895622199887,False,False,[0.5 0.1 0.3]
489.680399,100,306.020438,0.1288829107271473,False,False,[0.5 0.1 0.3]
375.809062,100,306.250172,0.2083723810719961,False,False,[0.5 0.1 0.3]
412.327527,100,306.480891,0.09505629794891018,False,False,[0.5 0.1 0.3]
362.082043,100,306.723054,0.1956245671879081,False,False,[0.5 0.1 0.3]
544.90313,100,307.043975,0.0686366918924874,False,False,[0.5 0.1 0.3]
259.223892,79,307.246839,0.2050559508140738,True,False,[0.5 0.1 0.3]
408.625669,100,307.943321,0.24485996972361204,False,False,[0.5 0.1 0.3]
311.519527,100,308.207294,0.3575962179881155,False,False,[0.5 0.1 0.3]
448.888115,100,308.437063,0.1889094948035383,False,False,[0.5 0.1 0.3]
477.265178,100,308.676871,0.13774171563391938,False,False,[0.5 0.1 0.3]
340.180988,100,308.917847,0.19115567366792469,False,False,[0.5 0.1 0.3]
375.746858,100,309.151912,0.27280673851708914,False,False,[0.5 0.1 0.3]
331.406808,100,309.388541,0.16896496091914984,False,False,[0.5 0.1 0.3]
472.420439,100,309.614813,0.09740771699212568,False,False,[0.5 0.1 0.3]
276.999383,100,309.849967,0.3321234844444808,False,False,[0.5 0.1 0.3]
398.649588,100,310.085985,0.34792264384549143,False,False,[0.5 0.1 0.3]
242.867386,85,310.303101,0.22039110946207843,True,False,[0.5 0.1 0.3]
210.287243,78,310.511711,0.224489225507388,True,False,[0.5 0.1 0.3]
494.714394,100,310.743643,0.12519637620602256,False,False,[0.5 0.1 0.3]
375.268135,97,310.972332,0.2614301422836719,True,False,[0.5 0.1 0.3]
522.168318,100,311.203028,0.1575554201462706,False,False,[0.5 0.1 0.3]
443.217384,100,311.519325,0.17293298629585824,False,False,[0.5 0.1 0.3]
394.582346,100,311.75652,0.12611186461668306,False,False,[0.5 0.1 0.3]
411.500417,100,311.983175,0.16127528747070413,False,False,[0.5 0.1 0.3]
436.197268,100,312.311242,0.1730400089467009,False,False,[0.5 0.1 0.3]
383.720509,100,312.62762,0.2123115863746086,False,False,[0.5 0.1 0.3]
382.65658,100,312.858571,0.22334446270281721,False,False,[0.5 0.1 0.3]
364.339256,100,313.639821,0.2703808465970759,False,False,[0.5 0.1 0.3]
369.013877,100,313.868492,0.23348623921708517,False,False,[0.5 0.1 0.3]
337.277522,100,314.103501,0.25573173877223393,False,False,[0.5 0.1 0.3]
54.707733,43,314.275944,0.22600124010000372,True,False,[0.5 0.1 0.3]
443.597654,100,314.510708,0.11779785122934176,False,False,[0.5 0.1 0.3]
130.798404,54,314.690742,0.2257192981524889,True,False,[0.5 0.1 0.3]
445.900346,100,314.916097,0.23749096292899083,False,False,[0.5 0.1 0.3]
520.599332,100,315.142908,0.09264181002044956,False,False,[0.5 0.1 0.3]
408.367472,100,315.382577,0.24404681872953893,False,False,[0.5 0.1 0.3]
338.375659,100,315.626245,0.46773387610621414,False,False,[0.5 0.1 0.3]
431.161215,100,315.854511,0.14564871630069998,False,False,[0.5 0.1 0.3]
326.299268,100,316.09332,0.23705339788902915,False,False,[0.5 0.1 0.3]
301.799199,100,316.33025,0.3042580141245328,False,False,[0.5 0.1 0.3]
381.441572,100,316.588356,0.3609147011163146,False,False,[0.5 0.1 0.3]
380.452632,100,316.826696,0.1857845052425439,False,False,[0.5 0.1 0.3]
430.471404,100,317.067538,0.08677070153546658,False,False,[0.5 0.1 0.3]
386.603434,100,317.29465,0.18324531090636717,False,False,[0.5 0.1 0.3]
460.213039,100,317.532893,0.1273940673877599,False,False,[0.5 0.1 0.3]
464.507273,100,317.870951,0.10522538108913156,False,False,[0.5 0.1 0.3]
440.26099,100,318.102562,0.06891716460657452,False,False,[0.5 0.1 0.3]
326.186081,100,318.343794,0.4332798611660099,False,False,[0.5 0.1 0.3]
50.391369,42,318.610795,0.29930397508889023,True,False,[0.5 0.1 0.3]
452.346444,100,319.316291,0.1485215582769968,False,False,[0.5 0.1 0.3]
441.785218,100,319.541912,0.12516482059755307,False,False,[0.5 0.1 0.3]
402.697536,100,319.862848,0.09915648225856484,False,False,[0.5 0.1 0.3]
358.111248,100,320.090487,0.28048578192169377,False,False,[0.5 0.1 0.3]
384.274949,100,320.31663,0.2552673243945604,False,False,[0.5 0.1 0.3]
273.997799,100,320.542276,0.27172846440636533,False,False,[0.5 0.1 0.3]
434.399842,100,320.76524,0.2055421085599028,False,False,[0.5 0.1 0.3]
461.424429,100,321.017647,0.2568741946548587,False,False,[0.5 0.1 0.3]
280.866238,100,321.243349,0.3483365471951379,False,False,[0.5 0.1 0.3]
367.011568,100,321.476272,0.23346243878387446,False,False,[0.5 0.1 0.3]
433.659042,100,321.702451,0.13735632677150228,False,False,[0.5 0.1 0.3]
484.680374,100,321.921587,0.11093737363592593,False,False,[0.5 0.1 0.3]
68.154024,45,322.09472,0.2829289549122221,True,False,[0.5 0.1 0.3]
409.128307,100,322.320153,0.26290118952032226,False,False,[0.5 0.1 0.3]
499.827646,100,322.641332,0.22832745031109106,False,False,[0.5 0.1 0.3]
356.657544,100,322.886905,0.31533814593069304,False,False,[0.5 0.1 0.3]
354.996686,100,323.203509,0.3124077708450319,False,False,[0.5 0.1 0.3]
517.449785,100,323.43404,0.1750813912150309,False,False,[0.5 0.1 0.3]
358.347497,100,323.666548,0.2947583202480597,False,False,[0.5 0.1 0.3]
539.114312,100,323.97907,0.14639861636339044,False,False,[0.5 0.1 0.3]
356.33067,100,324.209927,0.18730429486425543,False,False,[0.5 0.1 0.3]
363.648315,100,324.916603,0.12087124045842541,False,False,[0.5 0.1 0.3]
122.750494,52,325.091227,0.22170995633243817,True,False,[0.5 0.1 0.3]
461.873964,100,325.34813,0.17736919973727905,False,False,[0.5 0.1 0.3]
377.715001,100,325.575708,0.17755115818973286,False,False,[0.5 0.1 0.3]
358.306317,100,325.89453,0.12211101162574978,False,False,[0.5 0.1 0.3]
375.880445,100,326.14022,0.2711302872256031,False,False,[0.5 0.1 0.3]
215.999829,93,326.359527,0.2553800576478499,True,False,[0.5 0.1 0.3]
365.591674,100,326.587588,0.1820354005761267,False,False,[0.5 0.1 0.3]
315.386347,100,326.816114,0.2732353101028606,False,False,[0.5 0.1 0.3]
348.685954,100,327.058896,0.2889356666845091,False,False,[0.5 0.1 0.3]
448.766317,100,327.291003,0.11997211291172982,False,False,[0.5 0.1 0.3]
324.109491,100,327.521942,0.14295048747434622,False,False,[0.5 0.1 0.3]
483.605697,100,327.764941,0.07345848929911385,False,False,[0.5 0.1 0.3]
399.143257,100,327.994855,0.27733771245299815,False,False,[0.5 0.1 0.3]
307.004741,100,328.226924,0.2889669409223876,False,False,[0.5 0.1 0.3]
86.326852,47,328.40372,0.22902831512601698,True,False,[0.5 0.1 0.3]
156.339374,53,328.592385,0.20650872996641614,True,False,[0.5 0.1 0.3]
351.023452,100,328.817405,0.26375375036980914,False,False,[0.5 0.1 0.3]
543.534398,100,329.067053,0.17560716863879125,False,False,[0.5 0.1 0.3]
337.78894,100,329.300861,0.325319221443245,False,False,[0.5 0.1 0.3]
157.959599,56,329.482939,0.22878479345300531,True,False,[0.5 0.1 0.3]
334.305947,100,329.717899,0.34376499460452664,False,False,[0.5 0.1 0.3]
482.884946,100,330.424485,0.06808431473661558,False,False,[0.5 0.1 0.3]
228.627543,71,330.630488,0.2298518947195615,True,False,[0.5 0.1 0.3]
301.616309,100,330.868037,0.2861395565810727,False,False,[0.5 0.1 0.3]
342.22817,100,331.099231,0.21258200969799299,False,False,[0.5 0.1 0.3]
479.425248,100,331.329436,0.1077001816459876,False,False,[0.5 0.1 0.3]
405.786266,100,331.556861,0.23330453779306878,False,False,[0.5 0.1 0.3]
379.544724,100,331.787809,0.26331563712812034,False,False,[0.5 0.1 0.3]
364.007335,100,332.016092,0.20996817784540564,False,False,[0.5 0.1 0.3]
415.840129,100,332.246454,0.31437525934781213,False,False,[0.5 0.1 0.3]
444.96681,100,332.486372,0.23211519374486536,False,False,[0.5 0.1 0.3]
506.135898,100,332.805838,0.12584767201183097,False,False,[0.5 0.1 0.3]
478.612287,100,333.051923,0.15586121101832148,False,False,[0.5 0.1 0.3]
304.321742,100,333.308935,0.3550024875285231,False,False,[0.5 0.1 0.3]
464.344135,100,333.62934,0.07116626619951416,False,False,[0.5 0.1 0.3]
386.24192,100,333.848267,0.21675559557981502,False,False,[0.5 0.1 0.3]
459.116668,100,334.171216,0.08027779962704369,False,False,[0.5 0.1 0.3]
131.326989,55,334.350839,0.2460542390639111,True,False,[0.5 0.1 0.3]
453.519579,100,334.677509,0.17598484070867343,False,False,[0.5 0.1 0.3]
385.255011,100,334.903417,0.22541959748287557,False,False,[0.5 0.1 0.3]
352.791338,100,335.143476,0.2661556654796831,False,False,[0.5 0.1 0.3]
397.193356,100,335.37596,0.259594406490858,False,False,[0.5 0.1 0.3]
448.77145,100,335.617298,0.13161957628377816,False,False,[0.5 0.1 0.3]
427.140475,100,336.318143,0.19522796142317464,False,False,[0.5 0.1 0.3]
382.170851,100,336.646996,0.147680928946566,False,False,[0.5 0.1 0.3]
364.705706,100,336.881506,0.17017134754346172,False,False,[0.5 0.1 0.3]
498.545771,100,337.119993,0.06723905770476506,False,False,[0.5 0.1 0.3]
138.349225,64,337.313761,0.28750332278285873,True,False,[0.5 0.1 0.3]
309.796472,100,337.635561,0.2642839090386534,False,False,[0.5 0.1 0.3]
350.581383,100,337.892405,0.22313800046784185,False,False,[0.5 0.1 0.3]
383.939599,100,338.123855,0.22327238458672855,False,False,[0.5 0.1 0.3]
378.251409,100,338.354223,0.18147005270555921,False,False,[0.5 0.1 0.3]
507.515497,100,338.594248,0.05039541463284207,False,False,[0.5 0.1 0.3]
360.067302,100,338.846086,0.3330828543449898,False,False,[0.5 0.1 0.3]
417.513711,100,339.180588,0.188008408112176,False,False,[0.5 0.1 0.3]
385.175581,100,339.410221,0.1823145687839754,False,False,[0.5 0.1 0.3]
399.057046,100,339.642491,0.1466369771529522,False,False,[0.5 0.1 0.3]
350.605146,100,339.882532,0.27136356232777686,False,False,[0.5 0.1 0.3]
338.766333,100,340.11666,0.19303229413613116,False,False,[0.5 0.1 0.3]
415.36436,100,340.345432,0.2997053917290258,False,False,[0.5 0.1 0.3]
422.057112,100,340.567803,0.1426610522477537,False,False,[0.5 0.1 0.3]
260.726988,100,340.812075,0.2928535997032803,False,False,[0.5 0.1 0.3]
369.171308,100,341.048435,0.1421717554065757,False,False,[0.5 0.1 0.3]
345.797948,100,341.75446,0.19739766675899728,False,False,[0.5 0.1 0.3]
426.068869,100,342.020466,0.3501437085816561,False,False,[0.5 0.1 0.3]
370.158727,100,342.251997,0.3639693691447987,False,False,[0.5 0.1 0.3]
335.877012,100,342.487726,0.20049169544671208,False,False,[0.5 0.1 0.3]
280.961351,100,342.736056,0.44371893212443425,False,False,[0.5 0.1 0.3]
439.289668,100,342.970829,0.1277744522074811,False,False,[0.5 0.1 0.3]
357.132315,100,343.291497,0.3543913343733994,False,False,[0.5 0.1 0.3]
372.46671,100,343.526955,0.21849269682513783,False,False,[0.5 0.1 0.3]
471.919077,100,343.851847,0.11214793964687494,False,False,[0.5 0.1 0.3]
419.46776,100,344.090247,0.13403141933464496,False,False,[0.5 0.1 0.3]
361.359882,100,344.326331,0.23945695839556563,False,False,[0.5 0.1 0.3]
238.06675,100,344.560974,0.3206629128407848,False,False,[0.5 0.1 0.3]
425.102712,100,344.79212,0.30778792887293127,False,False,[0.5 0.1 0.3]
376.423374,100,345.024731,0.22838088665894726,False,False,[0.5 0.1 0.3]
350.057836,100,345.270143,0.27540418323414156,False,False,[0.5 0.1 0.3]
335.476636,100,345.591575,0.3368288017997997,False,False,[0.5 0.1 0.3]
469.151554,100,345.910768,0.16409801746119373,False,False,[0.5 0.1 0.3]
482.587033,100,346.136169,0.12637210940262236,False,False,[0.5 0.1 0.3]
365.124142,100,346.365198,0.24190673002320617,False,False,[0.5 0.1 0.3]
359.845254,100,346.589198,0.24249263503434265,False,False,[0.5 0.1 0.3]
262.676863,100,346.820343,0.49337669260442,False,False,[0.5 0.1 0.3]
403.505964,100,347.537531,0.2512334230115472,False,False,[0.5 0.1 0.3]
471.038352,100,347.857932,0.17486100985902042,False,False,[0.5 0.1 0.3]
241.027876,74,348.065282,0.22451493660051974,True,False,[0.5 0.1 0.3]
495.318962,100,348.299276,0.14958535728065747,False,False,[0.5 0.1 0.3]
510.174775,100,348.633891,0.09545872393993783,False,False,[0.5 0.1 0.3]
341.181785,100,348.902118,0.3148046997867107,False,False,[0.5 0.1 0.3]
439.678192,100,349.131988,0.18392669483774018,False,False,[0.5 0.1 0.3]
172.911904,81,349.398872,0.32258690086664915,True,False,[0.5 0.1 0.3]
386.293272,100,349.622676,0.15707289295876206,False,False,[0.5 0.1 0.3]
383.48068,100,349.867686,0.28060500476275985,False,False,[0.5 0.1 0.3]
394.458985,100,350.093076,0.20524188626007714,False,False,[0.5 0.1 0.3]
413.046657,100,350.333113,0.15324808368390672,False,False,[0.5 0.1 0.3]
188.668444,76,350.545216,0.2512866358921275,True,False,[0.5 0.1 0.3]
71.858755,52,350.719018,0.2977301288805477,True,False,[0.5 0.1 0.3]
447.85617,100,351.041205,0.19069883998685894,False,False,[0.5 0.1 0.3]
442.818373,100,351.289684,0.11983224430520698,False,False,[0.5 0.1 0.3]
438.00604,100,351.608336,0.20093074533010052,False,False,[0.5 0.1 0.3]
321.71943,100,351.835135,0.4086225272699565,False,False,[0.5 0.1 0.3]
449.35468,100,352.070176,0.1461191670431793,False,False,[0.5 0.1 0.3]
285.552253,100,352.306418,0.4329362637989953,False,False,[0.5 0.1 0.3]
487.244602,100,352.611482,0.03263368822365775,False,False,[0.5 0.1 0.3]
491.02428,100,353.314332,0.14059600897562782,False,False,[0.5 0.1 0.3]
378.462719,100,353.529033,0.1620425075639375,False,False,[0.5 0.1 0.3]
448.371689,100,353.7458,0.22263403387753888,False,False,[0.5 0.1 0.3]
446.663557,100,353.958396,0.09211583795552514,False,False,[0.5 0.1 0.3]
312.068458,100,354.170834,0.13232981028163548,False,False,[0.5 0.1 0.3]
380.583696,100,354.386775,0.28116803236654675,False,False,[0.5 0.1 0.3]
372.246379,100,354.603952,0.15322463725304553,False,False,[0.5 0.1 0.3]
408.946938,100,354.8217,0.1928094719056801,False,False,[0.5 0.1 0.3]
382.866612,100,355.035536,0.16033636137286397,False,False,[0.5 0.1 0.3]
406.611449,100,355.257735,0.21443838494257436,False,False,[0.5 0.1 0.3]
404.867197,100,355.48079,0.10981364047554365,False,False,[0.5 0.1 0.3]
438.004213,100,355.70693,0.09833128961766195,False,False,[0.5 0.1 0.3]
428.959966,100,355.940766,0.16536897675890333,False,False,[0.5 0.1 0.3]
375.118949,100,356.165054,0.2727929037439822,False,False,[0.5 0.1 0.3]
522.981369,100,356.380141,0.07364238001737244,False,False,[0.5 0.1 0.3]
257.454827,100,356.598148,0.3448294434818198,False,False,[0.5 0.1 0.3]
395.853129,100,356.845157,0.33080560656705604,False,False,[0.5 0.1 0.3]
459.485037,100,357.072111,0.10322071257372496,False,False,[0.5 0.1 0.3]
443.397875,100,357.291264,0.12472167876094954,False,False,[0.5 0.1 0.3]
344.984146,100,357.513682,0.13776017377403046,False,False,[0.5 0.1 0.3]
553.18367,100,357.722459,0.06994212242101666,False,False,[0.5 0.1 0.3]
359.818067,100,358.389855,0.1901666813144009,False,False,[0.5 0.1 0.3]
467.365245,100,358.599109,0.1156073593372373,False,False,[0.5 0.1 0.3]
364.346637,100,358.807139,0.26834571829380693,False,False,[0.5 0.1 0.3]
463.711656,100,359.019598,0.09182739619220225,False,False,[0.5 0.1 0.3]
494.06343,100,359.243658,0.09614315041853679,False,False,[0.5 0.1 0.3]
468.377235,100,359.463129,0.16520692604892306,False,False,[0.5 0.1 0.3]
444.980774,100,359.686615,0.12114570622207976,False,False,[0.5 0.1 0.3]
395.21968,100,359.906377,0.23624169542463944,False,False,[0.5 0.1 0.3]
479.998134,100,360.119454,0.16522472979662797,False,False,[0.5 0.1 0.3]
527.861655,100,360.333914,0.15019015461248927,False,False,[0.5 0.1 0.3]
462.578092,100,360.549681,0.153326770318247,False,False,[0.5 0.1 0.3]
393.19048,100,360.794648,0.22648775543413432,False,False,[0.5 0.1 0.3]
320.307166,100,361.020492,0.3535910532695502,False,False,[0.5 0.1 0.3]
475.181508,100,361.236301,0.0941898533955579,False,False,[0.5 0.1 0.3]
441.637663,100,361.461546,0.1156331662546254,False,False,[0.5 0.1 0.3]
506.95697,100,361.679007,0.1342168351936501,False,False,[0.5 0.1 0.3]
397.108317,100,361.98654,0.246192950816394,False,False,[0.5 0.1 0.3]
523.581955,100,362.209764,0.18380442269730457,False,False,[0.5 0.1 0.3]
502.686639,100,362.429699,0.153610367346637,False,False,[0.5 0.1 0.3]
531.757796,100,362.643912,0.10622475182090821,False,False,[0.5 0.1 0.3]
699.815533,100,363.338742,0.19255660876548356,False,False,[0.5 0.1 0.3]
427.369959,100,363.561275,0.09557651207332361,False,False,[0.5 0.1 0.3]
435.407098,100,363.777296,0.09949490340442102,False,False,[0.5 0.1 0.3]
528.895406,100,364.084634,0.0842873811552978,False,False,[0.5 0.1 0.3]
362.67794,100,364.304457,0.25576431965352636,False,False,[0.5 0.1 0.3]
522.792268,100,364.520317,0.018085701327207843,False,False,[0.5 0.1 0.3]
528.949392,100,364.734089,0.16001229077676982,False,False,[0.5 0.1 0.3]
317.963029,99,364.959504,0.27304945499884886,True,False,[0.5 0.1 0.3]
505.765299,100,365.269866,0.1663757212692876,False,False,[0.5 0.1 0.3]
441.593616,100,365.498023,0.08540661706028516,False,False,[0.5 0.1 0.3]
494.283488,100,365.709875,0.11429968594361017,False,False,[0.5 0.1 0.3]
366.790821,100,366.026032,0.31466662407209633,False,False,[0.5 0.1 0.3]
405.264085,100,366.259212,0.1727868298217499,False,False,[0.5 0.1 0.3]
495.668103,100,366.477713,0.10389940096196011,False,False,[0.5 0.1 0.3]
498.437838,100,366.692649,0.10282631313595063,False,False,[0.5 0.1 0.3]
215.691802,73,366.885299,0.2558313685521613,True,False,[0.5 0.1 0.3]
376.890525,100,367.104603,0.26233484361729664,False,False,[0.5 0.1 0.3]
529.861291,100,367.320972,0.035249832704364784,False,False,[0.5 0.1 0.3]
340.845068,100,367.546527,0.28215472905491235,False,False,[0.5 0.1 0.3]
408.916875,100,367.758423,0.2769702878523932,False,False,[0.5 0.1 0.3]
329.027354,100,368.007346,0.2722131933822614,False,False,[0.5 0.1 0.3]
422.470333,100,368.69026,0.1658270958111131,False,False,[0.5 0.1 0.3]
253.034399,78,368.888583,0.2090986741526525,True,False,[0.5 0.1 0.3]
293.104315,100,369.105657,0.36285828826095723,False,False,[0.5 0.1 0.3]
456.174605,100,369.320146,0.1539623889674283,False,False,[0.5 0.1 0.3]
467.516161,100,369.546237,0.08314713191552481,False,False,[0.5 0.1 0.3]
428.535806,100,369.759917,0.08067235119400266,False,False,[0.5 0.1 0.3]
589.393992,100,369.972465,0.04979474143372318,False,False,[0.5 0.1 0.3]
367.594935,100,370.188465,0.22006048566926004,False,False,[0.5 0.1 0.3]
377.153463,100,370.403456,0.2116003105918089,False,False,[0.5 0.1 0.3]
380.356868,100,370.62925,0.22435613484617434,False,False,[0.5 0.1 0.3]
519.515354,100,370.93079,0.12063327379397493,False,False,[0.5 0.1 0.3]
362.079182,100,371.150632,0.22729325997016042,False,False,[0.5 0.1 0.3]
424.481939,100,371.370462,0.08541905370251256,False,False,[0.5 0.1 0.3]
482.991593,100,371.588926,0.07279695597730497,False,False,[0.5 0.1 0.3]
336.181738,100,371.808162,0.3075899177195327,False,False,[0.5 0.1 0.3]
324.50895,100,372.038622,0.24353301223234752,False,False,[0.5 0.1 0.3]
369.077315,100,372.260362,0.35521430135588855,False,False,[0.5 0.1 0.3]
463.903016,100,372.476202,0.08381262278579454,False,False,[0.5 0.1 0.3]
351.393388,100,372.696212,0.31021008384911775,False,False,[0.5 0.1 0.3]
412.850632,100,372.906605,0.1545019872086734,False,False,[0.5 0.1 0.3]
410.506994,100,373.123273,0.10261298095729501,False,False,[0.5 0.1 0.3]
350.084758,100,373.807731,0.2728852905575061,False,False,[0.5 0.1 0.3]
476.046303,100,374.026131,0.15336710272955587,False,False,[0.5 0.1 0.3]
334.287306,100,374.243725,0.2268674082871911,False,False,[0.5 0.1 0.3]
508.246664,100,374.459998,0.11010254453547651,False,False,[0.5 0.1 0.3]
418.221002,100,374.677744,0.22378340788347292,False,False,[0.5 0.1 0.3]
460.155367,100,374.89479,0.16602224359630627,False,False,[0.5 0.1 0.3]
403.935858,100,375.118912,0.23124538117985097,False,False,[0.5 0.1 0.3]
495.072359,100,375.331628,0.1433739758052328,False,False,[0.5 0.1 0.3]
496.136748,100,375.545741,0.09568325309149323,False,False,[0.5 0.1 0.3]
147.241489,50,375.708845,0.2474427817202288,True,False,[0.5 0.1 0.3]
458.76017,100,375.94954,0.1900972515026596,False,False,[0.5 0.1 0.3]
399.912237,100,376.170153,0.22895982779289156,False,False,[0.5 0.1 0.3]
444.942143,100,376.379129,0.16930088416834982,False,False,[0.5 0.1 0.3]
208.83891,79,376.575921,0.2679721856556476,True,False,[0.5 0.1 0.3]
456.532097,100,376.786852,0.1377428217724285,False,False,[0.5 0.1 0.3]
497.226165,100,376.998164,0.08145899041830222,False,False,[0.5 0.1 0.3]
263.726778,88,377.214685,0.23930912243617028,True,False,[0.5 0.1 0.3]
473.756132,100,377.428136,0.16719422215499022,False,False,[0.5 0.1 0.3]
360.685361,100,377.652458,0.3007364196644097,False,False,[0.5 0.1 0.3]
339.836247,100,377.86826,0.21284786600256514,False,False,[0.5 0.1 0.3]
438.566798,100,378.082654,0.1396584920236463,False,False,[0.5 0.1 0.3]
353.941704,100,378.765984,0.2403866673798546,False,False,[0.5 0.1 0.3]
229.380834,84,378.969134,0.2434591944993446,True,False,[0.5 0.1 0.3]
391.372924,100,379.195692,0.24208148117064193,False,False,[0.5 0.1 0.3]
534.138156,100,379.418509,0.1534039191867983,False,False,[0.5 0.1 0.3]
463.550656,100,379.662467,0.2007903056515319,False,False,[0.5 0.1 0.3]
256.943472,86,379.872638,0.33006801575973777,True,False,[0.5 0.1 0.3]
368.80099,100,380.08816,0.2986242873451443,False,False,[0.5 0.1 0.3]
467.21217,100,380.30554,0.2002220699456962,False,False,[0.5 0.1 0.3]
450.101088,100,380.522496,0.11018261324373449,False,False,[0.5 0.1 0.3]
223.342599,72,380.709954,0.35250844977331924,True,False,[0.5 0.1 0.3]
430.526413,100,381.026102,0.16473367872678532,False,False,[0.5 0.1 0.3]
441.378291,100,381.259082,0.14324395436139636,False,False,[0.5 0.1 0.3]
323.428715,100,381.475707,0.32193675463481014,False,False,[0.5 0.1 0.3]
265.932637,100,381.702104,0.32587566850369626,False,False,[0.5 0.1 0.3]
475.14246,100,381.916181,0.11967326676795528,False,False,[0.5 0.1 0.3]
200.076061,65,382.100875,0.2224247046125528,True,False,[0.5 0.1 0.3]
342.108251,100,382.316582,0.20109331822780033,False,False,[0.5 0.1 0.3]
358.958252,100,382.527704,0.3355202012476568,False,False,[0.5 0.1 0.3]
453.14808,100,382.738311,0.15518263076861077,False,False,[0.5 0.1 0.3]
499.629005,100,382.967529,0.18368771875085854,False,False,[0.5 0.1 0.3]
285.956379,95,383.283427,0.3061440275520201,True,False,[0.5 0.1 0.3]
467.195314,100,383.588787,0.1221831973732814,False,False,[0.5 0.1 0.3]
400.08912,100,384.261476,0.27912565940478246,False,False,[0.5 0.1 0.3]
350.315948,100,384.484185,0.17991525954490442,False,False,[0.5 0.1 0.3]
488.421528,100,384.697129,0.21113503539340928,False,False,[0.5 0.1 0.3]
366.817248,100,384.916576,0.31794793040079233,False,False,[0.5 0.1 0.3]
356.501899,100,385.227983,0.1903123663323393,False,False,[0.5 0.1 0.3]
352.189771,100,385.447659,0.22056311623383576,False,False,[0.5 0.1 0.3]
332.697802,100,385.662216,0.2901322576575229,False,False,[0.5 0.1 0.3]
428.24507,100,385.885299,0.17050884365116686,False,False,[0.5 0.1 0.3]
480.32613,100,386.188667,0.10874673653978342,False,False,[0.5 0.1 0.3]
437.737086,100,386.397115,0.11369967907366633,False,False,[0.5 0.1 0.3]
460.192431,100,386.60629,0.16833868618878126,False,False,[0.5 0.1 0.3]
381.639798,100,386.851642,0.12058900534742381,False,False,[0.5 0.1 0.3]
470.187267,100,387.066498,0.19351449039085566,False,False,[0.5 0.1 0.3]
365.709911,100,387.29564,0.29692019010476467,False,False,[0.5 0.1 0.3]
341.027466,100,387.508149,0.1919525083048715,False,False,[0.5 0.1 0.3]
406.85892,100,387.731313,0.16111536336217125,False,False,[0.5 0.1 0.3]
484.358979,100,387.949851,0.14517484404286501,False,False,[0.5 0.1 0.3]
374.269893,100,388.164538,0.12062197907370371,False,False,[0.5 0.1 0.3]
404.822401,100,388.385288,0.1920354399005603,False,False,[0.5 0.1 0.3]
414.364444,100,388.603549,0.1668978091228991,False,False,[0.5 0.1 0.3]
374.167708,100,389.292354,0.20314395028375284,False,False,[0.5 0.1 0.3]
483.578885,100,389.596779,0.35878066438535877,False,False,[0.5 0.1 0.3]
359.325615,100,389.818018,0.2210229398446934,False,False,[0.5 0.1 0.3]
414.205582,100,390.031714,0.1777774919340783,False,False,[0.5 0.1 0.3]
456.981853,100,390.2531,0.19099931184264105,False,False,[0.5 0.1 0.3]
485.737934,100,390.466677,0.154213075239583,False,False,[0.5 0.1 0.3]
559.758061,100,390.681019,0.13957115808240542,False,False,[0.5 0.1 0.3]
475.643618,100,390.890536,0.18769852825586147,False,False,[0.5 0.1 0.3]
421.801403,100,391.113125,0.21815127708279744,False,False,[0.5 0.1 0.3]
341.420719,100,391.340839,0.2404106370992684,False,False,[0.5 0.1 0.3]
435.551757,100,391.562029,0.3114662040133974,False,False,[0.5 0.1 0.3]
418.445112,100,391.782345,0.16032393660985778,False,False,[0.5 0.1 0.3]
420.799356,100,392.089419,0.20389233397956863,False,False,[0.5 0.1 0.3]
400.237368,100,392.308388,0.22813168156865324,False,False,[0.5 0.1 0.3]
379.791545,100,392.526404,0.16325907650518165,False,False,[0.5 0.1 0.3]
404.596716,100,392.749808,0.14808543948026998,False,False,[0.5 0.1 0.3]
375.498065,100,392.969254,0.22481702265902656,False,False,[0.5 0.1 0.3]
374.115128,100,393.188424,0.2753819257774076,False,False,[0.5 0.1 0.3]
410.298046,100,393.488013,0.13180685077540544,False,False,[0.5 0.1 0.3]
446.99243,100,393.703984,0.15031356374280985,False,False,[0.5 0.1 0.3]
289.125889,86,394.024042,0.20630229996414062,True,False,[0.5 0.1 0.3]
356.929533,100,394.699146,0.2119472477054569,False,False,[0.5 0.1 0.3]
438.424516,100,394.918922,0.23022297210365852,False,False,[0.5 0.1 0.3]
369.977544,100,395.132738,0.2146906721196711,False,False,[0.5 0.1 0.3]
417.592158,100,395.347998,0.12725318230597754,False,False,[0.5 0.1 0.3]
495.380351,100,395.65295,0.1328242833117403,False,False,[0.5 0.1 0.3]
372.796176,100,395.873097,0.2033795975773272,False,False,[0.5 0.1 0.3]
432.209882,100,396.084893,0.10751793785604961,False,False,[0.5 0.1 0.3]
381.2481,100,396.308679,0.23954265538092082,False,False,[0.5 0.1 0.3]
461.843315,100,396.616338,0.11013396882391509,False,False,[0.5 0.1 0.3]
549.575759,100,396.826024,0.18343698899150324,False,False,[0.5 0.1 0.3]
299.232218,98,397.038268,0.31709037335213763,True,False,[0.5 0.1 0.3]
474.753225,100,397.348919,0.08748673561466722,False,False,[0.5 0.1 0.3]
514.954831,100,397.566543,0.1865334274355384,False,False,[0.5 0.1 0.3]
187.92136,100,397.783282,0.5332089694249814,False,False,[0.5 0.1 0.3]
357.613201,100,398.023817,0.19332532511481682,False,False,[0.5 0.1 0.3]
412.819896,100,398.244405,0.25811026665318965,False,False,[0.5 0.1 0.3]
405.64695,100,398.462145,0.20811742423453355,False,False,[0.5 0.1 0.3]
384.231905,100,398.674404,0.20322370223928352,False,False,[0.5 0.1 0.3]
429.615146,100,398.889096,0.16483779810875987,False,False,[0.5 0.1 0.3]
419.554716,100,399.106603,0.22543803204768215,False,False,[0.5 0.1 0.3]
342.86874,100,399.786095,0.2730929738196534,False,False,[0.5 0.1 0.3]
450.165811,100,399.996637,0.15829131769704538,False,False,[0.5 0.1 0.3]
250.516415,76,400.188974,0.23473143056589788,True,False,[0.5 0.1 0.3]
449.920521,100,400.399094,0.16177409308534155,False,False,[0.5 0.1 0.3]
550.7832,100,400.614359,0.13209289615920478,False,False,[0.5 0.1 0.3]
417.53105,100,400.828246,0.13095202072215537,False,False,[0.5 0.1 0.3]
434.882588,100,401.045801,0.29856565337553886,False,False,[0.5 0.1 0.3]
372.016351,100,401.273172,0.2294219111017553,False,False,[0.5 0.1 0.3]
421.66726,100,401.522548,0.18368181867923516,False,False,[0.5 0.1 0.3]
290.10824,100,401.732564,0.3279368444143355,False,False,[0.5 0.1 0.3]
177.683422,71,401.928326,0.4199814659683588,True,False,[0.5 0.1 0.3]
570.4522,100,402.141653,0.016839780646712026,False,False,[0.5 0.1 0.3]
401.949236,100,402.35502,0.1696897228359819,False,False,[0.5 0.1 0.3]
423.508359,100,402.567621,0.22730200134494155,False,False,[0.5 0.1 0.3]
365.516807,100,402.785181,0.28920800378507217,False,False,[0.5 0.1 0.3]
435.477054,100,403.001079,0.17663110910117322,False,False,[0.5 0.1 0.3]
402.941221,100,403.220186,0.20123634414936317,False,False,[0.5 0.1 0.3]
424.139104,100,403.436862,0.19796849791433405,False,False,[0.5 0.1 0.3]
480.528321,100,403.648089,0.1453117726427512,False,False,[0.5 0.1 0.3]
358.463458,100,403.861109,0.14984675145324636,False,False,[0.5 0.1 0.3]
417.053428,100,404.074264,0.11045218550868226,False,False,[0.5 0.1 0.3]
460.626307,100,404.761107,0.2170329824406117,False,False,[0.5 0.1 0.3]
457.29428,100,404.998843,0.11497405137049001,False,False,[0.5 0.1 0.3]
383.556279,100,405.230368,0.21623318639921693,False,False,[0.5 0.1 0.3]
307.801771,100,405.441973,0.3029151191693744,False,False,[0.5 0.1 0.3]
425.882543,100,405.653491,0.17315290474479744,False,False,[0.5 0.1 0.3]
320.182325,100,405.875482,0.14492095066943847,False,False,[0.5 0.1 0.3]
343.786999,100,406.097223,0.33891483553379614,False,False,[0.5 0.1 0.3]
475.054069,100,406.313984,0.12287894380323967,False,False,[0.5 0.1 0.3]
356.356358,100,406.536707,0.31419610788379354,False,False,[0.5 0.1 0.3]
373.72514,100,406.755872,0.3086804612690998,False,False,[0.5 0.1 0.3]
475.819661,100,407.059858,0.14450865589640965,False,False,[0.5 0.1 0.3]
382.579378,100,407.277107,0.18980864281271087,False,False,[0.5 0.1 0.3]
773.459512,100,407.501956,0.1891208094176629,False,False,[0.5 0.1 0.3]
484.296031,100,407.711259,0.22656277489847992,False,False,[0.5 0.1 0.3]
398.568614,100,407.934139,0.12749385043339123,False,False,[0.5 0.1 0.3]
425.931505,100,408.149278,0.12186224185466014,False,False,[0.5 0.1 0.3]
382.56291,100,408.371192,0.2389736293355974,False,False,[0.5 0.1 0.3]
300.862815,100,408.606757,0.28232851384032837,False,False,[0.5 0.1 0.3]
485.880267,100,408.914134,0.14150099692123275,False,False,[0.5 0.1 0.3]
384.000432,100,409.134717,0.2635210510916103,False,False,[0.5 0.1 0.3]
414.567559,100,409.347188,0.09209372445212025,False,False,[0.5 0.1 0.3]
466.209375,100,410.032508,0.13855751044293238,False,False,[0.5 0.1 0.3]
416.300401,100,410.253281,0.15862741066556538,False,False,[0.5 0.1 0.3]
384.669716,100,410.469003,0.23493368852004942,False,False,[0.5 0.1 0.3]
465.497462,100,410.683954,0.18399511686209857,False,False,[0.5 0.1 0.3]
456.392815,100,410.895746,0.1693955762291927,False,False,[0.5 0.1 0.3]
412.555918,100,411.120663,0.1987466404652966,False,False,[0.5 0.1 0.3]
484.283575,100,411.33977,0.09453436135896315,False,False,[0.5 0.1 0.3]
408.462139,100,411.556649,0.19537879483065865,False,False,[0.5 0.1 0.3]
453.472079,100,411.763249,0.10534679470022153,False,False,[0.5 0.1 0.3]
383.749215,100,412.012372,0.2715063589274829,False,False,[0.5 0.1 0.3]
329.134396,95,412.233284,0.24442274704928663,True,False,[0.5 0.1 0.3]
527.826616,100,412.450214,0.04942757148091469,False,False,[0.5 0.1 0.3]
373.687277,100,412.673172,0.13567319372248757,False,False,[0.5 0.1 0.3]
438.806642,100,412.883685,0.30696360586993904,False,False,[0.5 0.1 0.3]
386.932508,100,413.094279,0.19590326958046275,False,False,[0.5 0.1 0.3]
347.178713,100,413.310235,0.27637249630342836,False,False,[0.5 0.1 0.3]
345.313459,100,413.534206,0.2699676470502156,False,False,[0.5 0.1 0.3]
487.219279,100,413.754983,0.12978520641897415,False,False,[0.5 0.1 0.3]
515.5805,100,413.968325,0.04772132801958527,False,False,[0.5 0.1 0.3]
399.367238,100,414.281252,0.2719022644080298,False,False,[0.5 0.1 0.3]
292.050221,100,414.967488,0.35841663848552324,False,False,[0.5 0.1 0.3]
334.497935,100,415.190397,0.18377616029109037,False,False,[0.5 0.1 0.3]
521.197666,100,415.402956,0.18882968612720288,False,False,[0.5 0.1 0.3]
241.551031,87,415.628504,0.3048805781845606,True,False,[0.5 0.1 0.3]
749.687317,100,415.843945,0.1539154751912713,False,False,[0.5 0.1 0.3]
387.167157,100,416.077179,0.2513583829895562,False,False,[0.5 0.1 0.3]
240.24936,85,416.283895,0.21906339649986692,True,False,[0.5 0.1 0.3]
419.028784,100,416.504132,0.0879279446383184,False,False,[0.5 0.1 0.3]
436.779456,100,416.720084,0.2136517701953112,False,False,[0.5 0.1 0.3]
374.634246,100,416.939754,0.23269933314621796,False,False,[0.5 0.1 0.3]
431.756435,100,417.156706,0.15720624905311625,False,False,[0.5 0.1 0.3]
437.686851,100,417.464728,0.2104178951975723,False,False,[0.5 0.1 0.3]
365.920332,100,417.682792,0.13317761753351876,False,False,[0.5 0.1 0.3]
417.534606,100,417.89501,0.22097446842809454,False,False,[0.5 0.1 0.3]
361.954471,100,418.107354,0.38844409057252577,False,False,[0.5 0.1 0.3]
373.741316,100,418.317776,0.33750185541463706,False,False,[0.5 0.1 0.3]
369.726483,100,418.530761,0.24002863695415363,False,False,[0.5 0.1 0.3]
396.779826,100,418.746215,0.22419708013078904,False,False,[0.5 0.1 0.3]
417.874372,100,418.985073,0.22352809098974738,False,False,[0.5 0.1 0.3]
282.394271,85,419.184112,0.2689141675548629,True,False,[0.5 0.1 0.3]
394.280793,100,419.394797,0.25258674174455387,False,False,[0.5 0.1 0.3]
418.281135,100,420.10359,0.10983479913730562,False,False,[0.5 0.1 0.3]
456.845304,100,420.325807,0.19260618518754163,False,False,[0.5 0.1 0.3]
367.004338,100,420.532841,0.24854975403894827,False,False,[0.5 0.1 0.3]
490.221597,100,420.847385,0.1025895587313301,False,False,[0.5 0.1 0.3]
413.873672,100,421.075661,0.19719111384766386,False,False,[0.5 0.1 0.3]
441.22667,100,421.293973,0.2136918394658783,False,False,[0.5 0.1 0.3]
336.353167,100,421.51029,0.2775493511448677,False,False,[0.5 0.1 0.3]
381.169617,100,421.724239,0.24101217618411863,False,False,[0.5 0.1 0.3]
333.718603,95,421.945073,0.2594412432424813,True,False,[0.5 0.1 0.3]
475.455522,100,422.158947,0.12986287282223263,False,False,[0.5 0.1 0.3]
285.517187,100,422.373134,0.24696114300864777,False,False,[0.5 0.1 0.3]
445.096246,100,422.603609,0.20152860625791774,False,False,[0.5 0.1 0.3]
261.151102,89,422.835709,0.35483445683558784,True,False,[0.5 0.1 0.3]
55.675194,31,422.981142,0.3039905956078668,True,False,[0.5 0.1 0.3]
236.930496,96,423.197028,0.3316146018850055,True,False,[0.5 0.1 0.3]
462.790251,100,423.416753,0.2268923419289835,False,False,[0.5 0.1 0.3]
520.093269,100,423.629823,0.16239003487436943,False,False,[0.5 0.1 0.3]
398.197421,100,423.853196,0.2048873537014906,False,False,[0.5 0.1 0.3]
360.827842,100,424.064903,0.24029760196904534,False,False,[0.5 0.1 0.3]
346.482387,100,424.284829,0.20589913031130186,False,False,[0.5 0.1 0.3]
567.17246,100,424.49806,0.10656980069639439,False,False,[0.5 0.1 0.3]
347.31849,100,424.709361,0.2898405028390442,False,False,[0.5 0.1 0.3]
352.707893,100,425.379675,0.3700110371683024,False,False,[0.5 0.1 0.3]
423.167108,100,425.593831,0.09684992027210763,False,False,[0.5 0.1 0.3]
266.079295,100,425.817357,0.41723922789703305,False,False,[0.5 0.1 0.3]
388.77554,100,426.03653,0.2119808408355173,False,False,[0.5 0.1 0.3]
417.657058,100,426.265623,0.12494596111467857,False,False,[0.5 0.1 0.3]
543.550608,100,426.503488,0.03252080778559899,False,False,[0.5 0.1 0.3]
382.087937,100,426.723194,0.3123184622335442,False,False,[0.5 0.1 0.3]
438.315686,100,426.943758,0.24100465688368938,False,False,[0.5 0.1 0.3]
461.262629,100,427.161927,0.23780650698828693,False,False,[0.5 0.1 0.3]
363.322722,100,427.481128,0.14716082998814245,False,False,[0.5 0.1 0.3]
507.308183,100,427.695033,0.179248516127366,False,False,[0.5 0.1 0.3]
381.965448,100,427.925241,0.14721065310595127,False,False,[0.5 0.1 0.3]
462.792071,100,428.140512,0.1619882327179362,False,False,[0.5 0.1 0.3]
391.080544,100,428.362613,0.21245534262167717,False,False,[0.5 0.1 0.3]
396.265706,100,428.57323,0.2001240695179495,False,False,[0.5 0.1 0.3]
442.304459,100,428.785586,0.21000484540507292,False,False,[0.5 0.1 0.3]
481.637127,100,428.995636,0.09527068537808829,False,False,[0.5 0.1 0.3]
359.00021,100,429.222266,0.2769346479322767,False,False,[0.5 0.1 0.3]
399.440561,100,429.436926,0.1748214178231805,False,False,[0.5 0.1 0.3]
363.281051,100,429.648303,0.19226621941247074,False,False,[0.5 0.1 0.3]
437.479031,100,430.334803,0.16842669892991807,False,False,[0.5 0.1 0.3]
353.621873,100,430.55184,0.11609001225036453,False,False,[0.5 0.1 0.3]
514.548878,100,430.768986,0.12306626226518899,False,False,[0.5 0.1 0.3]
347.631245,100,430.989293,0.22880612485071847,False,False,[0.5 0.1 0.3]
224.195181,96,431.203354,0.3545140587168034,True,False,[0.5 0.1 0.3]
214.996864,89,431.408747,0.373555014090174,True,False,[0.5 0.1 0.3]
487.01041,100,431.630465,0.17281530415833818,False,False,[0.5 0.1 0.3]
454.977974,100,431.84419,0.28042511286459054,False,False,[0.5 0.1 0.3]
370.389359,100,432.060905,0.22791639735048336,False,False,[0.5 0.1 0.3]
341.682764,100,432.281904,0.3468731228039681,False,False,[0.5 0.1 0.3]
375.368128,100,432.592494,0.2235259166427833,False,False,[0.5 0.1 0.3]
500.279209,100,432.826109,0.1372782687278387,False,False,[0.5 0.1 0.3]
431.479608,100,433.043552,0.178222875903496,False,False,[0.5 0.1 0.3]
370.329338,100,433.262844,0.22324762663721076,False,False,[0.5 0.1 0.3]
261.291409,82,433.46847,0.26626399143997015,True,False,[0.5 0.1 0.3]
387.9969,100,433.680995,0.18294509613766016,False,False,[0.5 0.1 0.3]
459.640734,100,433.894127,0.15675235291110642,False,False,[0.5 0.1 0.3]
349.556045,100,434.110906,0.32165874548684154,False,False,[0.5 0.1 0.3]
467.052887,100,434.324948,0.13791948792736214,False,False,[0.5 0.1 0.3]
393.556003,100,434.541464,0.2587464612196395,False,False,[0.5 0.1 0.3]
414.918004,100,434.753037,0.10171223740512152,False,False,[0.5 0.1 0.3]
340.189343,100,435.429483,0.24173369117364757,False,False,[0.5 0.1 0.3]
517.499527,100,435.64819,0.0630352807761847,False,False,[0.5 0.1 0.3]
368.756305,96,435.864564,0.20917966934985296,True,False,[0.5 0.1 0.3]
430.827059,100,436.109872,0.24628939128751523,False,False,[0.5 0.1 0.3]
353.888613,100,436.342795,0.3328014527728982,False,False,[0.5 0.1 0.3]
450.944597,100,436.557709,0.22160429764765627,False,False,[0.5 0.1 0.3]
377.262287,100,436.773187,0.21078632491348936,False,False,[0.5 0.1 0.3]
482.726992,100,436.981911,0.13057239105548687,False,False,[0.5 0.1 0.3]
514.446736,100,437.198526,0.07391944850050712,False,False,[0.5 0.1 0.3]
371.862531,100,437.413718,0.19478300701858114,False,False,[0.5 0.1 0.3]
496.27279,100,437.632156,0.060394578518717365,False,False,[0.5 0.1 0.3]
439.014575,100,437.843851,0.1531617576298421,False,False,[0.5 0.1 0.3]
299.984063,100,438.070321,0.2611666998813605,False,False,[0.5 0.1 0.3]
156.022095,75,438.267881,0.33248130863953146,True,False,[0.5 0.1 0.3]
491.949501,100,438.491796,0.165458418037132,False,False,[0.5 0.1 0.3]
449.240652,100,438.705256,0.10809225650410981,False,False,[0.5 0.1 0.3]
473.752745,100,438.920066,0.1604640179428225,False,False,[0.5 0.1 0.3]
351.862124,100,439.139498,0.3553604640751748,False,False,[0.5 0.1 0.3]
386.51116,100,439.358603,0.22885854912523726,False,False,[0.5 0.1 0.3]
335.430328,100,439.57288,0.333342099254784,False,False,[0.5 0.1 0.3]
477.972838,100,439.879216,0.1342285525640178,False,False,[0.5 0.1 0.3]
383.830452,100,440.562313,0.2878120952334983,False,False,[0.5 0.1 0.3]
366.739571,100,440.776092,0.2574714056788064,False,False,[0.5 0.1 0.3]
486.610733,100,440.993559,0.10472269031460091,False,False,[0.5 0.1 0.3]
431.222152,100,441.202707,0.150922998088945,False,False,[0.5 0.1 0.3]
475.324584,100,441.41986,0.19700064245195265,False,False,[0.5 0.1 0.3]
343.529994,97,441.635486,0.20290584723490593,True,False,[0.5 0.1 0.3]
503.657844,100,441.845283,0.04546277785258638,False,False,[0.5 0.1 0.3]
453.909642,100,442.08025,0.16247656358341103,False,False,[0.5 0.1 0.3]
485.477248,100,442.300422,0.17247981571957155,False,False,[0.5 0.1 0.3]
387.250486,100,442.547185,0.17344152781922337,False,False,[0.5 0.1 0.3]
438.69378,100,442.760858,0.16381797996365852,False,False,[0.5 0.1 0.3]
445.291577,100,442.979247,0.2083590360793472,False,False,[0.5 0.1 0.3]
439.382773,100,443.194295,0.1697791311954686,False,False,[0.5 0.1 0.3]
454.911315,100,443.405045,0.13683085179794283,False,False,[0.5 0.1 0.3]
465.501246,100,443.625198,0.1943341808987787,False,False,[0.5 0.1 0.3]
386.232902,100,443.840469,0.1491382181330157,False,False,[0.5 0.1 0.3]
312.147173,100,444.052301,0.378779983737814,False,False,[0.5 0.1 0.3]
429.764872,100,444.268632,0.09998054279955249,False,False,[0.5 0.1 0.3]
453.623144,100,444.495779,0.06977920923843513,False,False,[0.5 0.1 0.3]
563.652848,100,444.711385,0.10277140943624119,False,False,[0.5 0.1 0.3]
452.04439,100,445.393108,0.19088830371098017,False,False,[0.5 0.1 0.3]
464.026917,100,445.613717,0.19804150990677197,False,False,[0.5 0.1 0.3]
371.792477,100,445.823256,0.2630975867971486,False,False,[0.5 0.1 0.3]
406.988698,100,446.063958,0.14469304223877483,False,False,[0.5 0.1 0.3]
412.650301,100,446.289658,0.375625571828588,False,False,[0.5 0.1 0.3]
416.055897,100,446.602324,0.1455214495918021,False,False,[0.5 0.1 0.3]
429.53565,100,446.816273,0.16189975462018397,False,False,[0.5 0.1 0.3]
247.345643,77,447.015386,0.30075720801646727,True,False,[0.5 0.1 0.3]
394.829249,100,447.235467,0.18905369064859157,False,False,[0.5 0.1 0.3]
407.031058,100,447.448585,0.30250623437167756,False,False,[0.5 0.1 0.3]
412.425271,100,447.668549,0.16528915368797362,False,False,[0.5 0.1 0.3]
506.795578,100,447.882103,0.05259607601699244,False,False,[0.5 0.1 0.3]
463.236896,100,448.096233,0.12610588464500047,False,False,[0.5 0.1 0.3]
487.088047,100,448.406388,0.23101357635084738,False,False,[0.5 0.1 0.3]
367.110107,100,448.622151,0.2114811103234786,False,False,[0.5 0.1 0.3]
257.479759,84,448.83143,0.2194349106772428,True,False,[0.5 0.1 0.3]
87.508981,43,448.992089,0.31066019654678856,True,False,[0.5 0.1 0.3]
402.312059,100,449.218198,0.17462728550578419,False,False,[0.5 0.1 0.3]
455.556065,100,449.52553,0.1217092264334126,False,False,[0.5 0.1 0.3]
382.372313,100,449.741273,0.3417922180534378,False,False,[0.5 0.1 0.3]
428.018609,100,449.957357,0.13404730275796867,False,False,[0.5 0.1 0.3]
331.994004,100,450.181784,0.2685295588209105,False,False,[0.5 0.1 0.3]
363.326721,100,450.862525,0.20169710445402156,False,False,[0.5 0.1 0.3]
349.751037,100,451.080931,0.09837696321145094,False,False,[0.5 0.1 0.3]
412.81606,100,451.299656,0.2311121211542814,False,False,[0.5 0.1 0.3]
530.549941,100,451.508472,0.08977647988336533,False,False,[0.5 0.1 0.3]
376.746609,100,451.718626,0.24745489318166428,False,False,[0.5 0.1 0.3]
455.09101,100,451.942404,0.22956539238469303,False,False,[0.5 0.1 0.3]
423.678351,100,452.148685,0.09663363794096394,False,False,[0.5 0.1 0.3]
257.208802,100,452.364053,0.6332254566220311,False,False,[0.5 0.1 0.3]
401.830407,100,452.609376,0.17030042243548882,False,False,[0.5 0.1 0.3]
469.208242,100,452.826022,0.10531817986503222,False,False,[0.5 0.1 0.3]
491.040167,100,453.135288,0.18953278022650508,False,False,[0.5 0.1 0.3]
363.431067,100,453.353025,0.3221581385077697,False,False,[0.5 0.1 0.3]
447.606816,100,453.573036,0.2674378894837825,False,False,[0.5 0.1 0.3]
410.832988,100,453.783617,0.23734774352028137,False,False,[0.5 0.1 0.3]
238.066625,90,453.99178,0.29397192556569435,True,False,[0.5 0.1 0.3]
352.913467,100,454.209991,0.3296121853932657,False,False,[0.5 0.1 0.3]
433.645597,100,454.42697,0.18543101729121866,False,False,[0.5 0.1 0.3]
412.111225,100,454.644984,0.14953896797098393,False,False,[0.5 0.1 0.3]
425.633075,100,454.856249,0.24734234345938977,False,False,[0.5 0.1 0.3]
174.700534,65,455.041109,0.21612320286243167,True,False,[0.5 0.1 0.3]
381.71287,100,455.257916,0.22717970794777775,False,False,[0.5 0.1 0.3]
388.590757,100,455.954342,0.2623497965340223,False,False,[0.5 0.1 0.3]
431.044189,100,456.162625,0.22726598080227103,False,False,[0.5 0.1 0.3]
350.048037,100,456.377198,0.22924084102574363,False,False,[0.5 0.1 0.3]
390.742432,92,456.589436,0.23153063565965354,True,False,[0.5 0.1 0.3]
384.30142,100,456.808569,0.2013311417636523,False,False,[0.5 0.1 0.3]
354.071712,100,457.017827,0.29765776048738696,False,False,[0.5 0.1 0.3]
413.960452,100,457.237496,0.07515605821493913,False,False,[0.5 0.1 0.3]
455.388319,100,457.462912,0.20414769943622613,False,False,[0.5 0.1 0.3]
356.060971,100,457.678178,0.24606533856498694,False,False,[0.5 0.1 0.3]
243.22862,88,457.880427,0.24078019037022805,True,False,[0.5 0.1 0.3]
476.196606,100,458.185917,0.10776365133690836,False,False,[0.5 0.1 0.3]
544.579823,100,458.398829,0.12710680487074444,False,False,[0.5 0.1 0.3]
504.120493,100,458.616551,0.2158330174918983,False,False,[0.5 0.1 0.3]
493.916235,100,458.836044,0.13073031951307737,False,False,[0.5 0.1 0.3]
435.774813,100,459.068411,0.12365508381522639,False,False,[0.5 0.1 0.3]
462.600467,100,459.287331,0.13152290560914626,False,False,[0.5 0.1 0.3]
456.942056,100,459.506151,0.13498787497984474,False,False,[0.5 0.1 0.3]
506.145998,100,459.719587,0.12019710053957429,False,False,[0.5 0.1 0.3]
406.145277,100,459.941825,0.1694126496873914,False,False,[0.5 0.1 0.3]
436.327238,100,460.151629,0.21821450637608125,False,False,[0.5 0.1 0.3]
453.804072,100,460.842351,0.14871900856101714,False,False,[0.5 0.1 0.3]
466.127271,100,461.064571,0.08352151163864285,False,False,[0.5 0.1 0.3]
389.432047,100,461.283878,0.24900191918545936,False,False,[0.5 0.1 0.3]
405.127649,100,461.503325,0.2518823457321575,False,False,[0.5 0.1 0.3]
392.016786,100,461.72285,0.24931085617537985,False,False,[0.5 0.1 0.3]
615.865114,100,461.940582,0.3443749563299701,False,False,[0.5 0.1 0.3]
523.45028,100,462.254936,0.12322003538918218,False,False,[0.5 0.1 0.3]
405.954661,100,462.498552,0.15488443058315124,False,False,[0.5 0.1 0.3]
435.313451,100,462.719084,0.06088424150835458,False,False,[0.5 0.1 0.3]
374.949959,100,462.94106,0.19001383428388996,False,False,[0.5 0.1 0.3]
413.599387,100,463.163427,0.24661913814856223,False,False,[0.5 0.1 0.3]
423.921135,100,463.384596,0.12773494998648796,False,False,[0.5 0.1 0.3]
356.79876,100,463.595614,0.3685278857422611,False,False,[0.5 0.1 0.3]
333.004296,100,463.808553,0.19178056296917162,False,False,[0.5 0.1 0.3]
378.996634,100,464.024082,0.2485119546963519,False,False,[0.5 0.1 0.3]
232.703463,68,464.211264,0.26606220253888563,True,False,[0.5 0.1 0.3]
431.064578,100,464.521299,0.15276892441490633,False,False,[0.5 0.1 0.3]
478.658594,100,464.743408,0.23252713164640418,False,False,[0.5 0.1 0.3]
417.246876,100,464.955482,0.17213640528023147,False,False,[0.5 0.1 0.3]
368.953559,100,465.168866,0.3718376411492089,False,False,[0.5 0.1 0.3]
64.852649,43,465.331509,0.21878747052486922,True,False,[0.5 0.1 0.3]
284.047804,93,465.56059,0.2966475479368655,True,False,[0.5 0.1 0.3]
731.161649,100,466.256518,0.0774454658663078,False,False,[0.5 0.1 0.3]
324.055475,100,466.475187,0.2710379915054026,False,False,[0.5 0.1 0.3]
375.307593,100,466.689167,0.2636357260522259,False,False,[0.5 0.1 0.3]
275.07228,88,466.899624,0.2685512087969084,True,False,[0.5 0.1 0.3]
495.122628,100,467.114365,0.09827778086340096,False,False,[0.5 0.1 0.3]
476.29287,100,467.317899,0.23614046036092734,False,False,[0.5 0.1 0.3]
406.625687,100,467.534365,0.23336147829911125,False,False,[0.5 0.1 0.3]
350.194781,100,467.750379,0.3308605054204517,False,False,[0.5 0.1 0.3]
371.127185,100,467.960353,0.28919322272689574,False,False,[0.5 0.1 0.3]
420.964842,100,468.177016,0.19673728805293406,False,False,[0.5 0.1 0.3]
229.964098,97,468.489077,0.40151144843995495,True,False,[0.5 0.1 0.3]
357.978528,100,468.708153,0.24211992869010562,False,False,[0.5 0.1 0.3]
384.037852,100,468.953473,0.26930737642917474,False,False,[0.5 0.1 0.3]
395.176522,100,469.16999,0.24283638063946672,False,False,[0.5 0.1 0.3]
402.315362,100,469.384832,0.2959778568533889,False,False,[0.5 0.1 0.3]
407.939881,100,469.598573,0.24343082144654798,False,False,[0.5 0.1 0.3]
238.995572,92,469.805784,0.2952821279873159,True,False,[0.5 0.1 0.3]
426.931312,100,470.027501,0.17479438119789537,False,False,[0.5 0.1 0.3]
380.87606,100,470.240287,0.276867004481518,False,False,[0.5 0.1 0.3]
467.167475,100,470.462478,0.12079878451533621,False,False,[0.5 0.1 0.3]
371.535877,100,471.139576,0.2675846950755089,False,False,[0.5 0.1 0.3]
382.629557,100,471.445132,0.2142175189674232,False,False,[0.5 0.1 0.3]
302.498693,100,471.659901,0.29296014852291796,False,False,[0.5 0.1 0.3]
461.485019,100,471.879138,0.13330685317373092,False,False,[0.5 0.1 0.3]
432.572171,100,472.093288,0.20249940720069678,False,False,[0.5 0.1 0.3]
322.027537,88,472.309099,0.2316781721923908,True,False,[0.5 0.1 0.3]
386.453845,100,472.559867,0.2618781388363024,False,False,[0.5 0.1 0.3]
162.916006,57,472.728581,0.20371186411989345,True,False,[0.5 0.1 0.3]
359.470177,100,472.942033,0.19467516026816511,False,False,[0.5 0.1 0.3]
207.626711,85,473.142413,0.31421765794739204,True,False,[0.5 0.1 0.3]
485.224214,100,473.451616,0.10087909990159524,False,False,[0.5 0.1 0.3]
363.080987,100,473.662581,0.19037750393311997,False,False,[0.5 0.1 0.3]
336.223687,100,473.887016,0.2746010583042985,False,False,[0.5 0.1 0.3]
418.79293,100,474.107394,0.16139887800549552,False,False,[0.5 0.1 0.3]
439.915125,100,474.327165,0.08739518683133717,False,False,[0.5 0.1 0.3]
377.776483,100,474.55577,0.23194164892157645,False,False,[0.5 0.1 0.3]
406.743162,100,474.762028,0.12958314783933447,False,False,[0.5 0.1 0.3]
317.115928,97,474.97841,0.37036259189090043,True,False,[0.5 0.1 0.3]
346.633975,100,475.18937,0.23933423664197664,False,False,[0.5 0.1 0.3]
416.020493,100,475.423677,0.23533577988291393,False,False,[0.5 0.1 0.3]
469.266593,100,475.637235,0.17572770759614315,False,False,[0.5 0.1 0.3]
385.464372,100,475.854426,0.26361681569799145,False,False,[0.5 0.1 0.3]
411.426654,100,476.537811,0.2688755891656774,False,False,[0.5 0.1 0.3]
316.306607,100,476.744023,0.26826289984469803,False,False,[0.5 0.1 0.3]
459.289251,100,476.967193,0.18176640026645846,False,False,[0.5 0.1 0.3]
286.763381,100,477.18431,0.42754833161237826,False,False,[0.5 0.1 0.3]
362.790609,100,477.399799,0.28781942162258234,False,False,[0.5 0.1 0.3]
274.547896,100,477.617908,0.46999417043584796,False,False,[0.5 0.1 0.3]
416.712833,100,477.830153,0.20254458202391448,False,False,[0.5 0.1 0.3]
374.78393,100,478.046819,0.15764562177502967,False,False,[0.5 0.1 0.3]
353.237164,100,478.266102,0.33359762461325543,False,False,[0.5 0.1 0.3]
397.520237,100,478.482559,0.18621232862130596,False,False,[0.5 0.1 0.3]
415.491986,100,478.702158,0.24612121143700247,False,False,[0.5 0.1 0.3]
320.666127,100,478.921489,0.4521333048247631,False,False,[0.5 0.1 0.3]
357.870903,100,479.137005,0.3556134233894059,False,False,[0.5 0.1 0.3]
408.801841,100,479.351613,0.21322889638726905,False,False,[0.5 0.1 0.3]
416.068447,100,479.568277,0.23380641510787933,False,False,[0.5 0.1 0.3]
341.560196,100,479.788285,0.325118425202388,False,False,[0.5 0.1 0.3]
378.160286,100,480.003902,0.22657513175652283,False,False,[0.5 0.1 0.3]
298.682707,100,480.227763,0.5678917621022836,False,False,[0.5 0.1 0.3]
372.187326,100,480.439405,0.21267127469280703,False,False,[0.5 0.1 0.3]
378.428143,100,480.658339,0.2186633072644426,False,False,[0.5 0.1 0.3]
397.65773,100,481.347566,0.1441662867683562,False,False,[0.5 0.1 0.3]
619.013293,100,481.563536,0.24753208665363635,False,False,[0.5 0.1 0.3]
356.932437,100,481.811641,0.1377382381652534,False,False,[0.5 0.1 0.3]
336.733651,100,482.025936,0.2645989690870942,False,False,[0.5 0.1 0.3]
454.836717,100,482.2478,0.1500171631798746,False,False,[0.5 0.1 0.3]
348.616885,100,482.461036,0.31798017639576887,False,False,[0.5 0.1 0.3]
331.843937,100,482.687914,0.20833399548837991,False,False,[0.5 0.1 0.3]
455.746719,100,482.89867,0.12918759178489214,False,False,[0.5 0.1 0.3]
345.976502,100,483.114597,0.24770674577608995,False,False,[0.5 0.1 0.3]
477.614107,100,483.331124,0.12943226318199696,False,False,[0.5 0.1 0.3]
354.349772,100,483.542524,0.2481640673046086,False,False,[0.5 0.1 0.3]
369.853486,100,483.760233,0.12925746923211223,False,False,[0.5 0.1 0.3]
419.452449,100,483.977196,0.22732462899072953,False,False,[0.5 0.1 0.3]
335.185145,100,484.200156,0.10597656722686628,False,False,[0.5 0.1 0.3]
343.274417,100,484.414482,0.2530167338974498,False,False,[0.5 0.1 0.3]
383.340041,100,484.652295,0.17306508119673877,False,False,[0.5 0.1 0.3]
508.778698,100,484.868849,0.15214087650168873,False,False,[0.5 0.1 0.3]
402.310247,100,485.082246,0.1510650330158342,False,False,[0.5 0.1 0.3]
332.762265,100,485.302042,0.2908261361063421,False,False,[0.5 0.1 0.3]
411.585056,100,485.520351,0.18421257613421996,False,False,[0.5 0.1 0.3]
369.845277,100,485.731777,0.34014552334570464,False,False,[0.5 0.1 0.3]
373.007119,100,486.410503,0.14185692151929002,False,False,[0.5 0.1 0.3]
449.18938,100,486.616161,0.17870463111439386,False,False,[0.5 0.1 0.3]
331.47228,100,486.837936,0.21562162248927746,False,False,[0.5 0.1 0.3]
423.932963,100,487.148962,0.13240505151420753,False,False,[0.5 0.1 0.3]
324.572428,100,487.362286,0.19181092092923088,False,False,[0.5 0.1 0.3]
369.647069,100,487.569843,0.2578501007436967,False,False,[0.5 0.1 0.3]
377.865417,100,487.807983,0.2979944549358741,False,False,[0.5 0.1 0.3]
185.469562,82,488.007745,0.38463897301029615,True,False,[0.5 0.1 0.3]
469.257731,100,488.226978,0.15017989890051034,False,False,[0.5 0.1 0.3]
398.89945,100,488.44818,0.18560083147288212,False,False,[0.5 0.1 0.3]
433.134648,100,488.668514,0.226881796157863,False,False,[0.5 0.1 0.3]
417.483588,100,488.885161,0.3240055160513041,False,False,[0.5 0.1 0.3]
474.193846,100,489.106933,0.04759659013415399,False,False,[0.5 0.1 0.3]
518.441397,100,489.321907,0.2522541992717389,False,False,[0.5 0.1 0.3]
337.878772,100,489.540746,0.3266851679110993,False,False,[0.5 0.1 0.3]
446.108733,100,489.758047,0.1629161240806671,False,False,[0.5 0.1 0.3]
367.785302,100,489.976781,0.19895570077151808,False,False,[0.5 0.1 0.3]
375.927945,100,490.199895,0.2861554943489184,False,False,[0.5 0.1 0.3]
543.845414,100,490.410354,0.09792895502865456,False,False,[0.5 0.1 0.3]
372.1672,100,490.652253,0.2063417364250788,False,False,[0.5 0.1 0.3]
405.375029,100,491.32874,0.25800899390663173,False,False,[0.5 0.1 0.3]
459.471853,100,491.551503,0.13105321228790018,False,False,[0.5 0.1 0.3]
510.49144,100,491.85725,0.11110623285163321,False,False,[0.5 0.1 0.3]
489.756132,100,492.080546,0.13757770761040386,False,False,[0.5 0.1 0.3]
367.304122,100,492.392715,0.18701780013252722,False,False,[0.5 0.1 0.3]
385.635463,100,492.697133,0.20879900484117506,False,False,[0.5 0.1 0.3]
471.360157,100,492.915168,0.108773733760705,False,False,[0.5 0.1 0.3]
451.915822,100,493.136736,0.25169849945958706,False,False,[0.5 0.1 0.3]
403.115322,100,493.361856,0.21780080031685273,False,False,[0.5 0.1 0.3]
832.127506,100,493.576816,0.056265364706225354,False,False,[0.5 0.1 0.3]
353.313328,100,493.789864,0.21157134759022853,False,False,[0.5 0.1 0.3]
337.268803,100,494.101163,0.2761101556518049,False,False,[0.5 0.1 0.3]
439.447628,100,494.325602,0.07606301382462902,False,False,[0.5 0.1 0.3]
427.595977,100,494.54728,0.2615294584353501,False,False,[0.5 0.1 0.3]
447.815971,100,494.763753,0.26065145175677895,False,False,[0.5 0.1 0.3]
420.939525,100,494.979954,0.14234746491827896,False,False,[0.5 0.1 0.3]
338.965346,100,495.191225,0.2476471497007144,False,False,[0.5 0.1 0.3]
516.369836,100,495.411684,0.1381162814717574,False,False,[0.5 0.1 0.3]
430.107606,100,495.629148,0.11312969489391816,False,False,[0.5 0.1 0.3]
442.597909,100,495.842362,0.2680174058040072,False,False,[0.5 0.1 0.3]
416.746138,100,496.070015,0.16151111604887464,False,False,[0.5 0.1 0.3]
379.214236,100,496.73893,0.20959825399640317,False,False,[0.5 0.1 0.3]
389.617673,100,496.955058,0.206302843157246,False,False,[0.5 0.1 0.3]
355.668751,100,497.178945,0.2518270397158276,False,False,[0.5 0.1 0.3]
461.336465,100,497.39409,0.18669950508786554,False,False,[0.5 0.1 0.3]
468.598787,100,497.613446,0.13656496494368003,False,False,[0.5 0.1 0.3]
410.706154,100,497.921802,0.16860209864819392,False,False,[0.5 0.1 0.3]
513.734214,100,498.135251,0.15288231183651838,False,False,[0.5 0.1 0.3]
425.719713,100,498.351464,0.11441308189073167,False,False,[0.5 0.1 0.3]
390.937333,100,498.670208,0.2964717931645592,False,False,[0.5 0.1 0.3]
345.672794,100,498.891912,0.325452005351903,False,False,[0.5 0.1 0.3]
429.593051,100,499.107383,0.23118001981680253,False,False,[0.5 0.1 0.3]
312.428501,100,499.322768,0.21031115906825706,False,False,[0.5 0.1 0.3]
412.485498,100,499.623277,0.178610018313729,False,False,[0.5 0.1 0.3]
408.642516,100,499.8408,0.22599541434818543,False,False,[0.5 0.1 0.3]
450.028215,100,500.084821,0.14367789276851395,False,False,[0.5 0.1 0.3]
455.788528,100,500.303853,0.03905248089710792,False,False,[0.5 0.1 0.3]
483.1315,100,500.527255,0.11550056264801656,False,False,[0.5 0.1 0.3]
403.54972,100,500.751845,0.18559807016000024,False,False,[0.5 0.1 0.3]
440.785892,100,501.060833,0.18090231114841965,False,False,[0.5 0.1 0.3]
412.469209,100,501.284918,0.22812492458793485,False,False,[0.5 0.1 0.3]
435.269878,100,501.981105,0.29376328464943136,False,False,[0.5 0.1 0.3]
427.777345,100,502.295962,0.17679831140318455,False,False,[0.5 0.1 0.3]
451.244988,100,502.513925,0.10990081841952119,False,False,[0.5 0.1 0.3]
487.192582,100,502.73332,0.18255700091365748,False,False,[0.5 0.1 0.3]
242.864653,97,502.955521,0.3133577931799396,True,False,[0.5 0.1 0.3]
467.06179,100,503.272907,0.17561233891590214,False,False,[0.5 0.1 0.3]
388.137894,100,503.499607,0.11727937546510381,False,False,[0.5 0.1 0.3]
464.509092,100,503.713178,0.057934982462469774,False,False,[0.5 0.1 0.3]
431.593978,100,503.925165,0.13229610832941402,False,False,[0.5 0.1 0.3]
373.737678,100,504.135005,0.2787047666779195,False,False,[0.5 0.1 0.3]
442.016323,100,504.353139,0.1982598838814196,False,False,[0.5 0.1 0.3]
395.387357,100,504.567877,0.25073310926614634,False,False,[0.5 0.1 0.3]
396.128745,100,504.774206,0.23438573500718776,False,False,[0.5 0.1 0.3]
402.727203,100,504.994165,0.2319414019664362,False,False,[0.5 0.1 0.3]
367.215491,100,505.223005,0.2997334320201785,False,False,[0.5 0.1 0.3]
178.28025,66,505.399926,0.2764292276115152,True,False,[0.5 0.1 0.3]
430.47576,100,505.610808,0.13627184338216344,False,False,[0.5 0.1 0.3]
426.86277,100,505.821689,0.12434390353539884,False,False,[0.5 0.1 0.3]
399.623789,100,506.066915,0.17718194787650973,False,False,[0.5 0.1 0.3]
308.947055,95,506.287616,0.26360602409857115,True,False,[0.5 0.1 0.3]
336.488466,100,506.503022,0.26909250009020896,False,False,[0.5 0.1 0.3]
427.15874,100,507.195733,0.1861521779616774,False,False,[0.5 0.1 0.3]
421.787507,100,507.415183,0.19528448238550075,False,False,[0.5 0.1 0.3]
360.857712,100,507.641619,0.2518450124764062,False,False,[0.5 0.1 0.3]
390.682819,100,507.863333,0.2699417764782929,False,False,[0.5 0.1 0.3]
443.945027,100,508.079613,0.23970192188013703,False,False,[0.5 0.1 0.3]
165.385213,61,508.350968,0.217719770374813,True,False,[0.5 0.1 0.3]
431.461084,100,508.567434,0.2170910719932082,False,False,[0.5 0.1 0.3]
453.645968,100,508.777128,0.28856040976726516,False,False,[0.5 0.1 0.3]
422.366874,100,508.996855,0.22960581898376428,False,False,[0.5 0.1 0.3]
495.319849,100,509.222281,0.15443677993490218,False,False,[0.5 0.1 0.3]
335.55314,100,509.439287,0.24226019980418592,False,False,[0.5 0.1 0.3]
423.552727,100,509.650323,0.1465734512341497,False,False,[0.5 0.1 0.3]
432.05368,100,509.868869,0.14226277816165855,False,False,[0.5 0.1 0.3]
296.119912,100,510.081273,0.2534437593941164,False,False,[0.5 0.1 0.3]
380.537229,100,510.290394,0.1709230721066808,False,False,[0.5 0.1 0.3]
373.184018,100,510.498667,0.22077446981774088,False,False,[0.5 0.1 0.3]
391.98565,100,510.745255,0.3326286748204312,False,False,[0.5 0.1 0.3]
385.667263,100,510.961078,0.24313485889569222,False,False,[0.5 0.1 0.3]
456.070212,100,511.176139,0.12240321836046732,False,False,[0.5 0.1 0.3]
494.963767,100,511.40019,0.17550055711772575,False,False,[0.5 0.1 0.3]
400.040397,100,511.614177,0.1856606391353321,False,False,[0.5 0.1 0.3]
196.023036,66,512.271733,0.21832314935765873,True,False,[0.5 0.1 0.3]
138.944272,57,512.445381,0.21576621004860586,True,False,[0.5 0.1 0.3]
372.835251,100,512.664591,0.27210787055266267,False,False,[0.5 0.1 0.3]
371.739428,100,512.888426,0.34716807607184724,False,False,[0.5 0.1 0.3]
512.356367,100,513.112673,0.14807361050082646,False,False,[0.5 0.1 0.3]
404.262349,100,513.364443,0.21478355566821233,False,False,[0.5 0.1 0.3]
486.249361,100,513.579382,0.22250874819718902,False,False,[0.5 0.1 0.3]
261.84373,81,513.869536,0.2948026498745379,True,False,[0.5 0.1 0.3]
389.713028,100,514.080524,0.1567391638568529,False,False,[0.5 0.1 0.3]
378.175061,100,514.301021,0.2565549301681676,False,False,[0.5 0.1 0.3]
376.533977,100,514.521078,0.2272559202629884,False,False,[0.5 0.1 0.3]
330.482231,100,514.738585,0.2949630081289796,False,False,[0.5 0.1 0.3]
415.301291,100,514.959383,0.21744048645672037,False,False,[0.5 0.1 0.3]
392.29688,100,515.179673,0.1596784438264205,False,False,[0.5 0.1 0.3]
435.836524,100,515.402201,0.06902509674634473,False,False,[0.5 0.1 0.3]
417.86895,100,515.615006,0.22707633462751062,False,False,[0.5 0.1 0.3]
415.859254,100,515.829144,0.2665804692398668,False,False,[0.5 0.1 0.3]
338.767241,100,516.079672,0.32786276721905333,False,False,[0.5 0.1 0.3]
452.9577,100,516.298071,0.16225553768151268,False,False,[0.5 0.1 0.3]
495.76117,100,516.513637,0.1217215234218722,False,False,[0.5 0.1 0.3]
453.931691,100,516.737533,0.10587100076196661,False,False,[0.5 0.1 0.3]
471.85742,100,517.424913,0.07469408789448029,False,False,[0.5 0.1 0.3]
422.248902,100,517.649236,0.22488717287321058,False,False,[0.5 0.1 0.3]
524.031343,100,517.95904,0.094409317459758,False,False,[0.5 0.1 0.3]
505.053279,100,518.171165,0.15615617742228352,False,False,[0.5 0.1 0.3]
493.388299,100,518.386204,0.08198988967735484,False,False,[0.5 0.1 0.3]
465.013826,100,518.599528,0.34370262700319426,False,False,[0.5 0.1 0.3]
378.436556,100,518.909621,0.30287964042393867,False,False,[0.5 0.1 0.3]
445.651551,100,519.117401,0.12126636190018247,False,False,[0.5 0.1 0.3]
399.764092,100,519.338528,0.10740140106765349,False,False,[0.5 0.1 0.3]
329.453232,100,519.560172,0.2109049322137557,False,False,[0.5 0.1 0.3]
287.583457,84,519.760232,0.22274834695819534,True,False,[0.5 0.1 0.3]
508.905028,100,519.973459,0.060810699802655785,False,False,[0.5 0.1 0.3]
307.990549,99,520.202366,0.24491810785981083,True,False,[0.5 0.1 0.3]
402.818053,100,520.413967,0.20107554909143846,False,False,[0.5 0.1 0.3]
192.382429,66,520.594824,0.2419571754929301,True,False,[0.5 0.1 0.3]
476.605726,100,520.815062,0.17942396446459988,False,False,[0.5 0.1 0.3]
59.77942,39,520.966027,0.25196406756848216,True,False,[0.5 0.1 0.3]
463.986221,100,521.192146,0.10477146263295574,False,False,[0.5 0.1 0.3]
201.504041,79,521.388779,0.24760505773848765,True,False,[0.5 0.1 0.3]
129.947617,84,521.609823,0.3752830498583747,True,False,[0.5 0.1 0.3]
418.901528,100,521.824965,0.21934304473713986,False,False,[0.5 0.1 0.3]
338.339515,100,522.060531,0.12684796079587726,False,False,[0.5 0.1 0.3]
568.915749,100,522.756646,0.06953319722949879,False,False,[0.5 0.1 0.3]
411.856499,100,522.976466,0.27127757766935934,False,False,[0.5 0.1 0.3]
527.446854,100,523.192983,0.12992075594896946,False,False,[0.5 0.1 0.3]
135.708334,52,523.361245,0.23015912619557044,True,False,[0.5 0.1 0.3]
466.967722,100,523.586292,0.2383791907672746,False,False,[0.5 0.1 0.3]
424.073448,100,523.797881,0.13590210441005907,False,False,[0.5 0.1 0.3]
463.489619,100,524.005006,0.055549654983350245,False,False,[0.5 0.1 0.3]
426.274963,100,524.251126,0.1323321089052062,False,False,[0.5 0.1 0.3]
412.595356,100,524.461279,0.10923945793820913,False,False,[0.5 0.1 0.3]
327.236489,100,524.673368,0.2136426954675321,True,False,[0.5 0.1 0.3]
445.839285,100,524.892827,0.22832356896872003,False,False,[0.5 0.1 0.3]
493.448457,100,525.107389,0.15070448450679755,False,False,[0.5 0.1 0.3]
348.808183,100,525.332119,0.2581135625126413,False,False,[0.5 0.1 0.3]
482.64658,100,525.559549,0.21336405579467535,False,False,[0.5 0.1 0.3]
394.165529,100,525.783496,0.16517073367512514,False,False,[0.5 0.1 0.3]
529.355724,100,525.998533,0.07904285111692477,False,False,[0.5 0.1 0.3]
426.352901,100,526.224105,0.13721666133336893,False,False,[0.5 0.1 0.3]
459.615719,100,526.442007,0.07116142829570377,False,False,[0.5 0.1 0.3]
462.324682,100,526.65987,0.18008192494152792,False,False,[0.5 0.1 0.3]
395.441681,100,526.897793,0.25132070732912243,False,False,[0.5 0.1 0.3]
249.498954,81,527.096547,0.22998005895057153,True,False,[0.5 0.1 0.3]
303.195559,100,527.795394,0.31994215780740853,False,False,[0.5 0.1 0.3]
540.103067,100,528.016979,0.06805659928443326,False,False,[0.5 0.1 0.3]
451.74775,100,528.24343,0.08972482685904078,False,False,[0.5 0.1 0.3]
444.21197,100,528.463665,0.10871493023845254,False,False,[0.5 0.1 0.3]
485.151627,100,528.678473,0.15532970847296726,False,False,[0.5 0.1 0.3]
397.039578,100,528.893142,0.13695681145731875,False,False,[0.5 0.1 0.3]
498.805648,100,529.192174,0.07986261030689196,False,False,[0.5 0.1 0.3]
457.402416,100,529.413308,0.06629705497058386,False,False,[0.5 0.1 0.3]
481.390885,100,529.632027,0.16685951418246475,False,False,[0.5 0.1 0.3]
365.304046,100,529.877465,0.2578593707532149,False,False,[0.5 0.1 0.3]
331.278421,100,530.092631,0.27654867215145384,False,False,[0.5 0.1 0.3]
448.236072,100,530.315252,0.0861886243034811,False,False,[0.5 0.1 0.3]
452.520858,100,530.523829,0.09960553106846919,False,False,[0.5 0.1 0.3]
433.518101,100,530.735242,0.13722708525000377,False,False,[0.5 0.1 0.3]
479.824738,100,530.945737,0.23959082730418677,False,False,[0.5 0.1 0.3]
450.299258,100,531.162894,0.1084403691496561,False,False,[0.5 0.1 0.3]
449.207744,100,531.387603,0.20865476651921475,False,False,[0.5 0.1 0.3]
434.094136,100,531.602352,0.038426735840918026,False,False,[0.5 0.1 0.3]
456.064183,100,531.823135,0.12619858198033787,False,False,[0.5 0.1 0.3]
460.055838,100,532.04208,0.20360991455345895,False,False,[0.5 0.1 0.3]
357.287423,100,532.280565,0.14581982249491243,False,False,[0.5 0.1 0.3]
474.845037,100,532.962457,0.18234767853814765,False,False,[0.5 0.1 0.3]
501.215989,100,533.171978,0.0582261902257619,False,False,[0.5 0.1 0.3]
436.859393,100,533.394319,0.18372756833729464,False,False,[0.5 0.1 0.3]
458.667189,100,533.612171,0.04172779023340339,False,False,[0.5 0.1 0.3]
201.673576,88,533.822702,0.28319319929827386,True,False,[0.5 0.1 0.3]
468.258449,100,534.035113,0.12249649907832907,False,False,[0.5 0.1 0.3]
355.538646,100,534.258104,0.31016133528147477,False,False,[0.5 0.1 0.3]
397.597571,100,534.474195,0.277051096752635,False,False,[0.5 0.1 0.3]
503.255367,100,534.689059,0.0870024339360227,False,False,[0.5 0.1 0.3]
382.426831,100,534.933239,0.30664975815266426,False,False,[0.5 0.1 0.3]
391.574932,100,535.150829,0.09719748540999959,False,False,[0.5 0.1 0.3]
397.72799,100,535.369167,0.3115765422254789,False,False,[0.5 0.1 0.3]
443.650857,100,535.685885,0.13966704095215554,False,False,[0.5 0.1 0.3]
437.281554,100,535.904424,0.1705456505758859,False,False,[0.5 0.1 0.3]
419.217182,100,536.12775,0.15722998903995247,False,False,[0.5 0.1 0.3]
344.756938,100,536.351954,0.29747243090062736,False,False,[0.5 0.1 0.3]
490.864294,100,536.563696,0.16287797155841174,False,False,[0.5 0.1 0.3]
462.278966,100,536.776732,0.13118925622200195,False,False,[0.5 0.1 0.3]
534.263278,100,536.985925,0.1294271706373256,False,False,[0.5 0.1 0.3]
493.720168,100,537.299868,0.019156346542528176,False,False,[0.5 0.1 0.3]
382.928539,100,537.550314,0.07562261776908721,False,False,[0.5 0.1 0.3]
442.680982,100,538.232797,0.0486365901273412,False,False,[0.5 0.1 0.3]
384.967981,100,538.441523,0.256736477845776,False,False,[0.5 0.1 0.3]
444.858342,100,538.653558,0.24998178573659463,False,False,[0.5 0.1 0.3]
526.510791,100,538.858788,0.06160151623815153,False,False,[0.5 0.1 0.3]
457.399975,100,539.072008,0.1845808456139865,False,False,[0.5 0.1 0.3]
299.782755,100,539.288621,0.38491870509189063,False,False,[0.5 0.1 0.3]
351.751907,100,539.501902,0.282327378457614,False,False,[0.5 0.1 0.3]
487.869298,100,539.810448,0.1803431859339262,False,False,[0.5 0.1 0.3]
450.26556,100,540.026943,0.23143863331383385,False,False,[0.5 0.1 0.3]
337.710683,100,540.270693,0.3065854647363097,False,False,[0.5 0.1 0.3]
434.888472,100,540.480394,0.20773758874062342,False,False,[0.5 0.1 0.3]
327.197247,100,540.695713,0.27160705701569715,False,False,[0.5 0.1 0.3]
385.788223,100,540.919447,0.17786380642067998,False,False,[0.5 0.1 0.3]
442.939002,100,541.138704,0.15323916082633657,False,False,[0.5 0.1 0.3]
555.2723,100,541.350775,0.07044021358458458,False,False,[0.5 0.1 0.3]
388.139879,100,541.572602,0.22529585140679664,False,False,[0.5 0.1 0.3]
450.467513,100,541.789975,0.11222867432519346,False,False,[0.5 0.1 0.3]
369.358562,100,542.01418,0.26373659268104893,False,False,[0.5 0.1 0.3]
400.250925,100,542.230583,0.23536926198956146,False,False,[0.5 0.1 0.3]
381.68643,100,542.446742,0.23216908899295377,False,False,[0.5 0.1 0.3]
379.58635,100,543.137359,0.23704274599365147,False,False,[0.5 0.1 0.3]
512.269972,100,543.35646,0.09259562736556376,False,False,[0.5 0.1 0.3]
380.714206,100,543.579067,0.26847135494103475,False,False,[0.5 0.1 0.3]
312.059411,84,543.78051,0.23267821939494354,True,False,[0.5 0.1 0.3]
238.541613,87,543.989386,0.30030264042655813,True,False,[0.5 0.1 0.3]
402.431971,100,544.206535,0.22385789918045298,False,False,[0.5 0.1 0.3]
404.797661,100,544.424816,0.15669227999174765,False,False,[0.5 0.1 0.3]
174.033963,66,544.60136,0.2505809425270721,True,False,[0.5 0.1 0.3]
411.57391,100,544.815513,0.1848392150346232,False,False,[0.5 0.1 0.3]
596.671915,100,545.025374,0.12019167969266445,False,False,[0.5 0.1 0.3]
432.04884,100,545.266809,0.17433659247688948,False,False,[0.5 0.1 0.3]
451.816872,100,545.485561,0.1576191557041427,False,False,[0.5 0.1 0.3]
477.845979,100,545.705122,0.16916126284685296,False,False,[0.5 0.1 0.3]
436.420604,100,545.927379,0.25623680108281194,False,False,[0.5 0.1 0.3]
240.789378,73,546.114084,0.23968280945462692,True,False,[0.5 0.1 0.3]
503.839794,100,546.329459,0.13369740829344387,False,False,[0.5 0.1 0.3]
203.68703,81,546.527032,0.3072850110107784,True,False,[0.5 0.1 0.3]
323.238951,100,546.745292,0.4115860901284996,False,False,[0.5 0.1 0.3]
397.184535,100,546.965208,0.28719607522048596,False,False,[0.5 0.1 0.3]
422.616616,100,547.182484,0.19498399137689454,False,False,[0.5 0.1 0.3]
401.192774,100,547.388514,0.1311183265917566,False,False,[0.5 0.1 0.3]
418.472047,100,547.611753,0.2721419213533049,False,False,[0.5 0.1 0.3]
373.673314,100,548.284163,0.18628506350395072,False,False,[0.5 0.1 0.3]
740.935259,100,548.505305,0.0711293648601328,False,False,[0.5 0.1 0.3]
416.330637,100,548.728197,0.1849597258486181,False,False,[0.5 0.1 0.3]
438.47883,100,548.941516,0.12784993879221035,False,False,[0.5 0.1 0.3]
490.202457,100,549.150617,0.13873046549492324,False,False,[0.5 0.1 0.3]
441.751982,100,549.359746,0.1427672064557181,False,False,[0.5 0.1 0.3]
424.281671,100,549.57311,0.1934713668954113,False,False,[0.5 0.1 0.3]
523.49845,100,549.795264,0.11305822759851404,False,False,[0.5 0.1 0.3]
389.580477,100,550.010515,0.2533443681838365,False,False,[0.5 0.1 0.3]
393.254926,100,550.268482,0.23460090471778428,False,False,[0.5 0.1 0.3]
200.001123,74,550.46066,0.2993086439846852,True,False,[0.5 0.1 0.3]
223.474688,81,550.657804,0.25960137876885525,True,False,[0.5 0.1 0.3]
382.685775,100,550.874497,0.16488728085666826,False,False,[0.5 0.1 0.3]
465.441715,100,551.096873,0.23984486016734138,False,False,[0.5 0.1 0.3]
433.974665,100,551.319667,0.17392754887004552,False,False,[0.5 0.1 0.3]
409.278517,100,551.53663,0.14825786815221326,False,False,[0.5 0.1 0.3]
270.787107,90,551.751251,0.27614914022540255,True,False,[0.5 0.1 0.3]
485.631502,100,552.055111,0.14860620429734736,False,False,[0.5 0.1 0.3]
377.690336,100,552.273615,0.14189372883046672,False,False,[0.5 0.1 0.3]
310.196686,79,552.473507,0.2574161838676691,True,False,[0.5 0.1 0.3]
411.619695,100,552.691285,0.27498826255918135,False,False,[0.5 0.1 0.3]
421.111891,100,553.393439,0.12547501378220852,False,False,[0.5 0.1 0.3]
539.250416,100,553.611366,0.11454397456338948,False,False,[0.5 0.1 0.3]
425.999692,100,553.823751,0.22444221795766045,False,False,[0.5 0.1 0.3]
465.62296,100,554.127307,0.10451886329072292,False,False,[0.5 0.1 0.3]
459.627338,100,554.340503,0.2538057495562372,False,False,[0.5 0.1 0.3]
417.807086,100,554.645861,0.10088505854640509,False,False,[0.5 0.1 0.3]
212.323344,77,554.843384,0.2783815996006684,True,False,[0.5 0.1 0.3]
450.330025,100,555.055198,0.033972679560453786,False,False,[0.5 0.1 0.3]
391.796827,100,555.270254,0.18711607267810984,False,False,[0.5 0.1 0.3]
353.531886,100,555.487416,0.17063890926883618,False,False,[0.5 0.1 0.3]
373.555587,100,555.732122,0.23089265815092322,False,False,[0.5 0.1 0.3]
322.390894,100,555.953697,0.41052696705409203,False,False,[0.5 0.1 0.3]
400.638527,100,556.183388,0.19096636908681436,False,False,[0.5 0.1 0.3]
368.470293,100,556.398962,0.2055594920574107,False,False,[0.5 0.1 0.3]
467.766159,100,556.608979,0.1932830362616824,False,False,[0.5 0.1 0.3]
429.643556,100,556.831573,0.03988717964888941,False,False,[0.5 0.1 0.3]
514.225912,100,557.048377,0.1506115503803519,False,False,[0.5 0.1 0.3]
511.77121,100,557.268514,0.12641251856669686,False,False,[0.5 0.1 0.3]
370.86985,100,557.487756,0.26599529429562396,False,False,[0.5 0.1 0.3]
503.535746,100,557.71369,0.11399283912425302,False,False,[0.5 0.1 0.3]
316.59912,100,557.959903,0.3702343277126694,False,False,[0.5 0.1 0.3]
427.496289,100,558.631422,0.20781661381039232,False,False,[0.5 0.1 0.3]
361.072363,100,558.847926,0.22838226911057666,False,False,[0.5 0.1 0.3]
485.069953,100,559.058505,0.08117123513145885,False,False,[0.5 0.1 0.3]
397.084824,100,559.277835,0.13681157469605645,False,False,[0.5 0.1 0.3]
485.438585,100,559.48972,0.12682466083262933,False,False,[0.5 0.1 0.3]
383.420588,100,559.807007,0.20676256058764275,False,False,[0.5 0.1 0.3]
467.471739,100,560.031685,0.11817280377134586,False,False,[0.5 0.1 0.3]
382.965639,100,560.246828,0.21942963246945765,False,False,[0.5 0.1 0.3]
325.244464,92,560.45829,0.2178060925963964,True,False,[0.5 0.1 0.3]
404.394976,100,560.694509,0.19975778912637315,False,False,[0.5 0.1 0.3]
229.231291,78,560.889299,0.24584258231392853,True,False,[0.5 0.1 0.3]
309.412318,100,561.103748,0.2652842402499762,False,False,[0.5 0.1 0.3]
393.225888,100,561.321017,0.3091657292576545,False,False,[0.5 0.1 0.3]
524.657166,100,561.535902,0.1387346933064336,False,False,[0.5 0.1 0.3]
389.840993,100,561.750279,0.19685987938724006,False,False,[0.5 0.1 0.3]
450.489321,100,561.966535,0.1715100867133693,False,False,[0.5 0.1 0.3]
294.014568,100,562.182489,0.3743830310477542,False,False,[0.5 0.1 0.3]
439.922533,100,562.407996,0.4299435680881431,False,False,[0.5 0.1 0.3]
361.507796,100,562.619727,0.20326935645801764,False,False,[0.5 0.1 0.3]
483.511401,100,562.843076,0.1233003218810854,False,False,[0.5 0.1 0.3]
413.196195,100,563.553162,0.1536536800775821,False,False,[0.5 0.1 0.3]
436.478903,100,563.774628,0.10659325153896232,False,False,[0.5 0.1 0.3]
343.687197,100,563.988601,0.21533752652333382,False,False,[0.5 0.1 0.3]
422.738591,100,564.205548,0.21627766457383824,False,False,[0.5 0.1 0.3]
358.276149,100,564.415161,0.29263581039571235,False,False,[0.5 0.1 0.3]
440.429315,100,564.6273,0.13687071327846093,False,False,[0.5 0.1 0.3]
420.707304,100,564.844853,0.19308823138968975,False,False,[0.5 0.1 0.3]
370.4305,100,565.052934,0.326254123717064,False,False,[0.5 0.1 0.3]
377.006801,100,565.274879,0.2856481851099521,False,False,[0.5 0.1 0.3]
289.097837,100,565.491616,0.24590863657988477,False,False,[0.5 0.1 0.3]
132.141224,56,565.675531,0.2486624495217573,True,False,[0.5 0.1 0.3]
253.909943,100,565.894138,0.29782247039612186,False,False,[0.5 0.1 0.3]
355.853227,100,566.121557,0.2506117362656673,False,False,[0.5 0.1 0.3]
293.949241,100,566.338609,0.2606495383658341,False,False,[0.5 0.1 0.3]
331.376842,100,566.558728,0.3169704518063584,False,False,[0.5 0.1 0.3]
330.548958,100,566.773278,0.1959448558862585,False,False,[0.5 0.1 0.3]
509.635133,100,566.990501,0.16981794820534404,False,False,[0.5 0.1 0.3]
412.488039,100,567.2107,0.10546298040861612,False,False,[0.5 0.1 0.3]
398.413134,100,567.4245,0.11969383113829589,False,False,[0.5 0.1 0.3]
334.740311,100,567.643665,0.3893849653083959,False,False,[0.5 0.1 0.3]
352.942399,100,567.865512,0.12989851028941785,False,False,[0.5 0.1 0.3]
324.451168,100,568.5442,0.2817927726029957,False,False,[0.5 0.1 0.3]
449.616087,100,568.758703,0.1223603925870628,False,False,[0.5 0.1 0.3]
391.666843,100,568.973121,0.1314121675277911,False,False,[0.5 0.1 0.3]
522.709428,100,569.189796,0.09493714272973407,False,False,[0.5 0.1 0.3]
406.74437,100,569.404166,0.05486001333430235,False,False,[0.5 0.1 0.3]
315.14608,100,569.621625,0.3376276998924197,False,False,[0.5 0.1 0.3]
468.465309,100,569.843047,0.11785802007496766,False,False,[0.5 0.1 0.3]
479.289881,100,570.062633,0.23113248358105337,False,False,[0.5 0.1 0.3]
411.239081,100,570.371203,0.29137116642619093,False,False,[0.5 0.1 0.3]
377.935528,100,570.608038,0.19510069426505536,False,False,[0.5 0.1 0.3]
731.420386,100,570.823843,0.11303994010631438,False,False,[0.5 0.1 0.3]
663.159633,100,571.049887,0.31364665829254645,False,False,[0.5 0.1 0.3]
336.697697,100,571.279872,0.24035732783108982,False,False,[0.5 0.1 0.3]
394.488712,100,571.495915,0.1917659040595308,False,False,[0.5 0.1 0.3]
411.958788,100,571.717741,0.19321113608201973,False,False,[0.5 0.1 0.3]
311.463347,100,571.944718,0.3108668893401863,False,False,[0.5 0.1 0.3]
539.46941,100,572.176199,0.1391542048315249,False,False,[0.5 0.1 0.3]
304.495648,100,572.396623,0.3087222590107237,False,False,[0.5 0.1 0.3]
474.911173,100,572.609812,0.20986605020957586,False,False,[0.5 0.1 0.3]
326.51352,100,572.833375,0.25205729099677526,False,False,[0.5 0.1 0.3]
521.515811,100,573.078485,0.09801390924054833,False,False,[0.5 0.1 0.3]
391.791131,100,573.769454,0.19994504074975536,False,False,[0.5 0.1 0.3]
359.798677,100,573.995929,0.2689625868822287,False,False,[0.5 0.1 0.3]
314.414633,100,574.223947,0.5073939768073129,False,False,[0.5 0.1 0.3]
348.706887,100,574.452721,0.2929368229487032,False,False,[0.5 0.1 0.3]
310.315728,93,574.665726,0.2586649781355699,True,False,[0.5 0.1 0.3]
475.595893,100,574.88237,0.13594305995300607,False,False,[0.5 0.1 0.3]
461.784365,100,575.10034,0.11797141638762834,False,False,[0.5 0.1 0.3]
377.115892,100,575.323094,0.19319070692047646,False,False,[0.5 0.1 0.3]
355.002665,100,575.544894,0.288262083849937,False,False,[0.5 0.1 0.3]
366.133215,100,575.793497,0.28561092109236735,False,False,[0.5 0.1 0.3]
407.610121,100,576.027173,0.18401955503123318,False,False,[0.5 0.1 0.3]
469.093607,100,576.26499,0.16229387740341233,False,False,[0.5 0.1 0.3]
414.519472,100,576.486335,0.2456908632643755,False,False,[0.5 0.1 0.3]
402.237196,100,576.705649,0.20153221620836434,False,False,[0.5 0.1 0.3]
368.8058,100,577.026984,0.26279526494917216,False,False,[0.5 0.1 0.3]
403.058629,100,577.255514,0.21635909099733272,False,False,[0.5 0.1 0.3]
479.376767,100,577.567364,0.09533002373735436,False,False,[0.5 0.1 0.3]
338.173091,100,577.783748,0.3393428353020996,False,False,[0.5 0.1 0.3]
445.221646,100,578.00651,0.18742702162424435,False,False,[0.5 0.1 0.3]
356.136516,100,578.255265,0.20965831596530546,False,False,[0.5 0.1 0.3]
469.719439,100,578.926583,0.11878338960502413,False,False,[0.5 0.1 0.3]
410.368391,100,579.141641,0.2539169742411158,False,False,[0.5 0.1 0.3]
362.375403,100,579.35871,0.2415156682783918,False,False,[0.5 0.1 0.3]
403.505967,100,579.576694,0.17997914415113872,False,False,[0.5 0.1 0.3]
507.942237,100,579.794144,0.17361288533952343,False,False,[0.5 0.1 0.3]
450.726158,100,580.006814,0.11280970404210562,False,False,[0.5 0.1 0.3]
450.162776,100,580.223337,0.25961576632281314,False,False,[0.5 0.1 0.3]
418.121713,100,580.449135,0.2371718886337658,False,False,[0.5 0.1 0.3]
470.522493,100,580.668535,0.15615253687256583,False,False,[0.5 0.1 0.3]
437.711725,100,580.915279,0.06362512481274166,False,False,[0.5 0.1 0.3]
470.443221,100,581.137305,0.18198824405051392,False,False,[0.5 0.1 0.3]
470.656674,100,581.357537,0.1000195423027521,False,False,[0.5 0.1 0.3]
397.703594,100,581.579064,0.2267226771415231,False,False,[0.5 0.1 0.3]
352.826611,100,581.79975,0.2666035923651946,False,False,[0.5 0.1 0.3]
524.177252,100,582.015777,0.14332336233739298,False,False,[0.5 0.1 0.3]
641.816458,100,582.237847,0.06550509106716104,False,False,[0.5 0.1 0.3]
485.790269,100,582.457683,0.0895276643587891,False,False,[0.5 0.1 0.3]
430.623435,100,582.68291,0.20531694691277796,False,False,[0.5 0.1 0.3]
400.558528,100,582.903242,0.22180545521795964,False,False,[0.5 0.1 0.3]
385.963428,100,583.117191,0.28654155540756326,False,False,[0.5 0.1 0.3]
331.516986,100,583.343919,0.2907809911432832,False,False,[0.5 0.1 0.3]
365.131815,100,584.022843,0.29459450040512747,False,False,[0.5 0.1 0.3]
457.952981,100,584.244442,0.19999855036893377,False,False,[0.5 0.1 0.3]
397.934687,100,584.469381,0.22284107307276368,False,False,[0.5 0.1 0.3]
284.057181,92,584.674068,0.22123338156162786,True,False,[0.5 0.1 0.3]
454.718246,100,584.892318,0.20919777070999052,False,False,[0.5 0.1 0.3]
468.596019,100,585.112453,0.18293035502079505,False,False,[0.5 0.1 0.3]
469.478595,100,585.32371,0.1407087298597122,False,False,[0.5 0.1 0.3]
473.847899,100,585.545088,0.08607955567952974,False,False,[0.5 0.1 0.3]
385.462239,100,585.758939,0.1786087406800448,False,False,[0.5 0.1 0.3]
301.23219,100,586.003472,0.32960203564091106,False,False,[0.5 0.1 0.3]
420.071294,100,586.234835,0.1303550324869585,False,False,[0.5 0.1 0.3]
285.840397,84,586.442338,0.25878529380678295,True,False,[0.5 0.1 0.3]
449.734018,100,586.659015,0.18920116401681944,False,False,[0.5 0.1 0.3]
405.995874,100,586.87404,0.06800242804432895,False,False,[0.5 0.1 0.3]
369.623343,100,587.165992,0.16736607383598878,False,False,[0.5 0.1 0.3]
415.322533,100,587.380661,0.18843226744054764,False,False,[0.5 0.1 0.3]
545.196594,100,587.597101,0.09390749840326637,False,False,[0.5 0.1 0.3]
328.000225,100,587.816893,0.33885075459811037,False,False,[0.5 0.1 0.3]
467.595187,100,588.130994,0.245418186329063,False,False,[0.5 0.1 0.3]
484.233958,100,588.444858,0.12455852530738717,False,False,[0.5 0.1 0.3]
461.185338,100,589.127936,0.11425849284089358,False,False,[0.5 0.1 0.3]
310.029579,100,589.345147,0.3089368710852854,False,False,[0.5 0.1 0.3]
446.332426,100,589.64843,0.20542553938308042,False,False,[0.5 0.1 0.3]
390.028288,100,589.951873,0.32535328886799303,False,False,[0.5 0.1 0.3]
489.064179,100,590.274899,0.13268773908192544,False,False,[0.5 0.1 0.3]
476.70084,100,590.499375,0.12460356239224603,False,False,[0.5 0.1 0.3]
413.38707,100,590.71572,0.15574560642007398,False,False,[0.5 0.1 0.3]
371.710469,100,590.951418,0.3505836632761553,False,False,[0.5 0.1 0.3]
474.799886,100,591.169456,0.09913189930158996,False,False,[0.5 0.1 0.3]
419.912255,100,591.375482,0.11139157436838075,False,False,[0.5 0.1 0.3]
434.192858,100,591.599496,0.11426927273701526,False,False,[0.5 0.1 0.3]
331.364425,100,591.816897,0.2683809508468204,False,False,[0.5 0.1 0.3]
470.122717,100,592.037323,0.17657180020487798,False,False,[0.5 0.1 0.3]
376.48382,100,592.262197,0.26823339391782675,False,False,[0.5 0.1 0.3]
384.652217,100,592.494753,0.2722701227916872,False,False,[0.5 0.1 0.3]
345.088323,100,592.706841,0.3332747817620713,False,False,[0.5 0.1 0.3]
352.759602,100,592.915538,0.29772298432842154,False,False,[0.5 0.1 0.3]
421.176631,100,593.164131,0.3400969143684178,False,False,[0.5 0.1 0.3]
255.534139,81,593.373884,0.22043444525390102,True,False,[0.5 0.1 0.3]
474.317491,100,593.589047,0.21308041169137784,False,False,[0.5 0.1 0.3]
555.307468,100,593.803423,0.1055943848907665,False,False,[0.5 0.1 0.3]
434.541814,100,594.498108,0.29707366413586817,False,False,[0.5 0.1 0.3]
430.393305,100,594.718299,0.23219590322620376,False,False,[0.5 0.1 0.3]
318.094121,100,595.030253,0.33552579971369423,False,False,[0.5 0.1 0.3]
490.942237,100,595.340862,0.161801902633197,False,False,[0.5 0.1 0.3]
438.322665,100,595.556362,0.14512132971632347,False,False,[0.5 0.1 0.3]
484.474378,100,595.773038,0.1826561043159198,False,False,[0.5 0.1 0.3]
495.211624,100,595.997485,0.19330030885608698,False,False,[0.5 0.1 0.3]
458.495261,100,596.221095,0.11550118459449894,False,False,[0.5 0.1 0.3]
503.107182,100,596.445098,0.14423313401802215,False,False,[0.5 0.1 0.3]
526.772267,100,596.660006,0.09842515731412951,False,False,[0.5 0.1 0.3]
477.068091,100,596.877854,0.07437842694574667,False,False,[0.5 0.1 0.3]
498.468417,100,597.095073,0.08814621988845393,False,False,[0.5 0.1 0.3]
440.771224,100,597.313615,0.18883676796739726,False,False,[0.5 0.1 0.3]
194.912914,69,597.594423,0.2118039320607594,True,False,[0.5 0.1 0.3]
426.85927,100,597.810108,0.30528895574382103,False,False,[0.5 0.1 0.3]
349.195604,100,598.024366,0.28418142378510053,False,False,[0.5 0.1 0.3]
474.397217,100,598.270849,0.16051273031144533,False,False,[0.5 0.1 0.3]
349.594272,100,598.495043,0.2822119329456482,False,False,[0.5 0.1 0.3]
160.594845,63,598.673982,0.2507681994241204,True,False,[0.5 0.1 0.3]
388.476096,100,598.89035,0.2264414573689776,False,False,[0.5 0.1 0.3]
432.490628,100,599.197016,0.152107281915735,False,False,[0.5 0.1 0.3]
416.613727,100,599.882883,0.17718910326297097,False,False,[0.5 0.1 0.3]
355.093013,100,600.107735,0.21441780359844986,False,False,[0.5 0.1 0.3]
339.460352,100,600.333703,0.25664717512489577,False,False,[0.5 0.1 0.3]
406.465865,100,600.555295,0.18053857990312172,False,False,[0.5 0.1 0.3]
368.275109,100,600.774665,0.21588033607190857,False,False,[0.5 0.1 0.3]
372.86768,100,600.98203,0.21909970637437573,False,False,[0.5 0.1 0.3]
446.326129,100,601.193142,0.07945992422948832,False,False,[0.5 0.1 0.3]
354.184228,100,601.40792,0.3048967143193687,False,False,[0.5 0.1 0.3]
338.231383,100,601.621439,0.2988552015478281,False,False,[0.5 0.1 0.3]
506.259486,100,601.836775,0.07457289793379404,False,False,[0.5 0.1 0.3]
399.569567,100,602.054251,0.15902806044972145,False,False,[0.5 0.1 0.3]
403.431946,100,602.273879,0.20096713020075338,False,False,[0.5 0.1 0.3]
448.330218,100,602.487224,0.13548314986381677,False,False,[0.5 0.1 0.3]
494.93741,100,602.702777,0.10499684752758492,False,False,[0.5 0.1 0.3]
542.984785,100,602.928987,0.06328557522992363,False,False,[0.5 0.1 0.3]
359.303349,100,603.167904,0.27108681934389517,False,False,[0.5 0.1 0.3]
462.070504,100,603.387741,0.10488682092191903,False,False,[0.5 0.1 0.3]
500.326238,100,603.605579,0.1087008982717296,False,False,[0.5 0.1 0.3]
420.232365,100,603.822739,0.1851263492151193,False,False,[0.5 0.1 0.3]
505.916414,100,604.039694,0.20298897343611966,False,False,[0.5 0.1 0.3]
411.034826,100,604.34318,0.14794921237588524,False,False,[0.5 0.1 0.3]
364.672086,100,605.019419,0.30101423808919514,False,False,[0.5 0.1 0.3]
380.680855,100,605.239403,0.22028007366223026,False,False,[0.5 0.1 0.3]
521.222116,100,605.466818,0.06427458914993064,False,False,[0.5 0.1 0.3]
486.642238,100,605.684989,0.1321311511691898,False,False,[0.5 0.1 0.3]
324.359692,100,605.922417,0.24274608856517954,False,False,[0.5 0.1 0.3]
401.285031,100,606.139179,0.19504921948982354,False,False,[0.5 0.1 0.3]
455.517169,100,606.353549,0.17538124105481565,False,False,[0.5 0.1 0.3]
344.584713,100,606.576695,0.3070668958223609,False,False,[0.5 0.1 0.3]
381.345817,100,606.791213,0.28750605296783593,False,False,[0.5 0.1 0.3]
466.861174,100,607.005419,0.15513587040951504,False,False,[0.5 0.1 0.3]
406.062315,100,607.228979,0.0876003057030549,False,False,[0.5 0.1 0.3]
383.616811,100,607.449244,0.18480029929246386,False,False,[0.5 0.1 0.3]
394.367013,100,607.668098,0.21448870992554245,False,False,[0.5 0.1 0.3]
440.926391,100,607.886611,0.1550797663503144,False,False,[0.5 0.1 0.3]
58.10702,36,608.063641,0.23190316548696216,True,False,[0.5 0.1 0.3]
685.38111,100,608.285805,0.10702610385803209,False,False,[0.5 0.1 0.3]
422.393575,100,608.503068,0.10508706633215868,False,False,[0.5 0.1 0.3]
471.208011,100,608.727335,0.13417352074337946,False,False,[0.5 0.1 0.3]
461.536731,100,608.943076,0.21242078699417352,False,False,[0.5 0.1 0.3]
211.746268,75,609.14244,0.365402110297104,True,False,[0.5 0.1 0.3]
409.795133,100,609.355823,0.26576080681110487,False,False,[0.5 0.1 0.3]
363.381453,100,610.040702,0.29735912936925524,False,False,[0.5 0.1 0.3]
354.098635,100,610.269376,0.22926960204913902,False,False,[0.5 0.1 0.3]
399.640768,100,610.498693,0.23274251345689984,False,False,[0.5 0.1 0.3]
801.213865,100,610.750039,0.049384840097698876,False,False,[0.5 0.1 0.3]
281.890772,91,610.963778,0.2499406790580491,True,False,[0.5 0.1 0.3]
503.05633,100,611.282004,0.07563478023715449,False,False,[0.5 0.1 0.3]
485.970783,100,611.493003,0.1256575625450363,False,False,[0.5 0.1 0.3]
442.751569,100,611.718217,0.18218541206391806,False,False,[0.5 0.1 0.3]
453.984577,100,611.937443,0.22047731545463492,False,False,[0.5 0.1 0.3]
460.05,100,612.153531,0.1695028190530347,False,False,[0.5 0.1 0.3]
368.785415,100,612.366482,0.26781662507062703,False,False,[0.5 0.1 0.3]
397.837943,100,612.66756,0.2570184042951508,False,False,[0.5 0.1 0.3]
465.573761,100,612.905126,0.15621078783926048,False,False,[0.5 0.1 0.3]
385.139711,100,613.112974,0.10035210659637765,False,False,[0.5 0.1 0.3]
479.396025,100,613.330629,0.20237569209367903,False,False,[0.5 0.1 0.3]
352.111234,100,613.549529,0.13471927086631005,False,False,[0.5 0.1 0.3]
417.083882,100,613.762272,0.12857870661122214,False,False,[0.5 0.1 0.3]
459.494831,100,613.976202,0.22235101009615688,False,False,[0.5 0.1 0.3]
377.571615,100,614.199306,0.19505007793710263,False,False,[0.5 0.1 0.3]
431.519247,100,614.413507,0.22637206574746294,False,False,[0.5 0.1 0.3]
359.865392,100,614.636654,0.23699469040408475,False,False,[0.5 0.1 0.3]
469.021864,100,615.314287,0.21688106085509956,False,False,[0.5 0.1 0.3]
387.34606,100,615.526164,0.16097478334494073,False,False,[0.5 0.1 0.3]
512.929432,100,615.74359,0.1631659793927173,False,False,[0.5 0.1 0.3]
511.60873,100,615.963754,0.08613219625377731,False,False,[0.5 0.1 0.3]
557.398901,100,616.1855,0.015334251295850268,False,False,[0.5 0.1 0.3]
454.587614,100,616.402925,0.1430821741678741,False,False,[0.5 0.1 0.3]
513.580441,100,616.627253,0.07834936608920998,False,False,[0.5 0.1 0.3]
518.835552,100,616.847266,0.23226989893396974,False,False,[0.5 0.1 0.3]
417.97372,100,617.072756,0.2050504671075633,False,False,[0.5 0.1 0.3]
404.447168,100,617.299201,0.2810377958697264,False,False,[0.5 0.1 0.3]
530.709632,100,617.523379,0.23256653362668575,False,False,[0.5 0.1 0.3]
323.287674,94,617.766463,0.27815984073538186,True,False,[0.5 0.1 0.3]
356.909556,100,618.005247,0.28731392345604095,False,False,[0.5 0.1 0.3]
145.466725,59,618.179955,0.2797085920952176,True,False,[0.5 0.1 0.3]
489.969113,100,618.498696,0.09170841566105815,False,False,[0.5 0.1 0.3]
481.232373,100,618.713484,0.2526192357344314,False,False,[0.5 0.1 0.3]
485.695112,100,618.929866,0.13086477662321172,False,False,[0.5 0.1 0.3]
533.289382,100,619.147691,0.04027438141569311,False,False,[0.5 0.1 0.3]
366.436692,100,619.364492,0.22365256292312227,False,False,[0.5 0.1 0.3]
506.442684,100,619.578601,0.11989306643102582,False,False,[0.5 0.1 0.3]
299.086807,100,619.798079,0.3952871314626419,False,False,[0.5 0.1 0.3]
426.184578,100,620.472572,0.14074664955467886,False,False,[0.5 0.1 0.3]
513.189551,100,620.701836,0.15051787883318996,False,False,[0.5 0.1 0.3]
420.860625,100,620.919213,0.13181682776349854,False,False,[0.5 0.1 0.3]
398.137343,100,621.143149,0.20620870315156806,False,False,[0.5 0.1 0.3]
428.676335,100,621.354909,0.2554558784814183,False,False,[0.5 0.1 0.3]
425.13713,100,621.575693,0.14583000442994304,False,False,[0.5 0.1 0.3]
528.214467,100,621.788463,0.15050540341001586,False,False,[0.5 0.1 0.3]
376.207579,100,622.005908,0.3361961884986759,False,False,[0.5 0.1 0.3]
351.001454,100,622.225558,0.18336305092339722,False,False,[0.5 0.1 0.3]
360.694282,100,622.444278,0.21064536376745513,False,False,[0.5 0.1 0.3]
451.20772,100,622.69274,0.1683707959386423,False,False,[0.5 0.1 0.3]
494.030398,100,622.907465,0.2386479118083542,False,False,[0.5 0.1 0.3]
516.029008,100,623.121899,0.15125986354589174,False,False,[0.5 0.1 0.3]
501.049697,100,623.340384,0.11501529388189684,False,False,[0.5 0.1 0.3]
335.839025,100,623.558208,0.1920334720065815,False,False,[0.5 0.1 0.3]
395.908341,100,623.77604,0.2669744940917139,False,False,[0.5 0.1 0.3]
431.319736,100,623.997336,0.23350428560290987,False,False,[0.5 0.1 0.3]
397.412737,100,624.2194,0.1702532539383495,False,False,[0.5 0.1 0.3]
525.121615,100,624.433019,0.07214399145059362,False,False,[0.5 0.1 0.3]
269.547106,100,624.649235,0.1793911930607339,False,False,[0.5 0.1 0.3]
398.339296,100,625.373334,0.25091520369597686,False,False,[0.5 0.1 0.3]
314.216945,90,625.589094,0.26865421862093675,True,False,[0.5 0.1 0.3]
453.108607,100,625.808239,0.20354017800578428,False,False,[0.5 0.1 0.3]
437.44537,100,626.023351,0.20227684872883844,False,False,[0.5 0.1 0.3]
359.818612,100,626.24149,0.29762739128317695,False,False,[0.5 0.1 0.3]
346.429801,100,626.46303,0.25024948073378955,False,False,[0.5 0.1 0.3]
537.04841,100,626.680604,0.18492698302595054,False,False,[0.5 0.1 0.3]
449.515107,100,626.902506,0.15563719857536776,False,False,[0.5 0.1 0.3]
270.467305,76,627.096476,0.21524378976818334,True,False,[0.5 0.1 0.3]
381.681177,100,627.315307,0.22063283820622823,False,False,[0.5 0.1 0.3]
503.660196,100,627.559236,0.2001008958914233,False,False,[0.5 0.1 0.3]
391.58542,100,627.767791,0.15224850622043298,False,False,[0.5 0.1 0.3]
373.606863,100,627.989841,0.1833117304798646,False,False,[0.5 0.1 0.3]
359.199626,100,628.308772,0.1810133506180504,False,False,[0.5 0.1 0.3]
428.361853,100,628.526395,0.21993077240560682,False,False,[0.5 0.1 0.3]
408.312423,100,628.745622,0.05351690020430356,False,False,[0.5 0.1 0.3]
388.571653,100,628.974452,0.24734506838441606,False,False,[0.5 0.1 0.3]
462.765256,100,629.188746,0.2288949956559201,False,False,[0.5 0.1 0.3]
420.891732,100,629.412547,0.23710196733789504,False,False,[0.5 0.1 0.3]
463.148941,100,629.634981,0.14816681546671398,False,False,[0.5 0.1 0.3]
364.035657,100,629.873664,0.2693957164560212,False,False,[0.5 0.1 0.3]
384.801351,100,630.55823,0.2357882593862925,False,False,[0.5 0.1 0.3]
468.231316,100,630.792421,0.25821691362367444,False,False,[0.5 0.1 0.3]
445.865289,100,631.010988,0.20075110299583157,False,False,[0.5 0.1 0.3]
455.401926,100,631.243274,0.21104107706687394,False,False,[0.5 0.1 0.3]
456.023906,100,631.458404,0.16016767733675674,False,False,[0.5 0.1 0.3]
343.297503,100,631.672562,0.32097307697704003,False,False,[0.5 0.1 0.3]
508.504432,100,631.880363,0.15074942861212515,False,False,[0.5 0.1 0.3]
456.02837,100,632.098526,0.2530420132637739,False,False,[0.5 0.1 0.3]
442.566999,100,632.34076,0.09901509976847675,False,False,[0.5 0.1 0.3]
339.330174,97,632.564869,0.354918183554093,True,False,[0.5 0.1 0.3]
217.552338,75,632.754461,0.2256513389775285,True,False,[0.5 0.1 0.3]
284.174563,68,632.945748,0.23489502006115978,True,False,[0.5 0.1 0.3]
411.000812,100,633.156917,0.13356100156093959,False,False,[0.5 0.1 0.3]
594.007966,100,633.369759,0.12475993597107593,False,False,[0.5 0.1 0.3]
437.993535,100,633.596863,0.13412373931423563,False,False,[0.5 0.1 0.3]
528.282729,100,633.817802,0.12097856835808271,False,False,[0.5 0.1 0.3]
419.79205,100,634.027915,0.1372731224920542,False,False,[0.5 0.1 0.3]
335.213014,100,634.24832,0.22851470183821823,False,False,[0.5 0.1 0.3]
433.600575,100,634.473912,0.1574298764684385,False,False,[0.5 0.1 0.3]
392.338119,100,634.72335,0.27178523070220667,False,False,[0.5 0.1 0.3]
457.968302,100,634.942064,0.17934811669509104,False,False,[0.5 0.1 0.3]
447.732681,100,635.62499,0.2760372586858294,False,False,[0.5 0.1 0.3]
488.170354,100,635.845029,0.13712913706847443,False,False,[0.5 0.1 0.3]
409.217649,100,636.059024,0.15395030202871418,False,False,[0.5 0.1 0.3]
345.880227,100,636.280853,0.29774807842258827,False,False,[0.5 0.1 0.3]
463.233815,100,636.499601,0.16984836902798583,False,False,[0.5 0.1 0.3]
390.28746,100,636.810822,0.25977867815895006,False,False,[0.5 0.1 0.3]
450.711144,100,637.036959,0.19970620250036863,False,False,[0.5 0.1 0.3]
416.140848,100,637.285612,0.3061869978131438,False,False,[0.5 0.1 0.3]
440.531411,100,637.500377,0.1226497378548812,False,False,[0.5 0.1 0.3]
403.769477,100,637.721599,0.18596964643005923,False,False,[0.5 0.1 0.3]
475.491749,100,637.932938,0.18742203439972277,False,False,[0.5 0.1 0.3]
368.225108,100,638.154457,0.21727590941498556,False,False,[0.5 0.1 0.3]
367.116232,100,638.370976,0.37188366751339175,False,False,[0.5 0.1 0.3]
425.022947,100,638.58832,0.21522433877968009,False,False,[0.5 0.1 0.3]
421.882159,100,638.807277,0.17224612986041996,False,False,[0.5 0.1 0.3]
567.631833,100,639.035818,0.18447520465523443,False,False,[0.5 0.1 0.3]
422.637531,100,639.253165,0.1870845243663692,False,False,[0.5 0.1 0.3]
182.112861,63,639.431928,0.29403537213370684,True,False,[0.5 0.1 0.3]
498.547842,100,639.744473,0.18653104313687957,False,False,[0.5 0.1 0.3]
365.366104,100,639.959143,0.31633411086275465,False,False,[0.5 0.1 0.3]
455.641349,100,640.178341,0.16701049184698905,False,False,[0.5 0.1 0.3]
422.309216,100,640.861318,0.19654658622957627,False,False,[0.5 0.1 0.3]
235.702113,90,641.085319,0.33719589804553624,True,False,[0.5 0.1 0.3]
520.413733,100,641.31083,0.13129499304677025,False,False,[0.5 0.1 0.3]
354.174845,100,641.535704,0.2736247125930798,False,False,[0.5 0.1 0.3]
516.036811,100,641.750174,0.23963151373178365,False,False,[0.5 0.1 0.3]
440.143429,100,641.968052,0.15008470817906194,False,False,[0.5 0.1 0.3]
395.361361,100,642.18621,0.27641342001734204,False,False,[0.5 0.1 0.3]
438.119949,100,642.407558,0.20826467987813949,False,False,[0.5 0.1 0.3]
344.007307,100,642.627726,0.3764590164422832,False,False,[0.5 0.1 0.3]
534.598466,100,642.846098,0.1500121997819289,False,False,[0.5 0.1 0.3]
508.577636,100,643.070265,0.12637187486164372,False,False,[0.5 0.1 0.3]
488.666048,100,643.29001,0.1198310085710072,False,False,[0.5 0.1 0.3]
378.856059,100,643.504496,0.22034248002757403,False,False,[0.5 0.1 0.3]
437.40681,100,643.716711,0.15506288026253326,False,False,[0.5 0.1 0.3]
326.586235,100,643.958435,0.2787521621579843,False,False,[0.5 0.1 0.3]
262.216848,96,644.171511,0.27442576702951205,True,False,[0.5 0.1 0.3]
401.745989,100,644.387046,0.2911535765608476,False,False,[0.5 0.1 0.3]
570.03497,100,644.609509,0.10088830639961027,False,False,[0.5 0.1 0.3]
416.009818,100,644.827644,0.1895253811004816,False,False,[0.5 0.1 0.3]
328.792879,100,645.051031,0.32847074916231406,False,False,[0.5 0.1 0.3]
425.475453,100,645.265471,0.22809439832956202,False,False,[0.5 0.1 0.3]
467.682572,100,645.946271,0.1494272413868075,False,False,[0.5 0.1 0.3]
432.943246,100,646.160314,0.3399577278011361,False,False,[0.5 0.1 0.3]
375.347539,100,646.378626,0.29281760951044516,False,False,[0.5 0.1 0.3]
328.40805,100,646.628931,0.37233845344037453,False,False,[0.5 0.1 0.3]
496.974012,100,646.842611,0.13298118950620055,False,False,[0.5 0.1 0.3]
424.781119,100,647.081575,0.08272167174933308,False,False,[0.5 0.1 0.3]
483.437878,100,647.304685,0.1320854852846858,False,False,[0.5 0.1 0.3]
394.843465,100,647.524956,0.18206829381941123,False,False,[0.5 0.1 0.3]
444.286546,100,647.733486,0.1355889400521972,False,False,[0.5 0.1 0.3]
480.401719,100,647.955945,0.11776706670904019,False,False,[0.5 0.1 0.3]
474.096645,100,648.17744,0.1514900560545782,False,False,[0.5 0.1 0.3]
400.763678,100,648.393544,0.2683235718442087,False,False,[0.5 0.1 0.3]
244.044135,75,648.609564,0.23752405942568502,True,False,[0.5 0.1 0.3]
517.241154,100,648.825289,0.15346190600193954,False,False,[0.5 0.1 0.3]
448.371458,100,649.045202,0.1726084366826999,False,False,[0.5 0.1 0.3]
416.152205,100,649.267481,0.1423443019453825,False,False,[0.5 0.1 0.3]
465.640926,100,649.483951,0.21408940762165318,False,False,[0.5 0.1 0.3]
461.622085,100,649.706159,0.10790870124947047,False,False,[0.5 0.1 0.3]
423.9632,100,649.919488,0.20556769796204363,False,False,[0.5 0.1 0.3]
324.22664,100,650.154779,0.24680195371792757,False,False,[0.5 0.1 0.3]
400.224353,100,650.843019,0.1849978468702825,False,False,[0.5 0.1 0.3]
336.982889,100,651.094145,0.12034647565931235,False,False,[0.5 0.1 0.3]
252.600019,83,651.295867,0.3159060089961382,True,False,[0.5 0.1 0.3]
407.961502,100,651.598116,0.2422375371298127,False,False,[0.5 0.1 0.3]
410.926317,100,651.814444,0.23945767369654733,False,False,[0.5 0.1 0.3]
428.743398,100,652.027027,0.2186755918467771,False,False,[0.5 0.1 0.3]
433.02367,100,652.248385,0.19497198804725807,False,False,[0.5 0.1 0.3]
422.642436,100,652.464531,0.11530338421502606,False,False,[0.5 0.1 0.3]
446.732162,100,652.68235,0.10927555515222419,False,False,[0.5 0.1 0.3]
438.488388,100,652.902033,0.18178826986622618,False,False,[0.5 0.1 0.3]
88.556743,42,653.071539,0.2406835388042971,True,False,[0.5 0.1 0.3]
439.124841,100,653.319094,0.11798727799138432,False,False,[0.5 0.1 0.3]
369.728847,100,653.534234,0.24798152032512724,False,False,[0.5 0.1 0.3]
321.210989,100,653.743926,0.3068629717223636,False,False,[0.5 0.1 0.3]
488.228526,100,653.972376,0.12196829606287687,False,False,[0.5 0.1 0.3]
522.135858,100,654.188987,0.06144107689444835,False,False,[0.5 0.1 0.3]
583.237587,100,654.411204,0.13100230966143347,False,False,[0.5 0.1 0.3]
453.789712,100,654.634592,0.12901127176989113,False,False,[0.5 0.1 0.3]
374.006732,100,654.847261,0.19312311122298456,False,False,[0.5 0.1 0.3]
431.982167,100,655.064584,0.2389718882397681,False,False,[0.5 0.1 0.3]
423.879648,100,655.297598,0.13635243008912432,False,False,[0.5 0.1 0.3]
477.582405,100,655.981991,0.08194172684665822,False,False,[0.5 0.1 0.3]
468.042164,100,656.200104,0.1731470874744741,False,False,[0.5 0.1 0.3]
423.726212,100,656.413267,0.17460110730504727,False,False,[0.5 0.1 0.3]
397.025151,100,656.626892,0.22437259238193433,False,False,[0.5 0.1 0.3]
522.47545,100,656.837381,0.13577218287976495,False,False,[0.5 0.1 0.3]
397.319674,100,657.059119,0.19216659162418143,False,False,[0.5 0.1 0.3]
465.289277,100,657.286096,0.17650403957623761,False,False,[0.5 0.1 0.3]
577.315548,100,657.592015,0.09621620238322882,False,False,[0.5 0.1 0.3]
479.170334,100,657.904962,0.159068399052311,False,False,[0.5 0.1 0.3]
443.993314,100,658.120528,0.2919811061418518,False,False,[0.5 0.1 0.3]
468.425055,100,658.350803,0.20852339333622433,False,False,[0.5 0.1 0.3]
484.714428,100,658.56519,0.054895723818108325,False,False,[0.5 0.1 0.3]
182.397028,62,658.745476,0.2949688358793753,True,False,[0.5 0.1 0.3]
441.176346,100,658.960936,0.22078218670851352,False,False,[0.5 0.1 0.3]
394.894081,100,659.182914,0.21705250859707922,False,False,[0.5 0.1 0.3]
361.692884,100,659.404915,0.28986288444833197,False,False,[0.5 0.1 0.3]
156.591921,66,659.593066,0.28459531635327323,True,False,[0.5 0.1 0.3]
395.725025,100,659.803388,0.2880684493318219,False,False,[0.5 0.1 0.3]
512.46411,100,660.106407,0.08651851037514222,False,False,[0.5 0.1 0.3]
512.610161,100,660.348637,0.0996848918447457,False,False,[0.5 0.1 0.3]
471.057044,100,660.558737,0.10001078956285843,False,False,[0.5 0.1 0.3]
425.703741,100,660.775014,0.2417098899928836,False,False,[0.5 0.1 0.3]
524.155218,100,661.460809,0.06992831569793556,False,False,[0.5 0.1 0.3]
342.481466,100,661.673943,0.3573322256895778,False,False,[0.5 0.1 0.3]
489.414002,100,661.890934,0.24417799407460986,False,False,[0.5 0.1 0.3]
422.866324,100,662.103783,0.24613114151287271,False,False,[0.5 0.1 0.3]
468.70636,100,662.412331,0.16472719235939448,False,False,[0.5 0.1 0.3]
505.277991,100,662.62556,0.12643741948555712,False,False,[0.5 0.1 0.3]
391.723828,100,662.865935,0.236987490511608,False,False,[0.5 0.1 0.3]
516.704733,100,663.08136,0.03683752167747354,False,False,[0.5 0.1 0.3]
380.228734,100,663.307208,0.217349264466089,False,False,[0.5 0.1 0.3]
419.582075,100,663.525315,0.21418473381289518,False,False,[0.5 0.1 0.3]
391.329941,100,663.754253,0.22406313295768773,False,False,[0.5 0.1 0.3]
444.441121,100,663.963965,0.1471621053238512,False,False,[0.5 0.1 0.3]
453.57794,100,664.18559,0.22583188401876214,False,False,[0.5 0.1 0.3]
337.85687,100,664.40996,0.4431508077867412,False,False,[0.5 0.1 0.3]
352.308594,100,664.628477,0.2706906106132845,False,False,[0.5 0.1 0.3]
493.217252,100,664.845747,0.10895997600138103,False,False,[0.5 0.1 0.3]
417.176723,100,665.085593,0.2201136852576672,False,False,[0.5 0.1 0.3]
380.814609,100,665.303847,0.20309491193494078,False,False,[0.5 0.1 0.3]
404.865389,100,665.516995,0.19170166078925852,False,False,[0.5 0.1 0.3]
475.590256,100,665.733344,0.20398546885195198,False,False,[0.5 0.1 0.3]
517.979492,100,666.416283,0.11635030229429967,False,False,[0.5 0.1 0.3]
451.437759,100,666.627512,0.14833272663559996,False,False,[0.5 0.1 0.3]
469.754998,100,666.840449,0.16278151215940545,False,False,[0.5 0.1 0.3]
280.565528,100,667.05975,0.41740756348428165,False,False,[0.5 0.1 0.3]
494.371312,100,667.28487,0.20266460117118618,False,False,[0.5 0.1 0.3]
461.578612,100,667.532068,0.11016982479116444,False,False,[0.5 0.1 0.3]
424.565088,100,667.742893,0.13916930065541477,False,False,[0.5 0.1 0.3]
495.157999,100,667.959239,0.08192666752672823,False,False,[0.5 0.1 0.3]
383.63957,100,668.173398,0.1982930761828992,False,False,[0.5 0.1 0.3]
448.169951,100,668.392717,0.21951604931763755,False,False,[0.5 0.1 0.3]
247.348926,78,668.588721,0.2230004786218676,True,False,[0.5 0.1 0.3]
207.541033,78,668.786471,0.4457111494089635,True,False,[0.5 0.1 0.3]
422.41452,100,669.096692,0.21935533373277616,False,False,[0.5 0.1 0.3]
444.32086,100,669.32349,0.295690006290049,False,False,[0.5 0.1 0.3]
517.293887,100,669.543518,0.07597988668703702,False,False,[0.5 0.1 0.3]
434.614032,100,669.786483,0.25630123517352726,False,False,[0.5 0.1 0.3]
437.436011,100,670.007225,0.25019991705361005,False,False,[0.5 0.1 0.3]
401.755287,100,670.226471,0.23503046421504756,False,False,[0.5 0.1 0.3]
383.853719,100,670.44594,0.18914381623117751,False,False,[0.5 0.1 0.3]
95.011403,45,670.609625,0.2713153333728481,True,False,[0.5 0.1 0.3]
456.714175,100,670.822852,0.05435796561437884,False,False,[0.5 0.1 0.3]
467.619279,100,671.045036,0.12899595664808325,False,False,[0.5 0.1 0.3]
423.105359,100,671.729462,0.04372324754622837,False,False,[0.5 0.1 0.3]
406.726959,100,671.939533,0.17803081600534526,False,False,[0.5 0.1 0.3]
434.170012,100,672.182758,0.15623946295307853,False,False,[0.5 0.1 0.3]
530.641554,100,672.40048,0.1323114917583862,False,False,[0.5 0.1 0.3]
372.762789,100,672.612307,0.17356388419619273,False,False,[0.5 0.1 0.3]
420.745965,100,672.822927,0.228170853462049,False,False,[0.5 0.1 0.3]
439.053942,100,673.131176,0.2975461023300639,False,False,[0.5 0.1 0.3]
555.606466,100,673.362507,0.15564797004722103,False,False,[0.5 0.1 0.3]
369.687519,100,673.576885,0.16968087109690677,False,False,[0.5 0.1 0.3]
548.889887,100,673.886348,0.09924351434120272,False,False,[0.5 0.1 0.3]
420.643304,100,674.101996,0.14296985783136906,False,False,[0.5 0.1 0.3]
317.593749,99,674.32343,0.26035989453811137,True,False,[0.5 0.1 0.3]
402.268564,100,674.565825,0.2570581320924989,False,False,[0.5 0.1 0.3]
476.690345,100,674.874448,0.14374450377992906,False,False,[0.5 0.1 0.3]
378.003427,100,675.087888,0.26694657659148285,False,False,[0.5 0.1 0.3]
407.730167,100,675.313031,0.28130174134058283,False,False,[0.5 0.1 0.3]
469.572224,100,675.537287,0.13588522958835447,False,False,[0.5 0.1 0.3]
576.901647,100,675.756839,0.18220296773249453,False,False,[0.5 0.1 0.3]
484.070663,100,675.977583,0.19641498171008753,False,False,[0.5 0.1 0.3]
429.696992,100,676.191098,0.19016449714471775,False,False,[0.5 0.1 0.3]
333.818453,100,676.88165,0.36557657363119844,False,False,[0.5 0.1 0.3]
528.810126,100,677.123478,0.07203779395170427,False,False,[0.5 0.1 0.3]
387.816,100,677.340342,0.21842573843997315,False,False,[0.5 0.1 0.3]
493.416754,100,677.562593,0.11052530506868935,False,False,[0.5 0.1 0.3]
486.003781,100,677.773615,0.22727728950795628,False,False,[0.5 0.1 0.3]
349.435936,100,678.081419,0.2622953305481492,False,False,[0.5 0.1 0.3]
379.728057,100,678.310691,0.18716506077664533,False,False,[0.5 0.1 0.3]
291.808715,87,678.519756,0.23017228744599727,True,False,[0.5 0.1 0.3]
456.601822,100,678.737297,0.11608694079512016,False,False,[0.5 0.1 0.3]
491.84464,100,678.954556,0.1832043130206288,False,False,[0.5 0.1 0.3]
430.866892,100,679.173764,0.10024566976182264,False,False,[0.5 0.1 0.3]
497.707276,100,679.396976,0.18173637975778376,False,False,[0.5 0.1 0.3]
198.0557,68,679.593657,0.252647518687622,True,False,[0.5 0.1 0.3]
450.227168,100,679.809261,0.11347898274101177,False,False,[0.5 0.1 0.3]
453.044356,100,680.025609,0.06829012334915475,False,False,[0.5 0.1 0.3]
456.261074,100,680.252692,0.12685192892654737,False,False,[0.5 0.1 0.3]
434.295443,100,680.47447,0.26083237044275387,False,False,[0.5 0.1 0.3]
491.407668,100,680.686711,0.11284162846464074,False,False,[0.5 0.1 0.3]
487.349125,100,680.901472,0.17308364558716102,False,False,[0.5 0.1 0.3]
432.331106,100,681.139842,0.22842795789337936,False,False,[0.5 0.1 0.3]
492.095083,100,681.442289,0.2589838073077801,False,False,[0.5 0.1 0.3]
367.390902,100,682.225472,0.23804205064817055,False,False,[0.5 0.1 0.3]
465.721175,100,682.538168,0.11077062248932691,False,False,[0.5 0.1 0.3]
430.47889,100,682.748555,0.23807827221371497,False,False,[0.5 0.1 0.3]
375.587706,100,682.958194,0.24707908206438464,False,False,[0.5 0.1 0.3]
576.76258,100,683.168826,0.15744595749523824,False,False,[0.5 0.1 0.3]
428.286023,100,683.390262,0.25894397775767464,False,False,[0.5 0.1 0.3]
362.328016,100,683.625659,0.28835737062541783,False,False,[0.5 0.1 0.3]
392.916689,100,683.869203,0.2881190506995666,False,False,[0.5 0.1 0.3]
470.988739,100,684.089228,0.1889906810313038,False,False,[0.5 0.1 0.3]
479.710807,100,684.300941,0.16939299796601057,False,False,[0.5 0.1 0.3]
586.694623,100,684.510682,0.1815761109385995,False,False,[0.5 0.1 0.3]
429.381993,100,684.724905,0.24405121698733298,False,False,[0.5 0.1 0.3]
521.326951,100,684.937216,0.15369970726097576,False,False,[0.5 0.1 0.3]
418.244874,100,685.146945,0.250959827886091,False,False,[0.5 0.1 0.3]
425.336768,100,685.365166,0.276921464107203,False,False,[0.5 0.1 0.3]
427.103014,100,685.586459,0.1751187676300816,False,False,[0.5 0.1 0.3]
487.107944,100,685.819665,0.14351146061551467,False,False,[0.5 0.1 0.3]
444.355881,100,686.044686,0.13185968728016828,False,False,[0.5 0.1 0.3]
387.114184,100,686.35443,0.17685322974171375,False,False,[0.5 0.1 0.3]
363.015499,100,686.573487,0.28126188797935014,False,False,[0.5 0.1 0.3]
590.501252,100,686.78529,0.10242228850153232,False,False,[0.5 0.1 0.3]
421.933957,100,687.469256,0.15751240934414174,False,False,[0.5 0.1 0.3]
177.784298,70,687.646117,0.2952903803612966,True,False,[0.5 0.1 0.3]
297.396933,97,687.859628,0.30554319851199574,True,False,[0.5 0.1 0.3]
403.800827,100,688.073776,0.25140035652401044,False,False,[0.5 0.1 0.3]
440.761616,100,688.320151,0.1725603990381225,False,False,[0.5 0.1 0.3]
98.635224,41,688.48469,0.23893250049100173,True,False,[0.5 0.1 0.3]
485.274711,100,688.699487,0.273622342321695,False,False,[0.5 0.1 0.3]
414.138573,100,688.916323,0.20094800703164853,False,False,[0.5 0.1 0.3]
322.561564,95,689.128199,0.3551633916064,True,False,[0.5 0.1 0.3]
408.873154,100,689.354502,0.18584751692229928,False,False,[0.5 0.1 0.3]
533.910364,100,689.572078,0.06454645684395632,False,False,[0.5 0.1 0.3]
141.201938,60,689.749978,0.2931906271206136,True,False,[0.5 0.1 0.3]
421.410842,100,689.963099,0.26000205225437506,False,False,[0.5 0.1 0.3]
234.746054,87,690.17724,0.27279529324801605,True,False,[0.5 0.1 0.3]
211.632588,87,690.38674,0.3082949622093977,True,False,[0.5 0.1 0.3]
383.821368,100,690.643552,0.33204696828229596,False,False,[0.5 0.1 0.3]
404.383167,100,690.868188,0.2396190385786174,False,False,[0.5 0.1 0.3]
395.271102,100,691.084283,0.2997473871961215,False,False,[0.5 0.1 0.3]
507.001244,100,691.313938,0.2451506891996213,False,False,[0.5 0.1 0.3]
357.05022,100,691.538081,0.2587741003634968,False,False,[0.5 0.1 0.3]
318.149605,96,691.760774,0.33118026382724514,True,False,[0.5 0.1 0.3]
311.764616,98,691.98737,0.2711435712429463,True,False,[0.5 0.1 0.3]
467.258203,100,692.654095,0.22219672001873428,False,False,[0.5 0.1 0.3]
407.244112,100,692.878707,0.20508198223058077,False,False,[0.5 0.1 0.3]
473.98306,100,693.113222,0.21037528376404493,False,False,[0.5 0.1 0.3]
417.166118,100,693.326164,0.25607487525584477,False,False,[0.5 0.1 0.3]
547.235464,100,693.539476,0.12442975398042065,False,False,[0.5 0.1 0.3]
465.817971,100,693.765321,0.12778206099071254,False,False,[0.5 0.1 0.3]
353.209852,100,693.983178,0.26230176150016654,False,False,[0.5 0.1 0.3]
79.961168,41,694.138537,0.21648265643210018,True,False,[0.5 0.1 0.3]
462.901303,100,694.353961,0.13640400494255986,False,False,[0.5 0.1 0.3]
371.323204,100,694.570139,0.22157430109451168,False,False,[0.5 0.1 0.3]
529.084912,100,694.776698,0.16155863705126505,False,False,[0.5 0.1 0.3]
545.52708,100,694.987668,0.07427145091049295,False,False,[0.5 0.1 0.3]
463.515491,100,695.233186,0.13427341001021956,False,False,[0.5 0.1 0.3]
440.393205,100,695.452634,0.10265097077503914,False,False,[0.5 0.1 0.3]
412.665773,100,695.677074,0.24114693328887604,False,False,[0.5 0.1 0.3]
278.754764,91,695.887798,0.3035570978100958,True,False,[0.5 0.1 0.3]
546.609205,100,696.192034,0.09238592049329705,False,False,[0.5 0.1 0.3]
385.010828,100,696.415334,0.2627270764612477,False,False,[0.5 0.1 0.3]
457.945613,100,696.633441,0.10745285973234109,False,False,[0.5 0.1 0.3]
451.776729,100,696.844247,0.19196148500492494,False,False,[0.5 0.1 0.3]
476.886069,100,697.06069,0.16611085753317434,False,False,[0.5 0.1 0.3]
531.669282,100,697.833233,0.12642866523111307,False,False,[0.5 0.1 0.3]
537.510384,100,698.042986,0.0892976352876726,False,False,[0.5 0.1 0.3]
485.772995,100,698.256665,0.08920092979352207,False,False,[0.5 0.1 0.3]
537.497258,100,698.576926,0.04085754110221881,False,False,[0.5 0.1 0.3]
446.480913,100,698.791586,0.029835319368669126,False,False,[0.5 0.1 0.3]
420.64954,100,699.009318,0.273596766295364,False,False,[0.5 0.1 0.3]
462.606546,100,699.228589,0.17881950957745385,False,False,[0.5 0.1 0.3]
334.440941,100,699.449497,0.32306575871203136,False,False,[0.5 0.1 0.3]
439.660792,100,699.658905,0.3002466979360215,False,False,[0.5 0.1 0.3]
432.603918,100,699.899606,0.15217364870357428,False,False,[0.5 0.1 0.3]
423.05446,100,700.111662,0.15385508316315996,False,False,[0.5 0.1 0.3]
361.455715,100,700.422791,0.4104802190965128,False,False,[0.5 0.1 0.3]
336.146395,100,700.641055,0.48656900645746115,False,False,[0.5 0.1 0.3]
436.924015,100,700.853186,0.1419214459508631,False,False,[0.5 0.1 0.3]
386.885956,100,701.075099,0.22483327576589668,False,False,[0.5 0.1 0.3]
195.399794,65,701.26635,0.2218708359755367,True,False,[0.5 0.1 0.3]
313.521262,100,701.48725,0.3379586242949948,False,False,[0.5 0.1 0.3]
475.028884,100,701.721627,0.10701046420546448,False,False,[0.5 0.1 0.3]
377.352735,100,702.033586,0.1538462451478927,False,False,[0.5 0.1 0.3]
460.524722,100,702.246936,0.1155464775592025,False,False,[0.5 0.1 0.3]
309.256507,89,702.460076,0.21901211260578513,True,False,[0.5 0.1 0.3]
507.485387,100,703.121343,0.17715156551287028,False,False,[0.5 0.1 0.3]
492.781551,100,703.334736,0.14640526845093085,False,False,[0.5 0.1 0.3]
472.844062,100,703.547782,0.22623419324955893,False,False,[0.5 0.1 0.3]
509.229161,100,703.765763,0.11358447558439526,False,False,[0.5 0.1 0.3]
382.0923,100,703.983421,0.2187413619626599,False,False,[0.5 0.1 0.3]
167.569903,67,704.162786,0.3404040810763589,True,False,[0.5 0.1 0.3]
496.144532,100,704.374693,0.18725558869501993,False,False,[0.5 0.1 0.3]
404.725037,100,704.593813,0.261816530810292,False,False,[0.5 0.1 0.3]
284.603068,88,704.798996,0.30306702860014545,True,False,[0.5 0.1 0.3]
400.388334,100,705.016562,0.13302838527233576,False,False,[0.5 0.1 0.3]
516.980581,100,705.229669,0.0898970689407158,False,False,[0.5 0.1 0.3]
208.864091,71,705.41606,0.23709154517730294,True,False,[0.5 0.1 0.3]
500.294666,100,705.633692,0.06855108857021215,False,False,[0.5 0.1 0.3]
398.603876,100,705.851156,0.2708264199828398,False,False,[0.5 0.1 0.3]
406.897169,100,706.069387,0.2324722207512645,False,False,[0.5 0.1 0.3]
504.628576,100,706.374177,0.12116643272551478,False,False,[0.5 0.1 0.3]
486.390714,100,706.589767,0.0827624429408578,False,False,[0.5 0.1 0.3]
519.336073,100,706.794916,0.1432643154915442,False,False,[0.5 0.1 0.3]
347.407434,100,707.006687,0.25262285192183553,False,False,[0.5 0.1 0.3]
478.34136,100,707.221795,0.06858365390682203,False,False,[0.5 0.1 0.3]
328.484816,100,707.443335,0.29162934206767066,False,False,[0.5 0.1 0.3]
414.733266,100,708.223516,0.15246936139389491,False,False,[0.5 0.1 0.3]
274.620917,100,708.443758,0.3899325751653119,False,False,[0.5 0.1 0.3]
399.880335,100,708.777006,0.28098198338577873,False,False,[0.5 0.1 0.3]
445.218635,100,708.997476,0.13934343899411475,False,False,[0.5 0.1 0.3]
481.006729,100,709.211363,0.2379004126494107,False,False,[0.5 0.1 0.3]
281.108911,92,709.430131,0.28364851713215833,True,False,[0.5 0.1 0.3]
434.459644,100,709.640745,0.15652375102350657,False,False,[0.5 0.1 0.3]
466.980833,100,709.8573,0.18728975170203613,False,False,[0.5 0.1 0.3]
413.492642,100,710.072199,0.27204466110379,False,False,[0.5 0.1 0.3]
399.048859,100,710.285213,0.13025569224984174,False,False,[0.5 0.1 0.3]
559.408599,100,710.505954,0.13126146834661023,False,False,[0.5 0.1 0.3]
305.466833,92,710.743695,0.3149303009174974,True,False,[0.5 0.1 0.3]
454.734096,100,711.051781,0.22471034559881142,False,False,[0.5 0.1 0.3]
482.991045,100,711.273086,0.13488992320878518,False,False,[0.5 0.1 0.3]
456.715054,100,711.485944,0.13396026352197649,False,False,[0.5 0.1 0.3]
388.825835,100,711.703534,0.32360427210736253,False,False,[0.5 0.1 0.3]
474.284762,100,711.932957,0.08778405223498012,False,False,[0.5 0.1 0.3]
511.506756,100,712.152426,0.10669463959694296,False,False,[0.5 0.1 0.3]
237.614231,87,712.359601,0.3068443680969152,True,False,[0.5 0.1 0.3]
318.896274,100,712.580542,0.3309243189283954,False,False,[0.5 0.1 0.3]
423.709007,100,712.818022,0.24925793024132945,False,False,[0.5 0.1 0.3]
455.981609,100,713.499032,0.13615064135777022,False,False,[0.5 0.1 0.3]
454.72124,100,713.716838,0.3170719957741036,False,False,[0.5 0.1 0.3]
229.261277,90,713.923659,0.2739591217759424,True,False,[0.5 0.1 0.3]
462.002612,100,714.138943,0.17742869048133328,False,False,[0.5 0.1 0.3]
442.707064,100,714.440355,0.14239428608716873,False,False,[0.5 0.1 0.3]
470.315744,100,714.754976,0.1585437049027887,False,False,[0.5 0.1 0.3]
345.909499,100,714.978174,0.30715316098947315,False,False,[0.5 0.1 0.3]
478.264861,100,715.202052,0.09542165296255488,False,False,[0.5 0.1 0.3]
416.286609,100,715.421537,0.20621999300439,False,False,[0.5 0.1 0.3]
446.151864,100,715.634075,0.19099521468392003,False,False,[0.5 0.1 0.3]
433.004207,100,715.851928,0.10494427483109944,False,False,[0.5 0.1 0.3]
382.959716,100,716.082506,0.2808384791895033,False,False,[0.5 0.1 0.3]
421.301282,100,716.306162,0.3106051227353338,False,False,[0.5 0.1 0.3]
194.481694,72,716.587291,0.26063658979163906,True,False,[0.5 0.1 0.3]
473.459581,100,716.897296,0.04922054270687721,False,False,[0.5 0.1 0.3]
548.980456,100,717.129087,0.08153363324023705,False,False,[0.5 0.1 0.3]
411.869396,100,717.340045,0.23412988007751334,False,False,[0.5 0.1 0.3]
477.297526,100,717.586478,0.17244168578794053,False,False,[0.5 0.1 0.3]
377.814897,100,717.808967,0.23194691619925856,False,False,[0.5 0.1 0.3]
174.222704,75,718.0024,0.42836581248719424,True,False,[0.5 0.1 0.3]
501.358319,100,718.313179,0.223014735531375,False,False,[0.5 0.1 0.3]
419.327268,100,718.994013,0.1554211062792127,False,False,[0.5 0.1 0.3]
432.884709,100,719.212064,0.16425249785726614,False,False,[0.5 0.1 0.3]
474.311637,100,719.520836,0.14936375827085338,False,False,[0.5 0.1 0.3]
456.20691,100,719.732178,0.2491448763794302,False,False,[0.5 0.1 0.3]
469.747196,100,719.966708,0.1431838458132602,False,False,[0.5 0.1 0.3]
481.932531,100,720.214554,0.05920944534250076,False,False,[0.5 0.1 0.3]
140.225537,55,720.387903,0.3047873275163212,True,False,[0.5 0.1 0.3]
411.557561,100,720.627115,0.17184706452622733,False,False,[0.5 0.1 0.3]
351.802336,100,720.847646,0.34441521936852326,False,False,[0.5 0.1 0.3]
462.610792,100,721.068023,0.15947395904851155,False,False,[0.5 0.1 0.3]
453.967803,100,721.297213,0.20182507244365042,False,False,[0.5 0.1 0.3]
321.21934,100,721.51557,0.2638992521488352,False,False,[0.5 0.1 0.3]
317.809899,100,721.738663,0.39279639369149666,False,False,[0.5 0.1 0.3]
402.448819,100,721.983859,0.1639953468331462,False,False,[0.5 0.1 0.3]
435.011145,100,722.198203,0.15946202273820945,False,False,[0.5 0.1 0.3]
422.776799,100,722.415328,0.1618059995379315,False,False,[0.5 0.1 0.3]
373.535695,100,722.640736,0.16796696790618176,False,False,[0.5 0.1 0.3]
377.033646,100,722.85355,0.27079350097742194,False,False,[0.5 0.1 0.3]
479.901567,100,723.068706,0.1436812610063238,False,False,[0.5 0.1 0.3]
317.986867,100,723.295109,0.3503939087909927,False,False,[0.5 0.1 0.3]
461.983061,100,723.514608,0.08490204682702988,False,False,[0.5 0.1 0.3]
421.963181,100,724.230451,0.17695142072444084,False,False,[0.5 0.1 0.3]
408.927537,100,724.442488,0.27305310291396034,False,False,[0.5 0.1 0.3]
425.273761,100,724.667796,0.2889847297845969,False,False,[0.5 0.1 0.3]
392.558798,100,724.887571,0.22612813513206712,False,False,[0.5 0.1 0.3]
462.607434,100,725.103686,0.060047963028426986,False,False,[0.5 0.1 0.3]
424.33889,100,725.324918,0.1919419383451697,False,False,[0.5 0.1 0.3]
318.389901,100,725.543672,0.23529917376160142,False,False,[0.5 0.1 0.3]
448.54495,100,725.760167,0.144047336768932,False,False,[0.5 0.1 0.3]
446.817391,100,725.97557,0.09912646694462149,False,False,[0.5 0.1 0.3]
456.545176,100,726.220625,0.18512171744396025,False,False,[0.5 0.1 0.3]
398.012642,100,726.439006,0.20209756605626908,False,False,[0.5 0.1 0.3]
451.955809,100,726.661154,0.13761056066156138,False,False,[0.5 0.1 0.3]
499.219989,100,726.872096,0.15483977968428891,False,False,[0.5 0.1 0.3]
454.102442,100,727.089929,0.10583628985127597,False,False,[0.5 0.1 0.3]
469.12421,100,727.313782,0.15991048136435632,False,False,[0.5 0.1 0.3]
429.894091,100,727.530214,0.24031113963070613,False,False,[0.5 0.1 0.3]
374.96069,100,727.843335,0.24000579489111232,False,False,[0.5 0.1 0.3]
331.415155,100,728.054347,0.24932098589606885,False,False,[0.5 0.1 0.3]
408.842754,100,728.298355,0.16213320048253965,False,False,[0.5 0.1 0.3]
442.326451,100,728.509296,0.20601987336995373,False,False,[0.5 0.1 0.3]
404.481313,100,729.182448,0.15601921174055824,False,False,[0.5 0.1 0.3]
401.272058,100,729.487201,0.19639496755924452,False,False,[0.5 0.1 0.3]
278.209192,98,729.700173,0.33782569712042615,True,False,[0.5 0.1 0.3]
356.436502,100,729.921016,0.39169650617810936,False,False,[0.5 0.1 0.3]
330.372209,100,730.131949,0.3667623435194475,False,False,[0.5 0.1 0.3]
360.61628,100,730.348473,0.28777149981456734,False,False,[0.5 0.1 0.3]
397.762507,100,730.565114,0.19513431519342306,False,False,[0.5 0.1 0.3]
430.817964,100,730.875373,0.15908056289046643,False,False,[0.5 0.1 0.3]
414.565264,100,731.095986,0.2663951264553572,False,False,[0.5 0.1 0.3]
394.910076,100,731.317508,0.145703235036807,False,False,[0.5 0.1 0.3]
524.398723,100,731.621455,0.0343296465381458,False,False,[0.5 0.1 0.3]
460.015471,100,731.831105,0.12350486543802304,False,False,[0.5 0.1 0.3]
396.458526,100,732.053357,0.2145216541202492,False,False,[0.5 0.1 0.3]
405.362559,100,732.287335,0.24949400940416458,False,False,[0.5 0.1 0.3]
418.704546,100,732.510377,0.15311009806691137,False,False,[0.5 0.1 0.3]
386.880478,100,732.727062,0.13164057923303182,False,False,[0.5 0.1 0.3]
438.658426,100,732.939221,0.18582760314457764,False,False,[0.5 0.1 0.3]
514.244952,100,733.153669,0.137330717803622,False,False,[0.5 0.1 0.3]
467.462004,100,733.375784,0.16403701547420532,False,False,[0.5 0.1 0.3]
418.245592,100,733.591928,0.18129914833097838,False,False,[0.5 0.1 0.3]
477.67251,100,733.894616,0.2535216987731175,False,False,[0.5 0.1 0.3]
313.273919,100,734.584047,0.3060040325311297,False,False,[0.5 0.1 0.3]
790.035134,100,734.798703,0.09967860357934212,False,False,[0.5 0.1 0.3]
325.125428,100,735.040201,0.3263297973442926,False,False,[0.5 0.1 0.3]
371.356346,100,735.268233,0.2799622756012921,False,False,[0.5 0.1 0.3]
427.142463,100,735.48481,0.3062484987353597,False,False,[0.5 0.1 0.3]
496.190674,100,735.793962,0.14844215939466493,False,False,[0.5 0.1 0.3]
426.239278,100,736.012116,0.17015743256317112,False,False,[0.5 0.1 0.3]
436.868584,100,736.231339,0.12017539756481362,False,False,[0.5 0.1 0.3]
362.845806,100,736.532998,0.21521035668682356,False,False,[0.5 0.1 0.3]
444.296395,100,736.749995,0.08206493337802372,False,False,[0.5 0.1 0.3]
454.277224,100,736.959125,0.17403142964689702,False,False,[0.5 0.1 0.3]
383.161445,100,737.207244,0.2576745782242051,False,False,[0.5 0.1 0.3]
355.296128,100,737.426428,0.25851830190532715,False,False,[0.5 0.1 0.3]
516.697946,100,737.640086,0.08844703330245193,False,False,[0.5 0.1 0.3]
496.465738,100,737.86674,0.13335530347729233,False,False,[0.5 0.1 0.3]
125.607228,56,738.043856,0.27892798837798477,True,False,[0.5 0.1 0.3]
418.971843,100,738.267021,0.1265271769848762,False,False,[0.5 0.1 0.3]
403.950767,100,738.483972,0.33335833815322163,False,False,[0.5 0.1 0.3]
475.403409,100,738.702578,0.11231517550290893,False,False,[0.5 0.1 0.3]
390.61938,100,738.921707,0.17801235095455342,False,False,[0.5 0.1 0.3]
438.499645,100,739.160536,0.08370624961017768,False,False,[0.5 0.1 0.3]
399.987693,100,739.832207,0.3607657173345443,False,False,[0.5 0.1 0.3]
487.357504,100,740.046394,0.15952753136919282,False,False,[0.5 0.1 0.3]
548.260049,100,740.26771,0.06739433963211267,False,False,[0.5 0.1 0.3]
435.835629,100,740.487321,0.11633647989579812,False,False,[0.5 0.1 0.3]
469.382789,100,740.706294,0.2072482980827994,False,False,[0.5 0.1 0.3]
424.859497,100,741.020878,0.15771377751747073,False,False,[0.5 0.1 0.3]
567.590921,100,741.326238,0.06139111437484185,False,False,[0.5 0.1 0.3]
408.134466,100,741.543788,0.24763749017734338,False,False,[0.5 0.1 0.3]
464.47649,100,741.7603,0.09938148331473266,False,False,[0.5 0.1 0.3]
288.966438,100,742.00968,0.5180549553365724,False,False,[0.5 0.1 0.3]
476.272086,100,742.228069,0.14701734837125388,False,False,[0.5 0.1 0.3]
443.588764,100,742.45618,0.18099402482324523,False,False,[0.5 0.1 0.3]
338.483759,100,742.671645,0.29789207200548384,False,False,[0.5 0.1 0.3]
529.187871,100,742.889249,0.05444116401374898,False,False,[0.5 0.1 0.3]
417.210476,100,743.108359,0.20196283833062822,False,False,[0.5 0.1 0.3]
431.604982,100,743.318514,0.19032799288616264,False,False,[0.5 0.1 0.3]
499.262799,100,743.534122,0.05331917429012943,False,False,[0.5 0.1 0.3]
462.828206,100,743.750615,0.18791438100787697,False,False,[0.5 0.1 0.3]
463.984834,100,743.967273,0.2303166552908851,False,False,[0.5 0.1 0.3]
381.611252,100,744.177225,0.16483418031311872,False,False,[0.5 0.1 0.3]
545.690598,100,744.864493,0.14401175301366456,False,False,[0.5 0.1 0.3]
427.722758,100,745.090794,0.14149793137259303,False,False,[0.5 0.1 0.3]
325.190888,100,745.307507,0.3092576851949193,False,False,[0.5 0.1 0.3]
510.233049,100,745.530137,0.16911013533751904,False,False,[0.5 0.1 0.3]
421.436549,100,745.751469,0.16173106096048986,False,False,[0.5 0.1 0.3]
410.7173,100,745.969152,0.3171823845730854,False,False,[0.5 0.1 0.3]
390.030562,100,746.30838,0.2467645874355511,False,False,[0.5 0.1 0.3]
373.98055,100,746.536799,0.19950029820315096,False,False,[0.5 0.1 0.3]
547.421886,100,746.752649,0.17360418196868999,False,False,[0.5 0.1 0.3]
371.197785,100,746.967975,0.1627843088902269,False,False,[0.5 0.1 0.3]
493.989654,100,747.180696,0.11088668785398927,False,False,[0.5 0.1 0.3]
438.043261,100,747.396575,0.2348827441470064,False,False,[0.5 0.1 0.3]
485.138664,100,747.60989,0.10539281194185782,False,False,[0.5 0.1 0.3]
459.085672,100,747.827843,0.18550964528945674,False,False,[0.5 0.1 0.3]
522.813478,100,748.047968,0.14167107936109333,False,False,[0.5 0.1 0.3]
400.911258,100,748.27464,0.16870613916392646,False,False,[0.5 0.1 0.3]
402.558629,100,748.511083,0.20432823610937673,False,False,[0.5 0.1 0.3]
416.400439,100,748.729297,0.17469649737402976,False,False,[0.5 0.1 0.3]
410.393484,100,748.947199,0.287804568881912,False,False,[0.5 0.1 0.3]
476.778864,100,749.16075,0.1863138913676552,False,False,[0.5 0.1 0.3]
536.600665,100,749.380711,0.11659220991975343,False,False,[0.5 0.1 0.3]
385.072351,100,750.055333,0.2742869653936178,False,False,[0.5 0.1 0.3]
368.085256,100,750.297969,0.19689676618505841,False,False,[0.5 0.1 0.3]
458.272304,100,750.531794,0.18590256633834515,False,False,[0.5 0.1 0.3]
492.465679,100,750.744722,0.20988445374316672,False,False,[0.5 0.1 0.3]
487.082552,100,750.963125,0.14195976285760079,False,False,[0.5 0.1 0.3]
331.21921,100,751.179522,0.3568932752941597,False,False,[0.5 0.1 0.3]
400.153026,100,751.398936,0.29953454281400826,False,False,[0.5 0.1 0.3]
398.28627,100,751.619125,0.11932893113388612,False,False,[0.5 0.1 0.3]
334.382985,100,751.842592,0.3178015660868155,False,False,[0.5 0.1 0.3]
458.100464,100,752.062353,0.1272981522740642,False,False,[0.5 0.1 0.3]
500.399798,100,752.285143,0.0762574939530374,False,False,[0.5 0.1 0.3]
440.922972,100,752.529199,0.07158222709656346,False,False,[0.5 0.1 0.3]
398.950362,100,752.748501,0.3259200192660283,False,False,[0.5 0.1 0.3]
487.342448,100,752.961251,0.1211141570858295,False,False,[0.5 0.1 0.3]
388.818265,100,753.173968,0.1366136445343602,False,False,[0.5 0.1 0.3]
426.513267,100,753.387384,0.16143861891385367,False,False,[0.5 0.1 0.3]
434.00547,100,753.606459,0.27316352211969086,False,False,[0.5 0.1 0.3]
298.086703,90,753.819429,0.22993093462226907,True,False,[0.5 0.1 0.3]
203.819943,69,754.004864,0.29096839327477186,True,False,[0.5 0.1 0.3]
404.896059,100,754.254448,0.12708043324537008,False,False,[0.5 0.1 0.3]
518.129257,100,754.479203,0.11692664774944496,False,False,[0.5 0.1 0.3]
460.612552,100,755.154922,0.07979711131199907,False,False,[0.5 0.1 0.3]
443.850272,100,755.366976,0.18367235267947796,False,False,[0.5 0.1 0.3]
413.315582,100,755.685549,0.22227973015202251,False,False,[0.5 0.1 0.3]
393.286234,100,755.905644,0.15075452135152362,False,False,[0.5 0.1 0.3]
421.048297,100,756.120173,0.19052554732251975,False,False,[0.5 0.1 0.3]
425.535576,100,756.333472,0.22953140022472893,False,False,[0.5 0.1 0.3]
443.320562,100,756.55125,0.105657116873762,False,False,[0.5 0.1 0.3]
243.791643,100,756.79918,0.35408032287015945,True,False,[0.5 0.1 0.3]
406.48163,100,757.026201,0.173454895212845,False,False,[0.5 0.1 0.3]
407.364586,100,757.243152,0.19560417846690484,False,False,[0.5 0.1 0.3]
471.085139,100,757.46334,0.10091836333094406,False,False,[0.5 0.1 0.3]
416.44404,100,757.685808,0.20737692147906156,False,False,[0.5 0.1 0.3]
546.888533,100,757.902276,0.0495707794428696,False,False,[0.5 0.1 0.3]
413.363035,100,758.12012,0.2693646003041047,False,False,[0.5 0.1 0.3]
405.72079,100,758.34056,0.156649462276445,False,False,[0.5 0.1 0.3]
498.442181,100,758.564589,0.11763886270807003,False,False,[0.5 0.1 0.3]
389.210517,100,758.779527,0.140107615270815,False,False,[0.5 0.1 0.3]
417.026776,100,758.99444,0.2593904146450437,False,False,[0.5 0.1 0.3]
398.232559,100,759.217843,0.267522816430557,False,False,[0.5 0.1 0.3]
356.512031,100,759.439141,0.2237730921347343,False,False,[0.5 0.1 0.3]
502.226987,100,760.118872,0.054098392029716974,False,False,[0.5 0.1 0.3]
442.130426,100,760.338543,0.14448274506587494,False,False,[0.5 0.1 0.3]
418.221086,100,760.549879,0.22960516317713592,False,False,[0.5 0.1 0.3]
515.195432,100,760.763246,0.13842229261536226,False,False,[0.5 0.1 0.3]
366.329365,100,761.013146,0.3218183211905393,False,False,[0.5 0.1 0.3]
453.682381,100,761.235086,0.2772647791767844,False,False,[0.5 0.1 0.3]
489.892905,100,761.449282,0.16463024838007753,False,False,[0.5 0.1 0.3]
482.008644,100,761.666936,0.1275745587522914,False,False,[0.5 0.1 0.3]
448.100659,100,761.969382,0.1350425320411029,False,False,[0.5 0.1 0.3]
376.146434,100,762.190368,0.3226010159502848,False,False,[0.5 0.1 0.3]
437.24674,100,762.410609,0.1300842668307995,False,False,[0.5 0.1 0.3]
426.142509,100,762.631877,0.12290245051625874,False,False,[0.5 0.1 0.3]
473.656044,100,762.847519,0.07246380972599686,False,False,[0.5 0.1 0.3]
452.595814,100,763.088978,0.10091786304512226,False,False,[0.5 0.1 0.3]
425.873452,100,763.311893,0.19248748456295237,False,False,[0.5 0.1 0.3]
502.624873,100,763.535489,0.08594007555681009,False,False,[0.5 0.1 0.3]
380.368197,100,763.747581,0.2874959851315451,False,False,[0.5 0.1 0.3]
454.5681,100,763.961233,0.06265250429310908,False,False,[0.5 0.1 0.3]
403.428459,100,764.176789,0.26393669660366204,False,False,[0.5 0.1 0.3]
390.469431,100,764.396831,0.2706590370554578,False,False,[0.5 0.1 0.3]
499.346839,100,764.619937,0.19983752497991925,False,False,[0.5 0.1 0.3]
417.589047,100,765.296366,0.24987666382954596,False,False,[0.5 0.1 0.3]
458.435238,100,765.503335,0.2493082612369257,False,False,[0.5 0.1 0.3]
218.386681,74,765.690555,0.2325422030621305,True,False,[0.5 0.1 0.3]
352.87647,100,765.924802,0.3736943121491316,False,False,[0.5 0.1 0.3]
402.642557,100,766.146688,0.2901325213920551,False,False,[0.5 0.1 0.3]
464.66751,100,766.360717,0.13228284999438003,False,False,[0.5 0.1 0.3]
481.890812,100,766.577144,0.20324593468960248,False,False,[0.5 0.1 0.3]
600.440531,100,766.819218,0.028947657797194486,False,False,[0.5 0.1 0.3]
512.366507,100,767.071608,0.22789347538797955,False,False,[0.5 0.1 0.3]
493.199154,100,767.287255,0.12105661588980361,False,False,[0.5 0.1 0.3]
390.231105,100,767.501246,0.12589006234492628,False,False,[0.5 0.1 0.3]
479.277318,100,767.719374,0.13420879405578748,False,False,[0.5 0.1 0.3]
477.672606,100,767.930589,0.1426504083941403,False,False,[0.5 0.1 0.3]
467.5498,100,768.143894,0.2733052081584682,False,False,[0.5 0.1 0.3]
434.555265,100,768.353385,0.17198711751331952,False,False,[0.5 0.1 0.3]
439.569935,100,768.568182,0.22976570199202445,False,False,[0.5 0.1 0.3]
343.983343,100,768.826469,0.16998381641088608,False,False,[0.5 0.1 0.3]
503.638593,100,769.042439,0.13518435614573443,False,False,[0.5 0.1 0.3]
223.123417,96,769.26666,0.30673724951548936,True,False,[0.5 0.1 0.3]
449.126899,100,769.499191,0.23252485231197834,False,False,[0.5 0.1 0.3]
572.13302,100,770.173742,0.07232634461299682,False,False,[0.5 0.1 0.3]
476.468823,100,770.392977,0.13105760118399618,False,False,[0.5 0.1 0.3]
246.400955,95,770.611227,0.29176332514941317,True,False,[0.5 0.1 0.3]
411.450773,100,770.836277,0.14517672790362793,False,False,[0.5 0.1 0.3]
397.994127,100,771.051363,0.1334543918212551,False,False,[0.5 0.1 0.3]
439.486096,100,771.292033,0.21748375106004872,False,False,[0.5 0.1 0.3]
567.776647,100,771.503414,0.03595731237314447,False,False,[0.5 0.1 0.3]
358.574421,100,771.713742,0.2492936757639604,False,False,[0.5 0.1 0.3]
500.59939,100,771.931944,0.11116856368463808,False,False,[0.5 0.1 0.3]
437.244493,100,772.156525,0.22787675591832948,False,False,[0.5 0.1 0.3]
449.297483,100,772.374171,0.06677641012043038,False,False,[0.5 0.1 0.3]
505.200297,100,772.587348,0.07799371511378396,False,False,[0.5 0.1 0.3]
390.881583,100,772.81551,0.16368229502319268,False,False,[0.5 0.1 0.3]
433.394975,100,773.033963,0.16975965505159463,False,False,[0.5 0.1 0.3]
490.669608,100,773.282048,0.22337605071973884,False,False,[0.5 0.1 0.3]
474.258724,100,773.496757,0.22457817864594204,False,False,[0.5 0.1 0.3]
462.606499,100,773.715461,0.14123216022810325,False,False,[0.5 0.1 0.3]
349.686073,100,773.932511,0.22351576068661158,False,False,[0.5 0.1 0.3]
434.388952,100,774.145927,0.25743001909045726,False,False,[0.5 0.1 0.3]
546.023092,100,774.357694,0.1407954251240179,False,False,[0.5 0.1 0.3]
514.318375,100,774.562575,0.11781018560019173,False,False,[0.5 0.1 0.3]
458.482083,100,775.254293,0.17911498531103268,False,False,[0.5 0.1 0.3]
394.29074,100,775.470941,0.25110600618045464,False,False,[0.5 0.1 0.3]
261.571816,98,775.690228,0.25899136917300175,True,False,[0.5 0.1 0.3]
577.168929,100,775.914589,0.12895676950525986,False,False,[0.5 0.1 0.3]
769.755274,100,776.125816,0.07422612098257461,False,False,[0.5 0.1 0.3]
419.270263,100,776.344404,0.2427364960278146,False,False,[0.5 0.1 0.3]
482.812654,100,776.56269,0.07543476842539026,False,False,[0.5 0.1 0.3]
343.190352,100,776.789219,0.2949800250589712,False,False,[0.5 0.1 0.3]
433.980275,100,777.031119,0.18688150339570997,False,False,[0.5 0.1 0.3]
447.483225,100,777.250643,0.20861977165487772,False,False,[0.5 0.1 0.3]
356.499505,100,777.478243,0.2208825016410722,False,False,[0.5 0.1 0.3]
412.971212,100,777.698943,0.2360833121867318,False,False,[0.5 0.1 0.3]
229.855261,73,777.886516,0.31936378729399917,True,False,[0.5 0.1 0.3]
440.001513,100,778.098894,0.12741245026420678,False,False,[0.5 0.1 0.3]
358.69294,100,778.314568,0.26127818721940516,False,False,[0.5 0.1 0.3]
510.664842,100,778.528287,0.15524817331298038,False,False,[0.5 0.1 0.3]
411.740942,100,778.743355,0.15271294641298366,False,False,[0.5 0.1 0.3]
479.874343,100,778.988916,0.25989493466214303,False,False,[0.5 0.1 0.3]
272.788299,82,779.187496,0.22846866688399645,True,False,[0.5 0.1 0.3]
305.63643,100,779.405792,0.5436188798074546,False,False,[0.5 0.1 0.3]
436.189446,100,779.625413,0.14980687591097266,False,False,[0.5 0.1 0.3]
161.103721,81,780.282604,0.3269604318409655,True,False,[0.5 0.1 0.3]
482.328896,100,780.578289,0.12234335704749263,False,False,[0.5 0.1 0.3]
417.11749,100,780.797225,0.06476561045417319,False,False,[0.5 0.1 0.3]
347.708954,100,781.024845,0.21076010697826567,False,False,[0.5 0.1 0.3]
238.719039,78,781.237377,0.22744544631565072,True,False,[0.5 0.1 0.3]
475.486848,100,781.458743,0.14765801240914636,False,False,[0.5 0.1 0.3]
423.835783,100,781.680767,0.2521122645618787,False,False,[0.5 0.1 0.3]
334.376269,100,781.899776,0.23783196578295054,False,False,[0.5 0.1 0.3]
462.687513,100,782.124188,0.18313838504698224,False,False,[0.5 0.1 0.3]
442.009536,100,782.337869,0.23405622373584306,False,False,[0.5 0.1 0.3]
466.953266,100,782.557425,0.30278507594799486,False,False,[0.5 0.1 0.3]
505.332112,100,782.771308,0.04213797421440098,False,False,[0.5 0.1 0.3]
264.272659,98,783.002494,0.2981604203853056,True,False,[0.5 0.1 0.3]
362.880818,100,783.244445,0.12861029660356024,False,False,[0.5 0.1 0.3]
358.727666,100,783.462997,0.2947309045728876,False,False,[0.5 0.1 0.3]
377.184295,100,783.68056,0.27140585096362413,False,False,[0.5 0.1 0.3]
475.051113,100,783.896462,0.194630726901708,False,False,[0.5 0.1 0.3]
399.55933,100,784.108616,0.16535376455110073,False,False,[0.5 0.1 0.3]
474.800049,100,784.323233,0.19339386098585976,False,False,[0.5 0.1 0.3]
584.86301,100,784.538664,0.041664828737597734,False,False,[0.5 0.1 0.3]
570.819623,100,784.750576,0.10037049445511957,False,False,[0.5 0.1 0.3]
509.67631,100,785.427798,0.1399306432868875,False,False,[0.5 0.1 0.3]
395.607394,100,785.66075,0.2844250141732205,False,False,[0.5 0.1 0.3]
167.554528,66,785.841479,0.29105935175654196,True,False,[0.5 0.1 0.3]
424.189654,100,786.059311,0.12470900987467481,False,False,[0.5 0.1 0.3]
441.170165,100,786.280605,0.1968588894794562,False,False,[0.5 0.1 0.3]
492.207627,100,786.505796,0.11966249042723569,False,False,[0.5 0.1 0.3]
414.760297,100,786.716626,0.2411525645625199,False,False,[0.5 0.1 0.3]
397.877195,100,787.041769,0.3499327631161347,False,False,[0.5 0.1 0.3]
402.165225,100,787.286198,0.12150528685267895,False,False,[0.5 0.1 0.3]
445.647634,100,787.506489,0.10618545340351929,False,False,[0.5 0.1 0.3]
418.366249,100,787.728368,0.19702536948069632,False,False,[0.5 0.1 0.3]
348.046714,100,788.033684,0.32254128856656605,False,False,[0.5 0.1 0.3]
400.344055,100,788.253083,0.1328008716730009,False,False,[0.5 0.1 0.3]
408.282522,100,788.466594,0.193408990516919,False,False,[0.5 0.1 0.3]
469.669473,100,788.688403,0.09856560064063058,False,False,[0.5 0.1 0.3]
533.963087,100,788.906929,0.12139891460299929,False,False,[0.5 0.1 0.3]
470.228587,100,789.133177,0.11940896088580435,False,False,[0.5 0.1 0.3]
451.457939,100,789.35022,0.12123596700648136,False,False,[0.5 0.1 0.3]
422.207695,100,789.560287,0.2181586480565651,False,False,[0.5 0.1 0.3]
514.369407,100,789.773388,0.13533721302693827,False,False,[0.5 0.1 0.3]
352.373281,100,789.985935,0.21995870575132306,False,False,[0.5 0.1 0.3]
146.232316,68,790.638791,0.40557004897012083,True,False,[0.5 0.1 0.3]
694.592381,100,790.942618,0.1768911592145559,False,False,[0.5 0.1 0.3]
442.364073,100,791.259926,0.12274816356769014,False,False,[0.5 0.1 0.3]
451.350552,100,791.47836,0.16937958623490035,False,False,[0.5 0.1 0.3]
333.216996,100,791.719401,0.2747793926973457,False,False,[0.5 0.1 0.3]
544.603191,100,791.936106,0.08520971072289188,False,False,[0.5 0.1 0.3]
436.075732,100,792.155018,0.15084335537230226,False,False,[0.5 0.1 0.3]
472.788541,100,792.376671,0.22461362561119774,False,False,[0.5 0.1 0.3]
452.89879,100,792.588224,0.1002742698633627,False,False,[0.5 0.1 0.3]
493.914339,100,792.805713,0.17385822488870292,False,False,[0.5 0.1 0.3]
421.118421,100,793.026994,0.18269907220351297,False,False,[0.5 0.1 0.3]
383.96255,100,793.25349,0.22148328190332783,False,False,[0.5 0.1 0.3]
479.243549,100,793.474547,0.12911851064854482,False,False,[0.5 0.1 0.3]
266.349512,84,793.697374,0.2799002266173836,True,False,[0.5 0.1 0.3]
290.819332,91,793.908408,0.20983335498646774,True,False,[0.5 0.1 0.3]
436.373229,100,794.128174,0.10007242500294726,False,False,[0.5 0.1 0.3]
107.902699,50,794.30073,0.21932608360103634,True,False,[0.5 0.1 0.3]
493.630207,100,794.51275,0.19567063457679715,False,False,[0.5 0.1 0.3]
332.119903,100,794.733909,0.2559798351594936,False,False,[0.5 0.1 0.3]
371.690012,100,795.03555,0.20005627845677845,False,False,[0.5 0.1 0.3]
431.6437,100,795.255251,0.2055531162549796,False,False,[0.5 0.1 0.3]
511.551751,100,795.975162,0.10335621537771209,False,False,[0.5 0.1 0.3]
461.11907,100,796.185659,0.045837241518056786,False,False,[0.5 0.1 0.3]
469.63543,100,796.403437,0.06913393635300848,False,False,[0.5 0.1 0.3]
509.490861,100,796.614264,0.2575093756359481,False,False,[0.5 0.1 0.3]
479.636532,100,796.828566,0.19987242454797546,False,False,[0.5 0.1 0.3]
308.181241,100,797.052452,0.36917742267286996,False,False,[0.5 0.1 0.3]
441.969664,100,797.277301,0.11743131008660301,False,False,[0.5 0.1 0.3]
412.068875,100,797.491139,0.2540038064787072,False,False,[0.5 0.1 0.3]
443.97532,100,797.732593,0.2724615288399183,False,False,[0.5 0.1 0.3]
426.68996,100,797.942154,0.2555865134393405,False,False,[0.5 0.1 0.3]
567.934001,100,798.154031,0.042579878276108485,False,False,[0.5 0.1 0.3]
505.897388,100,798.37324,0.16081997604400664,False,False,[0.5 0.1 0.3]
325.114412,96,798.589622,0.2411647509857713,True,False,[0.5 0.1 0.3]
458.704774,100,798.811443,0.24665289488469305,False,False,[0.5 0.1 0.3]
483.988476,100,799.028052,0.17471689293131365,False,False,[0.5 0.1 0.3]
463.686718,100,799.253828,0.17093192152627312,False,False,[0.5 0.1 0.3]
412.515412,100,799.473906,0.2639009374308811,False,False,[0.5 0.1 0.3]
367.222036,100,799.69832,0.2961224849255992,False,False,[0.5 0.1 0.3]
382.925345,100,799.910792,0.15649868620881263,False,False,[0.5 0.1 0.3]
384.131128,100,800.134348,0.2996817755646182,False,False,[0.5 0.1 0.3]
549.888599,100,800.352893,0.09779651466025131,False,False,[0.5 0.1 0.3]
451.580172,100,801.017808,0.09828075391857283,False,False,[0.5 0.1 0.3]
454.532664,100,801.254732,0.08731356322289735,False,False,[0.5 0.1 0.3]
395.019338,100,801.477427,0.16916283505118399,False,False,[0.5 0.1 0.3]
497.661283,100,801.693215,0.17922880693160362,False,False,[0.5 0.1 0.3]
471.47084,100,801.93976,0.12384456207202588,False,False,[0.5 0.1 0.3]
435.594241,100,802.153821,0.11479868594572479,False,False,[0.5 0.1 0.3]
511.422896,100,802.363032,0.06517317094046884,False,False,[0.5 0.1 0.3]
383.558891,100,802.576576,0.1872744194427193,False,False,[0.5 0.1 0.3]
342.565261,100,802.800075,0.2679047972945012,False,False,[0.5 0.1 0.3]
474.491099,100,803.015681,0.16247070167340796,False,False,[0.5 0.1 0.3]
464.700897,100,803.242065,0.17783628533695578,False,False,[0.5 0.1 0.3]
498.446316,100,803.460252,0.19239530064263258,False,False,[0.5 0.1 0.3]
314.089932,100,803.70503,0.43194324405750584,False,False,[0.5 0.1 0.3]
267.67564,100,803.933392,0.29875934302798957,True,False,[0.5 0.1 0.3]
432.749648,100,804.148954,0.21111770291283513,False,False,[0.5 0.1 0.3]
143.01168,60,804.318544,0.25525799140807115,True,False,[0.5 0.1 0.3]
459.59092,100,804.542027,0.16652085046528992,False,False,[0.5 0.1 0.3]
411.526351,100,804.757626,0.260095466055589,False,False,[0.5 0.1 0.3]
567.776269,100,804.975413,0.05905672366883162,False,False,[0.5 0.1 0.3]
463.359806,100,805.192265,0.18078568184426566,False,False,[0.5 0.1 0.3]
431.718697,100,805.889158,0.1299397034698601,False,False,[0.5 0.1 0.3]
392.044744,100,806.106683,0.21880657092932077,False,False,[0.5 0.1 0.3]
527.503774,100,806.327747,0.1741705878556422,False,False,[0.5 0.1 0.3]
449.361399,100,806.544959,0.2881021527045391,False,False,[0.5 0.1 0.3]
493.790702,100,806.758105,0.09700216785933667,False,False,[0.5 0.1 0.3]
401.746873,100,806.974484,0.17949042542013868,False,False,[0.5 0.1 0.3]
461.297528,100,807.195676,0.11608746709783124,False,False,[0.5 0.1 0.3]
189.862084,100,807.445638,0.49919181748150454,False,False,[0.5 0.1 0.3]
465.632019,100,807.659925,0.11811558553787549,False,False,[0.5 0.1 0.3]
490.482475,100,807.87795,0.13855422481254348,False,False,[0.5 0.1 0.3]
510.325872,100,808.098507,0.1275375730015781,False,False,[0.5 0.1 0.3]
466.713684,100,808.320557,0.12555480595279342,False,False,[0.5 0.1 0.3]
447.073977,100,808.542513,0.08554107047783205,False,False,[0.5 0.1 0.3]
498.198807,100,808.762327,0.10678915035914935,False,False,[0.5 0.1 0.3]
454.959412,100,808.99257,0.20636770334163065,False,False,[0.5 0.1 0.3]
266.874046,98,809.217213,0.2348013836633352,True,False,[0.5 0.1 0.3]
307.360074,91,809.443081,0.264768582750482,True,False,[0.5 0.1 0.3]
452.014862,100,809.683085,0.07368346189192627,False,False,[0.5 0.1 0.3]
445.32463,100,809.897662,0.14199805599715698,False,False,[0.5 0.1 0.3]
373.764659,100,810.11709,0.1564024005654296,False,False,[0.5 0.1 0.3]
512.346146,100,810.337514,0.1969078486545378,False,False,[0.5 0.1 0.3]
311.76453,98,811.026205,0.24261407675162758,True,False,[0.5 0.1 0.3]
704.20796,100,811.2586,0.15279004861036252,False,False,[0.5 0.1 0.3]
159.564431,75,811.460862,0.3217530523276106,True,False,[0.5 0.1 0.3]
450.968263,100,811.675452,0.04327701848948068,False,False,[0.5 0.1 0.3]
413.925664,100,811.915325,0.17168822320747612,False,False,[0.5 0.1 0.3]
439.906978,100,812.129359,0.15777125238707637,False,False,[0.5 0.1 0.3]
700.982834,100,812.344506,0.19913304847749613,False,False,[0.5 0.1 0.3]
403.27386,100,812.564615,0.1458693964642443,False,False,[0.5 0.1 0.3]
417.514208,100,812.881158,0.1949697005583503,False,False,[0.5 0.1 0.3]
421.121695,100,813.190207,0.18179079387523198,False,False,[0.5 0.1 0.3]
502.174326,100,813.421833,0.017731473534171118,False,False,[0.5 0.1 0.3]
519.586426,100,813.649545,0.1632550036026643,False,False,[0.5 0.1 0.3]
476.914198,100,813.86631,0.07541299703884853,False,False,[0.5 0.1 0.3]
427.616681,100,814.080201,0.217103577559589,False,False,[0.5 0.1 0.3]
504.213585,100,814.301218,0.06109615787369122,False,False,[0.5 0.1 0.3]
479.741015,100,814.523547,0.06139759114178326,False,False,[0.5 0.1 0.3]
409.343001,100,814.745903,0.10959297027467445,False,False,[0.5 0.1 0.3]
406.336176,100,815.058656,0.08229527627946706,False,False,[0.5 0.1 0.3]
437.48543,100,815.284646,0.12520630864361287,False,False,[0.5 0.1 0.3]
485.374177,100,815.507409,0.17992258279968237,False,False,[0.5 0.1 0.3]
373.207099,100,815.745606,0.2276958767304109,False,False,[0.5 0.1 0.3]
492.960243,100,816.42468,0.14792780111407353,False,False,[0.5 0.1 0.3]
470.284147,100,816.640726,0.13827315606135057,False,False,[0.5 0.1 0.3]
366.866169,100,816.845803,0.19113146322434685,False,False,[0.5 0.1 0.3]
468.212682,100,817.066624,0.06744091288310612,False,False,[0.5 0.1 0.3]
407.390915,100,817.287826,0.20209382216585206,False,False,[0.5 0.1 0.3]
427.855357,100,817.512819,0.1380330241721199,False,False,[0.5 0.1 0.3]
420.196659,100,817.728297,0.21905826027923522,False,False,[0.5 0.1 0.3]
295.658176,100,817.95212,0.21500508360686932,False,False,[0.5 0.1 0.3]
531.043404,100,818.166696,0.13581330187728843,False,False,[0.5 0.1 0.3]
301.236452,100,818.378195,0.40633365946080274,False,False,[0.5 0.1 0.3]
416.012309,100,818.692586,0.2444445565891762,False,False,[0.5 0.1 0.3]
442.089636,100,818.998724,0.17596384317825606,False,False,[0.5 0.1 0.3]
447.123767,100,819.220344,0.06638973537971364,False,False,[0.5 0.1 0.3]
367.048114,100,819.444964,0.1403825923680889,False,False,[0.5 0.1 0.3]
491.771356,100,819.655236,0.0626976530353523,False,False,[0.5 0.1 0.3]
488.182503,100,819.87774,0.030166541532392906,False,False,[0.5 0.1 0.3]
726.42318,100,820.121207,0.1533684871576084,False,False,[0.5 0.1 0.3]
486.195978,100,820.33569,0.08559583272927256,False,False,[0.5 0.1 0.3]
395.863259,100,820.557725,0.14009189085945975,False,False,[0.5 0.1 0.3]
457.213308,100,820.777917,0.1155283677328714,False,False,[0.5 0.1 0.3]
415.290864,100,821.46112,0.16714567389269733,False,False,[0.5 0.1 0.3]
443.802335,100,821.677921,0.180600631520826,False,False,[0.5 0.1 0.3]
411.52428,100,821.892113,0.23315711861952126,False,False,[0.5 0.1 0.3]
452.719765,100,822.113255,0.1236458929212825,False,False,[0.5 0.1 0.3]
427.160939,100,822.363157,0.1685942907093816,False,False,[0.5 0.1 0.3]
421.927171,100,822.584222,0.21046545527753516,False,False,[0.5 0.1 0.3]
385.813652,100,822.80318,0.21695932247240146,False,False,[0.5 0.1 0.3]
492.729695,100,823.025947,0.08742120441607565,False,False,[0.5 0.1 0.3]
518.976373,100,823.244915,0.142064630420904,False,False,[0.5 0.1 0.3]
466.374963,100,823.470796,0.11238416650943187,False,False,[0.5 0.1 0.3]
508.114272,100,823.689362,0.18047629856776137,False,False,[0.5 0.1 0.3]
453.961112,100,823.900447,0.2651009187225479,False,False,[0.5 0.1 0.3]
496.484418,100,824.216341,0.18088690737679636,False,False,[0.5 0.1 0.3]
463.535309,100,824.44021,0.22533660529368774,False,False,[0.5 0.1 0.3]
461.195291,100,824.658372,0.07558005258846918,False,False,[0.5 0.1 0.3]
335.475274,100,824.881128,0.18974349318909287,False,False,[0.5 0.1 0.3]
422.497497,100,825.097947,0.10262894860903363,False,False,[0.5 0.1 0.3]
423.977506,100,825.31544,0.1131705447274177,False,False,[0.5 0.1 0.3]
233.277633,77,825.518809,0.21832233571364484,True,False,[0.5 0.1 0.3]
426.937786,100,825.736132,0.10348063244620945,False,False,[0.5 0.1 0.3]
507.205974,100,825.954476,0.10266231314175871,False,False,[0.5 0.1 0.3]
396.808413,100,826.651032,0.15470850746812892,False,False,[0.5 0.1 0.3]
387.108315,100,826.870115,0.19885066384623193,False,False,[0.5 0.1 0.3]
231.043709,67,827.056081,0.2485884876593857,True,False,[0.5 0.1 0.3]
458.960453,100,827.279196,0.19105827974099576,False,False,[0.5 0.1 0.3]
224.481392,71,827.471428,0.22460527035208253,True,False,[0.5 0.1 0.3]
493.795868,100,827.689826,0.12000632113955037,False,False,[0.5 0.1 0.3]
170.944274,63,827.87082,0.2693790189014344,True,False,[0.5 0.1 0.3]
322.939668,89,828.076289,0.23077929955138357,True,False,[0.5 0.1 0.3]
422.819313,100,828.322891,0.14241087867806865,False,False,[0.5 0.1 0.3]
420.651712,100,828.543738,0.14311083909630687,False,False,[0.5 0.1 0.3]
482.816987,100,828.749197,0.14798226985831547,False,False,[0.5 0.1 0.3]
452.754602,100,829.054778,0.15751443994762268,False,False,[0.5 0.1 0.3]
528.205035,100,829.273158,0.07210104038247532,False,False,[0.5 0.1 0.3]
420.407374,100,829.492951,0.2218783118152634,False,False,[0.5 0.1 0.3]
506.426653,100,829.728418,0.10922169337832634,False,False,[0.5 0.1 0.3]
459.153321,100,829.940429,0.20843621517059877,False,False,[0.5 0.1 0.3]
399.525446,100,830.179765,0.2077565350575146,False,False,[0.5 0.1 0.3]
187.026917,60,830.356279,0.3089414095898249,True,False,[0.5 0.1 0.3]
526.3836,100,830.66471,0.16033391267545605,False,False,[0.5 0.1 0.3]
454.223134,100,830.88447,0.09759591051751278,False,False,[0.5 0.1 0.3]
515.990629,100,831.103546,0.15038209037348269,False,False,[0.5 0.1 0.3]
330.783923,100,831.321739,0.22648214478986706,False,False,[0.5 0.1 0.3]
500.485575,100,832.023062,0.1815660072110298,False,False,[0.5 0.1 0.3]
504.679942,100,832.329687,0.15196636730566035,False,False,[0.5 0.1 0.3]
401.353252,100,832.578045,0.14876087773617827,False,False,[0.5 0.1 0.3]
438.158568,100,832.799302,0.15169931422842342,False,False,[0.5 0.1 0.3]
486.472541,100,833.107891,0.14013416108724674,False,False,[0.5 0.1 0.3]
489.3172,100,833.43099,0.12812359446835853,False,False,[0.5 0.1 0.3]
453.171564,100,833.656181,0.1165641111715061,False,False,[0.5 0.1 0.3]
318.994015,100,833.874406,0.3685856509049854,False,False,[0.5 0.1 0.3]
354.694892,100,834.094191,0.14278833297157445,False,False,[0.5 0.1 0.3]
408.361037,100,834.316818,0.2592340978282581,False,False,[0.5 0.1 0.3]
493.46227,100,834.540548,0.17501431944782941,False,False,[0.5 0.1 0.3]
137.60252,80,834.765209,0.46221220746882435,True,False,[0.5 0.1 0.3]
452.691812,100,834.981783,0.109158056876079,False,False,[0.5 0.1 0.3]
408.163055,100,835.211639,0.19366723413213457,False,False,[0.5 0.1 0.3]
526.139128,100,835.433182,0.1651232522340965,False,False,[0.5 0.1 0.3]
368.272659,100,835.652035,0.12097347995275987,False,False,[0.5 0.1 0.3]
478.688444,100,835.868414,0.06505756750827443,False,False,[0.5 0.1 0.3]
496.410161,100,836.082301,0.1922092324027249,False,False,[0.5 0.1 0.3]
439.375661,100,836.30243,0.050236923563060816,False,False,[0.5 0.1 0.3]
175.616827,57,836.511043,0.2568581067548094,True,False,[0.5 0.1 0.3]
503.997688,100,836.723341,0.11105033722073737,False,False,[0.5 0.1 0.3]
418.082128,100,837.41093,0.16261156853609823,False,False,[0.5 0.1 0.3]
344.065397,100,837.632006,0.31690084283606484,False,False,[0.5 0.1 0.3]
511.147176,100,837.85692,0.1607998899623225,False,False,[0.5 0.1 0.3]
439.270771,100,838.076866,0.05408914652191448,False,False,[0.5 0.1 0.3]
465.672048,100,838.299731,0.11669480655536861,False,False,[0.5 0.1 0.3]
411.230668,100,838.51968,0.16566496873675057,False,False,[0.5 0.1 0.3]
389.603933,100,838.760648,0.156819892930857,False,False,[0.5 0.1 0.3]
453.423776,100,838.980092,0.2558068528099445,False,False,[0.5 0.1 0.3]
279.802599,100,839.196885,0.3959418807795841,False,False,[0.5 0.1 0.3]
518.807069,100,839.504323,0.15147368958690077,False,False,[0.5 0.1 0.3]
493.546604,100,839.723068,0.05776437419211657,False,False,[0.5 0.1 0.3]
399.42977,100,839.931844,0.17334240817340757,False,False,[0.5 0.1 0.3]
297.010099,100,840.147608,0.43904147308851993,False,False,[0.5 0.1 0.3]
346.60418,100,840.364923,0.3350150493258537,False,False,[0.5 0.1 0.3]
518.883356,100,840.673746,0.05985808666118281,False,False,[0.5 0.1 0.3]
427.681532,100,840.922776,0.17983221293352541,False,False,[0.5 0.1 0.3]
438.37179,100,841.137945,0.13379361849411303,False,False,[0.5 0.1 0.3]
441.956683,100,841.354434,0.24039224079763827,False,False,[0.5 0.1 0.3]
501.515287,100,841.569003,0.14069722542802787,False,False,[0.5 0.1 0.3]
489.944421,100,841.791639,0.10592629374720693,False,False,[0.5 0.1 0.3]
550.345452,100,842.006812,0.17799766204104903,False,False,[0.5 0.1 0.3]
608.141408,100,842.68328,0.06575046488919785,False,False,[0.5 0.1 0.3]
482.514133,100,842.901649,0.14937461402167163,False,False,[0.5 0.1 0.3]
461.497086,100,843.11763,0.06412521727408971,False,False,[0.5 0.1 0.3]
539.059671,100,843.335941,0.08302193659626021,False,False,[0.5 0.1 0.3]
443.616835,100,843.551679,0.12882403346767476,False,False,[0.5 0.1 0.3]
416.913845,100,843.778464,0.22175217526617075,False,False,[0.5 0.1 0.3]
466.38582,100,843.996109,0.06642585889084858,False,False,[0.5 0.1 0.3]
457.246828,100,844.238081,0.10790144005252862,False,False,[0.5 0.1 0.3]
493.36952,100,844.450689,0.18389676985642817,False,False,[0.5 0.1 0.3]
465.622557,100,844.66572,0.0851837228721383,False,False,[0.5 0.1 0.3]
459.461039,100,844.881939,0.05939622706802585,False,False,[0.5 0.1 0.3]
481.129728,100,845.09724,0.12726497477322732,False,False,[0.5 0.1 0.3]
238.656026,77,845.297763,0.2733885061051001,True,False,[0.5 0.1 0.3]
382.752349,100,845.517961,0.14491439728080088,False,False,[0.5 0.1 0.3]
483.176414,100,845.738586,0.07534461542353815,False,False,[0.5 0.1 0.3]
497.484049,100,845.989668,0.11141670072236672,False,False,[0.5 0.1 0.3]
438.222575,100,846.204246,0.12937525648405654,False,False,[0.5 0.1 0.3]
361.76299,100,846.426878,0.2693742088964036,False,False,[0.5 0.1 0.3]
403.570496,100,846.64358,0.13163514848648125,False,False,[0.5 0.1 0.3]
408.434947,100,846.865196,0.18364181314168967,False,False,[0.5 0.1 0.3]
489.50881,100,847.564468,0.1403118714559312,False,False,[0.5 0.1 0.3]
342.402163,100,847.790934,0.38515467951464283,False,False,[0.5 0.1 0.3]
549.016844,100,848.100429,0.08988182604544064,False,False,[0.5 0.1 0.3]
260.824422,81,848.300987,0.23586769556598655,True,False,[0.5 0.1 0.3]
375.341629,100,848.521632,0.15954757261287078,False,False,[0.5 0.1 0.3]
430.147363,100,848.735533,0.16137223578539134,False,False,[0.5 0.1 0.3]
493.255243,100,848.948298,0.02883791804450577,False,False,[0.5 0.1 0.3]
502.698074,100,849.161709,0.10185014585566898,False,False,[0.5 0.1 0.3]
532.743144,100,849.380468,0.15298528066401798,False,False,[0.5 0.1 0.3]
433.086237,100,849.593719,0.09516565946845001,False,False,[0.5 0.1 0.3]
419.525219,100,849.838353,0.11953625524073512,False,False,[0.5 0.1 0.3]
452.75899,100,850.056298,0.18575287587459383,False,False,[0.5 0.1 0.3]
406.514514,100,850.281444,0.2098665333789726,False,False,[0.5 0.1 0.3]
373.080752,100,850.501789,0.339147699811251,False,False,[0.5 0.1 0.3]
449.78109,100,850.804149,0.12039718558415241,False,False,[0.5 0.1 0.3]
408.232014,100,851.019673,0.19808691369575246,False,False,[0.5 0.1 0.3]
474.14632,100,851.323111,0.19793130849176402,False,False,[0.5 0.1 0.3]
445.290104,100,851.630367,0.05991437750736658,False,False,[0.5 0.1 0.3]
237.259478,76,851.826638,0.26928007497579304,True,False,[0.5 0.1 0.3]
392.353567,100,852.13944,0.26088172950872307,False,False,[0.5 0.1 0.3]
428.66568,100,852.448719,0.2217596320092403,False,False,[0.5 0.1 0.3]
458.263755,100,853.199311,0.1292684907923003,False,False,[0.5 0.1 0.3]
436.538899,100,853.418462,0.10835523127967712,False,False,[0.5 0.1 0.3]
410.383197,100,853.632717,0.13721754301485425,False,False,[0.5 0.1 0.3]
398.025874,100,853.861598,0.22300423433252217,False,False,[0.5 0.1 0.3]
464.308588,100,854.081472,0.12835177091080602,False,False,[0.5 0.1 0.3]
457.655016,100,854.302741,0.12499051716031609,False,False,[0.5 0.1 0.3]
403.542786,100,854.555481,0.1420208213542354,False,False,[0.5 0.1 0.3]
391.121551,100,854.769308,0.14261524085326727,False,False,[0.5 0.1 0.3]
457.387755,100,854.99678,0.12870333532201994,False,False,[0.5 0.1 0.3]
502.271911,100,855.214004,0.12102460117006981,False,False,[0.5 0.1 0.3]
484.212156,100,855.437485,0.11539716110926838,False,False,[0.5 0.1 0.3]
286.453907,100,855.653705,0.37997470783700327,False,False,[0.5 0.1 0.3]
418.354718,100,855.875547,0.1695837273859274,False,False,[0.5 0.1 0.3]
362.122461,100,856.107781,0.14505104571950908,False,False,[0.5 0.1 0.3]
443.99665,100,856.425786,0.2425583883498401,False,False,[0.5 0.1 0.3]
389.731156,100,856.64381,0.2720416852583613,False,False,[0.5 0.1 0.3]
433.983124,100,856.856132,0.2247514635011783,False,False,[0.5 0.1 0.3]
510.032597,100,857.071265,0.03114439163584445,False,False,[0.5 0.1 0.3]
407.228041,100,857.289931,0.19143039319363023,False,False,[0.5 0.1 0.3]
252.079635,78,857.490942,0.2849912234166637,True,False,[0.5 0.1 0.3]
373.84814,100,857.703805,0.25552472759464806,False,False,[0.5 0.1 0.3]
449.847788,100,858.395758,0.16207857198657763,False,False,[0.5 0.1 0.3]
490.597661,100,858.637127,0.04793771204094944,False,False,[0.5 0.1 0.3]
511.563944,100,858.862525,0.06202041564153588,False,False,[0.5 0.1 0.3]
401.292042,100,859.082325,0.14370223056783227,False,False,[0.5 0.1 0.3]
488.061911,100,859.310507,0.04245700230163807,False,False,[0.5 0.1 0.3]
544.296187,100,859.52706,0.1469740889695387,False,False,[0.5 0.1 0.3]
405.012386,100,859.741862,0.07483568667640428,False,False,[0.5 0.1 0.3]
389.810326,100,859.962425,0.20305236653637587,False,False,[0.5 0.1 0.3]
395.964854,100,860.18229,0.13007153329260557,False,False,[0.5 0.1 0.3]
548.704862,100,860.404986,0.08371493274740742,False,False,[0.5 0.1 0.3]
467.826809,100,860.646852,0.061315136175614834,False,False,[0.5 0.1 0.3]
426.330386,100,860.859722,0.2047702492025296,False,False,[0.5 0.1 0.3]
253.951038,100,861.074952,0.35756529000955833,False,False,[0.5 0.1 0.3]
357.455398,100,861.303811,0.19431515170765487,False,False,[0.5 0.1 0.3]
341.52119,100,861.520951,0.32297542495411785,False,False,[0.5 0.1 0.3]
514.275675,100,861.731488,0.09088194109720163,False,False,[0.5 0.1 0.3]
438.572028,100,861.94885,0.1918434763280142,False,False,[0.5 0.1 0.3]
73.019017,34,862.095969,0.23694823194119224,True,False,[0.5 0.1 0.3]
363.955815,100,862.317589,0.23600657958657964,False,False,[0.5 0.1 0.3]
349.922906,100,862.532316,0.21824658619148815,False,False,[0.5 0.1 0.3]
401.733387,100,862.774747,0.12856388783965578,False,False,[0.5 0.1 0.3]
361.17772,100,863.465371,0.34070228694769106,False,False,[0.5 0.1 0.3]
315.610176,100,863.680712,0.153961452060317,False,False,[0.5 0.1 0.3]
449.886871,100,863.897627,0.20999297479794565,False,False,[0.5 0.1 0.3]
382.695288,100,864.12213,0.1821349046387262,False,False,[0.5 0.1 0.3]
519.200308,100,864.334216,0.09285994305176111,False,False,[0.5 0.1 0.3]
521.616983,100,864.561763,0.12439876698225524,False,False,[0.5 0.1 0.3]
347.625785,100,864.807624,0.2542453978032958,False,False,[0.5 0.1 0.3]
345.589931,100,865.027369,0.2814605908250607,False,False,[0.5 0.1 0.3]
438.932009,100,865.24788,0.21841027216951,False,False,[0.5 0.1 0.3]
366.449857,100,865.471993,0.320766392253078,False,False,[0.5 0.1 0.3]
366.287286,100,865.687766,0.39021312941761205,False,False,[0.5 0.1 0.3]
327.375899,100,865.903305,0.3494879629801888,False,False,[0.5 0.1 0.3]
452.106778,100,866.123999,0.16553819731214567,False,False,[0.5 0.1 0.3]
393.017138,100,866.346035,0.25611584898644957,False,False,[0.5 0.1 0.3]
309.947059,100,866.562501,0.207433973871013,False,False,[0.5 0.1 0.3]
414.305304,100,866.779578,0.14731958965944625,False,False,[0.5 0.1 0.3]
496.82061,100,867.002671,0.05936544852186327,False,False,[0.5 0.1 0.3]
411.45978,100,867.220805,0.1949097986625973,False,False,[0.5 0.1 0.3]
439.57657,100,867.435687,0.14634616063194045,False,False,[0.5 0.1 0.3]
418.689437,100,867.644905,0.3028752145752128,False,False,[0.5 0.1 0.3]
279.777701,92,867.852222,0.2297555906260679,True,False,[0.5 0.1 0.3]
440.525657,100,868.521419,0.10482582367806195,False,False,[0.5 0.1 0.3]
434.39858,100,868.734412,0.10836811361647843,False,False,[0.5 0.1 0.3]
498.914684,100,868.957694,0.15370829379568582,False,False,[0.5 0.1 0.3]
432.544485,100,869.202234,0.05443733535152069,False,False,[0.5 0.1 0.3]
496.027549,100,869.425261,0.16142408748938702,False,False,[0.5 0.1 0.3]
542.484695,100,869.639776,0.08547723527615839,False,False,[0.5 0.1 0.3]
348.29606,100,869.858077,0.1400411869871339,False,False,[0.5 0.1 0.3]
467.454299,100,870.078674,0.16728309945409195,False,False,[0.5 0.1 0.3]
289.674039,100,870.307623,0.2805469335292374,False,False,[0.5 0.1 0.3]
448.488489,100,870.529753,0.09333727331553437,False,False,[0.5 0.1 0.3]
438.449556,100,870.741062,0.07869615819455437,False,False,[0.5 0.1 0.3]
303.603861,100,870.952522,0.22686681314217605,False,False,[0.5 0.1 0.3]
519.901745,100,871.195446,0.1088800657983742,False,False,[0.5 0.1 0.3]
455.567415,100,871.408565,0.1886580401992409,False,False,[0.5 0.1 0.3]
423.684545,100,871.627433,0.09659565502265656,False,False,[0.5 0.1 0.3]
522.783725,100,871.848682,0.07850946135685263,False,False,[0.5 0.1 0.3]
495.726928,100,872.063602,0.13643555728754933,False,False,[0.5 0.1 0.3]
383.557317,100,872.297112,0.2018814008103062,False,False,[0.5 0.1 0.3]
385.365962,100,872.514224,0.23867177358420424,False,False,[0.5 0.1 0.3]
341.128386,100,872.727627,0.2184539059601216,False,False,[0.5 0.1 0.3]
404.737285,100,873.401734,0.21076732781406435,False,False,[0.5 0.1 0.3]
502.415649,100,873.616249,0.1080213416918953,False,False,[0.5 0.1 0.3]
480.86889,100,873.830606,0.17456882147076655,False,False,[0.5 0.1 0.3]
535.425562,100,874.050227,0.06998027610156866,False,False,[0.5 0.1 0.3]
466.547436,100,874.268376,0.05049611010881476,False,False,[0.5 0.1 0.3]
446.245429,100,874.484418,0.144933734145305,False,False,[0.5 0.1 0.3]
406.127866,100,874.708016,0.07692209530727145,False,False,[0.5 0.1 0.3]
474.095253,100,874.924073,0.10304033217449006,False,False,[0.5 0.1 0.3]
498.304748,100,875.134968,0.03807797707009879,False,False,[0.5 0.1 0.3]
573.922343,100,875.356199,0.08881911124199514,False,False,[0.5 0.1 0.3]
651.906747,100,875.573307,0.21367080503271108,False,False,[0.5 0.1 0.3]
514.79723,100,875.784524,0.13264678813693695,False,False,[0.5 0.1 0.3]
357.802739,100,875.995317,0.27189162938517475,False,False,[0.5 0.1 0.3]
414.795307,100,876.220314,0.14249532330496886,False,False,[0.5 0.1 0.3]
491.526561,87,876.42804,0.27062229535902216,True,False,[0.5 0.1 0.3]
505.458762,100,876.643272,0.14934821200100437,False,False,[0.5 0.1 0.3]
535.861734,100,876.862164,0.07500342247394925,False,False,[0.5 0.1 0.3]
409.795326,100,877.111107,0.18337353502274914,False,False,[0.5 0.1 0.3]
248.452693,96,877.319478,0.2789483439850641,True,False,[0.5 0.1 0.3]
411.803891,100,877.631868,0.21760050287901908,False,False,[0.5 0.1 0.3]
129.311234,72,877.821689,0.3553573684980631,True,False,[0.5 0.1 0.3]
463.646596,100,878.502589,0.24952504715820578,False,False,[0.5 0.1 0.3]
446.520371,100,878.720279,0.24050822160515764,False,False,[0.5 0.1 0.3]
510.483869,100,878.947942,0.10120893023424228,False,False,[0.5 0.1 0.3]
518.037535,100,879.187331,0.16354361705307488,False,False,[0.5 0.1 0.3]
322.106634,100,879.400715,0.21839201971657476,False,False,[0.5 0.1 0.3]
559.293627,100,879.616197,0.13914082264608194,False,False,[0.5 0.1 0.3]
386.843828,100,879.829241,0.2267067650387792,False,False,[0.5 0.1 0.3]
437.646647,100,880.054216,0.12217135285874385,False,False,[0.5 0.1 0.3]
418.90709,100,880.27275,0.17144604431421873,False,False,[0.5 0.1 0.3]
401.807783,100,880.491322,0.22638316113315599,False,False,[0.5 0.1 0.3]
736.156948,100,880.711693,0.17433146075914654,False,False,[0.5 0.1 0.3]
325.525071,100,880.965776,0.22928954736576476,False,False,[0.5 0.1 0.3]
408.943307,100,881.186584,0.2539409568902147,False,False,[0.5 0.1 0.3]
505.842337,100,881.401129,0.08370588591363533,False,False,[0.5 0.1 0.3]
492.470081,100,881.611183,0.10209373505210281,False,False,[0.5 0.1 0.3]
533.31786,100,881.830586,0.1471323579615536,False,False,[0.5 0.1 0.3]
339.205863,100,882.055,0.1714372182180801,False,False,[0.5 0.1 0.3]
451.843681,100,882.278572,0.25948623972164525,False,False,[0.5 0.1 0.3]
555.558362,100,882.501965,0.03223210864781906,False,False,[0.5 0.1 0.3]
532.825673,100,882.721507,0.10436265436291059,False,False,[0.5 0.1 0.3]
350.778004,100,883.4276,0.15699302264757414,False,False,[0.5 0.1 0.3]
386.69373,100,883.642864,0.1842197209552348,False,False,[0.5 0.1 0.3]
333.762657,100,883.867717,0.3227988799125877,False,False,[0.5 0.1 0.3]
402.966672,100,884.076846,0.3323554065183776,False,False,[0.5 0.1 0.3]
498.709505,100,884.381115,0.048139933770604014,False,False,[0.5 0.1 0.3]
262.668936,83,884.587463,0.25259697457091146,True,False,[0.5 0.1 0.3]
349.415576,100,884.808469,0.23637111425961935,False,False,[0.5 0.1 0.3]
436.903777,100,885.024763,0.07617780167536678,False,False,[0.5 0.1 0.3]
472.376756,100,885.253986,0.11009021427390298,False,False,[0.5 0.1 0.3]
470.968455,100,885.474028,0.17381474693334736,False,False,[0.5 0.1 0.3]
453.542796,100,885.689231,0.18977906834699237,False,False,[0.5 0.1 0.3]
513.493872,100,885.910729,0.10063224964010023,False,False,[0.5 0.1 0.3]
401.093306,100,886.129155,0.12837887028047,False,False,[0.5 0.1 0.3]
512.669309,100,886.435634,0.10290083035741168,False,False,[0.5 0.1 0.3]
384.465684,100,886.650004,0.18204940003192574,False,False,[0.5 0.1 0.3]
470.249123,100,886.864703,0.17241621851552089,False,False,[0.5 0.1 0.3]
461.045457,100,887.102064,0.19870288182348386,False,False,[0.5 0.1 0.3]
471.577823,100,887.317964,0.11763076973980298,False,False,[0.5 0.1 0.3]
408.455925,100,887.539991,0.1760090109327349,False,False,[0.5 0.1 0.3]
414.976951,100,887.758351,0.16259495515042496,False,False,[0.5 0.1 0.3]
217.171598,90,887.968425,0.26030539852258544,True,False,[0.5 0.1 0.3]
529.611383,100,888.646317,0.13137179610332342,False,False,[0.5 0.1 0.3]
436.34692,100,888.866198,0.20969116337102878,False,False,[0.5 0.1 0.3]
430.450883,100,889.077291,0.16177773114338923,False,False,[0.5 0.1 0.3]
118.884003,54,889.271991,0.27464196321304135,True,False,[0.5 0.1 0.3]
488.179113,100,889.578865,0.13315327195298662,False,False,[0.5 0.1 0.3]
408.052636,100,889.795396,0.1454367480212987,False,False,[0.5 0.1 0.3]
460.758035,100,890.006319,0.09561099776037879,False,False,[0.5 0.1 0.3]
429.112479,100,890.224248,0.13240619446625396,False,False,[0.5 0.1 0.3]
543.249834,100,890.444673,0.11016585326532621,False,False,[0.5 0.1 0.3]
369.453012,100,890.662096,0.21722469926750468,False,False,[0.5 0.1 0.3]
348.133572,100,890.877981,0.18887058783666344,False,False,[0.5 0.1 0.3]
444.091721,100,891.132278,0.2164667763267399,False,False,[0.5 0.1 0.3]
423.83829,100,891.343223,0.1263899537030178,False,False,[0.5 0.1 0.3]
413.321309,100,891.558047,0.13581607768242754,False,False,[0.5 0.1 0.3]
438.629148,100,891.775287,0.23126624561957024,False,False,[0.5 0.1 0.3]
494.652684,100,891.99321,0.09297579326387624,False,False,[0.5 0.1 0.3]
436.106045,100,892.213723,0.2534586553777674,False,False,[0.5 0.1 0.3]
515.686997,100,892.440794,0.09028672436377251,False,False,[0.5 0.1 0.3]
427.391332,100,892.66407,0.18236218629545714,False,False,[0.5 0.1 0.3]
439.400675,100,892.893063,0.07951323178563961,False,False,[0.5 0.1 0.3]
447.230488,100,893.13509,0.1323186204149311,False,False,[0.5 0.1 0.3]
404.730765,100,893.820312,0.07397189397385719,False,False,[0.5 0.1 0.3]
533.265187,100,894.03255,0.03714074290432093,False,False,[0.5 0.1 0.3]
453.351961,100,894.254229,0.12689449500338612,False,False,[0.5 0.1 0.3]
449.516042,100,894.478696,0.07475078849560629,False,False,[0.5 0.1 0.3]
404.865042,100,894.697535,0.14663706652516806,False,False,[0.5 0.1 0.3]
492.313748,100,894.922115,0.1877610625485869,False,False,[0.5 0.1 0.3]
467.1004,100,895.265749,0.12139222009036886,False,False,[0.5 0.1 0.3]
372.790522,100,895.474917,0.1763904647578757,False,False,[0.5 0.1 0.3]
515.345384,100,895.693138,0.11291391663301086,False,False,[0.5 0.1 0.3]
451.949127,100,895.912316,0.09956258015878856,False,False,[0.5 0.1 0.3]
379.323693,100,896.127652,0.14036077221602833,False,False,[0.5 0.1 0.3]
304.713459,100,896.34737,0.4084940071040855,False,False,[0.5 0.1 0.3]
447.453669,100,896.56745,0.17308577518087903,False,False,[0.5 0.1 0.3]
472.121221,100,896.787907,0.2454354203919338,False,False,[0.5 0.1 0.3]
249.153057,100,897.033641,0.3503694957514048,False,False,[0.5 0.1 0.3]
498.064498,100,897.256117,0.1020828348053081,False,False,[0.5 0.1 0.3]
422.785598,100,897.472652,0.1348329492612616,False,False,[0.5 0.1 0.3]
398.301577,100,897.693105,0.20279326302599615,False,False,[0.5 0.1 0.3]
427.576703,100,897.919069,0.3407494337845054,False,False,[0.5 0.1 0.3]
423.751778,100,898.230193,0.1426394437309538,False,False,[0.5 0.1 0.3]
495.070479,100,898.45024,0.06431088672042082,False,False,[0.5 0.1 0.3]
502.105824,100,899.118323,0.18614283716753618,False,False,[0.5 0.1 0.3]
461.167781,100,899.361222,0.18344325368749306,False,False,[0.5 0.1 0.3]
451.38667,100,899.580343,0.1764402603874214,False,False,[0.5 0.1 0.3]
510.72951,100,899.795105,0.09046584636705536,False,False,[0.5 0.1 0.3]
539.589151,100,900.015105,0.05723895467601079,False,False,[0.5 0.1 0.3]
469.290345,100,900.231214,0.15440453817420474,False,False,[0.5 0.1 0.3]
536.811711,100,900.448009,0.09492711548374808,False,False,[0.5 0.1 0.3]
427.378389,100,900.669313,0.1570713118273476,False,False,[0.5 0.1 0.3]
371.862437,100,900.890334,0.22415654780006522,False,False,[0.5 0.1 0.3]
532.569482,100,901.115028,0.16260182081984725,False,False,[0.5 0.1 0.3]
439.115575,100,901.353696,0.0599530929614065,False,False,[0.5 0.1 0.3]
428.480749,100,901.567336,0.16563427531225655,False,False,[0.5 0.1 0.3]
571.309198,100,901.872266,0.1493897527697553,False,False,[0.5 0.1 0.3]
489.84417,100,902.09318,0.1658257263752557,False,False,[0.5 0.1 0.3]
463.377347,100,902.404336,0.13390023662953482,False,False,[0.5 0.1 0.3]
403.050216,100,902.622877,0.18413678030177683,False,False,[0.5 0.1 0.3]
501.102258,100,902.842681,0.19249656734930584,False,False,[0.5 0.1 0.3]
245.376347,90,903.086302,0.2698155054006575,True,False,[0.5 0.1 0.3]
397.565475,100,903.314557,0.1022252006206017,False,False,[0.5 0.1 0.3]
435.305302,100,903.533254,0.1405829434531753,False,False,[0.5 0.1 0.3]
462.970068,100,904.218862,0.13208895569465906,False,False,[0.5 0.1 0.3]
407.237372,100,904.436113,0.22820991777802235,False,False,[0.5 0.1 0.3]
287.438242,100,904.656927,0.43110764916678745,False,False,[0.5 0.1 0.3]
425.266203,100,904.877295,0.22407782981821095,False,False,[0.5 0.1 0.3]
496.941659,100,905.095091,0.11080956881819537,False,False,[0.5 0.1 0.3]
329.097023,100,905.340134,0.17645052201160458,False,False,[0.5 0.1 0.3]
526.304966,100,905.554602,0.052325829199491365,False,False,[0.5 0.1 0.3]
519.032194,100,905.771778,0.1250181000150334,False,False,[0.5 0.1 0.3]
505.055639,100,905.987109,0.08349068946641237,False,False,[0.5 0.1 0.3]
593.778217,100,906.202309,0.12692092304374705,False,False,[0.5 0.1 0.3]
328.810592,98,906.416892,0.1960565658134393,True,False,[0.5 0.1 0.3]
507.518478,100,906.632472,0.07435596089423081,False,False,[0.5 0.1 0.3]
448.055829,100,906.850782,0.09384192566881179,False,False,[0.5 0.1 0.3]
509.539727,100,907.090212,0.02587292923599972,False,False,[0.5 0.1 0.3]
580.583625,100,907.312411,0.1230065882898877,False,False,[0.5 0.1 0.3]
436.775285,100,907.531904,0.13029861527490053,False,False,[0.5 0.1 0.3]
437.925629,100,907.835143,0.13273274338064736,False,False,[0.5 0.1 0.3]
349.004626,100,908.058921,0.1363888214764703,False,False,[0.5 0.1 0.3]
420.832917,100,908.283098,0.1744894655039193,False,False,[0.5 0.1 0.3]
383.243862,100,908.499934,0.2073858394163347,False,False,[0.5 0.1 0.3]
385.25234,100,908.727971,0.3230611186468603,False,False,[0.5 0.1 0.3]
474.082848,100,909.516944,0.020419730976410443,False,False,[0.5 0.1 0.3]
376.916165,100,909.734551,0.22785029540188734,False,False,[0.5 0.1 0.3]
77.317421,42,909.896089,0.24795223565655533,True,False,[0.5 0.1 0.3]
359.275382,100,910.109234,0.39908934332973844,False,False,[0.5 0.1 0.3]
525.081055,100,910.419211,0.10162854184592066,False,False,[0.5 0.1 0.3]
561.289667,100,910.638051,0.11748387166442228,False,False,[0.5 0.1 0.3]
440.37102,100,910.871262,0.19432316564538404,False,False,[0.5 0.1 0.3]
466.636184,100,911.087619,0.153354786514632,False,False,[0.5 0.1 0.3]
305.647879,100,911.325441,0.35666328879148274,False,False,[0.5 0.1 0.3]
468.082793,100,911.545892,0.17873288041706298,False,False,[0.5 0.1 0.3]
532.948304,100,911.763158,0.19055276238299207,False,False,[0.5 0.1 0.3]
390.613756,100,911.981238,0.14580485958960132,False,False,[0.5 0.1 0.3]
428.064915,100,912.201299,0.1390231067887657,False,False,[0.5 0.1 0.3]
493.270608,100,912.415165,0.14801682158572996,False,False,[0.5 0.1 0.3]
397.97235,100,912.651887,0.1800985513802334,False,False,[0.5 0.1 0.3]
463.49972,100,912.873958,0.12538966357462528,False,False,[0.5 0.1 0.3]
477.084637,100,913.114633,0.22463492772175359,False,False,[0.5 0.1 0.3]
236.440152,82,913.326856,0.2137457665946026,True,False,[0.5 0.1 0.3]
470.492218,100,913.546517,0.058680178726116264,False,False,[0.5 0.1 0.3]
471.979442,100,913.761966,0.143398984732093,False,False,[0.5 0.1 0.3]
444.373079,100,913.976012,0.2121182010922239,False,False,[0.5 0.1 0.3]
424.294595,100,914.65138,0.15143605238125257,False,False,[0.5 0.1 0.3]
452.567129,100,914.880465,0.24880544162521218,False,False,[0.5 0.1 0.3]
351.945771,100,915.191499,0.22878531614604608,False,False,[0.5 0.1 0.3]
383.107976,100,915.40432,0.22517719219237312,False,False,[0.5 0.1 0.3]
497.635465,100,915.621197,0.1579811669360068,False,False,[0.5 0.1 0.3]
404.288393,100,915.839244,0.12996164337413715,False,False,[0.5 0.1 0.3]
433.325389,100,916.06407,0.2779362526965588,False,False,[0.5 0.1 0.3]
322.933123,100,916.281214,0.39066574074662236,False,False,[0.5 0.1 0.3]
389.558919,100,916.498989,0.29390187945960927,False,False,[0.5 0.1 0.3]
417.242021,100,916.724944,0.185505309855696,False,False,[0.5 0.1 0.3]
310.772197,95,916.980788,0.23367990843571584,True,False,[0.5 0.1 0.3]
126.065065,49,917.144623,0.21170911895377412,True,False,[0.5 0.1 0.3]
485.169197,100,917.360451,0.11428251582286231,False,False,[0.5 0.1 0.3]
521.672331,100,917.580006,0.11645645601775521,False,False,[0.5 0.1 0.3]
414.218906,100,917.794726,0.18690981370410073,False,False,[0.5 0.1 0.3]
387.09534,100,918.019549,0.08388027981257816,False,False,[0.5 0.1 0.3]
500.648649,100,918.252193,0.13918892539945765,False,False,[0.5 0.1 0.3]
376.202046,100,918.47069,0.2149598222694036,False,False,[0.5 0.1 0.3]
512.866149,100,918.694951,0.11750278406721862,False,False,[0.5 0.1 0.3]
460.274081,100,918.921996,0.09254637809961269,False,False,[0.5 0.1 0.3]
479.736003,100,919.135163,0.3144460237153667,False,False,[0.5 0.1 0.3]
433.684467,100,919.822347,0.1178649083391872,False,False,[0.5 0.1 0.3]
474.832978,100,920.036386,0.14915201622662277,False,False,[0.5 0.1 0.3]
552.435111,100,920.256309,0.010731957328330287,False,False,[0.5 0.1 0.3]
430.4658,100,920.475571,0.2227981505320628,False,False,[0.5 0.1 0.3]
475.687739,100,920.696449,0.11976459042399415,False,False,[0.5 0.1 0.3]
471.272972,100,920.945038,0.12031353412346726,False,False,[0.5 0.1 0.3]
555.707049,100,921.155828,0.04047322060858758,False,False,[0.5 0.1 0.3]
323.188893,100,921.372851,0.22292611436747944,False,False,[0.5 0.1 0.3]
442.879345,100,921.579684,0.12759323417875626,False,False,[0.5 0.1 0.3]
396.620854,100,921.792694,0.14150737935533578,False,False,[0.5 0.1 0.3]
488.118317,100,922.008059,0.17011364940941687,False,False,[0.5 0.1 0.3]
514.617656,100,922.231628,0.13446642785510782,False,False,[0.5 0.1 0.3]
484.316573,100,922.446358,0.18795905362910528,False,False,[0.5 0.1 0.3]
473.483412,100,922.681021,0.10837485898887224,False,False,[0.5 0.1 0.3]
518.007654,100,922.898075,0.03856366825710036,False,False,[0.5 0.1 0.3]
352.883372,100,923.110171,0.19701264478393676,False,False,[0.5 0.1 0.3]
484.616664,100,923.335032,0.15732893843795115,False,False,[0.5 0.1 0.3]
525.135785,100,923.54741,0.1535199163225065,False,False,[0.5 0.1 0.3]
521.102785,100,923.754313,0.07001505464082008,False,False,[0.5 0.1 0.3]
549.217889,100,923.972762,0.22915370537498417,False,False,[0.5 0.1 0.3]
575.839512,100,924.184629,0.04302810180402551,False,False,[0.5 0.1 0.3]
494.489388,100,924.899304,0.1627077781047036,False,False,[0.5 0.1 0.3]
427.333011,100,925.104056,0.2583954450766004,False,False,[0.5 0.1 0.3]
419.33676,100,925.324385,0.16631914207526768,False,False,[0.5 0.1 0.3]
425.590991,100,925.539771,0.20141674137098559,False,False,[0.5 0.1 0.3]
396.806293,100,925.760264,0.2860428501833658,False,False,[0.5 0.1 0.3]
577.307352,100,925.973994,0.07834732925229058,False,False,[0.5 0.1 0.3]
449.239688,100,926.199119,0.15183208726395667,False,False,[0.5 0.1 0.3]
413.574261,100,926.423537,0.3330639358580446,False,False,[0.5 0.1 0.3]
407.535378,100,926.650498,0.1440780375309427,False,False,[0.5 0.1 0.3]
386.56348,100,926.891977,0.23751518801582677,False,False,[0.5 0.1 0.3]
543.533168,100,927.11909,0.12742974870998713,False,False,[0.5 0.1 0.3]
355.317176,95,927.32754,0.2406513672680054,True,False,[0.5 0.1 0.3]
485.636665,100,927.549026,0.04935683466753452,False,False,[0.5 0.1 0.3]
500.74475,100,927.766353,0.12570627242597623,False,False,[0.5 0.1 0.3]
499.917215,100,927.980995,0.13128920063946956,False,False,[0.5 0.1 0.3]
426.888359,100,928.20188,0.17121326026863723,False,False,[0.5 0.1 0.3]
408.132343,100,928.420834,0.18462204787375744,False,False,[0.5 0.1 0.3]
319.545556,90,928.641124,0.20911061684756901,True,False,[0.5 0.1 0.3]
427.913044,100,928.868871,0.3726179500954763,False,False,[0.5 0.1 0.3]
400.214537,100,929.096293,0.22350855832535166,False,False,[0.5 0.1 0.3]
469.104273,100,929.795051,0.1396567220352508,False,False,[0.5 0.1 0.3]
436.286158,100,930.019207,0.10493325538734154,False,False,[0.5 0.1 0.3]
416.045274,100,930.238142,0.25691536091158473,False,False,[0.5 0.1 0.3]
469.213399,100,930.449713,0.11207912792016474,False,False,[0.5 0.1 0.3]
500.171383,100,930.665712,0.11305556411038141,False,False,[0.5 0.1 0.3]
477.162159,100,930.916778,0.14247314769322483,False,False,[0.5 0.1 0.3]
397.80591,100,931.142892,0.25273390767573967,False,False,[0.5 0.1 0.3]
434.316049,100,931.361752,0.10009179708102994,False,False,[0.5 0.1 0.3]
554.041442,100,931.575778,0.12403121603631588,False,False,[0.5 0.1 0.3]
90.941943,44,931.739618,0.22278663058225842,True,False,[0.5 0.1 0.3]
403.393958,100,931.950477,0.24627578305695388,False,False,[0.5 0.1 0.3]
46.042732,30,932.097416,0.2249294917539818,True,False,[0.5 0.1 0.3]
479.170357,100,932.317178,0.13221357863018093,False,False,[0.5 0.1 0.3]
417.779805,100,932.533441,0.16026409280283532,False,False,[0.5 0.1 0.3]
458.384678,100,932.752106,0.18861009980874058,False,False,[0.5 0.1 0.3]
407.125845,100,932.969396,0.07078008052891996,False,False,[0.5 0.1 0.3]
462.3898,100,933.188525,0.19171343028138352,False,False,[0.5 0.1 0.3]
179.753732,71,933.38515,0.28181409284864445,True,False,[0.5 0.1 0.3]
525.676752,100,933.589418,0.10627889389348698,False,False,[0.5 0.1 0.3]
501.918959,100,933.795857,0.10537188656620379,False,False,[0.5 0.1 0.3]
472.114559,100,934.006204,0.18968019857982313,False,False,[0.5 0.1 0.3]
438.849805,100,934.234724,0.09383592297824757,False,False,[0.5 0.1 0.3]
534.722861,100,934.92681,0.08205290280650838,False,False,[0.5 0.1 0.3]
482.118078,100,935.157923,0.16328977245648935,False,False,[0.5 0.1 0.3]
62.39312,39,935.308522,0.2317791212987933,True,False,[0.5 0.1 0.3]
581.152237,100,935.520349,0.07798774930667139,False,False,[0.5 0.1 0.3]
388.627732,100,935.736452,0.2302566735264727,False,False,[0.5 0.1 0.3]
397.736676,100,935.948079,0.22253003641714328,False,False,[0.5 0.1 0.3]
485.677611,100,936.193004,0.20905118065390405,False,False,[0.5 0.1 0.3]
445.309497,100,936.410407,0.18601515590604933,False,False,[0.5 0.1 0.3]
460.518232,100,936.629766,0.08459415404951036,False,False,[0.5 0.1 0.3]
416.35535,100,936.848095,0.19898503625642874,False,False,[0.5 0.1 0.3]
412.776214,100,937.067598,0.21458183661798072,False,False,[0.5 0.1 0.3]
481.795177,100,937.289938,0.17802360688433708,False,False,[0.5 0.1 0.3]
422.070664,100,937.595476,0.21897018613948255,False,False,[0.5 0.1 0.3]
538.958976,100,937.811844,0.07474232185562339,False,False,[0.5 0.1 0.3]
475.867657,100,938.030243,0.10552635377416,False,False,[0.5 0.1 0.3]
395.182065,100,938.255856,0.22717217692933678,False,False,[0.5 0.1 0.3]
474.019673,100,938.505084,0.2378449443632653,False,False,[0.5 0.1 0.3]
205.432431,70,938.690241,0.23031672278946402,True,False,[0.5 0.1 0.3]
490.114191,100,939.005799,0.16710343524500246,False,False,[0.5 0.1 0.3]
489.640925,100,939.238904,0.14761736310223314,False,False,[0.5 0.1 0.3]
425.115993,100,939.462642,0.16400790380577618,False,False,[0.5 0.1 0.3]
482.796382,100,939.683774,0.12032700070093814,False,False,[0.5 0.1 0.3]
456.010238,100,940.376205,0.21170173387965555,False,False,[0.5 0.1 0.3]
439.771331,100,940.582721,0.1550552744763466,False,False,[0.5 0.1 0.3]
520.2376,100,940.797909,0.12260305874681929,False,False,[0.5 0.1 0.3]
385.927579,100,941.056601,0.23946701424602282,False,False,[0.5 0.1 0.3]
420.847944,100,941.289608,0.20966721869899596,False,False,[0.5 0.1 0.3]
421.197664,100,941.511313,0.13765621995435423,False,False,[0.5 0.1 0.3]
460.013877,100,941.727954,0.11505029349392104,False,False,[0.5 0.1 0.3]
457.464514,100,941.942632,0.0906682062013176,False,False,[0.5 0.1 0.3]
469.127292,100,942.155475,0.13677597686929882,False,False,[0.5 0.1 0.3]
323.993751,100,942.367876,0.27084359648671474,False,False,[0.5 0.1 0.3]
489.419469,100,942.577968,0.08546948352169315,False,False,[0.5 0.1 0.3]
420.354836,100,942.797325,0.22433036255867012,False,False,[0.5 0.1 0.3]
337.509798,100,943.024679,0.2372679167373749,False,False,[0.5 0.1 0.3]
498.981824,100,943.277439,0.13575412892344874,False,False,[0.5 0.1 0.3]
442.586458,100,943.499904,0.11921386406728668,False,False,[0.5 0.1 0.3]
414.760924,100,943.72462,0.2205043033881263,False,False,[0.5 0.1 0.3]
445.698758,100,943.939247,0.15630223565244883,False,False,[0.5 0.1 0.3]
487.839687,100,944.158235,0.11736699860714601,False,False,[0.5 0.1 0.3]
426.613987,100,944.378695,0.2053390408707916,False,False,[0.5 0.1 0.3]
428.923109,100,944.591785,0.08075628972970683,False,False,[0.5 0.1 0.3]
472.305156,100,945.278323,0.21373086397894,False,False,[0.5 0.1 0.3]
466.518963,100,945.503907,0.051618060901833435,False,False,[0.5 0.1 0.3]
418.925626,100,945.756201,0.18991590179664916,False,False,[0.5 0.1 0.3]
175.935631,67,945.947117,0.2782508295944421,True,False,[0.5 0.1 0.3]
493.418943,100,946.162078,0.08985561134938937,False,False,[0.5 0.1 0.3]
479.484852,100,946.384317,0.14223446242583104,False,False,[0.5 0.1 0.3]
588.402263,100,946.596077,0.09173398791160874,False,False,[0.5 0.1 0.3]
494.670568,100,946.811089,0.18911562075071914,False,False,[0.5 0.1 0.3]
523.107205,100,947.03186,0.07579182178482727,False,False,[0.5 0.1 0.3]
403.053711,100,947.258191,0.13244017846233283,False,False,[0.5 0.1 0.3]
462.724213,100,947.48106,0.15987117978234452,False,False,[0.5 0.1 0.3]
486.086537,100,947.704029,0.19045365951863372,False,False,[0.5 0.1 0.3]
495.385117,100,947.930212,0.2109027328000922,False,False,[0.5 0.1 0.3]
375.939084,100,948.150046,0.13974510980018245,False,False,[0.5 0.1 0.3]
490.771499,100,948.368425,0.1923421106258937,False,False,[0.5 0.1 0.3]
512.013506,100,948.582447,0.08430004108953507,False,False,[0.5 0.1 0.3]
422.897405,100,948.798655,0.3388239146463146,False,False,[0.5 0.1 0.3]
494.167129,100,949.016043,0.08093988754125092,False,False,[0.5 0.1 0.3]
561.227937,100,949.234695,0.13186948318343852,False,False,[0.5 0.1 0.3]
459.485624,100,949.455662,0.13632559955891066,False,False,[0.5 0.1 0.3]
380.713518,100,949.671988,0.16734528392567502,False,False,[0.5 0.1 0.3]
456.662596,100,950.388666,0.16475754839751086,False,False,[0.5 0.1 0.3]
462.616942,100,950.603907,0.1778169236255245,False,False,[0.5 0.1 0.3]
324.934509,100,950.823191,0.346766829625623,False,False,[0.5 0.1 0.3]
474.896487,100,951.043932,0.17242470386082814,False,False,[0.5 0.1 0.3]
450.590822,100,951.264345,0.27497026286171755,False,False,[0.5 0.1 0.3]
469.671522,100,951.48895,0.03905048766724014,False,False,[0.5 0.1 0.3]
464.323173,100,951.704451,0.18263968354556792,False,False,[0.5 0.1 0.3]
409.216383,100,951.92456,0.15905572257353334,False,False,[0.5 0.1 0.3]
363.440114,100,952.144572,0.26951963575651977,False,False,[0.5 0.1 0.3]
449.081191,100,952.352279,0.18541708433258186,False,False,[0.5 0.1 0.3]
549.389848,100,952.574856,0.06811862336976138,False,False,[0.5 0.1 0.3]
499.951286,100,952.794344,0.1906953410075802,False,False,[0.5 0.1 0.3]
370.643046,100,953.016698,0.3354175816168711,False,False,[0.5 0.1 0.3]
183.41718,87,953.23604,0.35206517824849676,True,False,[0.5 0.1 0.3]
465.676384,100,953.457181,0.10595733764934026,False,False,[0.5 0.1 0.3]
475.736341,100,953.666749,0.1477841830048901,False,False,[0.5 0.1 0.3]
559.667463,100,953.887709,0.14320487344446126,False,False,[0.5 0.1 0.3]
531.75406,100,954.097567,0.12586032824809804,False,False,[0.5 0.1 0.3]
393.359879,100,954.321811,0.19622128641711017,False,False,[0.5 0.1 0.3]
425.459152,100,954.538557,0.2474943946658839,False,False,[0.5 0.1 0.3]
425.429671,100,955.232448,0.21123633158127947,False,False,[0.5 0.1 0.3]
412.935281,100,955.46373,0.2761386640192209,False,False,[0.5 0.1 0.3]
489.500501,100,955.773788,0.16478282080913387,False,False,[0.5 0.1 0.3]
554.243853,100,955.998523,0.07100117799465666,False,False,[0.5 0.1 0.3]
361.656987,100,956.221277,0.2604349067411586,False,False,[0.5 0.1 0.3]
416.726819,100,956.43139,0.27306892519172443,False,False,[0.5 0.1 0.3]
521.097956,100,956.642701,0.16849343811490713,False,False,[0.5 0.1 0.3]
389.044782,100,956.861243,0.19868290554795098,False,False,[0.5 0.1 0.3]
472.477378,100,957.10693,0.12006774897906049,False,False,[0.5 0.1 0.3]
472.728124,100,957.327761,0.20148680465619095,False,False,[0.5 0.1 0.3]
550.578025,100,957.560791,0.06349527745548059,False,False,[0.5 0.1 0.3]
555.310418,100,957.777472,0.03521418186303029,False,False,[0.5 0.1 0.3]
467.614173,100,957.988188,0.1956733126593435,False,False,[0.5 0.1 0.3]
341.461025,100,958.220122,0.32063008306233737,False,False,[0.5 0.1 0.3]
181.231233,65,958.500955,0.26900215473885414,True,False,[0.5 0.1 0.3]
533.106689,100,958.716705,0.20113008052747444,False,False,[0.5 0.1 0.3]
481.883391,100,958.967046,0.13178865178815374,False,False,[0.5 0.1 0.3]
567.299707,100,959.190006,0.1630136863433274,False,False,[0.5 0.1 0.3]
457.249905,100,959.409612,0.104700284466523,False,False,[0.5 0.1 0.3]
214.533076,70,959.604546,0.3347602153752762,True,False,[0.5 0.1 0.3]
544.302552,100,959.822451,0.10776544160349888,False,False,[0.5 0.1 0.3]
436.99439,100,960.033185,0.16161601031616352,False,False,[0.5 0.1 0.3]
467.446025,100,960.709329,0.10862940585509455,False,False,[0.5 0.1 0.3]
426.372339,100,960.925077,0.17047588442407102,False,False,[0.5 0.1 0.3]
492.802627,100,961.146559,0.08227804917215686,False,False,[0.5 0.1 0.3]
453.846184,100,961.366804,0.1757689997187453,False,False,[0.5 0.1 0.3]
524.92716,100,961.588407,0.15832652412551518,False,False,[0.5 0.1 0.3]
404.006987,100,961.892978,0.18506965321172617,False,False,[0.5 0.1 0.3]
536.364748,100,962.110899,0.1082800677127062,False,False,[0.5 0.1 0.3]
453.694335,100,962.325495,0.06684436903410874,False,False,[0.5 0.1 0.3]
472.140592,100,962.552294,0.17026240241420243,False,False,[0.5 0.1 0.3]
459.760123,100,962.76645,0.08670252373971558,False,False,[0.5 0.1 0.3]
219.778971,73,962.960037,0.32934133801202436,True,False,[0.5 0.1 0.3]
515.617275,100,963.175537,0.2070963240890588,False,False,[0.5 0.1 0.3]
246.029973,91,963.387914,0.3306481221324022,True,False,[0.5 0.1 0.3]
397.736635,100,963.610835,0.2994395586542699,False,False,[0.5 0.1 0.3]
370.532757,100,963.83002,0.2814894256839682,False,False,[0.5 0.1 0.3]
408.076831,100,964.044148,0.1348374619894799,False,False,[0.5 0.1 0.3]
394.175194,100,964.300062,0.2860259643086517,False,False,[0.5 0.1 0.3]
417.913302,100,964.522631,0.1862184682318453,False,False,[0.5 0.1 0.3]
516.271096,100,964.73941,0.047542671275486004,False,False,[0.5 0.1 0.3]
510.358879,100,964.957928,0.23536260967967387,False,False,[0.5 0.1 0.3]
433.316568,100,965.649992,0.10125506929173242,False,False,[0.5 0.1 0.3]
494.027439,100,965.871515,0.16992261058385688,False,False,[0.5 0.1 0.3]
450.00837,100,966.087687,0.0680573498265629,False,False,[0.5 0.1 0.3]
493.263483,100,966.311366,0.16465047564142762,False,False,[0.5 0.1 0.3]
467.21062,100,966.53243,0.15822032338512357,False,False,[0.5 0.1 0.3]
413.090078,100,966.77869,0.18042361553030875,False,False,[0.5 0.1 0.3]
370.701405,100,966.990909,0.23285031393864303,False,False,[0.5 0.1 0.3]
409.79597,100,967.20342,0.24146635219319806,False,False,[0.5 0.1 0.3]
379.643877,100,967.432119,0.2372625222088457,False,False,[0.5 0.1 0.3]
542.898278,100,967.65792,0.10634427729540268,False,False,[0.5 0.1 0.3]
550.023787,100,967.869653,0.07743452691877989,False,False,[0.5 0.1 0.3]
158.028648,69,968.049505,0.22194463184645816,True,False,[0.5 0.1 0.3]
474.756827,100,968.276286,0.13774584206839224,False,False,[0.5 0.1 0.3]
427.982753,100,968.493738,0.13003643174320342,False,False,[0.5 0.1 0.3]
536.088516,100,968.706839,0.14800727858278462,False,False,[0.5 0.1 0.3]
487.657748,100,968.925469,0.1663817169446702,False,False,[0.5 0.1 0.3]
327.616938,100,969.13866,0.29775440471483966,False,False,[0.5 0.1 0.3]
512.386269,100,969.353008,0.154484973178615,False,False,[0.5 0.1 0.3]
402.386785,100,969.565175,0.17124112392114754,False,False,[0.5 0.1 0.3]
453.82195,100,969.775524,0.16843675452987503,False,False,[0.5 0.1 0.3]
313.711422,100,969.993931,0.4235740472529488,False,False,[0.5 0.1 0.3]
418.25812,100,970.66756,0.12374391486921991,False,False,[0.5 0.1 0.3]
540.634178,100,970.882471,0.16002128429036377,False,False,[0.5 0.1 0.3]
525.598368,100,971.102299,0.16196865676571745,False,False,[0.5 0.1 0.3]
441.065047,100,971.345462,0.1591387825642855,False,False,[0.5 0.1 0.3]
429.829197,100,971.55815,0.11346616270292957,False,False,[0.5 0.1 0.3]
752.571902,100,971.775478,0.12012701256629862,False,False,[0.5 0.1 0.3]
419.884715,100,971.989488,0.21254543919213847,False,False,[0.5 0.1 0.3]
420.118581,100,972.202645,0.21010908868846176,False,False,[0.5 0.1 0.3]
517.114509,100,972.422878,0.04788117993985725,False,False,[0.5 0.1 0.3]
474.7959,100,972.637856,0.08834119580487373,False,False,[0.5 0.1 0.3]
510.759404,100,972.854914,0.006331565032530762,False,False,[0.5 0.1 0.3]
616.857789,100,973.070243,0.3016828176285768,False,False,[0.5 0.1 0.3]
430.557262,100,973.316538,0.19801077584035381,False,False,[0.5 0.1 0.3]
463.096032,100,973.624331,0.15575153044340403,False,False,[0.5 0.1 0.3]
520.927888,100,973.850507,0.0862187244770749,False,False,[0.5 0.1 0.3]
559.79553,100,974.068432,0.020051619551568027,False,False,[0.5 0.1 0.3]
102.615496,44,974.226574,0.23706186469367221,True,False,[0.5 0.1 0.3]
429.268341,100,974.443761,0.13479669010927534,False,False,[0.5 0.1 0.3]
507.38893,100,974.660244,0.1155951971427345,False,False,[0.5 0.1 0.3]
190.473942,65,974.847347,0.2426534595005275,True,False,[0.5 0.1 0.3]
413.571634,100,975.061251,0.19095438355485772,False,False,[0.5 0.1 0.3]
409.585298,100,975.276017,0.20403637850634077,False,False,[0.5 0.1 0.3]
472.767116,100,975.982627,0.15048410268794507,False,False,[0.5 0.1 0.3]
485.839135,100,976.198185,0.24526382394548923,False,False,[0.5 0.1 0.3]
451.445864,100,976.409567,0.18737950943461706,False,False,[0.5 0.1 0.3]
441.567419,100,976.62325,0.15610047961840298,False,False,[0.5 0.1 0.3]
514.239924,100,976.83914,0.10176428127791376,False,False,[0.5 0.1 0.3]
453.590802,100,977.054578,0.1264276231731503,False,False,[0.5 0.1 0.3]
412.388151,100,977.273537,0.18090859591592706,False,False,[0.5 0.1 0.3]
526.128703,100,977.49316,0.15350920659925066,False,False,[0.5 0.1 0.3]
484.171781,100,977.714339,0.07905597570849007,False,False,[0.5 0.1 0.3]
434.35244,100,977.925563,0.19978797645773133,False,False,[0.5 0.1 0.3]
440.993939,100,978.141771,0.13667115426778836,False,False,[0.5 0.1 0.3]
580.878898,100,978.359879,0.12017689733583274,False,False,[0.5 0.1 0.3]
496.36725,100,978.592326,0.02108680947420793,False,False,[0.5 0.1 0.3]
483.977396,100,978.807385,0.15005070820383123,False,False,[0.5 0.1 0.3]
445.50061,100,979.022646,0.18046349391406077,False,False,[0.5 0.1 0.3]
385.869432,100,979.333683,0.17939865219548606,False,False,[0.5 0.1 0.3]
487.909325,100,979.55263,0.11433065102018125,False,False,[0.5 0.1 0.3]
520.001148,100,979.771305,0.11086711537184885,False,False,[0.5 0.1 0.3]
411.236475,100,980.01278,0.16155067205271353,False,False,[0.5 0.1 0.3]
427.410304,100,980.236694,0.18428086551249134,False,False,[0.5 0.1 0.3]
515.715166,100,980.902848,0.14759860276295309,False,False,[0.5 0.1 0.3]
406.940155,100,981.223785,0.175069326626726,False,False,[0.5 0.1 0.3]
479.730186,100,981.444881,0.28766593417550845,False,False,[0.5 0.1 0.3]
435.029857,100,981.663645,0.14751282723935857,False,False,[0.5 0.1 0.3]
516.646895,100,981.880986,0.14731052648426343,False,False,[0.5 0.1 0.3]
410.807085,100,982.138419,0.11677553243713959,False,False,[0.5 0.1 0.3]
421.126999,100,982.354044,0.10127442582089781,False,False,[0.5 0.1 0.3]
452.165257,100,982.576393,0.2164656496024751,False,False,[0.5 0.1 0.3]
429.444981,100,982.794298,0.0889019456837777,False,False,[0.5 0.1 0.3]
432.863126,100,983.01533,0.10525855899671727,False,False,[0.5 0.1 0.3]
563.331385,100,983.233868,0.2214642949218319,False,False,[0.5 0.1 0.3]
449.965974,100,983.451333,0.14677762922518148,False,False,[0.5 0.1 0.3]
432.028599,100,983.672708,0.11212100727868379,False,False,[0.5 0.1 0.3]
483.245138,100,983.916718,0.14724971185721678,False,False,[0.5 0.1 0.3]
481.167504,100,984.131349,0.12380387292570502,False,False,[0.5 0.1 0.3]
394.094076,100,984.344311,0.19838211599173255,False,False,[0.5 0.1 0.3]
487.225394,100,984.55618,0.19049890398398822,False,False,[0.5 0.1 0.3]
379.864412,100,984.767491,0.1820697714663642,False,False,[0.5 0.1 0.3]
277.13663,100,984.984193,0.3168731492571909,False,False,[0.5 0.1 0.3]
463.98427,100,985.201543,0.08695439249919151,False,False,[0.5 0.1 0.3]
372.88012,100,985.425801,0.1521785056924709,False,False,[0.5 0.1 0.3]
598.129795,100,986.106145,0.10949274884231285,False,False,[0.5 0.1 0.3]
355.605592,100,986.320736,0.26635262503587365,False,False,[0.5 0.1 0.3]
389.716125,100,986.565168,0.31043168101299085,False,False,[0.5 0.1 0.3]
506.607266,100,986.778522,0.07342065576179552,False,False,[0.5 0.1 0.3]
490.810277,100,986.990881,0.1430193365751343,False,False,[0.5 0.1 0.3]
380.568866,100,987.197036,0.20086895328288332,False,False,[0.5 0.1 0.3]
476.999655,100,987.421943,0.12952276573990146,False,False,[0.5 0.1 0.3]
494.795027,100,987.644752,0.1716245349635758,False,False,[0.5 0.1 0.3]
534.208027,100,987.867247,0.060979917198819504,False,False,[0.5 0.1 0.3]
425.162355,100,988.088158,0.23943690952155305,False,False,[0.5 0.1 0.3]
451.283501,100,988.305536,0.11218093020305087,False,False,[0.5 0.1 0.3]
480.819493,100,988.52895,0.07258109467162031,False,False,[0.5 0.1 0.3]
452.461119,100,988.752988,0.1808622146399014,False,False,[0.5 0.1 0.3]
350.488738,94,988.965239,0.2364638988680479,True,False,[0.5 0.1 0.3]
496.350939,100,989.184096,0.16726832814431056,False,False,[0.5 0.1 0.3]
548.491774,100,989.409067,0.10333896597428177,False,False,[0.5 0.1 0.3]
442.018041,100,989.658082,0.27888296389532347,False,False,[0.5 0.1 0.3]
476.302893,100,989.872211,0.0746693077544029,False,False,[0.5 0.1 0.3]
478.487676,100,990.088475,0.08140513793217807,False,False,[0.5 0.1 0.3]
461.717629,100,990.302426,0.10512340930091386,False,False,[0.5 0.1 0.3]
403.452239,100,990.99096,0.1492093457009477,False,False,[0.5 0.1 0.3]
465.708759,100,991.2011,0.19632179846326794,False,False,[0.5 0.1 0.3]
423.393364,100,991.419992,0.15112309132561627,False,False,[0.5 0.1 0.3]
199.975696,66,991.604751,0.2300085754302817,True,False,[0.5 0.1 0.3]
439.610987,100,991.847034,0.11148071978725801,False,False,[0.5 0.1 0.3]
522.419637,100,992.067279,0.1271672270459724,False,False,[0.5 0.1 0.3]
408.858342,100,992.286578,0.2716145388308129,False,False,[0.5 0.1 0.3]
534.819118,100,992.509552,0.006628076855981283,False,False,[0.5 0.1 0.3]
576.65144,100,992.72051,0.10916557480249578,False,False,[0.5 0.1 0.3]
516.873827,100,992.930778,0.1563775839203846,False,False,[0.5 0.1 0.3]
461.684295,100,993.150206,0.1724132505138146,False,False,[0.5 0.1 0.3]
464.283323,100,993.363672,0.1758912485418781,False,False,[0.5 0.1 0.3]
435.270492,100,993.618891,0.19318873869980385,False,False,[0.5 0.1 0.3]
489.764816,100,993.826052,0.06882776027960517,False,False,[0.5 0.1 0.3]
512.330102,100,994.04854,0.1085163857848767,False,False,[0.5 0.1 0.3]
475.964716,100,994.269433,0.13838883982484143,False,False,[0.5 0.1 0.3]
626.659948,100,994.488995,0.10606424316418712,False,False,[0.5 0.1 0.3]
399.35614,100,994.708611,0.18248012732396862,False,False,[0.5 0.1 0.3]
250.57088,70,994.893732,0.22125883183872316,True,False,[0.5 0.1 0.3]
551.74859,100,995.110915,0.08925127489084798,False,False,[0.5 0.1 0.3]
403.268511,100,995.330313,0.18560680382575148,False,False,[0.5 0.1 0.3]
196.600828,69,995.519719,0.22317012125336574,True,False,[0.5 0.1 0.3]
459.005202,100,996.195362,0.089754711126383,False,False,[0.5 0.1 0.3]
344.491815,94,996.403192,0.3404364160453024,True,False,[0.5 0.1 0.3]
462.41063,100,996.621273,0.1110008445540586,False,False,[0.5 0.1 0.3]
437.685908,100,996.835128,0.11888096303387864,False,False,[0.5 0.1 0.3]
380.2289,100,997.054724,0.13210869892198424,False,False,[0.5 0.1 0.3]
421.799109,100,997.272388,0.19415823786752362,False,False,[0.5 0.1 0.3]
475.399413,100,997.503037,0.11290222310173169,False,False,[0.5 0.1 0.3]
522.856985,100,997.718393,0.138235351996717,False,False,[0.5 0.1 0.3]
436.281498,100,997.928725,0.25977212094323104,False,False,[0.5 0.1 0.3]
506.113955,100,998.238841,0.10476830192089413,False,False,[0.5 0.1 0.3]
428.321073,100,998.45829,0.09642528218577795,False,False,[0.5 0.1 0.3]
448.209905,100,998.680997,0.13234302819399604,False,False,[0.5 0.1 0.3]
507.222286,100,998.891303,0.16487595650682366,False,False,[0.5 0.1 0.3]
453.085942,100,999.100744,0.18916744872912788,False,False,[0.5 0.1 0.3]
355.718255,100,999.324993,0.25349283580508625,False,False,[0.5 0.1 0.3]
486.610672,100,999.54419,0.13606582163937259,False,False,[0.5 0.1 0.3]
427.756223,100,999.761988,0.15204197998047161,False,False,[0.5 0.1 0.3]
468.244647,100,999.982339,0.1624688755675806,False,False,[0.5 0.1 0.3]
396.875712,100,1000.243813,0.23002090295932884,False,False,[0.5 0.1 0.3]
589.764345,100,1000.458443,0.1356974660649125,False,False,[0.5 0.1 0.3]
388.600698,100,1001.123613,0.14072711560037737,False,False,[0.5 0.1 0.3]
522.71849,100,1001.339527,0.012646520355702316,False,False,[0.5 0.1 0.3]
456.678742,100,1001.562791,0.13575376987288612,False,False,[0.5 0.1 0.3]
518.663013,100,1001.7804,0.0940796924352952,False,False,[0.5 0.1 0.3]
524.196912,100,1001.993469,0.09464024033243473,False,False,[0.5 0.1 0.3]
500.528948,100,1002.224085,0.22050989481000383,False,False,[0.5 0.1 0.3]
494.139696,100,1002.439161,0.1470665269520543,False,False,[0.5 0.1 0.3]
497.506306,100,1002.655931,0.0917137142990592,False,False,[0.5 0.1 0.3]
391.418378,100,1002.901031,0.22676505601734886,False,False,[0.5 0.1 0.3]
408.481876,100,1003.112784,0.14464883863879557,False,False,[0.5 0.1 0.3]
461.303147,100,1003.331684,0.1737039220826991,False,False,[0.5 0.1 0.3]
391.367591,100,1003.549946,0.11665384824264695,False,False,[0.5 0.1 0.3]
517.190041,100,1003.765491,0.032544856303647306,False,False,[0.5 0.1 0.3]
469.457854,100,1003.982888,0.09430058885799296,False,False,[0.5 0.1 0.3]
429.270191,100,1004.203497,0.16516864945862822,False,False,[0.5 0.1 0.3]
436.159128,100,1004.420054,0.1589219036227434,False,False,[0.5 0.1 0.3]
462.815391,100,1004.640891,0.08773983018408776,False,False,[0.5 0.1 0.3]
462.62146,100,1004.84641,0.039619221857553504,False,False,[0.5 0.1 0.3]
440.279145,100,1005.061435,0.09050265432243072,False,False,[0.5 0.1 0.3]
484.503309,100,1005.302697,0.1066089528948819,False,False,[0.5 0.1 0.3]
318.170957,100,1005.522658,0.1414206303227344,False,False,[0.5 0.1 0.3]
531.765484,100,1006.242435,0.12490492253515087,False,False,[0.5 0.1 0.3]
444.452953,100,1006.442325,0.06931662323311989,False,False,[0.5 0.1 0.3]
493.921697,100,1006.659065,0.24379776724690766,False,False,[0.5 0.1 0.3]
426.892622,100,1006.883271,0.06916807207114195,False,False,[0.5 0.1 0.3]
351.170081,100,1007.104783,0.2506606421729835,False,False,[0.5 0.1 0.3]
424.049648,100,1007.324831,0.12197587003761691,False,False,[0.5 0.1 0.3]
139.742622,46,1007.490755,0.20884972730786278,True,False,[0.5 0.1 0.3]
539.06375,100,1007.711494,0.07578322140866114,False,False,[0.5 0.1 0.3]
553.355321,100,1007.944459,0.1099513625630103,False,False,[0.5 0.1 0.3]
456.715397,100,1008.193458,0.08650545871201164,False,False,[0.5 0.1 0.3]
453.136918,100,1008.418267,0.1815859030469617,False,False,[0.5 0.1 0.3]
500.474034,100,1008.632475,0.24057178847497276,False,False,[0.5 0.1 0.3]
515.120389,100,1008.849787,0.14014899038231013,False,False,[0.5 0.1 0.3]
442.642402,100,1009.061868,0.22921789033866297,False,False,[0.5 0.1 0.3]
486.502855,100,1009.365365,0.10758679951686613,False,False,[0.5 0.1 0.3]
383.361129,100,1009.577659,0.205267092816742,False,False,[0.5 0.1 0.3]
457.360136,100,1009.826756,0.23624531461150783,False,False,[0.5 0.1 0.3]
370.469043,100,1010.04896,0.2203757059517125,False,False,[0.5 0.1 0.3]
337.266834,100,1010.27896,0.19998594680456863,False,False,[0.5 0.1 0.3]
474.685996,100,1010.495456,0.11318410242901043,False,False,[0.5 0.1 0.3]
523.708999,100,1010.713762,0.10796052800065617,False,False,[0.5 0.1 0.3]
469.363215,100,1011.373427,0.10903072217570282,False,False,[0.5 0.1 0.3]
498.826764,100,1011.590677,0.21730706255123625,False,False,[0.5 0.1 0.3]
375.453585,100,1011.812117,0.28705088439371834,False,False,[0.5 0.1 0.3]
410.132397,100,1012.03544,0.1554492884496902,False,False,[0.5 0.1 0.3]
458.261503,100,1012.289119,0.07304713784816907,False,False,[0.5 0.1 0.3]
407.007891,100,1012.508395,0.27403915225342906,False,False,[0.5 0.1 0.3]
316.003033,100,1012.734873,0.4005131294423616,False,False,[0.5 0.1 0.3]
517.954872,100,1012.948238,0.08763943773011043,False,False,[0.5 0.1 0.3]
456.971326,100,1013.158529,0.17928681931619497,False,False,[0.5 0.1 0.3]
484.971019,100,1013.381332,0.2936304623849745,False,False,[0.5 0.1 0.3]
536.275304,100,1013.60088,0.16039439466377373,False,False,[0.5 0.1 0.3]
473.909332,100,1013.816408,0.1033826275499497,False,False,[0.5 0.1 0.3]
425.344573,100,1014.065493,0.19244807778949066,False,False,[0.5 0.1 0.3]
424.538861,100,1014.278555,0.14239047342007327,False,False,[0.5 0.1 0.3]
541.696991,100,1014.492551,0.0795227531053271,False,False,[0.5 0.1 0.3]
455.366751,100,1014.708412,0.15875821492162762,False,False,[0.5 0.1 0.3]
693.396629,100,1014.923072,0.21615506388433256,False,False,[0.5 0.1 0.3]
391.851595,100,1015.14245,0.2536468149176894,False,False,[0.5 0.1 0.3]
463.639306,100,1015.365918,0.17618651256853585,False,False,[0.5 0.1 0.3]
482.583086,100,1015.581184,0.2817990645420614,False,False,[0.5 0.1 0.3]
507.182252,100,1016.279468,0.13067394656355663,False,False,[0.5 0.1 0.3]
595.789167,100,1016.495623,0.041701910474559865,False,False,[0.5 0.1 0.3]
512.868116,100,1016.733155,0.057775219683178024,False,False,[0.5 0.1 0.3]
330.030403,100,1016.948013,0.29787484311256907,False,False,[0.5 0.1 0.3]
613.393224,100,1017.169855,0.14195158464108995,False,False,[0.5 0.1 0.3]
473.00036,100,1017.383113,0.15064630824350092,False,False,[0.5 0.1 0.3]
439.278052,100,1017.59747,0.10959619986754793,False,False,[0.5 0.1 0.3]
401.128265,100,1017.814587,0.2348695151578906,False,False,[0.5 0.1 0.3]
566.46506,100,1018.130918,0.04645337939532064,False,False,[0.5 0.1 0.3]
524.089057,100,1018.355793,0.09137246144759877,False,False,[0.5 0.1 0.3]
450.053509,100,1018.572707,0.09760016574089893,False,False,[0.5 0.1 0.3]
567.945981,100,1018.780101,0.03916483842574708,False,False,[0.5 0.1 0.3]
416.061789,100,1018.997236,0.16325280931526173,False,False,[0.5 0.1 0.3]
449.851173,100,1019.212848,0.11964578897402528,False,False,[0.5 0.1 0.3]
533.165691,100,1019.428055,0.12656862548711315,False,False,[0.5 0.1 0.3]
520.295991,100,1019.65432,0.25201488626796564,False,False,[0.5 0.1 0.3]
461.137581,100,1019.960652,0.16825474122517306,False,False,[0.5 0.1 0.3]
553.567912,100,1020.274419,0.061844210799301594,False,False,[0.5 0.1 0.3]
463.864448,100,1020.502487,0.09427254985398716,False,False,[0.5 0.1 0.3]
541.92063,100,1020.724653,0.11214353864531353,False,False,[0.5 0.1 0.3]
130.776641,57,1020.898916,0.2431844299962519,True,False,[0.5 0.1 0.3]
394.741894,100,1021.585678,0.19844013724870221,False,False,[0.5 0.1 0.3]
441.613853,100,1021.805621,0.09675699720974243,False,False,[0.5 0.1 0.3]
325.459195,100,1022.024641,0.22352535883049157,False,False,[0.5 0.1 0.3]
487.114369,100,1022.244321,0.12611618375848643,False,False,[0.5 0.1 0.3]
529.876312,100,1022.470319,0.17203853032630523,False,False,[0.5 0.1 0.3]
474.229707,100,1022.691626,0.10151711226493833,False,False,[0.5 0.1 0.3]
432.308879,100,1022.939688,0.18971939090629575,False,False,[0.5 0.1 0.3]
496.573121,100,1023.157719,0.10898827528616158,False,False,[0.5 0.1 0.3]
548.890647,100,1023.369117,0.06482056288085027,False,False,[0.5 0.1 0.3]
393.913005,100,1023.590117,0.2064230048474575,False,False,[0.5 0.1 0.3]
441.741587,100,1023.810739,0.05502637055436485,False,False,[0.5 0.1 0.3]
577.984882,100,1024.02299,0.10227155118328879,False,False,[0.5 0.1 0.3]
454.909572,100,1024.245744,0.23687815931113781,False,False,[0.5 0.1 0.3]
414.516995,100,1024.479115,0.231529885508178,False,False,[0.5 0.1 0.3]
480.457394,100,1024.694449,0.01903554067037253,False,False,[0.5 0.1 0.3]
391.961385,100,1024.91242,0.23310087306040905,False,False,[0.5 0.1 0.3]
440.9874,100,1025.128611,0.13251672995249889,False,False,[0.5 0.1 0.3]
499.590401,100,1025.357224,0.14843179498043935,False,False,[0.5 0.1 0.3]
505.097338,100,1025.578086,0.20814488187007024,False,False,[0.5 0.1 0.3]
446.065482,100,1025.794246,0.1272956368838146,False,False,[0.5 0.1 0.3]
469.289405,100,1026.50309,0.1950790219716183,False,False,[0.5 0.1 0.3]
483.690789,100,1026.723597,0.17867567298103704,False,False,[0.5 0.1 0.3]
329.818836,100,1026.939913,0.45605304725854656,False,False,[0.5 0.1 0.3]
490.666722,100,1027.158819,0.11968126992719189,False,False,[0.5 0.1 0.3]
436.29138,100,1027.382072,0.21216380997260004,False,False,[0.5 0.1 0.3]
467.307487,100,1027.594837,0.10688971494620081,False,False,[0.5 0.1 0.3]
551.883487,100,1027.820718,0.07756679966568188,False,False,[0.5 0.1 0.3]
441.419457,100,1028.041131,0.14359713300728658,False,False,[0.5 0.1 0.3]
478.815362,100,1028.271113,0.10770340746254814,False,False,[0.5 0.1 0.3]
437.715818,100,1028.489463,0.1600012570413706,False,False,[0.5 0.1 0.3]
510.39172,100,1028.706421,0.026833449721147054,False,False,[0.5 0.1 0.3]
453.947821,100,1028.929363,0.14614511036051067,False,False,[0.5 0.1 0.3]
408.982819,100,1029.246296,0.2220244019758156,False,False,[0.5 0.1 0.3]
442.789802,100,1029.466561,0.05797792714012752,False,False,[0.5 0.1 0.3]
477.652375,100,1029.680014,0.16809429859897954,False,False,[0.5 0.1 0.3]
408.975461,100,1029.892925,0.2144323235665071,False,False,[0.5 0.1 0.3]
446.388932,100,1030.207892,0.15970203372312233,False,False,[0.5 0.1 0.3]
433.026538,100,1030.425991,0.17114179133260368,False,False,[0.5 0.1 0.3]
435.895806,100,1030.648496,0.1755511856953295,False,False,[0.5 0.1 0.3]
454.474857,100,1030.86816,0.2761415390832959,False,False,[0.5 0.1 0.3]
528.684382,100,1031.089108,0.07867155011141595,False,False,[0.5 0.1 0.3]
535.259888,100,1031.802243,0.10528109590957613,False,False,[0.5 0.1 0.3]
507.19881,100,1032.014487,0.09498511424742086,False,False,[0.5 0.1 0.3]
454.885632,100,1032.242766,0.18482141739604516,False,False,[0.5 0.1 0.3]
462.603271,100,1032.462611,0.06930107498439884,False,False,[0.5 0.1 0.3]
450.97696,100,1032.68175,0.1515087312277801,False,False,[0.5 0.1 0.3]
496.543748,100,1032.893805,0.17078256685069693,False,False,[0.5 0.1 0.3]
520.746128,100,1033.104958,0.04234922726254144,False,False,[0.5 0.1 0.3]
398.731138,100,1033.325328,0.13129820871206616,False,False,[0.5 0.1 0.3]
464.405124,100,1033.553416,0.18194209524822988,False,False,[0.5 0.1 0.3]
503.385172,100,1033.80066,0.14764195596461097,False,False,[0.5 0.1 0.3]
403.812436,100,1034.012591,0.19530343899773972,False,False,[0.5 0.1 0.3]
475.527088,100,1034.239906,0.0898251790410129,False,False,[0.5 0.1 0.3]
565.928426,100,1034.462656,0.1337427341768721,False,False,[0.5 0.1 0.3]
502.437059,100,1034.687926,0.1488709630623003,False,False,[0.5 0.1 0.3]
346.714753,100,1034.901114,0.24359518854773252,False,False,[0.5 0.1 0.3]
354.595152,100,1035.125647,0.17479795141882026,False,False,[0.5 0.1 0.3]
374.964145,100,1035.347683,0.28523656689648935,False,False,[0.5 0.1 0.3]
462.54488,100,1035.589439,0.17846554435586934,False,False,[0.5 0.1 0.3]
486.937501,100,1035.812516,0.06451544402949703,False,False,[0.5 0.1 0.3]
373.178747,100,1036.030236,0.20613007209669768,False,False,[0.5 0.1 0.3]
442.163272,100,1036.709952,0.06754699503420257,False,False,[0.5 0.1 0.3]
300.770347,100,1036.92261,0.32263879098296044,False,False,[0.5 0.1 0.3]
509.86716,100,1037.141104,0.10908251586304549,False,False,[0.5 0.1 0.3]
422.382273,100,1037.358443,0.19336100692074173,False,False,[0.5 0.1 0.3]
424.159073,100,1037.575917,0.2611930598010153,False,False,[0.5 0.1 0.3]
424.188353,100,1037.794656,0.20328776519778785,False,False,[0.5 0.1 0.3]
538.8793,100,1038.016941,0.1637766062608817,False,False,[0.5 0.1 0.3]
380.153157,100,1038.232268,0.26854405231516804,False,False,[0.5 0.1 0.3]
390.070208,100,1038.463219,0.13120721100099372,False,False,[0.5 0.1 0.3]
489.598872,100,1038.687378,0.11864959064028355,False,False,[0.5 0.1 0.3]
502.269516,100,1038.912502,0.1585299699338288,False,False,[0.5 0.1 0.3]
515.374206,100,1039.118839,0.125430406897855,False,False,[0.5 0.1 0.3]
518.999918,100,1039.333682,0.161184854680917,False,False,[0.5 0.1 0.3]
334.646646,100,1039.58489,0.256432275283029,False,False,[0.5 0.1 0.3]
512.794718,100,1039.809756,0.18236942500483677,False,False,[0.5 0.1 0.3]
429.935342,100,1040.115166,0.19544355613087738,False,False,[0.5 0.1 0.3]
526.769454,100,1040.324303,0.12022237984107122,False,False,[0.5 0.1 0.3]
501.736015,100,1040.5427,0.20031229320214208,False,False,[0.5 0.1 0.3]
42.908776,32,1040.695901,0.21543137874281817,True,False,[0.5 0.1 0.3]
324.491713,100,1040.939394,0.2967585615773459,False,False,[0.5 0.1 0.3]
395.657346,100,1041.158348,0.2709569702957549,False,False,[0.5 0.1 0.3]
246.367226,91,1041.369519,0.43264233337853125,True,False,[0.5 0.1 0.3]
391.929343,100,1042.062584,0.1840287731903384,False,False,[0.5 0.1 0.3]
497.535668,100,1042.377427,0.2105847168399246,False,False,[0.5 0.1 0.3]
423.08341,100,1042.594607,0.18768628493345293,False,False,[0.5 0.1 0.3]
515.854984,100,1042.821924,0.11667590701847463,False,False,[0.5 0.1 0.3]
345.368864,100,1043.040264,0.2590070948429248,False,False,[0.5 0.1 0.3]
381.020869,100,1043.291733,0.25110559400424903,True,False,[0.5 0.1 0.3]
269.039356,100,1043.509937,0.5696321541360756,False,False,[0.5 0.1 0.3]
438.147944,100,1043.725128,0.15150429957698058,False,False,[0.5 0.1 0.3]
529.201456,100,1043.936686,0.08429187069395593,False,False,[0.5 0.1 0.3]
434.219289,100,1044.154759,0.1991323102161241,False,False,[0.5 0.1 0.3]
508.2117,100,1044.383295,0.0671256812272302,False,False,[0.5 0.1 0.3]
354.090782,91,1044.593704,0.23311821134390764,True,False,[0.5 0.1 0.3]
426.593744,100,1044.822939,0.1451498637089667,False,False,[0.5 0.1 0.3]
372.652495,100,1045.045784,0.23593617287268162,False,False,[0.5 0.1 0.3]
466.53673,100,1045.297228,0.0987102217551993,False,False,[0.5 0.1 0.3]
467.790828,100,1045.51484,0.18154623643376178,False,False,[0.5 0.1 0.3]
516.933322,100,1045.828202,0.04019514764582936,False,False,[0.5 0.1 0.3]
490.135692,100,1046.052708,0.13624383198207451,False,False,[0.5 0.1 0.3]
407.074564,100,1046.273986,0.1875476017449007,False,False,[0.5 0.1 0.3]
521.274493,100,1046.504153,0.13672923459526165,False,False,[0.5 0.1 0.3]
435.973131,100,1047.1949,0.23090558249024556,False,False,[0.5 0.1 0.3]
538.94253,100,1047.416561,0.12764680424026478,False,False,[0.5 0.1 0.3]
461.556826,100,1047.634682,0.07372144890443129,False,False,[0.5 0.1 0.3]
381.069571,100,1047.878494,0.23343645612239866,False,False,[0.5 0.1 0.3]
504.283511,100,1048.098537,0.06974560509369011,False,False,[0.5 0.1 0.3]
384.411038,100,1048.324142,0.21132265572350337,False,False,[0.5 0.1 0.3]
456.062305,100,1048.550038,0.16562962264623168,False,False,[0.5 0.1 0.3]
432.877423,100,1048.77194,0.21817388149718886,False,False,[0.5 0.1 0.3]
510.878991,100,1048.989882,0.20345407534243026,False,False,[0.5 0.1 0.3]
534.01861,100,1049.221184,0.10910769860207571,False,False,[0.5 0.1 0.3]
486.618593,100,1049.441347,0.11770818856839452,False,False,[0.5 0.1 0.3]
445.113225,100,1049.663727,0.11404060529108694,False,False,[0.5 0.1 0.3]
446.578703,100,1049.878612,0.12051658502873988,False,False,[0.5 0.1 0.3]
487.529681,100,1050.117175,0.1919763057573268,False,False,[0.5 0.1 0.3]
539.598897,100,1050.332353,0.08116709206421956,False,False,[0.5 0.1 0.3]
331.680675,100,1050.5611,0.3389260239217465,False,False,[0.5 0.1 0.3]
471.130595,100,1050.775596,0.1377181711471841,False,False,[0.5 0.1 0.3]
369.720084,100,1050.991775,0.21228377330005416,False,False,[0.5 0.1 0.3]
546.85586,100,1051.307408,0.12136242540191845,False,False,[0.5 0.1 0.3]
490.935737,100,1051.517464,0.10517656215084475,False,False,[0.5 0.1 0.3]
538.79377,100,1051.729845,0.09687627209294819,False,False,[0.5 0.1 0.3]
475.54257,100,1052.40233,0.14853694524073766,False,False,[0.5 0.1 0.3]
562.061036,100,1052.628473,0.0902410457729369,False,False,[0.5 0.1 0.3]
436.639599,100,1052.868836,0.1571413148132276,False,False,[0.5 0.1 0.3]
424.35382,100,1053.089588,0.2620653505281233,False,False,[0.5 0.1 0.3]
431.339869,100,1053.307794,0.1579571671314418,False,False,[0.5 0.1 0.3]
417.281727,100,1053.529016,0.21663616410644831,False,False,[0.5 0.1 0.3]
475.144169,100,1053.749044,0.1513112928075254,False,False,[0.5 0.1 0.3]
454.078345,100,1053.961761,0.15670890669287282,False,False,[0.5 0.1 0.3]
448.901261,100,1054.177638,0.10903692075541437,False,False,[0.5 0.1 0.3]
453.754548,100,1054.398926,0.1391195414494448,False,False,[0.5 0.1 0.3]
394.718004,100,1054.617644,0.1944054073236907,False,False,[0.5 0.1 0.3]
546.288639,100,1054.862836,0.04764637847449192,False,False,[0.5 0.1 0.3]
496.340709,100,1055.083138,0.05555391007378539,False,False,[0.5 0.1 0.3]
499.83972,100,1055.3094,0.11156615694983149,False,False,[0.5 0.1 0.3]
494.935733,100,1055.530196,0.1517770109641553,False,False,[0.5 0.1 0.3]
564.631376,100,1055.7478,0.13679699903281284,False,False,[0.5 0.1 0.3]
423.045438,100,1055.970025,0.21340970703374698,False,False,[0.5 0.1 0.3]
472.727557,100,1056.287812,0.15535446467681446,False,False,[0.5 0.1 0.3]
497.999629,100,1056.504677,0.18149102281770402,False,False,[0.5 0.1 0.3]
443.651343,100,1056.720129,0.1853584595862916,False,False,[0.5 0.1 0.3]
419.109441,100,1057.422496,0.0724723478901195,False,False,[0.5 0.1 0.3]
527.476763,100,1057.640911,0.06567051621157112,False,False,[0.5 0.1 0.3]
432.129228,100,1057.856874,0.12212243848241186,False,False,[0.5 0.1 0.3]
444.032556,100,1058.073796,0.21009456479918964,False,False,[0.5 0.1 0.3]
563.806821,100,1058.295061,0.09303259388334782,False,False,[0.5 0.1 0.3]
337.874439,100,1058.513889,0.38002957525001907,False,False,[0.5 0.1 0.3]
508.058863,100,1058.733655,0.11172855407877712,False,False,[0.5 0.1 0.3]
505.417236,100,1058.963901,0.12564438930856614,False,False,[0.5 0.1 0.3]
475.225658,100,1059.180002,0.09284836791005352,False,False,[0.5 0.1 0.3]
541.924761,100,1059.399015,0.10261621425304178,False,False,[0.5 0.1 0.3]
25.886499,33,1059.551721,0.28472934170818276,True,False,[0.5 0.1 0.3]
762.485013,100,1059.770687,0.10016946764730647,False,False,[0.5 0.1 0.3]
417.478767,100,1059.996916,0.20902761062432343,False,False,[0.5 0.1 0.3]
377.191436,100,1060.217759,0.16629258278612466,False,False,[0.5 0.1 0.3]
419.955522,100,1060.433211,0.18182758464428317,False,False,[0.5 0.1 0.3]
422.427627,100,1060.653759,0.12696054536228424,False,False,[0.5 0.1 0.3]
414.190251,100,1060.90466,0.13973374315038992,False,False,[0.5 0.1 0.3]
361.658378,100,1061.120722,0.16445642782738307,False,False,[0.5 0.1 0.3]
474.809526,100,1061.339918,0.15183875009586328,False,False,[0.5 0.1 0.3]
525.1392,100,1061.641518,0.14415651431932897,False,False,[0.5 0.1 0.3]
491.235618,100,1061.857885,0.13623170031480522,False,False,[0.5 0.1 0.3]
400.654493,100,1062.532365,0.1591110261589083,False,False,[0.5 0.1 0.3]
431.051637,100,1062.750021,0.17254074439191322,False,False,[0.5 0.1 0.3]
416.944865,100,1063.066672,0.168734624806214,False,False,[0.5 0.1 0.3]
460.443738,100,1063.317859,0.06125715059652005,False,False,[0.5 0.1 0.3]
492.876603,100,1063.540697,0.17848072947246293,False,False,[0.5 0.1 0.3]
466.480668,100,1063.766955,0.12095841952472328,False,False,[0.5 0.1 0.3]
457.470356,100,1063.981561,0.05294053270785089,False,False,[0.5 0.1 0.3]
403.587563,100,1064.210492,0.0993461154348018,False,False,[0.5 0.1 0.3]
434.479016,100,1064.424774,0.14740411138086734,False,False,[0.5 0.1 0.3]
542.674341,100,1064.650947,0.05473908545877647,False,False,[0.5 0.1 0.3]
366.895279,100,1064.864531,0.2187521141105336,False,False,[0.5 0.1 0.3]
466.787189,100,1065.100731,0.2338566549621524,False,False,[0.5 0.1 0.3]
539.245365,100,1065.349633,0.20433886338588497,False,False,[0.5 0.1 0.3]
446.277854,100,1065.564148,0.23354893302530852,False,False,[0.5 0.1 0.3]
432.914974,100,1065.782628,0.20299595501270412,False,False,[0.5 0.1 0.3]
470.959856,100,1066.006871,0.09118434391415903,False,False,[0.5 0.1 0.3]
509.341946,100,1066.231098,0.0594343484782625,False,False,[0.5 0.1 0.3]
485.531107,100,1066.449191,0.13777616364873127,False,False,[0.5 0.1 0.3]
474.247243,100,1066.673765,0.19086927567598908,False,False,[0.5 0.1 0.3]
445.011254,100,1066.887975,0.10870339230968534,False,False,[0.5 0.1 0.3]
393.566392,100,1067.124975,0.3232913138252136,False,False,[0.5 0.1 0.3]
517.434474,100,1067.886844,0.0393846059625015,False,False,[0.5 0.1 0.3]
401.103066,100,1068.112868,0.18919073753722027,False,False,[0.5 0.1 0.3]
533.733002,100,1068.329087,0.07389960217570982,False,False,[0.5 0.1 0.3]
547.685581,100,1068.542393,0.10211413820912353,False,False,[0.5 0.1 0.3]
434.053149,100,1068.766396,0.20244145062684063,False,False,[0.5 0.1 0.3]
537.572038,100,1069.068587,0.08980359748053242,False,False,[0.5 0.1 0.3]
501.506654,100,1069.29503,0.11389211539077611,False,False,[0.5 0.1 0.3]
529.06984,100,1069.513743,0.18891536492877004,False,False,[0.5 0.1 0.3]
441.614269,100,1069.765058,0.23063215457626,False,False,[0.5 0.1 0.3]
435.414161,100,1069.981171,0.25144731936163645,False,False,[0.5 0.1 0.3]
457.705565,100,1070.204355,0.1578796382905275,False,False,[0.5 0.1 0.3]
147.265273,58,1070.38062,0.21874866118187003,True,False,[0.5 0.1 0.3]
463.091895,100,1070.596017,0.214413194696059,False,False,[0.5 0.1 0.3]
549.5723,100,1070.823219,0.06799928195253455,False,False,[0.5 0.1 0.3]
489.228078,100,1071.042551,0.10052002817145522,False,False,[0.5 0.1 0.3]
453.240846,100,1071.267995,0.13726279507232575,False,False,[0.5 0.1 0.3]
437.898089,100,1071.488106,0.18251413511228112,False,False,[0.5 0.1 0.3]
549.770688,100,1071.736474,0.055189942783753804,False,False,[0.5 0.1 0.3]
419.014014,100,1071.95315,0.17069554653948946,False,False,[0.5 0.1 0.3]
505.489581,100,1072.173002,0.0923055314063242,False,False,[0.5 0.1 0.3]
398.358787,100,1072.394548,0.15492840827090265,False,False,[0.5 0.1 0.3]
467.883923,100,1073.066668,0.184651535127387,False,False,[0.5 0.1 0.3]
405.128248,100,1073.291249,0.17086403811280276,False,False,[0.5 0.1 0.3]
525.912001,100,1073.511593,0.14406209588300084,False,False,[0.5 0.1 0.3]
439.835352,100,1073.748768,0.14829234834927557,False,False,[0.5 0.1 0.3]
537.509628,100,1073.964823,0.10354635058817034,False,False,[0.5 0.1 0.3]
403.139759,100,1074.179925,0.14973641538421514,False,False,[0.5 0.1 0.3]
671.65289,100,1074.406987,0.15679216815997113,False,False,[0.5 0.1 0.3]
410.925364,100,1074.611944,0.15732651244090887,False,False,[0.5 0.1 0.3]
549.328166,100,1074.930042,0.09724475791426539,False,False,[0.5 0.1 0.3]
564.658048,100,1075.141502,0.1009356508428329,False,False,[0.5 0.1 0.3]
491.82412,100,1075.454372,0.23888866931602523,False,False,[0.5 0.1 0.3]
455.165412,100,1075.677188,0.15709126606613832,False,False,[0.5 0.1 0.3]
476.842118,100,1075.897235,0.060236738989916945,False,False,[0.5 0.1 0.3]
498.18884,100,1076.110224,0.10798471587504004,False,False,[0.5 0.1 0.3]
317.477944,100,1076.349444,0.2568574411487885,False,False,[0.5 0.1 0.3]
470.225496,100,1076.568699,0.09021794290719301,False,False,[0.5 0.1 0.3]
453.04031,100,1076.796515,0.14180698130060604,False,False,[0.5 0.1 0.3]
500.764437,100,1077.007174,0.15866533696939625,False,False,[0.5 0.1 0.3]
488.298332,100,1077.234586,0.07262646907827733,False,False,[0.5 0.1 0.3]
516.651288,100,1077.452829,0.09890069139219619,False,False,[0.5 0.1 0.3]
346.375029,100,1078.13765,0.22391125805305404,False,False,[0.5 0.1 0.3]
534.672986,100,1078.370437,0.10878750183462071,False,False,[0.5 0.1 0.3]
450.000806,100,1078.581434,0.10234185147739983,False,False,[0.5 0.1 0.3]
504.360805,100,1078.896739,0.14288573522274986,False,False,[0.5 0.1 0.3]
475.681097,100,1079.117394,0.10341574217830632,False,False,[0.5 0.1 0.3]
590.324594,100,1079.346274,0.12734643290786446,False,False,[0.5 0.1 0.3]
274.627321,100,1079.559795,0.592453987383805,False,False,[0.5 0.1 0.3]
423.571802,100,1079.772081,0.25640869852731457,False,False,[0.5 0.1 0.3]
514.625068,100,1080.085025,0.2121136855092751,False,False,[0.5 0.1 0.3]
471.375553,100,1080.312797,0.17607629174618725,False,False,[0.5 0.1 0.3]
533.005939,100,1080.529964,0.07891623045450377,False,False,[0.5 0.1 0.3]
412.378837,100,1080.744858,0.1879380502990507,False,False,[0.5 0.1 0.3]
564.913911,100,1080.966378,0.05883161972207168,False,False,[0.5 0.1 0.3]
463.977336,100,1081.221971,0.23298744558159673,False,False,[0.5 0.1 0.3]
467.264422,100,1081.439662,0.18107489858945264,False,False,[0.5 0.1 0.3]
484.566542,100,1081.65988,0.1980004889722624,False,False,[0.5 0.1 0.3]
51.499622,39,1081.818102,0.27950744404022027,True,False,[0.5 0.1 0.3]
458.312989,100,1082.032172,0.20494094069441307,False,False,[0.5 0.1 0.3]
468.991967,100,1082.252468,0.21749301069527516,False,False,[0.5 0.1 0.3]
398.721946,100,1082.558973,0.21605676933970383,False,False,[0.5 0.1 0.3]
418.142755,100,1082.782971,0.2291377996518267,False,False,[0.5 0.1 0.3]
424.107413,100,1083.472202,0.21040652158591736,False,False,[0.5 0.1 0.3]
470.45521,100,1083.77494,0.19103712945117363,False,False,[0.5 0.1 0.3]
470.857609,100,1083.99703,0.14681921519003957,False,False,[0.5 0.1 0.3]
481.636724,100,1084.209769,0.09330929577479777,False,False,[0.5 0.1 0.3]
496.445521,100,1084.42789,0.11610589352072771,False,False,[0.5 0.1 0.3]
590.997124,100,1084.644219,0.12673338236620807,False,False,[0.5 0.1 0.3]
393.799038,100,1084.865786,0.23039473494466106,False,False,[0.5 0.1 0.3]
489.551584,100,1085.089119,0.1833815915489048,False,False,[0.5 0.1 0.3]
434.940119,100,1085.342205,0.25128933011330584,False,False,[0.5 0.1 0.3]
466.186614,100,1085.652128,0.15786249840438593,False,False,[0.5 0.1 0.3]
494.630517,100,1085.868946,0.10882337346038218,False,False,[0.5 0.1 0.3]
388.478094,100,1086.091655,0.24215650756434973,False,False,[0.5 0.1 0.3]
385.990283,100,1086.316845,0.23618650746509195,False,False,[0.5 0.1 0.3]
478.495285,100,1086.535066,0.08231263083174445,False,False,[0.5 0.1 0.3]
335.345699,100,1086.759475,0.2585888404073113,False,False,[0.5 0.1 0.3]
416.969735,100,1086.978364,0.1382624837800788,False,False,[0.5 0.1 0.3]
505.961929,100,1087.202754,0.10722994185468403,False,False,[0.5 0.1 0.3]
499.073414,100,1087.434431,0.031915737639633054,False,False,[0.5 0.1 0.3]
498.106115,100,1087.682431,0.15178346739155313,False,False,[0.5 0.1 0.3]
458.270767,100,1087.898241,0.1467910733791109,False,False,[0.5 0.1 0.3]
522.08883,100,1088.112872,0.07145371490579602,False,False,[0.5 0.1 0.3]
439.32794,100,1088.798966,0.1865875764640645,False,False,[0.5 0.1 0.3]
466.500241,100,1089.117095,0.15688532812404046,False,False,[0.5 0.1 0.3]
448.64412,100,1089.434468,0.0783274689641426,False,False,[0.5 0.1 0.3]
544.45211,100,1089.652262,0.058941757452517424,False,False,[0.5 0.1 0.3]
498.512281,100,1089.873215,0.14813221613137145,False,False,[0.5 0.1 0.3]
459.078352,100,1090.119871,0.18674677872800408,False,False,[0.5 0.1 0.3]
522.052318,100,1090.427766,0.09243694025120472,False,False,[0.5 0.1 0.3]
494.155909,100,1090.650542,0.16209478014278866,False,False,[0.5 0.1 0.3]
387.248827,100,1090.866616,0.20294568520252,False,False,[0.5 0.1 0.3]
430.406863,100,1091.091003,0.152594060600562,False,False,[0.5 0.1 0.3]
349.094426,100,1091.312167,0.20956678767371126,False,False,[0.5 0.1 0.3]
442.031259,100,1091.544422,0.15755920314353566,False,False,[0.5 0.1 0.3]
566.349043,100,1091.757491,0.08889221343167364,False,False,[0.5 0.1 0.3]
407.144579,100,1091.973318,0.18768691738318113,False,False,[0.5 0.1 0.3]
388.259169,100,1092.185172,0.23572479013552994,False,False,[0.5 0.1 0.3]
449.324147,100,1092.409459,0.19364999332100225,False,False,[0.5 0.1 0.3]
525.586883,100,1092.623016,0.06605802974556818,False,False,[0.5 0.1 0.3]
458.097927,100,1092.832149,0.124454860476729,False,False,[0.5 0.1 0.3]
236.932052,89,1093.037176,0.21819166851508565,True,False,[0.5 0.1 0.3]
486.560196,100,1093.259538,0.1175122508151018,False,False,[0.5 0.1 0.3]
507.333596,100,1093.949318,0.19677244166220223,False,False,[0.5 0.1 0.3]
549.138655,100,1094.165429,0.08932363268301473,False,False,[0.5 0.1 0.3]
442.521642,100,1094.387493,0.23799934229814051,False,False,[0.5 0.1 0.3]
471.645004,100,1094.602391,0.15354676742652215,False,False,[0.5 0.1 0.3]
509.227071,100,1094.820812,0.24544675719791412,False,False,[0.5 0.1 0.3]
576.508163,100,1095.133218,0.056065273595004364,False,False,[0.5 0.1 0.3]
201.304381,66,1095.31653,0.24823960226837175,True,False,[0.5 0.1 0.3]
594.8516,100,1095.541466,0.08954480927091017,False,False,[0.5 0.1 0.3]
484.366866,100,1095.757248,0.19716940522399154,False,False,[0.5 0.1 0.3]
455.423681,100,1095.981787,0.17253256123086427,False,False,[0.5 0.1 0.3]
472.576553,100,1096.233498,0.12933107921076387,False,False,[0.5 0.1 0.3]
490.693649,100,1096.452517,0.17863441278152756,False,False,[0.5 0.1 0.3]
144.013989,61,1096.623624,0.2958347854544113,True,False,[0.5 0.1 0.3]
520.677133,100,1096.934591,0.10364205844497709,False,False,[0.5 0.1 0.3]
459.580436,100,1097.163188,0.153307587421377,False,False,[0.5 0.1 0.3]
540.707137,100,1097.474442,0.07489792666217476,False,False,[0.5 0.1 0.3]
461.458219,100,1097.693585,0.09903309028153562,False,False,[0.5 0.1 0.3]
156.994572,57,1097.876638,0.2628918710353823,True,False,[0.5 0.1 0.3]
248.073668,100,1098.093043,0.7403846499587851,False,False,[0.5 0.1 0.3]
432.012958,100,1098.309466,0.22630155989236764,False,False,[0.5 0.1 0.3]
490.886049,100,1098.617769,0.1826049953028581,False,False,[0.5 0.1 0.3]
424.375117,100,1098.846008,0.16668800955785248,False,False,[0.5 0.1 0.3]
519.967635,100,1099.534094,0.07683488438048985,False,False,[0.5 0.1 0.3]
660.140489,100,1099.758204,0.23626324882959937,False,False,[0.5 0.1 0.3]
520.364957,100,1099.970913,0.127216818183034,False,False,[0.5 0.1 0.3]
523.531896,100,1100.188669,0.045910810718756925,False,False,[0.5 0.1 0.3]
230.581794,75,1100.410608,0.22357751648375934,True,False,[0.5 0.1 0.3]
576.19,100,1100.62822,0.06325915226996798,False,False,[0.5 0.1 0.3]
529.413975,100,1100.846657,0.1047933949483978,False,False,[0.5 0.1 0.3]
418.148947,100,1101.065072,0.19780305295580217,False,False,[0.5 0.1 0.3]
447.620703,100,1101.296028,0.15244636738377879,False,False,[0.5 0.1 0.3]
510.94319,100,1101.507783,0.10949263376850671,False,False,[0.5 0.1 0.3]
522.079797,100,1101.720593,0.09244262645567507,False,False,[0.5 0.1 0.3]
371.751129,100,1101.946885,0.13908994353900225,False,False,[0.5 0.1 0.3]
504.420748,100,1102.188333,0.1932024904147449,False,False,[0.5 0.1 0.3]
515.819745,100,1102.403511,0.07659347822734239,False,False,[0.5 0.1 0.3]
500.178144,100,1102.617881,0.09020397343941178,False,False,[0.5 0.1 0.3]
406.033802,100,1102.83248,0.12091575945235776,False,False,[0.5 0.1 0.3]
468.159341,100,1103.053659,0.1438544117527185,False,False,[0.5 0.1 0.3]
530.144347,100,1103.286016,0.13137546497644476,False,False,[0.5 0.1 0.3]
444.18585,100,1103.504478,0.19084515449199477,False,False,[0.5 0.1 0.3]
460.800202,100,1103.810905,0.12065841698019222,False,False,[0.5 0.1 0.3]
417.430985,100,1104.022751,0.1561027123204214,False,False,[0.5 0.1 0.3]
471.304011,100,1104.697155,0.24252928556048778,False,False,[0.5 0.1 0.3]
297.317818,85,1104.898015,0.24384298651883624,True,False,[0.5 0.1 0.3]
595.865441,100,1105.117219,0.14209751281677915,False,False,[0.5 0.1 0.3]
390.567645,100,1105.353165,0.24887048988274635,False,False,[0.5 0.1 0.3]
596.380267,100,1105.576338,0.04553759536835875,False,False,[0.5 0.1 0.3]
270.495568,98,1105.788897,0.21290453006571958,True,False,[0.5 0.1 0.3]
560.66706,100,1106.015047,0.14728746203934878,False,False,[0.5 0.1 0.3]
307.288194,86,1106.222488,0.2790951245962391,True,False,[0.5 0.1 0.3]
440.604572,100,1106.447354,0.22606353221136588,False,False,[0.5 0.1 0.3]
516.525844,100,1106.668217,0.1732057477386226,False,False,[0.5 0.1 0.3]
545.408862,100,1106.885329,0.06498794579890349,False,False,[0.5 0.1 0.3]
482.808583,100,1107.146049,0.13670862399700648,False,False,[0.5 0.1 0.3]
358.781062,100,1107.398528,0.18836775648727705,False,False,[0.5 0.1 0.3]
477.769506,100,1107.620156,0.15791359182354628,False,False,[0.5 0.1 0.3]
544.605117,100,1107.835405,0.05232948902206078,False,False,[0.5 0.1 0.3]
399.414053,100,1108.049727,0.07832867185317581,False,False,[0.5 0.1 0.3]
427.977124,100,1108.273914,0.3000980902900286,False,False,[0.5 0.1 0.3]
422.566227,100,1108.516285,0.16718041402855063,False,False,[0.5 0.1 0.3]
441.856239,100,1108.730528,0.14473190762533572,False,False,[0.5 0.1 0.3]
506.876598,100,1108.950384,0.07531222595366029,False,False,[0.5 0.1 0.3]
528.288715,100,1109.168572,0.12742921058912918,False,False,[0.5 0.1 0.3]
472.398142,100,1109.842501,0.2108392566750084,False,False,[0.5 0.1 0.3]
400.870918,100,1110.051306,0.13055759460720157,False,False,[0.5 0.1 0.3]
412.734127,100,1110.26879,0.17189954573378866,False,False,[0.5 0.1 0.3]
442.637703,100,1110.518063,0.18153191796704954,False,False,[0.5 0.1 0.3]
456.740499,100,1110.73496,0.19082229461386735,False,False,[0.5 0.1 0.3]
704.705659,100,1111.041241,0.04577211493931176,False,False,[0.5 0.1 0.3]
451.104374,100,1111.272207,0.05293305033179433,False,False,[0.5 0.1 0.3]
515.256614,100,1111.494193,0.06939827707019355,False,False,[0.5 0.1 0.3]
470.615191,100,1111.725776,0.09248550205053009,False,False,[0.5 0.1 0.3]
442.629118,100,1111.951964,0.20780094136000665,False,False,[0.5 0.1 0.3]
438.447784,100,1112.171662,0.19629091100278168,False,False,[0.5 0.1 0.3]
459.025814,100,1112.413991,0.13074536077475618,False,False,[0.5 0.1 0.3]
526.958723,100,1112.643332,0.2508895135117174,False,False,[0.5 0.1 0.3]
549.829984,100,1112.863677,0.06893190076953937,False,False,[0.5 0.1 0.3]
375.016501,100,1113.076753,0.23489779792966065,False,False,[0.5 0.1 0.3]
446.732749,100,1113.300064,0.21074864139496197,False,False,[0.5 0.1 0.3]
513.58123,100,1113.608075,0.06489367801635215,False,False,[0.5 0.1 0.3]
455.414346,100,1113.832766,0.14560461060170252,False,False,[0.5 0.1 0.3]
481.468296,100,1114.048465,0.22014270407425718,False,False,[0.5 0.1 0.3]
448.115676,100,1114.296363,0.1042763145613244,False,False,[0.5 0.1 0.3]
542.257554,100,1114.986883,0.11642236750428912,False,False,[0.5 0.1 0.3]
520.434127,100,1115.206038,0.08694519421328376,False,False,[0.5 0.1 0.3]
342.421251,100,1115.437487,0.3107094879916132,False,False,[0.5 0.1 0.3]
354.72813,100,1115.652729,0.2859877716288283,False,False,[0.5 0.1 0.3]
478.434579,100,1115.962435,0.2895011587084979,False,False,[0.5 0.1 0.3]
507.444057,100,1116.288341,0.27182843843526505,False,False,[0.5 0.1 0.3]
408.070181,100,1116.502848,0.16728374947489627,False,False,[0.5 0.1 0.3]
505.018257,100,1116.726285,0.14371375679302778,False,False,[0.5 0.1 0.3]
515.958067,100,1116.969611,0.1930068838766215,False,False,[0.5 0.1 0.3]
728.142994,100,1117.278602,0.10936760718063528,False,False,[0.5 0.1 0.3]
356.81383,100,1117.50917,0.29408880648665675,False,False,[0.5 0.1 0.3]
151.3254,90,1117.720908,0.5462372962340631,True,False,[0.5 0.1 0.3]
471.954814,100,1117.939645,0.1036963388397704,False,False,[0.5 0.1 0.3]
452.593269,100,1118.158557,0.1987646251933599,False,False,[0.5 0.1 0.3]
413.212187,100,1118.37644,0.1588204365772979,False,False,[0.5 0.1 0.3]
565.90325,100,1118.597763,0.15662901963694884,False,False,[0.5 0.1 0.3]
732.181122,100,1118.832214,0.15164863046178795,False,False,[0.5 0.1 0.3]
443.21894,100,1119.052628,0.2097529450938558,False,False,[0.5 0.1 0.3]
484.936867,100,1119.272876,0.1424567597677334,False,False,[0.5 0.1 0.3]
443.844846,100,1119.500892,0.1876723418475184,False,False,[0.5 0.1 0.3]
505.027271,100,1119.730817,0.09679196500027722,False,False,[0.5 0.1 0.3]
446.07799,100,1120.411236,0.03914902091758104,False,False,[0.5 0.1 0.3]
393.715725,100,1120.634507,0.22027118289085432,False,False,[0.5 0.1 0.3]
528.641111,100,1120.858929,0.09093474366117509,False,False,[0.5 0.1 0.3]
495.877587,100,1121.079484,0.11304999404946106,False,False,[0.5 0.1 0.3]
451.635064,100,1121.32462,0.21298093715626146,False,False,[0.5 0.1 0.3]
499.819383,100,1121.550215,0.09870986500081594,False,False,[0.5 0.1 0.3]
496.713383,100,1121.769139,0.057432128630832455,False,False,[0.5 0.1 0.3]
425.017088,100,1121.982463,0.16674439528654456,False,False,[0.5 0.1 0.3]
196.442925,78,1122.18831,0.3162931751899835,True,False,[0.5 0.1 0.3]
421.703468,100,1122.420801,0.22074850742112834,False,False,[0.5 0.1 0.3]
406.79468,100,1122.731905,0.17207170454928428,False,False,[0.5 0.1 0.3]
511.595675,100,1122.985286,0.07359821671343304,False,False,[0.5 0.1 0.3]
429.059204,100,1123.205068,0.12320088902126695,False,False,[0.5 0.1 0.3]
422.317388,100,1123.423239,0.247252107212392,False,False,[0.5 0.1 0.3]
531.202787,100,1123.633802,0.044215630761310604,False,False,[0.5 0.1 0.3]
537.999445,100,1123.849309,0.09014076310290355,False,False,[0.5 0.1 0.3]
433.646693,100,1124.05705,0.16131601842908205,False,False,[0.5 0.1 0.3]
470.684396,100,1124.284878,0.19039978887175749,False,False,[0.5 0.1 0.3]
372.095441,100,1124.508708,0.22643389539091013,False,False,[0.5 0.1 0.3]
540.595722,100,1124.72836,0.04287251314269769,False,False,[0.5 0.1 0.3]
516.599372,100,1125.410642,0.11945153695712907,False,False,[0.5 0.1 0.3]
482.414519,100,1125.632776,0.1519056453408589,False,False,[0.5 0.1 0.3]
359.180549,100,1125.847968,0.21166906188867485,False,False,[0.5 0.1 0.3]
212.978198,83,1126.059094,0.31677835220123046,True,False,[0.5 0.1 0.3]
413.102718,100,1126.28777,0.13894271754099616,False,False,[0.5 0.1 0.3]
443.969812,100,1126.515334,0.0648972157159229,False,False,[0.5 0.1 0.3]
455.542612,100,1126.73165,0.2243657030003925,False,False,[0.5 0.1 0.3]
448.362177,100,1127.075292,0.12638206342459143,False,False,[0.5 0.1 0.3]
412.10934,100,1127.300091,0.18968947822667867,False,False,[0.5 0.1 0.3]
470.432491,100,1127.516656,0.17889382137257212,False,False,[0.5 0.1 0.3]
507.9816,100,1127.727598,0.2322510870496458,False,False,[0.5 0.1 0.3]
406.042179,100,1128.050149,0.30163782000815076,False,False,[0.5 0.1 0.3]
485.156439,100,1128.352347,0.12497541603988745,False,False,[0.5 0.1 0.3]
485.422942,100,1128.569178,0.17971580604419043,False,False,[0.5 0.1 0.3]
522.710275,100,1128.821065,0.10444116421423495,False,False,[0.5 0.1 0.3]
496.7806,100,1129.033387,0.21329231504123045,False,False,[0.5 0.1 0.3]
425.977864,100,1129.253383,0.15076378222306488,False,False,[0.5 0.1 0.3]
445.925292,100,1129.474989,0.18231370153795168,False,False,[0.5 0.1 0.3]
521.596421,100,1129.691483,0.07488165816289101,False,False,[0.5 0.1 0.3]
114.493645,50,1129.865264,0.2618953461224325,True,False,[0.5 0.1 0.3]
449.814462,100,1130.084917,0.1671360207539512,False,False,[0.5 0.1 0.3]
382.77625,100,1130.784211,0.2354433265212579,False,False,[0.5 0.1 0.3]
429.444105,100,1131.007875,0.11185462923181122,False,False,[0.5 0.1 0.3]
572.876991,100,1131.234402,0.14507490822281108,False,False,[0.5 0.1 0.3]
479.842441,100,1131.449717,0.09151116423124368,False,False,[0.5 0.1 0.3]
418.958317,100,1131.667215,0.20778858813049358,False,False,[0.5 0.1 0.3]
700.340161,100,1131.969792,0.1028401778285786,False,False,[0.5 0.1 0.3]
515.646918,100,1132.197015,0.1465947961337949,False,False,[0.5 0.1 0.3]
474.720744,100,1132.410691,0.19093303847870763,False,False,[0.5 0.1 0.3]
511.004485,100,1132.622753,0.17416845563967515,False,False,[0.5 0.1 0.3]
417.084936,100,1132.871233,0.15915802594394948,False,False,[0.5 0.1 0.3]
509.849118,100,1133.081231,0.14343937546897256,False,False,[0.5 0.1 0.3]
489.465855,100,1133.302776,0.12139772186570721,False,False,[0.5 0.1 0.3]
432.729919,100,1133.524033,0.21057399587654552,False,False,[0.5 0.1 0.3]
477.162904,100,1133.837418,0.20756514584149974,False,False,[0.5 0.1 0.3]
464.112512,100,1134.066763,0.13350459957511907,False,False,[0.5 0.1 0.3]
436.810609,100,1134.291342,0.1929242071448133,False,False,[0.5 0.1 0.3]
490.209205,100,1134.506776,0.1687339718051349,False,False,[0.5 0.1 0.3]
515.435142,100,1134.725015,0.03389377916808079,False,False,[0.5 0.1 0.3]
463.917068,100,1134.959042,0.17364639115252412,False,False,[0.5 0.1 0.3]
569.330946,100,1135.178439,0.07850434507247668,False,False,[0.5 0.1 0.3]
494.05307,100,1135.39224,0.20632050713739145,False,False,[0.5 0.1 0.3]
394.729771,100,1136.086776,0.15285644713209312,False,False,[0.5 0.1 0.3]
446.138894,100,1136.305792,0.13330792109855522,False,False,[0.5 0.1 0.3]
698.368756,100,1136.530884,0.145697335255047,False,False,[0.5 0.1 0.3]
523.484725,100,1136.841973,0.08848795337017525,False,False,[0.5 0.1 0.3]
482.960758,100,1137.056749,0.1606198089150949,False,False,[0.5 0.1 0.3]
416.81761,100,1137.275879,0.2541960188306376,False,False,[0.5 0.1 0.3]
552.262599,100,1137.510509,0.049120930011391145,False,False,[0.5 0.1 0.3]
478.282796,100,1137.741497,0.0793194816249196,False,False,[0.5 0.1 0.3]
421.34979,100,1137.95928,0.17100142735575025,False,False,[0.5 0.1 0.3]
428.902457,100,1138.185846,0.14555939832461376,False,False,[0.5 0.1 0.3]
532.522034,100,1138.408274,0.13342838167218488,False,False,[0.5 0.1 0.3]
465.049779,100,1138.62599,0.06605589607416018,False,False,[0.5 0.1 0.3]
421.33874,100,1138.840423,0.14721228654395932,False,False,[0.5 0.1 0.3]
449.027822,100,1139.060364,0.1616636706232209,False,False,[0.5 0.1 0.3]
370.101338,100,1139.303767,0.18264644748941244,False,False,[0.5 0.1 0.3]
480.818567,100,1139.520742,0.08126382769153413,False,False,[0.5 0.1 0.3]
413.456247,100,1139.748231,0.19993336195207354,False,False,[0.5 0.1 0.3]
518.217687,100,1139.959957,0.13226911811453326,False,False,[0.5 0.1 0.3]
417.638988,100,1140.191911,0.17383296316524297,False,False,[0.5 0.1 0.3]
459.41291,100,1140.408108,0.12916681572730407,False,False,[0.5 0.1 0.3]
483.596689,100,1141.091872,0.13880608273238546,False,False,[0.5 0.1 0.3]
443.414887,100,1141.317194,0.1675113922638239,False,False,[0.5 0.1 0.3]
477.449744,100,1141.566253,0.07723795289861947,False,False,[0.5 0.1 0.3]
209.071769,84,1141.778429,0.4316801280528981,True,False,[0.5 0.1 0.3]
510.744156,100,1141.997254,0.1438712889534895,False,False,[0.5 0.1 0.3]
180.155611,65,1142.183913,0.2831504264835826,True,False,[0.5 0.1 0.3]
528.326142,100,1142.496314,0.2101271262790443,False,False,[0.5 0.1 0.3]
595.277671,100,1142.714051,0.0618853425434149,False,False,[0.5 0.1 0.3]
472.509627,100,1142.934124,0.13618782890851397,False,False,[0.5 0.1 0.3]
407.497364,100,1143.179593,0.2332129473871303,False,False,[0.5 0.1 0.3]
564.610787,100,1143.400419,0.09862195873440921,False,False,[0.5 0.1 0.3]
433.317542,100,1143.616188,0.23889758818588036,False,False,[0.5 0.1 0.3]
469.714939,100,1143.839078,0.23059883169082385,False,False,[0.5 0.1 0.3]
223.186172,86,1144.041945,0.42802052672515367,True,False,[0.5 0.1 0.3]
485.495161,100,1144.345139,0.12147065322588325,False,False,[0.5 0.1 0.3]
225.292362,79,1144.542649,0.26113500049709676,True,False,[0.5 0.1 0.3]
484.543267,100,1144.785798,0.12403649758849479,False,False,[0.5 0.1 0.3]
467.896552,100,1145.001563,0.15859525223554008,False,False,[0.5 0.1 0.3]
385.079006,100,1145.223465,0.26630397044887566,False,False,[0.5 0.1 0.3]
542.357724,100,1145.452752,0.059897289516304346,False,False,[0.5 0.1 0.3]
544.523829,100,1145.674521,0.13328871490579433,False,False,[0.5 0.1 0.3]
549.394417,100,1145.892253,0.10896001302508426,False,False,[0.5 0.1 0.3]
325.675103,100,1146.575475,0.22374946981902644,False,False,[0.5 0.1 0.3]
45.576527,30,1146.718515,0.2038868005836524,True,False,[0.5 0.1 0.3]
464.4271,100,1146.938232,0.05083444439625916,False,False,[0.5 0.1 0.3]
437.493114,100,1147.177248,0.1837647666803297,False,False,[0.5 0.1 0.3]
457.529022,100,1147.388681,0.16541872411346598,False,False,[0.5 0.1 0.3]
464.568417,100,1147.605146,0.11814722850150157,False,False,[0.5 0.1 0.3]
317.818471,100,1147.831275,0.30303112651891095,False,False,[0.5 0.1 0.3]
456.971796,100,1148.045168,0.09894038712284169,False,False,[0.5 0.1 0.3]
404.000652,100,1148.27605,0.30812453576002924,False,False,[0.5 0.1 0.3]
566.720006,100,1148.500241,0.08178638386225476,False,False,[0.5 0.1 0.3]
450.386637,100,1148.722361,0.20549125423725204,False,False,[0.5 0.1 0.3]
510.299097,100,1148.940848,0.07316635394244667,False,False,[0.5 0.1 0.3]
45.107334,28,1149.096905,0.24587919382221776,True,False,[0.5 0.1 0.3]
464.830554,100,1149.320788,0.18705659492614457,False,False,[0.5 0.1 0.3]
457.570662,100,1149.545202,0.18564583394813414,False,False,[0.5 0.1 0.3]
550.199983,100,1149.767123,0.037193898164460074,False,False,[0.5 0.1 0.3]
390.619876,100,1149.977735,0.20438860510309886,False,False,[0.5 0.1 0.3]
399.643411,100,1150.200765,0.17922570809206023,False,False,[0.5 0.1 0.3]
453.06146,100,1150.423374,0.1802905560170275,False,False,[0.5 0.1 0.3]
544.270792,100,1150.644826,0.10453728686138318,False,False,[0.5 0.1 0.3]
344.861869,100,1150.867969,0.20372206314143104,False,False,[0.5 0.1 0.3]
420.676527,100,1151.113172,0.21920664939905937,False,False,[0.5 0.1 0.3]
524.159265,100,1151.883234,0.07774964981156028,False,False,[0.5 0.1 0.3]
434.000563,100,1152.105997,0.1498199529635019,False,False,[0.5 0.1 0.3]
421.932797,100,1152.33076,0.21478466618302666,False,False,[0.5 0.1 0.3]
466.729829,100,1152.540788,0.17611082240523074,False,False,[0.5 0.1 0.3]
369.60228,100,1152.754393,0.2608993909333087,False,False,[0.5 0.1 0.3]
516.193324,100,1152.96801,0.21967948299041307,False,False,[0.5 0.1 0.3]
460.012687,100,1153.182068,0.2261101763985534,False,False,[0.5 0.1 0.3]
527.562562,100,1153.405903,0.20490692379499822,False,False,[0.5 0.1 0.3]
492.950697,100,1153.65619,0.15872187090524636,False,False,[0.5 0.1 0.3]
445.66874,100,1153.867251,0.17024271060790844,False,False,[0.5 0.1 0.3]
492.405057,100,1154.082153,0.07240565097987446,False,False,[0.5 0.1 0.3]
504.807787,100,1154.306962,0.21564817539305417,False,False,[0.5 0.1 0.3]
471.650669,100,1154.521376,0.1665261172294132,False,False,[0.5 0.1 0.3]
423.601997,100,1154.742346,0.2697304757859451,False,False,[0.5 0.1 0.3]
401.705575,100,1154.963495,0.31480097741774804,False,False,[0.5 0.1 0.3]
314.477909,100,1155.204779,0.3956407952258715,False,False,[0.5 0.1 0.3]
442.108718,100,1155.430229,0.2850740973158457,False,False,[0.5 0.1 0.3]
389.488141,100,1155.652901,0.19187554034368717,False,False,[0.5 0.1 0.3]
464.748806,100,1155.864249,0.16041233260351936,False,False,[0.5 0.1 0.3]
139.108247,45,1156.031147,0.2315440234160587,True,False,[0.5 0.1 0.3]
464.749893,100,1156.254457,0.17361094686486683,False,False,[0.5 0.1 0.3]
468.248506,100,1156.923137,0.08958286606336595,False,False,[0.5 0.1 0.3]
551.33302,100,1157.13562,0.15231588436292634,False,False,[0.5 0.1 0.3]
445.706172,100,1157.380646,0.16228737861021392,False,False,[0.5 0.1 0.3]
403.099752,100,1157.601467,0.1805966992706608,False,False,[0.5 0.1 0.3]
465.587311,100,1157.813993,0.18224180305585883,False,False,[0.5 0.1 0.3]
533.697797,100,1158.036362,0.029416653119847428,False,False,[0.5 0.1 0.3]
491.096232,100,1158.262036,0.10756823781818017,False,False,[0.5 0.1 0.3]
485.649737,100,1158.482393,0.21598417009797546,False,False,[0.5 0.1 0.3]
454.662066,100,1158.703095,0.09238791040445123,False,False,[0.5 0.1 0.3]
439.664386,100,1158.915418,0.1492342369671714,False,False,[0.5 0.1 0.3]
490.732844,100,1159.137997,0.25598557279166523,False,False,[0.5 0.1 0.3]
173.924599,78,1159.356632,0.2433164625347049,True,False,[0.5 0.1 0.3]
498.470152,100,1159.570384,0.11436753722998846,False,False,[0.5 0.1 0.3]
552.147423,100,1159.784498,0.0629578431331806,False,False,[0.5 0.1 0.3]
475.254403,100,1160.105688,0.1069666080377656,False,False,[0.5 0.1 0.3]
467.342451,100,1160.330691,0.07908325010862303,False,False,[0.5 0.1 0.3]
355.839774,100,1160.544142,0.28215692782297663,False,False,[0.5 0.1 0.3]
432.955448,100,1160.749044,0.1640300644861934,False,False,[0.5 0.1 0.3]
531.585124,100,1160.966056,0.11338796527950301,False,False,[0.5 0.1 0.3]
455.385424,100,1161.190218,0.19689839323841934,False,False,[0.5 0.1 0.3]
385.388037,100,1161.905961,0.2504374120851298,False,False,[0.5 0.1 0.3]
385.02474,100,1162.125131,0.23366122960520516,False,False,[0.5 0.1 0.3]
533.843128,100,1162.340739,0.12518599684228157,False,False,[0.5 0.1 0.3]
473.875605,100,1162.555139,0.08773115071928222,False,False,[0.5 0.1 0.3]
494.342381,100,1162.764538,0.0995945586065323,False,False,[0.5 0.1 0.3]
498.974997,100,1162.978974,0.10828816859846202,False,False,[0.5 0.1 0.3]
449.281727,100,1163.191963,0.120109095958777,False,False,[0.5 0.1 0.3]
494.915917,100,1163.412555,0.11152150658928184,False,False,[0.5 0.1 0.3]
574.473931,100,1163.627194,0.0744755322849728,False,False,[0.5 0.1 0.3]
389.17094,100,1163.848167,0.26797165506998655,False,False,[0.5 0.1 0.3]
414.125886,100,1164.091771,0.18172517399153343,False,False,[0.5 0.1 0.3]
319.439475,96,1164.31399,0.335652727907681,True,False,[0.5 0.1 0.3]
584.035679,100,1164.538819,0.11844897042421897,False,False,[0.5 0.1 0.3]
366.267139,100,1164.759876,0.17439592009876104,False,False,[0.5 0.1 0.3]
471.519406,100,1164.97473,0.1457894579819166,False,False,[0.5 0.1 0.3]
424.817407,100,1165.18803,0.15588180605419977,False,False,[0.5 0.1 0.3]
502.387455,100,1165.40964,0.10891566391326628,False,False,[0.5 0.1 0.3]
469.273392,100,1165.621819,0.10816438145384037,False,False,[0.5 0.1 0.3]
553.393775,100,1165.865137,0.08014289816689622,False,False,[0.5 0.1 0.3]
299.877381,100,1166.095267,0.280401195244976,False,False,[0.5 0.1 0.3]
444.100535,100,1166.317002,0.25914702205658496,False,False,[0.5 0.1 0.3]
479.756482,100,1166.999768,0.09197562529806799,False,False,[0.5 0.1 0.3]
371.46939,100,1167.217747,0.30549498679073583,False,False,[0.5 0.1 0.3]
461.004492,100,1167.433824,0.18307025021763162,False,False,[0.5 0.1 0.3]
518.931577,100,1167.651608,0.0885799967916337,False,False,[0.5 0.1 0.3]
516.002988,100,1167.869213,0.08628697084342815,False,False,[0.5 0.1 0.3]
509.86351,100,1168.108841,0.20699683776583566,False,False,[0.5 0.1 0.3]
474.107237,100,1168.324664,0.12889616746493765,False,False,[0.5 0.1 0.3]
368.723232,100,1168.554623,0.21900569080911877,False,False,[0.5 0.1 0.3]
551.296,100,1168.866897,0.15918438241215582,False,False,[0.5 0.1 0.3]
551.485959,100,1169.089401,0.08503334828547628,False,False,[0.5 0.1 0.3]
341.646026,100,1169.332632,0.20997783473478338,False,False,[0.5 0.1 0.3]
343.919489,100,1169.557545,0.3723088933171081,False,False,[0.5 0.1 0.3]
488.774978,100,1169.802434,0.02427303228011358,False,False,[0.5 0.1 0.3]
344.155662,100,1170.021031,0.2546814467815736,False,False,[0.5 0.1 0.3]
476.117876,100,1170.240071,0.0972672436598352,False,False,[0.5 0.1 0.3]
501.262827,100,1170.456231,0.1978694098865606,False,False,[0.5 0.1 0.3]
485.147919,100,1170.677701,0.18576913955691893,False,False,[0.5 0.1 0.3]
436.899161,100,1170.89238,0.1237718493871897,False,False,[0.5 0.1 0.3]
468.563688,100,1171.115835,0.10567794439966795,False,False,[0.5 0.1 0.3]
425.398109,100,1171.352077,0.15524579383564904,False,False,[0.5 0.1 0.3]
462.188702,100,1172.020528,0.1572857054368027,False,False,[0.5 0.1 0.3]
477.799243,100,1172.249157,0.09908512256548781,False,False,[0.5 0.1 0.3]
407.348446,100,1172.46431,0.17812643420863952,False,False,[0.5 0.1 0.3]
475.214322,100,1172.689495,0.09762838490752104,False,False,[0.5 0.1 0.3]
356.004722,100,1172.913647,0.1433359743659013,False,False,[0.5 0.1 0.3]
481.960804,100,1173.12579,0.09064134161425687,False,False,[0.5 0.1 0.3]
550.642063,100,1173.350058,0.04129808843602236,False,False,[0.5 0.1 0.3]
462.748722,100,1173.572444,0.2213300823201891,False,False,[0.5 0.1 0.3]
456.226332,100,1173.792806,0.11109523212454388,False,False,[0.5 0.1 0.3]
517.050194,100,1174.008612,0.14786544668804266,False,False,[0.5 0.1 0.3]
464.931184,100,1174.24181,0.15152949739533308,False,False,[0.5 0.1 0.3]
452.263408,100,1174.451116,0.15733231580146542,False,False,[0.5 0.1 0.3]
437.65642,100,1174.707458,0.13716371869527583,False,False,[0.5 0.1 0.3]
542.550983,100,1174.927433,0.1287568914139592,False,False,[0.5 0.1 0.3]
450.468677,100,1175.145289,0.19814050975308953,False,False,[0.5 0.1 0.3]
438.106073,100,1175.372969,0.038212706506846744,False,False,[0.5 0.1 0.3]
529.92944,100,1175.587874,0.13853676589584196,False,False,[0.5 0.1 0.3]
462.776942,100,1175.803999,0.19272641276024585,False,False,[0.5 0.1 0.3]
460.996389,100,1176.020064,0.1367765553780413,False,False,[0.5 0.1 0.3]
481.767997,100,1176.277298,0.134765916954565,False,False,[0.5 0.1 0.3]
530.418132,100,1176.491711,0.19276276465340686,False,False,[0.5 0.1 0.3]
441.996696,100,1177.181954,0.22689509157514903,False,False,[0.5 0.1 0.3]
463.93698,100,1177.406039,0.13868391695268564,False,False,[0.5 0.1 0.3]
230.280013,70,1177.594222,0.24239500413153875,True,False,[0.5 0.1 0.3]
508.808714,100,1177.810472,0.057328624155081734,False,False,[0.5 0.1 0.3]
466.460493,100,1178.02606,0.26046234206888014,False,False,[0.5 0.1 0.3]
484.220999,100,1178.274889,0.27110740351605317,False,False,[0.5 0.1 0.3]
523.609144,100,1178.583534,0.09705192681299768,False,False,[0.5 0.1 0.3]
419.050185,100,1178.799007,0.2057348546738886,False,False,[0.5 0.1 0.3]
409.756197,100,1179.018106,0.20324920800871174,False,False,[0.5 0.1 0.3]
539.009297,100,1179.243346,0.10489055326638513,False,False,[0.5 0.1 0.3]
470.042508,100,1179.462883,0.08597300438067039,False,False,[0.5 0.1 0.3]
532.792687,100,1179.674953,0.2001713844804631,False,False,[0.5 0.1 0.3]
416.671852,100,1179.896605,0.20026902171842456,False,False,[0.5 0.1 0.3]
543.29028,100,1180.143337,0.08644964694073874,False,False,[0.5 0.1 0.3]
431.250123,100,1180.364548,0.17940533481516535,False,False,[0.5 0.1 0.3]
380.221316,100,1180.58532,0.24261955384224718,False,False,[0.5 0.1 0.3]
522.8332,100,1180.806437,0.13860899580676586,False,False,[0.5 0.1 0.3]
507.825034,100,1181.036871,0.11718358486605565,False,False,[0.5 0.1 0.3]
420.451011,100,1181.261278,0.23203656143915305,False,False,[0.5 0.1 0.3]
480.565667,100,1181.487577,0.11524274391053003,False,False,[0.5 0.1 0.3]
358.881991,100,1181.699827,0.1986031152137285,False,False,[0.5 0.1 0.3]
419.512066,100,1182.386144,0.21198676367147898,False,False,[0.5 0.1 0.3]
490.758426,100,1182.605746,0.21930436936729486,False,False,[0.5 0.1 0.3]
413.087047,100,1182.827239,0.24837123143347525,False,False,[0.5 0.1 0.3]
405.823709,100,1183.05016,0.15593405943984673,False,False,[0.5 0.1 0.3]
431.33002,100,1183.277779,0.27192001347982087,False,False,[0.5 0.1 0.3]
449.107807,100,1183.488887,0.14797102562209102,False,False,[0.5 0.1 0.3]
495.180908,100,1183.703943,0.11734834685725114,False,False,[0.5 0.1 0.3]
444.900308,100,1183.944973,0.231548425086152,False,False,[0.5 0.1 0.3]
446.776051,100,1184.160778,0.12564191881859177,False,False,[0.5 0.1 0.3]
562.731812,100,1184.384614,0.07535247223276335,False,False,[0.5 0.1 0.3]
464.260422,100,1184.603511,0.1626694798491991,False,False,[0.5 0.1 0.3]
473.374668,100,1184.831312,0.1698665637857812,False,False,[0.5 0.1 0.3]
420.06753,100,1185.044785,0.1386342904267321,False,False,[0.5 0.1 0.3]
551.259913,100,1185.275846,0.10858618416736086,False,False,[0.5 0.1 0.3]
469.339813,100,1185.497824,0.12876229189404814,False,False,[0.5 0.1 0.3]
508.810065,100,1185.708443,0.21426019680129385,False,False,[0.5 0.1 0.3]
524.498838,100,1185.926688,0.09069847695103024,False,False,[0.5 0.1 0.3]
531.640166,100,1186.156207,0.08960885215960995,False,False,[0.5 0.1 0.3]
450.407147,100,1186.379956,0.16114867573909245,False,False,[0.5 0.1 0.3]
462.248094,100,1186.599873,0.17773827268246675,False,False,[0.5 0.1 0.3]
472.916713,100,1187.283224,0.08963661841783892,False,False,[0.5 0.1 0.3]
496.13168,100,1187.503655,0.15313774695326596,False,False,[0.5 0.1 0.3]
510.56735,100,1187.720576,0.031477091072990855,False,False,[0.5 0.1 0.3]
453.015059,100,1187.968959,0.23392125831381266,False,False,[0.5 0.1 0.3]
509.060102,100,1188.182382,0.1134973633686423,False,False,[0.5 0.1 0.3]
447.479456,100,1188.408201,0.10607781983441959,False,False,[0.5 0.1 0.3]
453.497977,100,1188.620762,0.2192645559250569,False,False,[0.5 0.1 0.3]
633.774158,100,1188.839497,0.05658567523786701,False,False,[0.5 0.1 0.3]
332.200534,100,1189.06178,0.19662205503672173,False,False,[0.5 0.1 0.3]
419.41476,100,1189.281664,0.294595136552964,False,False,[0.5 0.1 0.3]
455.1502,100,1189.501697,0.14548836349221675,False,False,[0.5 0.1 0.3]
470.467486,100,1189.719748,0.17459318074500912,False,False,[0.5 0.1 0.3]
533.425191,100,1189.959519,0.14782519298374516,False,False,[0.5 0.1 0.3]
522.115797,100,1190.177621,0.06245674101086888,False,False,[0.5 0.1 0.3]
495.483702,100,1190.404836,0.11441489670265476,False,False,[0.5 0.1 0.3]
543.220682,100,1190.623575,0.09328506002470119,False,False,[0.5 0.1 0.3]
524.577759,100,1190.84385,0.12469773124394759,False,False,[0.5 0.1 0.3]
441.162687,100,1191.070938,0.13921709977625937,False,False,[0.5 0.1 0.3]
505.140267,100,1191.291345,0.16059638852001099,False,False,[0.5 0.1 0.3]
444.25664,100,1191.511411,0.1331968848858843,False,False,[0.5 0.1 0.3]
352.428863,100,1191.751059,0.24059611853702573,False,False,[0.5 0.1 0.3]
410.546253,100,1192.450446,0.22593598946447174,False,False,[0.5 0.1 0.3]
464.721684,100,1192.655066,0.2510744118519337,False,False,[0.5 0.1 0.3]
502.81896,100,1192.867236,0.05778404702913792,False,False,[0.5 0.1 0.3]
250.496905,67,1193.057061,0.26180085404511155,True,False,[0.5 0.1 0.3]
538.971114,100,1193.277676,0.18571815612895884,False,False,[0.5 0.1 0.3]
33.941851,27,1193.416447,0.21196091379798335,True,False,[0.5 0.1 0.3]
439.948322,100,1193.631339,0.1379827855495971,False,False,[0.5 0.1 0.3]
460.976749,100,1193.85713,0.09131761515411306,False,False,[0.5 0.1 0.3]
204.490107,78,1194.089649,0.39152269668371725,True,False,[0.5 0.1 0.3]
558.886108,100,1194.400945,0.05085776054612618,False,False,[0.5 0.1 0.3]
485.770462,100,1194.61265,0.09982120470345392,False,False,[0.5 0.1 0.3]
496.09829,100,1194.828525,0.12540177494958346,False,False,[0.5 0.1 0.3]
537.124089,100,1195.045811,0.09831372955568754,False,False,[0.5 0.1 0.3]
714.567377,100,1195.263662,0.12659539081304275,False,False,[0.5 0.1 0.3]
169.766398,65,1195.443572,0.24307139010628415,True,False,[0.5 0.1 0.3]
380.926648,100,1195.663671,0.24248314387063868,False,False,[0.5 0.1 0.3]
618.656742,100,1195.979484,0.11131382928920248,False,False,[0.5 0.1 0.3]
490.495752,100,1196.234654,0.13359044133774906,False,False,[0.5 0.1 0.3]
383.157305,100,1196.450761,0.1729470869397634,False,False,[0.5 0.1 0.3]
552.897365,100,1196.673773,0.0696102637912137,False,False,[0.5 0.1 0.3]
725.801421,100,1196.889839,0.09539291834908885,False,False,[0.5 0.1 0.3]
511.262053,100,1197.114655,0.21260614091646232,False,False,[0.5 0.1 0.3]
508.816898,100,1197.79455,0.10473444932708363,False,False,[0.5 0.1 0.3]
484.433778,100,1198.003857,0.1032916553621955,False,False,[0.5 0.1 0.3]
125.195579,61,1198.18108,0.31779225600064065,True,False,[0.5 0.1 0.3]
489.602559,100,1198.425423,0.08328290460005072,False,False,[0.5 0.1 0.3]
585.502698,100,1198.648344,0.08288182825679583,False,False,[0.5 0.1 0.3]
514.038268,100,1198.859586,0.06559360220701883,False,False,[0.5 0.1 0.3]
559.310973,100,1199.078938,0.07350724717750315,False,False,[0.5 0.1 0.3]
349.5333,100,1199.294734,0.2613386925043469,False,False,[0.5 0.1 0.3]
414.736752,100,1199.520009,0.2150969028641531,False,False,[0.5 0.1 0.3]
531.741224,100,1199.731603,0.0355117435959703,False,False,[0.5 0.1 0.3]
504.313234,100,1199.979835,0.05508303568698042,False,False,[0.5 0.1 0.3]
478.015539,100,1200.194586,0.12053052009774423,False,False,[0.5 0.1 0.3]
446.711218,100,1200.420941,0.09865926403653827,False,False,[0.5 0.1 0.3]
496.848152,100,1200.640808,0.1343067986794242,False,False,[0.5 0.1 0.3]
451.519769,100,1200.868307,0.08534010077995267,False,False,[0.5 0.1 0.3]
370.162443,100,1201.103515,0.17224458386876643,False,False,[0.5 0.1 0.3]
477.151969,100,1201.33109,0.20124702599424843,False,False,[0.5 0.1 0.3]
465.289222,100,1201.5583,0.1503637538234286,False,False,[0.5 0.1 0.3]
444.53944,100,1201.781341,0.19299264792713805,False,False,[0.5 0.1 0.3]
595.876347,100,1202.008381,0.09449924639542547,False,False,[0.5 0.1 0.3]
455.72836,100,1202.255108,0.1137986089631975,False,False,[0.5 0.1 0.3]
436.14685,100,1202.932578,0.137023360457503,False,False,[0.5 0.1 0.3]
511.239691,100,1203.141756,0.13169529233043528,False,False,[0.5 0.1 0.3]
442.514769,100,1203.359177,0.18486763564654315,False,False,[0.5 0.1 0.3]
510.488851,100,1203.578228,0.09134750170011267,False,False,[0.5 0.1 0.3]
354.990897,100,1203.798342,0.3459693184443834,False,False,[0.5 0.1 0.3]
519.397272,100,1204.018327,0.08446954732364584,False,False,[0.5 0.1 0.3]
365.77875,100,1204.236797,0.20071535539459917,False,False,[0.5 0.1 0.3]
426.406873,100,1204.483754,0.2170041432302316,False,False,[0.5 0.1 0.3]
330.842887,96,1204.699852,0.2760809396952719,True,False,[0.5 0.1 0.3]
545.305275,100,1204.920151,0.12497224860617952,False,False,[0.5 0.1 0.3]
58.920867,40,1205.082036,0.30020814352468983,True,False,[0.5 0.1 0.3]
411.720888,100,1205.308267,0.29636287027774494,False,False,[0.5 0.1 0.3]
492.040325,100,1205.53176,0.1922343381622199,False,False,[0.5 0.1 0.3]
533.215405,100,1205.742087,0.07451068653771266,False,False,[0.5 0.1 0.3]
527.450609,100,1205.956842,0.08204535686994711,False,False,[0.5 0.1 0.3]
482.462673,100,1206.180433,0.09631149631785199,False,False,[0.5 0.1 0.3]
425.794991,100,1206.407023,0.19712380537063182,False,False,[0.5 0.1 0.3]
584.767373,100,1206.714367,0.1504458480289879,False,False,[0.5 0.1 0.3]
327.282489,100,1206.928966,0.3087154617688053,False,False,[0.5 0.1 0.3]
456.234168,100,1207.146551,0.13721802541532843,False,False,[0.5 0.1 0.3]
119.249487,44,1207.297132,0.2209519773241959,True,False,[0.5 0.1 0.3]
505.22148,100,1207.976271,0.10358276129488925,False,False,[0.5 0.1 0.3]
557.643744,100,1208.19544,0.0952744415946431,False,False,[0.5 0.1 0.3]
411.6389,100,1208.442437,0.23779432690488336,False,False,[0.5 0.1 0.3]
385.275161,100,1208.663968,0.24449095322236997,False,False,[0.5 0.1 0.3]
500.941249,100,1208.878885,0.12253507280777819,False,False,[0.5 0.1 0.3]
365.618434,100,1209.099593,0.23616555183513213,False,False,[0.5 0.1 0.3]
519.041615,100,1209.313647,0.09559635982121018,False,False,[0.5 0.1 0.3]
493.609439,100,1209.534033,0.154618446091704,False,False,[0.5 0.1 0.3]
497.208127,100,1209.755129,0.142307420938508,False,False,[0.5 0.1 0.3]
472.992058,100,1209.971561,0.03236674730641661,False,False,[0.5 0.1 0.3]
536.463648,100,1210.217438,0.03597720212835698,False,False,[0.5 0.1 0.3]
524.434113,100,1210.438448,0.08803291680822813,False,False,[0.5 0.1 0.3]
414.770581,100,1210.666369,0.12062992425780193,False,False,[0.5 0.1 0.3]
506.81787,100,1210.880374,0.11812320260086741,False,False,[0.5 0.1 0.3]
591.663749,100,1211.096702,0.04548691910256502,False,False,[0.5 0.1 0.3]
419.484071,100,1211.314338,0.1790826374241332,False,False,[0.5 0.1 0.3]
373.601443,100,1211.539674,0.2791391383399695,False,False,[0.5 0.1 0.3]
380.560703,100,1211.852179,0.24566413468125883,False,False,[0.5 0.1 0.3]
369.597671,100,1212.067936,0.18581280403310219,False,False,[0.5 0.1 0.3]
528.151741,100,1212.291986,0.039913199845453426,False,False,[0.5 0.1 0.3]
508.635592,100,1212.517361,0.11801325456316525,False,False,[0.5 0.1 0.3]
479.901391,100,1213.197855,0.183590807918232,False,False,[0.5 0.1 0.3]
461.879836,100,1213.418703,0.2296055678971913,False,False,[0.5 0.1 0.3]
511.082997,100,1213.736901,0.06478361602346408,False,False,[0.5 0.1 0.3]
413.841216,100,1213.950374,0.24279807712657636,False,False,[0.5 0.1 0.3]
406.994184,100,1214.174323,0.18287043465278496,False,False,[0.5 0.1 0.3]
424.185016,100,1214.393682,0.12569402042116729,False,False,[0.5 0.1 0.3]
457.150536,100,1214.613367,0.19942231933989552,False,False,[0.5 0.1 0.3]
492.608756,100,1214.827803,0.11675399854566985,False,False,[0.5 0.1 0.3]
481.614824,100,1215.050128,0.05718993877930172,False,False,[0.5 0.1 0.3]
407.215838,100,1215.269212,0.1690062542048035,False,False,[0.5 0.1 0.3]
514.303776,100,1215.485716,0.17279273128178718,False,False,[0.5 0.1 0.3]
500.313972,100,1215.705409,0.1502077042106797,False,False,[0.5 0.1 0.3]
426.792875,100,1215.924973,0.14923382155813397,False,False,[0.5 0.1 0.3]
392.54583,100,1216.149696,0.0891204699694235,False,False,[0.5 0.1 0.3]
393.080346,100,1216.37504,0.2364225074204735,False,False,[0.5 0.1 0.3]
506.02845,100,1216.681832,0.13191716953528593,False,False,[0.5 0.1 0.3]
513.520251,100,1216.898982,0.10158954760225145,False,False,[0.5 0.1 0.3]
367.931663,100,1217.116033,0.1642085450583025,False,False,[0.5 0.1 0.3]
516.713975,100,1217.425897,0.06273544741169726,False,False,[0.5 0.1 0.3]
400.282378,100,1217.638201,0.20761914651547037,False,False,[0.5 0.1 0.3]
501.906176,100,1218.433369,0.09957073500394924,False,False,[0.5 0.1 0.3]
449.043124,100,1218.651323,0.1838151074978064,False,False,[0.5 0.1 0.3]
494.842831,100,1218.866568,0.1617027909186778,False,False,[0.5 0.1 0.3]
111.963223,43,1219.024939,0.23187382349201863,True,False,[0.5 0.1 0.3]
622.467127,100,1219.250951,0.16255750397957636,False,False,[0.5 0.1 0.3]
501.983498,100,1219.474782,0.15312002484450116,False,False,[0.5 0.1 0.3]
552.072932,100,1219.78134,0.03576693255012457,False,False,[0.5 0.1 0.3]
460.322123,100,1219.997594,0.12181126314552851,False,False,[0.5 0.1 0.3]
521.577995,100,1220.244282,0.22617445760341345,False,False,[0.5 0.1 0.3]
435.753709,100,1220.47531,0.10613011408015928,False,False,[0.5 0.1 0.3]
429.952785,100,1220.687141,0.18016476467657544,False,False,[0.5 0.1 0.3]
530.784184,100,1220.906713,0.15393259796593206,False,False,[0.5 0.1 0.3]
484.484909,100,1221.124674,0.16607597005759767,False,False,[0.5 0.1 0.3]
476.446686,100,1221.342871,0.1563025110106522,False,False,[0.5 0.1 0.3]
453.584213,100,1221.553012,0.1771626745729151,False,False,[0.5 0.1 0.3]
495.414416,100,1221.801072,0.13505567149532008,False,False,[0.5 0.1 0.3]
332.398262,100,1222.015285,0.40706097233515526,False,False,[0.5 0.1 0.3]
476.790915,100,1222.326185,0.08683147510564435,False,False,[0.5 0.1 0.3]
481.290963,100,1222.545753,0.11973449394940605,False,False,[0.5 0.1 0.3]
532.098508,100,1222.76382,0.11523408088740787,False,False,[0.5 0.1 0.3]
437.932343,100,1222.980785,0.22324522900440855,False,False,[0.5 0.1 0.3]
463.266321,100,1223.669281,0.10251105613086017,False,False,[0.5 0.1 0.3]
307.692743,100,1223.884669,0.2669222780157666,False,False,[0.5 0.1 0.3]
493.675244,100,1224.1019,0.04433548697257505,False,False,[0.5 0.1 0.3]
566.526857,100,1224.34512,0.10268957722402117,False,False,[0.5 0.1 0.3]
412.426838,100,1224.566967,0.19463412815776063,False,False,[0.5 0.1 0.3]
523.463027,100,1224.885002,0.14508208193116232,False,False,[0.5 0.1 0.3]
419.273846,100,1225.104032,0.17138941624568607,False,False,[0.5 0.1 0.3]
486.590725,100,1225.323207,0.21746433783757085,False,False,[0.5 0.1 0.3]
436.952457,100,1225.542821,0.1940848342102676,False,False,[0.5 0.1 0.3]
588.123013,100,1225.762238,0.1414496528968004,False,False,[0.5 0.1 0.3]
466.391518,100,1225.974316,0.1453919897976897,False,False,[0.5 0.1 0.3]
493.250246,100,1226.189519,0.14387754857736768,False,False,[0.5 0.1 0.3]
399.881812,100,1226.499969,0.1861425309922136,False,False,[0.5 0.1 0.3]
469.618547,100,1226.714683,0.10820923804184995,False,False,[0.5 0.1 0.3]
356.176008,100,1226.932123,0.18559738570035794,False,False,[0.5 0.1 0.3]
380.839079,100,1227.148256,0.26582275554535034,False,False,[0.5 0.1 0.3]
515.044962,100,1227.464421,0.09885628108534374,False,False,[0.5 0.1 0.3]
504.917285,100,1227.678183,0.07438961144186675,False,False,[0.5 0.1 0.3]
419.891874,100,1227.904488,0.1951804739787483,False,False,[0.5 0.1 0.3]
335.847244,100,1228.119371,0.25347511510643783,False,False,[0.5 0.1 0.3]
337.027093,100,1228.35905,0.3024483687499653,False,False,[0.5 0.1 0.3]
450.477715,100,1229.028138,0.12383978807536411,False,False,[0.5 0.1 0.3]
478.99369,100,1229.260829,0.09569276705866836,False,False,[0.5 0.1 0.3]
416.449962,100,1229.482695,0.12566722203995412,False,False,[0.5 0.1 0.3]
497.236393,100,1229.789045,0.09490409481830601,False,False,[0.5 0.1 0.3]
437.186233,100,1230.014077,0.18597694296363754,False,False,[0.5 0.1 0.3]
562.333815,100,1230.326053,0.13291036254706787,False,False,[0.5 0.1 0.3]
495.695933,100,1230.540076,0.13846520957249278,False,False,[0.5 0.1 0.3]
448.609506,100,1230.786855,0.1994470991447011,False,False,[0.5 0.1 0.3]
452.764096,100,1231.009678,0.15990446727871152,False,False,[0.5 0.1 0.3]
436.450204,100,1231.232609,0.10723826638782367,False,False,[0.5 0.1 0.3]
516.145422,100,1231.461307,0.057134563745696344,False,False,[0.5 0.1 0.3]
418.639459,100,1231.682047,0.2060790394599854,False,False,[0.5 0.1 0.3]
399.540262,94,1231.983778,0.21776778689169857,True,False,[0.5 0.1 0.3]
484.478159,100,1232.196419,0.1369564698276204,False,False,[0.5 0.1 0.3]
663.405497,100,1232.44077,0.2727697343729067,False,False,[0.5 0.1 0.3]
306.991064,91,1232.736508,0.25569603449361644,True,False,[0.5 0.1 0.3]
427.627097,100,1232.951928,0.11692764733579329,False,False,[0.5 0.1 0.3]
464.792871,100,1233.162208,0.138643764327563,False,False,[0.5 0.1 0.3]
507.175634,100,1233.376301,0.08085927909367958,False,False,[0.5 0.1 0.3]
471.153666,100,1233.595809,0.19895711093992557,False,False,[0.5 0.1 0.3]
591.2679,100,1234.363337,0.11025287375947848,False,False,[0.5 0.1 0.3]
453.702224,100,1234.609671,0.11982536412101626,False,False,[0.5 0.1 0.3]
525.724765,100,1234.828794,0.09181644155903337,False,False,[0.5 0.1 0.3]
469.745438,100,1235.057794,0.2300331370505346,False,False,[0.5 0.1 0.3]
480.66562,100,1235.276863,0.13653727215697214,False,False,[0.5 0.1 0.3]
458.656316,100,1235.508812,0.18561394048794655,False,False,[0.5 0.1 0.3]
437.88829,100,1235.729831,0.1714448600022332,False,False,[0.5 0.1 0.3]
402.04495,100,1235.958612,0.21963724715958283,False,False,[0.5 0.1 0.3]
521.918986,100,1236.209935,0.10709308316344214,False,False,[0.5 0.1 0.3]
493.041194,100,1236.522249,0.09153290157892754,False,False,[0.5 0.1 0.3]
436.951035,100,1236.737809,0.15871921466189237,False,False,[0.5 0.1 0.3]
410.620219,100,1236.958421,0.21541109421937077,False,False,[0.5 0.1 0.3]
525.480621,100,1237.176929,0.12962659702355536,False,False,[0.5 0.1 0.3]
411.547945,100,1237.390479,0.0603728370682991,False,False,[0.5 0.1 0.3]
474.241167,100,1237.614576,0.1424967671639375,False,False,[0.5 0.1 0.3]
518.118606,100,1237.854886,0.13046602567680896,False,False,[0.5 0.1 0.3]
429.682718,100,1238.067536,0.06160959551426332,False,False,[0.5 0.1 0.3]
484.324111,100,1238.28714,0.06803981675840914,False,False,[0.5 0.1 0.3]
541.967896,100,1238.50418,0.08179586632594692,False,False,[0.5 0.1 0.3]
425.266999,100,1238.718841,0.290939037897781,False,False,[0.5 0.1 0.3]
555.484456,100,1238.94095,0.09948856658168524,False,False,[0.5 0.1 0.3]
440.812263,100,1239.614942,0.21071211241639767,False,False,[0.5 0.1 0.3]
518.84095,100,1239.829063,0.1363863039465665,False,False,[0.5 0.1 0.3]
487.610415,100,1240.073191,0.04263029786477037,False,False,[0.5 0.1 0.3]
489.764492,100,1240.290491,0.10640316989490242,False,False,[0.5 0.1 0.3]
417.439786,100,1240.512242,0.14821329530187438,False,False,[0.5 0.1 0.3]
485.955075,100,1240.723529,0.16860813187350324,False,False,[0.5 0.1 0.3]
582.778981,100,1240.94327,0.07130957939013247,False,False,[0.5 0.1 0.3]
431.676492,100,1241.161133,0.18283134367326748,False,False,[0.5 0.1 0.3]
442.754067,100,1241.371114,0.19888158596615663,False,False,[0.5 0.1 0.3]
490.220642,100,1241.678763,0.20110946748849134,False,False,[0.5 0.1 0.3]
444.809434,100,1241.931133,0.15931685857163944,False,False,[0.5 0.1 0.3]
515.302513,100,1242.147212,0.0750584867302616,False,False,[0.5 0.1 0.3]
481.761609,100,1242.373316,0.15756176155379328,False,False,[0.5 0.1 0.3]
471.263229,100,1242.582883,0.11514241481401044,False,False,[0.5 0.1 0.3]
503.279826,100,1242.805955,0.07315198257528585,False,False,[0.5 0.1 0.3]
543.540307,100,1243.027854,0.08629442354287478,False,False,[0.5 0.1 0.3]
235.231986,83,1243.231705,0.24160601516104063,True,False,[0.5 0.1 0.3]
404.953312,100,1243.447699,0.15027414150004373,False,False,[0.5 0.1 0.3]
456.126548,100,1243.676477,0.14056961005194032,False,False,[0.5 0.1 0.3]
514.751444,100,1243.925497,0.18102678666466243,False,False,[0.5 0.1 0.3]
467.456275,100,1244.635598,0.07915271252474684,False,False,[0.5 0.1 0.3]
355.136796,100,1244.851225,0.24859797969508213,False,False,[0.5 0.1 0.3]
466.382294,100,1245.07114,0.14395089873223368,False,False,[0.5 0.1 0.3]
320.812609,100,1245.294161,0.25549408109667404,False,False,[0.5 0.1 0.3]
384.538983,100,1245.516128,0.1736098135431167,False,False,[0.5 0.1 0.3]
426.313563,100,1245.73952,0.14517892776366506,False,False,[0.5 0.1 0.3]
405.551732,100,1245.957693,0.2505185915035775,False,False,[0.5 0.1 0.3]
496.391892,100,1246.286767,0.19795876949901262,False,False,[0.5 0.1 0.3]
720.458576,100,1246.506959,0.07155622434070408,False,False,[0.5 0.1 0.3]
438.617078,100,1246.721188,0.14476582881448716,False,False,[0.5 0.1 0.3]
397.401198,100,1246.937337,0.212702812157703,False,False,[0.5 0.1 0.3]
389.228306,100,1247.172365,0.19891943959398664,False,False,[0.5 0.1 0.3]
520.4597,100,1247.394866,0.18302949061498872,False,False,[0.5 0.1 0.3]
529.656396,100,1247.62118,0.09333634935660327,False,False,[0.5 0.1 0.3]
389.79802,100,1247.832236,0.15395491247396323,False,False,[0.5 0.1 0.3]
515.650289,100,1248.084491,0.1144161527138248,False,False,[0.5 0.1 0.3]
461.308939,100,1248.302025,0.13003108232978514,False,False,[0.5 0.1 0.3]
481.388241,100,1248.519781,0.09924075766258682,False,False,[0.5 0.1 0.3]
470.063503,100,1248.830712,0.1590814390354947,False,False,[0.5 0.1 0.3]
473.105778,100,1249.054932,0.15582772105930479,False,False,[0.5 0.1 0.3]
411.248095,100,1249.273728,0.20478982816619556,False,False,[0.5 0.1 0.3]
445.309776,100,1249.968618,0.17888506424734546,False,False,[0.5 0.1 0.3]
425.446347,100,1250.177796,0.15836771372986536,False,False,[0.5 0.1 0.3]
403.781585,100,1250.397984,0.14547706818961423,False,False,[0.5 0.1 0.3]
514.451655,100,1250.618692,0.08529940686558417,False,False,[0.5 0.1 0.3]
510.194027,100,1250.833302,0.08450673330475827,False,False,[0.5 0.1 0.3]
423.765159,100,1251.0528,0.1602731777010042,False,False,[0.5 0.1 0.3]
343.05789,100,1251.309165,0.27053047853961804,False,False,[0.5 0.1 0.3]
504.455078,100,1251.614814,0.07219729573499034,False,False,[0.5 0.1 0.3]
405.515236,100,1251.841563,0.28065385784160884,False,False,[0.5 0.1 0.3]
512.4135,100,1252.062636,0.18714864464088588,False,False,[0.5 0.1 0.3]
485.65871,100,1252.28087,0.17666641617721682,False,False,[0.5 0.1 0.3]
500.852745,100,1252.581656,0.12218630145015158,False,False,[0.5 0.1 0.3]
454.86536,100,1252.799371,0.15968563811718856,False,False,[0.5 0.1 0.3]
433.40455,100,1253.020993,0.13639747483673256,False,False,[0.5 0.1 0.3]
412.147808,100,1253.275252,0.1469634921512253,False,False,[0.5 0.1 0.3]
448.639332,100,1253.496005,0.1776394834216817,False,False,[0.5 0.1 0.3]
458.55945,100,1253.708706,0.12405792447113682,False,False,[0.5 0.1 0.3]
470.942354,100,1253.925075,0.16261534392905697,False,False,[0.5 0.1 0.3]
454.918069,100,1254.144567,0.11471303108237971,False,False,[0.5 0.1 0.3]
443.485258,100,1254.382666,0.09431179451137968,False,False,[0.5 0.1 0.3]
434.358715,100,1255.050226,0.12063858742538573,False,False,[0.5 0.1 0.3]
445.947175,100,1255.283202,0.134970826084667,False,False,[0.5 0.1 0.3]
500.656171,100,1255.504108,0.1901463304654343,False,False,[0.5 0.1 0.3]
504.040241,100,1255.821554,0.06644610008988826,False,False,[0.5 0.1 0.3]
515.903692,100,1256.04477,0.08228923729006381,False,False,[0.5 0.1 0.3]
390.393398,100,1256.270717,0.16881191130997888,False,False,[0.5 0.1 0.3]
343.155171,100,1256.491518,0.3871736064416789,False,False,[0.5 0.1 0.3]
398.69356,100,1256.799214,0.2912222831996177,False,False,[0.5 0.1 0.3]
458.886828,100,1257.015882,0.31991941786710204,False,False,[0.5 0.1 0.3]
507.306607,100,1257.243504,0.2004435660683501,False,False,[0.5 0.1 0.3]
412.199756,100,1257.461817,0.11887832928187035,False,False,[0.5 0.1 0.3]
438.220443,100,1257.677766,0.17318496280194656,False,False,[0.5 0.1 0.3]
328.549391,100,1257.9001,0.2791511399411116,False,False,[0.5 0.1 0.3]
449.405777,100,1258.118667,0.15405624384923017,False,False,[0.5 0.1 0.3]
406.948981,100,1258.359801,0.12805903371384533,False,False,[0.5 0.1 0.3]
346.328858,100,1258.575291,0.22887277161424524,False,False,[0.5 0.1 0.3]
427.569064,100,1258.791081,0.12785604353567692,False,False,[0.5 0.1 0.3]
448.956768,100,1259.007291,0.08049197888931559,False,False,[0.5 0.1 0.3]
416.051268,100,1259.227538,0.1065610384227232,False,False,[0.5 0.1 0.3]
448.215422,100,1259.451825,0.20938098158410381,False,False,[0.5 0.1 0.3]
470.966703,100,1259.669613,0.08452685081463825,False,False,[0.5 0.1 0.3]
392.809167,100,1260.377545,0.256903113625365,False,False,[0.5 0.1 0.3]
436.261841,100,1260.597107,0.05981345848924428,False,False,[0.5 0.1 0.3]
475.043194,100,1260.815374,0.048991802140324385,False,False,[0.5 0.1 0.3]
458.004024,100,1261.040879,0.04490723917537095,False,False,[0.5 0.1 0.3]
550.902178,100,1261.264939,0.15438209650178308,False,False,[0.5 0.1 0.3]
413.350989,100,1261.484971,0.20177848933265266,False,False,[0.5 0.1 0.3]
506.651603,100,1261.70034,0.13156824675450632,False,False,[0.5 0.1 0.3]
500.599428,100,1261.922384,0.12959481484258936,False,False,[0.5 0.1 0.3]
465.884848,100,1262.142802,0.11992816266927184,False,False,[0.5 0.1 0.3]
513.08623,100,1262.363132,0.0989633346024267,False,False,[0.5 0.1 0.3]
469.519914,100,1262.578989,0.1194192138913246,False,False,[0.5 0.1 0.3]
436.931149,100,1262.798932,0.09968887141068179,False,False,[0.5 0.1 0.3]
522.831855,100,1263.017539,0.13264683459273044,False,False,[0.5 0.1 0.3]
300.967195,100,1263.242205,0.3360129845675533,False,False,[0.5 0.1 0.3]
454.187226,100,1263.463909,0.18425135684117797,False,False,[0.5 0.1 0.3]
504.076295,100,1263.804643,0.12165737249948197,False,False,[0.5 0.1 0.3]
558.219511,100,1264.024706,0.04924169429725224,False,False,[0.5 0.1 0.3]
585.232834,100,1264.251469,0.10400200279824143,False,False,[0.5 0.1 0.3]
508.243493,100,1264.472776,0.14835314847694991,False,False,[0.5 0.1 0.3]
549.534371,100,1264.687304,0.09792448342505315,False,False,[0.5 0.1 0.3]
442.897239,100,1265.378051,0.15053848005835405,False,False,[0.5 0.1 0.3]
456.219244,100,1265.599245,0.21342611380070714,False,False,[0.5 0.1 0.3]
562.916535,100,1265.815339,0.12321329624262214,False,False,[0.5 0.1 0.3]
506.470254,100,1266.074419,0.036606330899371056,False,False,[0.5 0.1 0.3]
447.839564,100,1266.294033,0.12579750160430878,False,False,[0.5 0.1 0.3]
513.347873,100,1266.505591,0.07307789127146572,False,False,[0.5 0.1 0.3]
525.173276,100,1266.725489,0.1804254695022143,False,False,[0.5 0.1 0.3]
558.635162,100,1266.942167,0.03838252842037133,False,False,[0.5 0.1 0.3]
470.36255,100,1267.155343,0.08252624802523462,False,False,[0.5 0.1 0.3]
554.618467,100,1267.371026,0.09732739945779714,False,False,[0.5 0.1 0.3]
454.943605,100,1267.592656,0.20209428184580633,False,False,[0.5 0.1 0.3]
452.017921,100,1267.845324,0.15828518164686117,False,False,[0.5 0.1 0.3]
522.244073,100,1268.071348,0.10742808335919742,False,False,[0.5 0.1 0.3]
432.349853,100,1268.292127,0.16132912647393796,False,False,[0.5 0.1 0.3]
412.449784,100,1268.505868,0.17672249429481166,False,False,[0.5 0.1 0.3]
396.468892,100,1268.723192,0.25326336510326564,False,False,[0.5 0.1 0.3]
499.359271,100,1268.945358,0.13154141665778038,False,False,[0.5 0.1 0.3]
487.887591,100,1269.155935,0.1993502931686153,False,False,[0.5 0.1 0.3]
509.605686,100,1269.372717,0.09899720239410505,False,False,[0.5 0.1 0.3]
531.354199,100,1269.593719,0.17046935155876566,False,False,[0.5 0.1 0.3]
187.066617,85,1269.795899,0.29478150754146726,True,False,[0.5 0.1 0.3]
450.175754,100,1270.491128,0.14238504172079747,False,False,[0.5 0.1 0.3]
408.108664,100,1270.702255,0.25687366419769697,False,False,[0.5 0.1 0.3]
584.77492,100,1270.920083,0.1482100920480665,False,False,[0.5 0.1 0.3]
425.930224,100,1271.16683,0.22282874002132952,False,False,[0.5 0.1 0.3]
565.673394,100,1271.381605,0.08035258089755305,False,False,[0.5 0.1 0.3]
390.90508,100,1271.595111,0.26133109412871824,False,False,[0.5 0.1 0.3]
457.526973,100,1271.80798,0.15367897142852774,False,False,[0.5 0.1 0.3]
376.199773,100,1272.03286,0.2017799322699825,False,False,[0.5 0.1 0.3]
467.220791,100,1272.259066,0.2215744143585607,False,False,[0.5 0.1 0.3]
446.023971,100,1272.47932,0.13229262157838792,False,False,[0.5 0.1 0.3]
447.250486,100,1272.690503,0.12530075222279605,False,False,[0.5 0.1 0.3]
441.083564,100,1272.933604,0.07879375561765317,False,False,[0.5 0.1 0.3]
467.634905,100,1273.150801,0.1341360009261023,False,False,[0.5 0.1 0.3]
553.079724,100,1273.364294,0.112859988547452,False,False,[0.5 0.1 0.3]
516.124455,100,1273.589952,0.10902670280619838,False,False,[0.5 0.1 0.3]
548.473101,100,1273.808534,0.11715756150904945,False,False,[0.5 0.1 0.3]
435.338513,100,1274.028089,0.1347697416272846,False,False,[0.5 0.1 0.3]
429.259443,100,1274.247863,0.22339899150031345,False,False,[0.5 0.1 0.3]
548.085077,100,1274.466512,0.08723762580481675,False,False,[0.5 0.1 0.3]
372.412511,100,1274.71281,0.19553576382590426,False,False,[0.5 0.1 0.3]
545.030039,100,1274.919448,0.08510337923817968,False,False,[0.5 0.1 0.3]
483.671409,100,1275.599272,0.10973125136177479,False,False,[0.5 0.1 0.3]
450.833286,100,1275.812383,0.12453717243377775,False,False,[0.5 0.1 0.3]
519.441179,100,1276.034358,0.11490610522652452,False,False,[0.5 0.1 0.3]
493.337889,100,1276.267042,0.12344683414677991,False,False,[0.5 0.1 0.3]
425.548802,100,1276.489944,0.19010055237873974,False,False,[0.5 0.1 0.3]
461.912663,100,1276.709794,0.2775016738696335,False,False,[0.5 0.1 0.3]
500.212572,100,1276.929037,0.1744141750314282,False,False,[0.5 0.1 0.3]
486.045013,100,1277.170791,0.109672904901145,False,False,[0.5 0.1 0.3]
441.697223,100,1277.401054,0.19262957125256241,False,False,[0.5 0.1 0.3]
515.599399,100,1277.617119,0.1354836511708087,False,False,[0.5 0.1 0.3]
509.041353,100,1277.837676,0.1530121410632444,False,False,[0.5 0.1 0.3]
478.64586,100,1278.055227,0.17730695485233214,False,False,[0.5 0.1 0.3]
439.014744,100,1278.27912,0.2411619887990676,False,False,[0.5 0.1 0.3]
424.32215,100,1278.498252,0.15947513106617975,False,False,[0.5 0.1 0.3]
477.000021,100,1278.719281,0.13794988145878528,False,False,[0.5 0.1 0.3]
440.07259,100,1278.96894,0.23867481833173254,False,False,[0.5 0.1 0.3]
450.82651,100,1279.285994,0.0637088309926346,False,False,[0.5 0.1 0.3]
521.190859,100,1279.504219,0.06491648020465528,False,False,[0.5 0.1 0.3]
405.086777,100,1279.721576,0.22855981289878372,False,False,[0.5 0.1 0.3]
555.132461,100,1279.933277,0.051054976343877664,False,False,[0.5 0.1 0.3]
481.835666,100,1280.621144,0.11894485017405192,False,False,[0.5 0.1 0.3]
455.680338,100,1280.839473,0.27168877852169476,False,False,[0.5 0.1 0.3]
464.252086,100,1281.152069,0.16145859545439598,False,False,[0.5 0.1 0.3]
539.065028,100,1281.357603,0.12768231330087687,False,False,[0.5 0.1 0.3]
448.769161,100,1281.583443,0.20012391677253566,False,False,[0.5 0.1 0.3]
457.554366,100,1281.79667,0.12863448277443115,False,False,[0.5 0.1 0.3]
457.931254,100,1282.014292,0.22553635168693206,False,False,[0.5 0.1 0.3]
749.9732,100,1282.247818,0.1288745356949589,False,False,[0.5 0.1 0.3]
498.713796,100,1282.47474,0.09282625601235893,False,False,[0.5 0.1 0.3]
557.685066,100,1282.720552,0.1301249932350534,False,False,[0.5 0.1 0.3]
492.004873,100,1282.939742,0.1298310820655174,False,False,[0.5 0.1 0.3]
507.867097,100,1283.156145,0.0822666167055891,False,False,[0.5 0.1 0.3]
470.311973,100,1283.47076,0.14158187292053004,False,False,[0.5 0.1 0.3]
521.24261,100,1283.697329,0.059209003444687505,False,False,[0.5 0.1 0.3]
473.614441,100,1283.918341,0.12880412848444495,False,False,[0.5 0.1 0.3]
544.028923,100,1284.139593,0.1014771924566014,False,False,[0.5 0.1 0.3]
564.293955,100,1284.358253,0.1060354948235058,False,False,[0.5 0.1 0.3]
485.241979,100,1284.602457,0.15707411672361796,False,False,[0.5 0.1 0.3]
492.826862,100,1284.816844,0.10506268222441603,False,False,[0.5 0.1 0.3]
354.727916,100,1285.041306,0.2709551140105292,False,False,[0.5 0.1 0.3]
494.285372,100,1285.811714,0.12235606742697738,False,False,[0.5 0.1 0.3]
505.621056,100,1286.035634,0.1814978755813628,False,False,[0.5 0.1 0.3]
490.557723,100,1286.270741,0.1080276289932763,False,False,[0.5 0.1 0.3]
538.595394,100,1286.488728,0.05091089236362662,False,False,[0.5 0.1 0.3]
438.211055,100,1286.702313,0.17593782442531716,False,False,[0.5 0.1 0.3]
448.949281,100,1286.945876,0.08479634225811448,False,False,[0.5 0.1 0.3]
420.191524,100,1287.160297,0.13352215206103255,False,False,[0.5 0.1 0.3]
543.051323,100,1287.377479,0.06740761132690377,False,False,[0.5 0.1 0.3]
498.720171,100,1287.597204,0.2525941026892523,False,False,[0.5 0.1 0.3]
89.140406,89,1287.812088,0.7514468849548017,True,False,[0.5 0.1 0.3]
462.333838,100,1288.025319,0.170719575495616,False,False,[0.5 0.1 0.3]
439.761501,100,1288.262243,0.1337473420516339,False,False,[0.5 0.1 0.3]
480.210653,100,1288.482137,0.08827331095597886,False,False,[0.5 0.1 0.3]
477.251949,100,1288.726532,0.10971204081459197,False,False,[0.5 0.1 0.3]
454.724703,100,1288.944489,0.14367102076117644,False,False,[0.5 0.1 0.3]
422.646266,100,1289.162389,0.2257422258138938,False,False,[0.5 0.1 0.3]
492.602664,100,1289.384918,0.13860520935033585,False,False,[0.5 0.1 0.3]
490.518032,100,1289.604785,0.16347114186051687,False,False,[0.5 0.1 0.3]
463.152788,100,1289.826851,0.0908785736371178,False,False,[0.5 0.1 0.3]
539.242576,100,1290.069909,0.0799919643137718,False,False,[0.5 0.1 0.3]
456.959565,100,1290.297999,0.21810266616030918,False,False,[0.5 0.1 0.3]
420.233607,100,1290.999659,0.2766167288467647,False,False,[0.5 0.1 0.3]
130.263009,98,1291.215897,0.6467957562465776,True,False,[0.5 0.1 0.3]
464.695445,100,1291.433828,0.27778887682757947,False,False,[0.5 0.1 0.3]
495.338269,100,1291.668606,0.09646231234818914,False,False,[0.5 0.1 0.3]
524.626084,100,1291.886711,0.08311684534193182,False,False,[0.5 0.1 0.3]
440.232906,100,1292.131519,0.1637455977140051,False,False,[0.5 0.1 0.3]
522.02543,100,1292.351498,0.14062370175418415,False,False,[0.5 0.1 0.3]
421.889442,100,1292.568498,0.17241703824494647,False,False,[0.5 0.1 0.3]
511.822166,100,1292.883202,0.13036670772074418,False,False,[0.5 0.1 0.3]
504.179385,100,1293.106398,0.19797419759850854,False,False,[0.5 0.1 0.3]
428.45482,100,1293.324062,0.2767747694578176,False,False,[0.5 0.1 0.3]
605.060573,100,1293.541934,0.061862018735104204,False,False,[0.5 0.1 0.3]
375.097472,100,1293.763711,0.1220004216854771,False,False,[0.5 0.1 0.3]
384.114665,100,1294.007149,0.19445422126077677,False,False,[0.5 0.1 0.3]
387.470675,100,1294.231947,0.19203207766244798,False,False,[0.5 0.1 0.3]
461.722886,100,1294.449518,0.09026952255293767,False,False,[0.5 0.1 0.3]
582.09116,100,1294.661619,0.029018118572160266,False,False,[0.5 0.1 0.3]
549.179949,100,1294.881383,0.11825059660776045,False,False,[0.5 0.1 0.3]
339.867976,100,1295.097028,0.2862009355168455,False,False,[0.5 0.1 0.3]
522.739412,100,1295.401926,0.11728692239283899,False,False,[0.5 0.1 0.3]
401.760384,100,1295.616877,0.2020987592287952,False,False,[0.5 0.1 0.3]
507.755131,100,1296.29979,0.029520730552904315,False,False,[0.5 0.1 0.3]
554.815411,100,1296.508801,0.039066174859986744,False,False,[0.5 0.1 0.3]
526.399629,100,1296.73188,0.0976186979910047,False,False,[0.5 0.1 0.3]
488.178204,100,1296.952399,0.13373452495424826,False,False,[0.5 0.1 0.3]
408.921491,100,1297.171501,0.1854427121906193,False,False,[0.5 0.1 0.3]
417.030457,100,1297.385786,0.20676072659189385,False,False,[0.5 0.1 0.3]
442.923443,100,1297.604938,0.1809655626838964,False,False,[0.5 0.1 0.3]
529.418292,100,1297.833077,0.05489159896624537,False,False,[0.5 0.1 0.3]
480.604118,100,1298.079695,0.12149466439064258,False,False,[0.5 0.1 0.3]
511.27413,100,1298.300089,0.08492989596432668,False,False,[0.5 0.1 0.3]
461.528586,100,1298.517871,0.15156870480250784,False,False,[0.5 0.1 0.3]
392.077733,100,1298.736907,0.2182054758883974,False,False,[0.5 0.1 0.3]
449.874687,100,1298.958812,0.1368755331143836,False,False,[0.5 0.1 0.3]
458.092779,100,1299.178899,0.13648551313430676,False,False,[0.5 0.1 0.3]
443.376801,100,1299.401517,0.15730443330377425,False,False,[0.5 0.1 0.3]
465.280373,100,1299.616713,0.10992029458918476,False,False,[0.5 0.1 0.3]
539.432126,100,1299.831352,0.08363390918328482,False,False,[0.5 0.1 0.3]
386.626624,100,1300.051347,0.2474893675620603,False,False,[0.5 0.1 0.3]
554.234654,100,1300.35943,0.14214007778520432,False,False,[0.5 0.1 0.3]
388.414911,100,1300.581886,0.19722681145595902,False,False,[0.5 0.1 0.3]
273.557481,100,1301.287259,0.7078180443206983,False,False,[0.5 0.1 0.3]
337.604248,100,1301.509454,0.30646094510731176,False,False,[0.5 0.1 0.3]
544.056757,100,1301.734014,0.1361848273886256,False,False,[0.5 0.1 0.3]
545.692065,100,1301.952359,0.11816741537043003,False,False,[0.5 0.1 0.3]
588.443786,100,1302.177402,0.03234551466197268,False,False,[0.5 0.1 0.3]
492.527818,100,1302.414902,0.24454930542519113,False,False,[0.5 0.1 0.3]
213.752972,79,1302.651764,0.3646571069981161,True,False,[0.5 0.1 0.3]
484.792401,100,1302.867297,0.02840853118669653,False,False,[0.5 0.1 0.3]
472.950564,100,1303.085575,0.1613608378531093,False,False,[0.5 0.1 0.3]
498.325629,100,1303.303082,0.15890689654589404,False,False,[0.5 0.1 0.3]
575.125183,100,1303.519717,0.0653135713964532,False,False,[0.5 0.1 0.3]
493.424394,100,1303.735227,0.06836482704407669,False,False,[0.5 0.1 0.3]
464.268906,100,1303.949522,0.06785312994182265,False,False,[0.5 0.1 0.3]
443.016923,100,1304.205678,0.10457647745594754,False,False,[0.5 0.1 0.3]
460.905218,100,1304.530636,0.05591851339996731,False,False,[0.5 0.1 0.3]
453.544651,100,1304.750553,0.11081444330036698,False,False,[0.5 0.1 0.3]
522.385209,100,1304.967564,0.0774042108339667,False,False,[0.5 0.1 0.3]
422.173472,100,1305.185114,0.16763137484530483,False,False,[0.5 0.1 0.3]
448.248696,100,1305.4101,0.1594566393433066,False,False,[0.5 0.1 0.3]
479.6246,100,1305.630752,0.2191770296923986,False,False,[0.5 0.1 0.3]
477.965148,100,1305.877273,0.13371370201285854,False,False,[0.5 0.1 0.3]
452.850361,100,1306.57096,0.19462097219553603,False,False,[0.5 0.1 0.3]
591.772711,100,1306.794414,0.09429653211662913,False,False,[0.5 0.1 0.3]
517.41205,100,1307.012559,0.17270173055688887,False,False,[0.5 0.1 0.3]
503.404316,100,1307.234512,0.15384416825419336,False,False,[0.5 0.1 0.3]
570.660737,100,1307.448224,0.14349063099755952,False,False,[0.5 0.1 0.3]
468.683987,100,1307.745538,0.15663507157587592,False,False,[0.5 0.1 0.3]
434.791424,100,1307.971927,0.1673285466380312,False,False,[0.5 0.1 0.3]
557.627801,100,1308.225069,0.1215946536459477,False,False,[0.5 0.1 0.3]
505.139897,100,1308.445476,0.1708127950808478,False,False,[0.5 0.1 0.3]
554.656366,100,1308.668654,0.12321414021530028,False,False,[0.5 0.1 0.3]
454.46737,100,1308.887784,0.27565942714761166,False,False,[0.5 0.1 0.3]
540.096872,100,1309.098467,0.12930646942428706,False,False,[0.5 0.1 0.3]
362.905035,100,1309.31966,0.3497884513954781,False,False,[0.5 0.1 0.3]
439.719206,100,1309.540698,0.14896222736055587,False,False,[0.5 0.1 0.3]
495.075308,100,1309.752849,0.12639337043102894,False,False,[0.5 0.1 0.3]
513.011908,100,1309.995651,0.09241798599579883,False,False,[0.5 0.1 0.3]
501.525065,100,1310.216647,0.14227597454091934,False,False,[0.5 0.1 0.3]
467.348072,100,1310.437838,0.10326847175949905,False,False,[0.5 0.1 0.3]
586.47501,100,1310.662074,0.03749943538231018,False,False,[0.5 0.1 0.3]
546.696075,100,1310.873272,0.13868049019186773,False,False,[0.5 0.1 0.3]
588.706551,100,1311.563364,0.10985062622696609,False,False,[0.5 0.1 0.3]
457.59615,100,1311.784839,0.13081983479347248,False,False,[0.5 0.1 0.3]
385.255516,100,1312.015104,0.1448353375455079,False,False,[0.5 0.1 0.3]
467.774936,100,1312.258611,0.13801808747115205,False,False,[0.5 0.1 0.3]
403.925383,100,1312.480801,0.14764908491375212,False,False,[0.5 0.1 0.3]
444.366448,100,1312.697085,0.09827497781074553,False,False,[0.5 0.1 0.3]
432.954785,100,1312.91806,0.12756141143935895,False,False,[0.5 0.1 0.3]
485.728881,100,1313.131534,0.09667873658329504,False,False,[0.5 0.1 0.3]
747.75241,100,1313.350077,0.10030122821917661,False,False,[0.5 0.1 0.3]
412.44342,100,1313.575145,0.15532915454501858,False,False,[0.5 0.1 0.3]
417.953571,100,1313.817089,0.2425684596617347,False,False,[0.5 0.1 0.3]
495.425684,100,1314.133941,0.21288468939349994,False,False,[0.5 0.1 0.3]
398.164634,100,1314.353792,0.1925173469379776,False,False,[0.5 0.1 0.3]
458.429294,100,1314.575669,0.17825735471851767,False,False,[0.5 0.1 0.3]
369.815018,100,1314.799275,0.2314062385242661,False,False,[0.5 0.1 0.3]
452.413071,100,1315.013805,0.2609727951046612,False,False,[0.5 0.1 0.3]
183.202142,79,1315.209429,0.3739470851861742,True,False,[0.5 0.1 0.3]
535.205119,100,1315.538019,0.096362661307698,False,False,[0.5 0.1 0.3]
465.594682,100,1315.763185,0.1551010385842609,False,False,[0.5 0.1 0.3]
488.135129,100,1315.979799,0.1330336820507734,False,False,[0.5 0.1 0.3]
529.011223,100,1316.194982,0.09927881790947651,False,False,[0.5 0.1 0.3]
477.934193,100,1316.871636,0.1227547024114,False,False,[0.5 0.1 0.3]
514.604944,100,1317.09603,0.15827465657981335,False,False,[0.5 0.1 0.3]
542.83388,100,1317.323951,0.038308552508858805,False,False,[0.5 0.1 0.3]
467.116137,100,1317.547399,0.09890558232883917,False,False,[0.5 0.1 0.3]
546.086891,100,1317.794004,0.1012097460135806,False,False,[0.5 0.1 0.3]
575.522157,100,1318.016683,0.14373146123777797,False,False,[0.5 0.1 0.3]
435.393176,100,1318.230855,0.150046143553563,False,False,[0.5 0.1 0.3]
503.037473,100,1318.446509,0.0665436814250569,False,False,[0.5 0.1 0.3]
388.012001,100,1318.674914,0.2050078225654049,False,False,[0.5 0.1 0.3]
495.119797,100,1318.890627,0.1064397840256827,False,False,[0.5 0.1 0.3]
555.811234,100,1319.107042,0.18095046530535014,False,False,[0.5 0.1 0.3]
442.067893,100,1319.345604,0.15813086723863684,False,False,[0.5 0.1 0.3]
471.093411,100,1319.557872,0.20954911851360714,False,False,[0.5 0.1 0.3]
431.312051,100,1319.779065,0.18276318322299456,False,False,[0.5 0.1 0.3]
432.895751,100,1320.005589,0.25380987123321125,False,False,[0.5 0.1 0.3]
434.582784,100,1320.231017,0.0977431693048761,False,False,[0.5 0.1 0.3]
535.578172,100,1320.455334,0.10034301945732703,False,False,[0.5 0.1 0.3]
550.23123,100,1320.673908,0.03658983736304526,False,False,[0.5 0.1 0.3]
554.461925,100,1320.893545,0.056485700705874435,False,False,[0.5 0.1 0.3]
344.539231,100,1321.139157,0.20990672092201818,False,False,[0.5 0.1 0.3]
510.33176,100,1321.821817,0.18942710594917778,False,False,[0.5 0.1 0.3]
494.458128,100,1322.039072,0.11775169832044041,False,False,[0.5 0.1 0.3]
448.985445,100,1322.26586,0.14979806851885202,False,False,[0.5 0.1 0.3]
455.359308,100,1322.480451,0.11138751792602984,False,False,[0.5 0.1 0.3]
411.966527,100,1322.702635,0.24418587436382252,False,False,[0.5 0.1 0.3]
388.68778,100,1322.920307,0.31490671508050966,False,False,[0.5 0.1 0.3]
442.224671,100,1323.141539,0.1434972275215259,False,False,[0.5 0.1 0.3]
523.353855,100,1323.360854,0.17084159306367003,False,False,[0.5 0.1 0.3]
488.474962,100,1323.586363,0.09251331674474773,False,False,[0.5 0.1 0.3]
483.420669,100,1323.803775,0.13356413999866681,False,False,[0.5 0.1 0.3]
480.963735,100,1324.018246,0.1202611460301711,False,False,[0.5 0.1 0.3]
481.400512,100,1324.243361,0.09675337008674058,False,False,[0.5 0.1 0.3]
538.150946,100,1324.453154,0.07856586868957838,False,False,[0.5 0.1 0.3]
597.756474,100,1324.660282,0.054714589259958334,False,False,[0.5 0.1 0.3]
463.59091,100,1324.886473,0.253453315423177,False,False,[0.5 0.1 0.3]
424.113314,100,1325.132128,0.17394281135556128,False,False,[0.5 0.1 0.3]
511.766968,100,1325.350158,0.17437246333570866,False,False,[0.5 0.1 0.3]
426.920803,100,1325.661162,0.12326403655453758,False,False,[0.5 0.1 0.3]
432.868026,100,1325.873747,0.1613580551023492,False,False,[0.5 0.1 0.3]
357.054197,100,1326.097551,0.14750052937184369,False,False,[0.5 0.1 0.3]
438.579149,100,1326.325836,0.13493950351955564,False,False,[0.5 0.1 0.3]
600.843317,100,1327.017354,0.033109946320776955,False,False,[0.5 0.1 0.3]
533.35249,100,1327.265664,0.057682894309808525,False,False,[0.5 0.1 0.3]
494.033942,100,1327.483437,0.09916235233849105,False,False,[0.5 0.1 0.3]
566.536417,100,1327.6954,0.07179626947660386,False,False,[0.5 0.1 0.3]
422.544079,100,1327.912295,0.24753169572875672,False,False,[0.5 0.1 0.3]
435.771508,100,1328.133403,0.18517424213995307,False,False,[0.5 0.1 0.3]
515.439018,100,1328.358885,0.10791324259734726,False,False,[0.5 0.1 0.3]
354.697825,100,1328.570518,0.30869933862651733,False,False,[0.5 0.1 0.3]
416.888117,100,1328.791555,0.2351624377230364,False,False,[0.5 0.1 0.3]
556.47559,100,1329.03607,0.10193731595011064,False,False,[0.5 0.1 0.3]
469.887735,100,1329.257817,0.07390545692364052,False,False,[0.5 0.1 0.3]
409.503318,100,1329.482959,0.25327599210657487,False,False,[0.5 0.1 0.3]
477.22229,100,1329.703093,0.09222173714146079,False,False,[0.5 0.1 0.3]
458.198499,100,1329.9151,0.09060836384804,False,False,[0.5 0.1 0.3]
451.433106,100,1330.138043,0.1275672240921665,False,False,[0.5 0.1 0.3]
504.069991,100,1330.350245,0.1061348072553445,False,False,[0.5 0.1 0.3]
521.077168,100,1330.571289,0.07275145886770135,False,False,[0.5 0.1 0.3]
477.327804,100,1330.817648,0.10025974088958965,False,False,[0.5 0.1 0.3]
436.712943,100,1331.046142,0.17532667275985617,False,False,[0.5 0.1 0.3]
379.485689,100,1331.27961,0.27156874588865554,False,False,[0.5 0.1 0.3]
434.066889,100,1331.969337,0.229080344005366,False,False,[0.5 0.1 0.3]
426.935969,100,1332.184642,0.22845587071129705,False,False,[0.5 0.1 0.3]
565.269375,100,1332.403114,0.05357730392413203,False,False,[0.5 0.1 0.3]
542.504973,100,1332.626831,0.06332230525620708,False,False,[0.5 0.1 0.3]
446.931689,100,1332.843918,0.09702441953545858,False,False,[0.5 0.1 0.3]
598.298358,100,1333.090502,0.1173531185385378,False,False,[0.5 0.1 0.3]
437.146992,100,1333.307235,0.1727892981177473,False,False,[0.5 0.1 0.3]
495.529781,100,1333.528036,0.11659375314852151,False,False,[0.5 0.1 0.3]
533.639463,100,1333.743093,0.1246929402904506,False,False,[0.5 0.1 0.3]
521.26531,100,1333.971682,0.026530265904168328,False,False,[0.5 0.1 0.3]
570.967111,100,1334.198455,0.03456474834925025,False,False,[0.5 0.1 0.3]
497.161081,100,1334.418839,0.06739338527674209,False,False,[0.5 0.1 0.3]
270.491509,100,1334.639463,0.34658999628036113,False,False,[0.5 0.1 0.3]
508.079177,100,1334.896434,0.06963195702057151,False,False,[0.5 0.1 0.3]
530.974255,100,1335.109643,0.14705685053313425,False,False,[0.5 0.1 0.3]
501.659619,100,1335.337261,0.1081792713354798,False,False,[0.5 0.1 0.3]
491.442798,100,1335.554142,0.14889634627918016,False,False,[0.5 0.1 0.3]
484.565876,100,1335.775292,0.12197356677771518,False,False,[0.5 0.1 0.3]
459.267761,100,1335.990981,0.09091318273815484,False,False,[0.5 0.1 0.3]
434.204344,100,1336.216326,0.15140037075585774,False,False,[0.5 0.1 0.3]
486.40269,100,1336.470856,0.14655590402009652,False,False,[0.5 0.1 0.3]
448.151552,100,1337.161765,0.16728618413235635,False,False,[0.5 0.1 0.3]
580.948503,100,1337.377461,0.12725625062970972,False,False,[0.5 0.1 0.3]
400.620298,100,1337.59235,0.15513598220439032,False,False,[0.5 0.1 0.3]
515.445327,100,1337.805218,0.11079041733540648,False,False,[0.5 0.1 0.3]
468.544645,100,1338.01718,0.1409128880451381,False,False,[0.5 0.1 0.3]
491.083704,100,1338.314595,0.10089884821540712,False,False,[0.5 0.1 0.3]
479.436202,100,1338.548468,0.15602356884545368,False,False,[0.5 0.1 0.3]
348.060783,95,1338.770378,0.24659454538501158,True,False,[0.5 0.1 0.3]
389.63206,100,1338.99398,0.17085860673207875,False,False,[0.5 0.1 0.3]
548.422632,100,1339.307405,0.055824599890025715,False,False,[0.5 0.1 0.3]
445.314164,100,1339.522897,0.09502267709744788,False,False,[0.5 0.1 0.3]
551.876046,100,1339.74882,0.120301242705966,False,False,[0.5 0.1 0.3]
459.365333,100,1339.966798,0.16622596788211969,False,False,[0.5 0.1 0.3]
432.683381,100,1340.215267,0.18708252005316764,False,False,[0.5 0.1 0.3]
552.840354,100,1340.441601,0.06715728689202623,False,False,[0.5 0.1 0.3]
537.209254,100,1340.660479,0.09332840797450985,False,False,[0.5 0.1 0.3]
386.366216,100,1340.880696,0.2035323824583319,False,False,[0.5 0.1 0.3]
423.966903,100,1341.191702,0.14755562214542284,False,False,[0.5 0.1 0.3]
467.634977,100,1341.406465,0.152452890187535,False,False,[0.5 0.1 0.3]
733.13681,100,1341.628168,0.11314817650427494,False,False,[0.5 0.1 0.3]
565.443008,100,1342.316666,0.12481034197510724,False,False,[0.5 0.1 0.3]
530.735176,100,1342.53498,0.1349013253825954,False,False,[0.5 0.1 0.3]
478.301071,100,1342.753033,0.08913217251670066,False,False,[0.5 0.1 0.3]
399.395405,100,1342.969441,0.24635740628531594,False,False,[0.5 0.1 0.3]
558.370638,100,1343.194412,0.08359824171504242,False,False,[0.5 0.1 0.3]
474.640178,100,1343.417824,0.18069358290848253,False,False,[0.5 0.1 0.3]
473.356113,100,1343.644789,0.09189912516243405,False,False,[0.5 0.1 0.3]
496.198835,100,1343.897885,0.18182770986688812,False,False,[0.5 0.1 0.3]
498.331025,100,1344.11479,0.12435633116724008,False,False,[0.5 0.1 0.3]
541.476697,100,1344.336535,0.09618716512845793,False,False,[0.5 0.1 0.3]
484.55169,100,1344.559594,0.08591760585937865,False,False,[0.5 0.1 0.3]
52.867846,35,1344.707225,0.34047603464172016,True,False,[0.5 0.1 0.3]
571.592555,100,1344.924518,0.11059584039789208,False,False,[0.5 0.1 0.3]
444.374335,100,1345.151036,0.14520116563417992,False,False,[0.5 0.1 0.3]
507.672837,100,1345.372071,0.14181492072009994,False,False,[0.5 0.1 0.3]
553.139841,100,1345.585469,0.14268949434770634,False,False,[0.5 0.1 0.3]
484.95389,100,1345.803618,0.13585230219386865,False,False,[0.5 0.1 0.3]
726.151486,100,1346.034737,0.06359797768906787,False,False,[0.5 0.1 0.3]
457.23667,100,1346.26203,0.12660583203271505,False,False,[0.5 0.1 0.3]
418.649387,100,1346.48992,0.2274107753575461,False,False,[0.5 0.1 0.3]
462.078071,100,1346.710868,0.24547109445501925,False,False,[0.5 0.1 0.3]
444.371764,100,1347.425211,0.060895343002166834,False,False,[0.5 0.1 0.3]
438.712227,100,1347.649876,0.14706360941448063,False,False,[0.5 0.1 0.3]
380.416621,100,1347.878869,0.21955978228233325,False,False,[0.5 0.1 0.3]
425.953212,100,1348.096095,0.15715308161931932,False,False,[0.5 0.1 0.3]
546.491087,100,1348.314065,0.12013022549377418,False,False,[0.5 0.1 0.3]
440.545532,100,1348.5395,0.1627799561605809,False,False,[0.5 0.1 0.3]
491.030765,100,1348.756091,0.083281000197962,False,False,[0.5 0.1 0.3]
429.970827,100,1348.980369,0.1569867410114547,False,False,[0.5 0.1 0.3]
393.23603,100,1349.244845,0.14689154183636008,False,False,[0.5 0.1 0.3]
405.628888,100,1349.464833,0.33924369736552346,False,False,[0.5 0.1 0.3]
533.443541,100,1349.689255,0.07498949656061046,False,False,[0.5 0.1 0.3]
505.442519,100,1349.907515,0.21586975832276478,False,False,[0.5 0.1 0.3]
449.393811,100,1350.120977,0.17780698436951237,False,False,[0.5 0.1 0.3]
421.69046,100,1350.348755,0.17530451333266123,False,False,[0.5 0.1 0.3]
447.818013,100,1350.652578,0.1628037206856436,False,False,[0.5 0.1 0.3]
450.660957,100,1350.877887,0.13875300622971232,False,False,[0.5 0.1 0.3]
393.774315,100,1351.120767,0.10375099675048488,False,False,[0.5 0.1 0.3]
511.267197,100,1351.336734,0.12134589569977304,False,False,[0.5 0.1 0.3]
483.519269,100,1351.557559,0.13483123990932303,False,False,[0.5 0.1 0.3]
516.857004,100,1351.778025,0.20761077919038906,False,False,[0.5 0.1 0.3]
479.615801,100,1351.999083,0.15808258289781316,False,False,[0.5 0.1 0.3]
394.948627,100,1352.6813,0.24254360012053386,False,False,[0.5 0.1 0.3]
379.569216,100,1352.89777,0.22859831022258328,False,False,[0.5 0.1 0.3]
453.464648,100,1353.115792,0.06998495905888936,False,False,[0.5 0.1 0.3]
492.658973,100,1353.333628,0.15857617082575035,False,False,[0.5 0.1 0.3]
446.713116,100,1353.554367,0.14111784157413923,False,False,[0.5 0.1 0.3]
478.695352,100,1353.771274,0.193995708277064,False,False,[0.5 0.1 0.3]
456.565409,100,1353.987319,0.1149282963800996,False,False,[0.5 0.1 0.3]
464.93023,100,1354.214097,0.18757221437629557,False,False,[0.5 0.1 0.3]
385.124081,100,1354.43952,0.26589790235712174,False,False,[0.5 0.1 0.3]
452.848991,100,1354.665457,0.2958554725235065,False,False,[0.5 0.1 0.3]
449.310382,100,1354.912499,0.08991482695136514,False,False,[0.5 0.1 0.3]
492.047669,100,1355.134378,0.15884054885626298,False,False,[0.5 0.1 0.3]
495.947451,100,1355.353525,0.07705358691751266,False,False,[0.5 0.1 0.3]
559.261126,100,1355.574487,0.10413304375968004,False,False,[0.5 0.1 0.3]
398.993738,100,1355.791909,0.1328574044304563,False,False,[0.5 0.1 0.3]
489.865659,100,1356.01205,0.15960980595623994,False,False,[0.5 0.1 0.3]
504.110028,100,1356.233471,0.15475037942098224,False,False,[0.5 0.1 0.3]
445.031933,100,1356.476171,0.14986022782591835,False,False,[0.5 0.1 0.3]
517.313468,100,1356.69749,0.08306691601955525,False,False,[0.5 0.1 0.3]
418.617303,100,1356.919345,0.2970081186419179,False,False,[0.5 0.1 0.3]
403.023852,100,1357.637386,0.1717167354227233,False,False,[0.5 0.1 0.3]
505.888148,100,1357.857066,0.1404055141917467,False,False,[0.5 0.1 0.3]
593.199625,100,1358.068795,0.06646578501598438,False,False,[0.5 0.1 0.3]
422.041511,100,1358.288897,0.13247193674067848,False,False,[0.5 0.1 0.3]
514.285085,100,1358.506121,0.13488578175315416,False,False,[0.5 0.1 0.3]
506.071949,100,1358.737894,0.09105914061054085,False,False,[0.5 0.1 0.3]
438.604345,100,1358.952703,0.23469329922171517,False,False,[0.5 0.1 0.3]
518.706277,100,1359.171397,0.11002719134483153,False,False,[0.5 0.1 0.3]
480.732588,100,1359.395562,0.12600813027568383,False,False,[0.5 0.1 0.3]
406.474278,100,1359.626044,0.1628826540293136,False,False,[0.5 0.1 0.3]
485.191526,100,1359.843689,0.1442201908721268,False,False,[0.5 0.1 0.3]
473.410211,100,1360.080063,0.222400192948424,False,False,[0.5 0.1 0.3]
388.969872,100,1360.309564,0.158063210848895,False,False,[0.5 0.1 0.3]
511.158917,100,1360.526046,0.12560741088924632,False,False,[0.5 0.1 0.3]
380.383176,100,1360.754845,0.2229753130776275,False,False,[0.5 0.1 0.3]
490.447489,100,1361.068341,0.04530563082644286,False,False,[0.5 0.1 0.3]
509.376864,100,1361.290671,0.10190966277159923,False,False,[0.5 0.1 0.3]
417.115775,100,1361.504171,0.11769418503953331,False,False,[0.5 0.1 0.3]
493.486102,100,1361.723301,0.13914951854579985,False,False,[0.5 0.1 0.3]
422.789957,100,1361.975216,0.22182265169363571,False,False,[0.5 0.1 0.3]
438.476451,100,1362.193502,0.19866902322529853,False,False,[0.5 0.1 0.3]
470.902399,100,1362.863287,0.17003854670842825,False,False,[0.5 0.1 0.3]
498.242554,100,1363.075896,0.16066273564457684,False,False,[0.5 0.1 0.3]
502.078338,100,1363.295367,0.12463483962730552,False,False,[0.5 0.1 0.3]
457.401617,100,1363.509859,0.2042636545335753,False,False,[0.5 0.1 0.3]
579.431577,100,1363.817488,0.09795460294358983,False,False,[0.5 0.1 0.3]
441.407377,100,1364.037788,0.17098529214431393,False,False,[0.5 0.1 0.3]
483.527175,100,1364.261552,0.13179621455598645,False,False,[0.5 0.1 0.3]
390.63381,100,1364.49039,0.09948881996281668,False,False,[0.5 0.1 0.3]
483.540192,100,1364.712494,0.07493433924468562,False,False,[0.5 0.1 0.3]
508.232076,100,1364.936713,0.15687230145561762,False,False,[0.5 0.1 0.3]
556.335876,100,1365.150733,0.11009675801165651,False,False,[0.5 0.1 0.3]
497.501823,100,1365.374029,0.13378767430428154,False,False,[0.5 0.1 0.3]
446.677091,100,1365.591752,0.17400043507595397,False,False,[0.5 0.1 0.3]
475.022774,100,1365.839683,0.12446676135427968,False,False,[0.5 0.1 0.3]
494.740048,100,1366.06569,0.11929823914145007,False,False,[0.5 0.1 0.3]
440.840633,100,1366.289833,0.14513988714300627,False,False,[0.5 0.1 0.3]
473.309992,100,1366.506147,0.08102711176273976,False,False,[0.5 0.1 0.3]
614.11832,100,1366.724235,0.1948410447884395,False,False,[0.5 0.1 0.3]
556.46605,100,1367.030673,0.07430323943485628,False,False,[0.5 0.1 0.3]
420.381802,100,1367.263683,0.14316556954952775,False,False,[0.5 0.1 0.3]
505.768376,100,1367.95643,0.19562628287756287,False,False,[0.5 0.1 0.3]
508.945718,100,1368.180646,0.12300889334568679,False,False,[0.5 0.1 0.3]
476.505535,100,1368.403737,0.1342589492701936,False,False,[0.5 0.1 0.3]
467.238815,100,1368.620918,0.12191352619037853,False,False,[0.5 0.1 0.3]
495.148625,100,1368.847581,0.10750217793024372,False,False,[0.5 0.1 0.3]
517.076683,100,1369.069133,0.11619171157522042,False,False,[0.5 0.1 0.3]
380.666913,100,1369.294484,0.1497558450146695,False,False,[0.5 0.1 0.3]
583.389893,100,1369.515623,0.07948184701514376,False,False,[0.5 0.1 0.3]
521.199704,100,1369.736985,0.12143257001227921,False,False,[0.5 0.1 0.3]
446.886326,100,1369.97635,0.08342858651204993,False,False,[0.5 0.1 0.3]
499.440694,100,1370.211929,0.1641748314005278,False,False,[0.5 0.1 0.3]
531.125116,100,1370.431328,0.07523830680723041,False,False,[0.5 0.1 0.3]
495.755074,100,1370.643136,0.14265314353305097,False,False,[0.5 0.1 0.3]
519.16603,100,1370.867719,0.18367329324185053,False,False,[0.5 0.1 0.3]
494.331123,100,1371.177842,0.08274618865210302,False,False,[0.5 0.1 0.3]
420.182126,100,1371.397606,0.1442803931800692,False,False,[0.5 0.1 0.3]
447.961004,100,1371.623111,0.16224889911784154,False,False,[0.5 0.1 0.3]
173.868699,54,1371.824154,0.24528003480682267,True,False,[0.5 0.1 0.3]
580.858869,100,1372.041068,0.0401103877891693,False,False,[0.5 0.1 0.3]
442.09396,100,1372.26668,0.16019305990749513,False,False,[0.5 0.1 0.3]
488.965234,100,1372.48964,0.1750546651119427,False,False,[0.5 0.1 0.3]
544.180615,100,1373.173899,0.10823242155211939,False,False,[0.5 0.1 0.3]
781.671945,100,1373.396774,0.007101911395213726,False,False,[0.5 0.1 0.3]
546.838559,100,1373.6177,0.15114752034983397,False,False,[0.5 0.1 0.3]
465.061843,100,1373.874559,0.2111148173004583,False,False,[0.5 0.1 0.3]
389.848553,100,1374.098039,0.28011221674100023,False,False,[0.5 0.1 0.3]
425.366876,100,1374.323585,0.16190632582396985,False,False,[0.5 0.1 0.3]
426.085564,100,1374.546678,0.2111516095011983,False,False,[0.5 0.1 0.3]
427.840122,100,1374.760148,0.19653370795039082,False,False,[0.5 0.1 0.3]
423.118818,100,1374.982721,0.32426318812266997,False,False,[0.5 0.1 0.3]
567.651831,100,1375.288304,0.12689727091238068,False,False,[0.5 0.1 0.3]
543.216726,100,1375.523842,0.13891353398222356,False,False,[0.5 0.1 0.3]
477.702804,100,1375.742181,0.1690730577922046,False,False,[0.5 0.1 0.3]
372.503223,100,1375.963195,0.14614876531607762,False,False,[0.5 0.1 0.3]
431.304652,100,1376.18489,0.19239153472396572,False,False,[0.5 0.1 0.3]
481.869524,100,1376.411844,0.12284257259971335,False,False,[0.5 0.1 0.3]
450.740272,100,1376.634202,0.22826028323480244,False,False,[0.5 0.1 0.3]
771.096033,100,1376.885333,0.051388301068699946,False,False,[0.5 0.1 0.3]
467.290237,100,1377.104578,0.15231949141951057,False,False,[0.5 0.1 0.3]
520.503602,100,1377.318117,0.11663202342972949,False,False,[0.5 0.1 0.3]
548.412341,100,1377.55289,0.15253538204115097,False,False,[0.5 0.1 0.3]
569.669936,100,1377.770492,0.17148719419133973,False,False,[0.5 0.1 0.3]
508.487508,100,1378.456344,0.07609640154622034,False,False,[0.5 0.1 0.3]
453.458102,100,1378.66187,0.21919582599926443,False,False,[0.5 0.1 0.3]
278.376845,81,1378.870266,0.24237717951371754,True,False,[0.5 0.1 0.3]
284.543442,72,1379.06279,0.2339281152553821,True,False,[0.5 0.1 0.3]
382.410543,100,1379.285151,0.2645638625331494,False,False,[0.5 0.1 0.3]
373.595408,100,1379.50709,0.3403845543565925,False,False,[0.5 0.1 0.3]
499.077259,100,1379.719418,0.13177394782500432,False,False,[0.5 0.1 0.3]
518.890771,100,1379.938614,0.08239519831751092,False,False,[0.5 0.1 0.3]
458.548811,100,1380.156023,0.0950468852064725,False,False,[0.5 0.1 0.3]
456.977563,100,1380.377483,0.09573935741692902,False,False,[0.5 0.1 0.3]
484.893273,100,1380.601145,0.17233104363273566,False,False,[0.5 0.1 0.3]
404.698238,100,1380.84234,0.299231682964641,False,False,[0.5 0.1 0.3]
478.633895,100,1381.06725,0.19325920294936866,False,False,[0.5 0.1 0.3]
440.519556,100,1381.29144,0.20305786771880385,False,False,[0.5 0.1 0.3]
368.19391,100,1381.591412,0.20980827699044827,False,False,[0.5 0.1 0.3]
564.196312,100,1381.808484,0.09022371686030645,False,False,[0.5 0.1 0.3]
458.820838,100,1382.028026,0.14961320548083748,False,False,[0.5 0.1 0.3]
569.644875,100,1382.256854,0.16800283778082198,False,False,[0.5 0.1 0.3]
434.962839,100,1382.504397,0.2177175519522799,False,False,[0.5 0.1 0.3]
499.042013,100,1382.719219,0.07125514196610505,False,False,[0.5 0.1 0.3]
450.219434,100,1382.946266,0.19683690921194738,False,False,[0.5 0.1 0.3]
421.275964,100,1383.639405,0.12285988261302397,False,False,[0.5 0.1 0.3]
560.013258,100,1383.862752,0.14957791481538524,False,False,[0.5 0.1 0.3]
386.185592,100,1384.081755,0.29549945010651135,False,False,[0.5 0.1 0.3]
527.13317,100,1384.299527,0.04388075707413504,False,False,[0.5 0.1 0.3]
443.307032,100,1384.541939,0.16159690624113146,False,False,[0.5 0.1 0.3]
473.030721,100,1384.754507,0.10549065838157318,False,False,[0.5 0.1 0.3]
520.217815,100,1384.975963,0.1538008574642231,False,False,[0.5 0.1 0.3]
290.145081,82,1385.176409,0.30132294520730546,True,False,[0.5 0.1 0.3]
593.604014,100,1385.396667,0.042440573506258045,False,False,[0.5 0.1 0.3]
479.751468,100,1385.615263,0.22309998460378053,False,False,[0.5 0.1 0.3]
431.224373,100,1385.835349,0.1594621387947593,False,False,[0.5 0.1 0.3]
442.142666,100,1386.099795,0.22261564389464714,False,False,[0.5 0.1 0.3]
498.046679,100,1386.314333,0.14279415366451398,False,False,[0.5 0.1 0.3]
502.637184,100,1386.533958,0.0623682148980279,False,False,[0.5 0.1 0.3]
528.368905,100,1386.750384,0.09029798200876717,False,False,[0.5 0.1 0.3]
468.115968,100,1386.975295,0.044768042118468084,False,False,[0.5 0.1 0.3]
517.158857,100,1387.190352,0.10644457513933561,False,False,[0.5 0.1 0.3]
466.375809,100,1387.411615,0.1670665199143025,False,False,[0.5 0.1 0.3]
384.942272,100,1387.640313,0.3253085153240971,False,False,[0.5 0.1 0.3]
448.393947,100,1387.860041,0.15252301143196226,False,False,[0.5 0.1 0.3]
452.130546,100,1388.5398,0.20492276214891222,False,False,[0.5 0.1 0.3]
542.169239,100,1388.756986,0.17591189445763386,False,False,[0.5 0.1 0.3]
509.065776,100,1388.974126,0.05320249390335828,False,False,[0.5 0.1 0.3]
534.30106,100,1389.188732,0.09866021540634286,False,False,[0.5 0.1 0.3]
489.602044,100,1389.432878,0.16092308143799278,False,False,[0.5 0.1 0.3]
520.069184,100,1389.756854,0.111102647592316,False,False,[0.5 0.1 0.3]
506.940357,100,1389.976455,0.12549466437203113,False,False,[0.5 0.1 0.3]
541.755355,100,1390.187688,0.09344499955449385,False,False,[0.5 0.1 0.3]
473.999666,100,1390.402542,0.17426591520825685,False,False,[0.5 0.1 0.3]
509.656211,100,1390.620923,0.05165824307911686,False,False,[0.5 0.1 0.3]
523.628532,100,1390.837809,0.08465193621266508,False,False,[0.5 0.1 0.3]
507.448759,100,1391.084704,0.12160413623401142,False,False,[0.5 0.1 0.3]
568.115973,100,1391.302472,0.13772929053535532,False,False,[0.5 0.1 0.3]
538.227142,100,1391.525485,0.1271253432380388,False,False,[0.5 0.1 0.3]
174.900456,58,1391.70554,0.23466373330020637,True,False,[0.5 0.1 0.3]
473.691022,100,1391.917113,0.1377766588972695,False,False,[0.5 0.1 0.3]
512.041738,100,1392.13023,0.08718781219652837,False,False,[0.5 0.1 0.3]
383.727965,100,1392.343275,0.3124464695769883,False,False,[0.5 0.1 0.3]
702.441542,100,1392.654654,0.1676883257959185,False,False,[0.5 0.1 0.3]
110.776694,52,1392.832992,0.29759496538861047,True,False,[0.5 0.1 0.3]
425.787972,100,1393.154288,0.23230959969523668,False,False,[0.5 0.1 0.3]
512.998623,100,1393.370862,0.15584074542968246,False,False,[0.5 0.1 0.3]
458.172254,100,1394.059723,0.08114904885609998,False,False,[0.5 0.1 0.3]
474.091353,100,1394.284558,0.1361844185776,False,False,[0.5 0.1 0.3]
467.492835,100,1394.530128,0.13306794101071673,False,False,[0.5 0.1 0.3]
509.419167,100,1394.741359,0.06896964487063338,False,False,[0.5 0.1 0.3]
517.804729,100,1394.95945,0.10646120785243321,False,False,[0.5 0.1 0.3]
504.63872,100,1395.183654,0.08687009076526567,False,False,[0.5 0.1 0.3]
499.273701,100,1395.404619,0.1853202165615151,False,False,[0.5 0.1 0.3]
485.789618,100,1395.618799,0.05668846827409647,False,False,[0.5 0.1 0.3]
500.255436,100,1395.850106,0.1208846706796014,False,False,[0.5 0.1 0.3]
391.232579,100,1396.103421,0.15801019433477745,False,False,[0.5 0.1 0.3]
483.570705,100,1396.409065,0.18733254817282832,False,False,[0.5 0.1 0.3]
503.64302,100,1396.622766,0.12853519274158104,False,False,[0.5 0.1 0.3]
520.581605,100,1396.931508,0.1252077410954049,False,False,[0.5 0.1 0.3]
492.211553,100,1397.162973,0.17658899188813248,False,False,[0.5 0.1 0.3]
432.596913,100,1397.381628,0.2764185446378259,False,False,[0.5 0.1 0.3]
539.833723,100,1397.604264,0.07633436431964973,False,False,[0.5 0.1 0.3]
547.012473,100,1397.826855,0.050356679265678404,False,False,[0.5 0.1 0.3]
511.519323,100,1398.077809,0.15667351064739654,False,False,[0.5 0.1 0.3]
438.427355,100,1398.299695,0.1399919545928055,False,False,[0.5 0.1 0.3]
571.392813,100,1398.5234,0.11522276185421872,False,False,[0.5 0.1 0.3]
404.964888,100,1399.202238,0.27115069671530084,False,False,[0.5 0.1 0.3]
460.165082,100,1399.510348,0.08928845139912307,False,False,[0.5 0.1 0.3]
568.214405,100,1399.726472,0.03943525767988605,False,False,[0.5 0.1 0.3]
429.66321,100,1399.982367,0.22561486956876808,False,False,[0.5 0.1 0.3]
444.335387,100,1400.196288,0.1865981917895993,False,False,[0.5 0.1 0.3]
469.60073,100,1400.421434,0.20779486118817,False,False,[0.5 0.1 0.3]
507.609486,100,1400.632613,0.08444620942298595,False,False,[0.5 0.1 0.3]
599.49457,100,1400.840585,0.0556729892671957,False,False,[0.5 0.1 0.3]
521.076245,100,1401.069715,0.07552489376393107,False,False,[0.5 0.1 0.3]
458.880988,100,1401.290511,0.15876597083388763,False,False,[0.5 0.1 0.3]
486.631324,100,1401.533721,0.13881653717773754,False,False,[0.5 0.1 0.3]
470.788525,100,1401.752308,0.12346094495182991,False,False,[0.5 0.1 0.3]
551.477426,100,1401.985647,0.07137676790484478,False,False,[0.5 0.1 0.3]
146.781732,54,1402.154528,0.2440721627829921,True,False,[0.5 0.1 0.3]
502.564643,100,1402.379552,0.2711342838751791,False,False,[0.5 0.1 0.3]
477.813807,100,1402.599793,0.18529779507267544,False,False,[0.5 0.1 0.3]
525.352863,100,1402.906697,0.13475295875788884,False,False,[0.5 0.1 0.3]
494.040517,100,1403.151975,0.12933562423406642,False,False,[0.5 0.1 0.3]
433.797767,100,1403.372183,0.12845543540600365,False,False,[0.5 0.1 0.3]
585.08861,100,1403.591491,0.17315453699627928,False,False,[0.5 0.1 0.3]
495.766203,100,1403.812932,0.15157962625458726,False,False,[0.5 0.1 0.3]
506.935178,100,1404.49295,0.19071177028628739,False,False,[0.5 0.1 0.3]
338.758074,100,1404.714691,0.4085512046574181,False,False,[0.5 0.1 0.3]
691.573897,100,1405.032441,0.16877042751702942,False,False,[0.5 0.1 0.3]
388.117221,100,1405.252235,0.24453498493086573,False,False,[0.5 0.1 0.3]
509.152811,100,1405.561481,0.15188944590563466,False,False,[0.5 0.1 0.3]
511.336092,100,1405.78245,0.2201537949816277,False,False,[0.5 0.1 0.3]
369.99021,100,1406.011883,0.32303224035464656,False,False,[0.5 0.1 0.3]
460.518035,100,1406.236172,0.16558283758419537,False,False,[0.5 0.1 0.3]
529.340966,100,1406.451045,0.11081299307574481,False,False,[0.5 0.1 0.3]
435.014298,100,1406.704531,0.2852813829618024,False,False,[0.5 0.1 0.3]
753.684482,100,1406.936693,0.10227417661072812,False,False,[0.5 0.1 0.3]
481.763029,100,1407.155044,0.08639856080049443,False,False,[0.5 0.1 0.3]
579.498299,100,1407.368154,0.037260203744796765,False,False,[0.5 0.1 0.3]
558.971268,100,1407.585657,0.06776414195291305,False,False,[0.5 0.1 0.3]
493.481252,100,1407.828379,0.09587495320424116,False,False,[0.5 0.1 0.3]
466.490786,100,1408.062924,0.11915141300618302,False,False,[0.5 0.1 0.3]
438.486882,100,1408.283739,0.10114712611016018,False,False,[0.5 0.1 0.3]
389.724075,100,1408.515287,0.32731556048180244,False,False,[0.5 0.1 0.3]
124.938663,54,1408.685085,0.28619709826379475,True,False,[0.5 0.1 0.3]
551.459059,100,1408.985255,0.13239325227144078,False,False,[0.5 0.1 0.3]
509.321357,100,1409.201841,0.08432289375387829,False,False,[0.5 0.1 0.3]
457.994398,100,1409.90188,0.1968470978997004,False,False,[0.5 0.1 0.3]
552.752483,100,1410.117559,0.09435884242553164,False,False,[0.5 0.1 0.3]
595.211394,100,1410.339676,0.10659796978242107,False,False,[0.5 0.1 0.3]
526.990612,100,1410.556128,0.08307348328258143,False,False,[0.5 0.1 0.3]
474.238648,100,1410.76983,0.1590637669222552,False,False,[0.5 0.1 0.3]
396.823573,100,1410.991777,0.24506895663375777,False,False,[0.5 0.1 0.3]
452.673373,100,1411.217103,0.09882317943030737,False,False,[0.5 0.1 0.3]
509.354107,100,1411.437204,0.11013533451510261,False,False,[0.5 0.1 0.3]
560.61144,100,1411.660381,0.059969068535927504,False,False,[0.5 0.1 0.3]
450.647234,100,1411.88423,0.21166953333097238,False,False,[0.5 0.1 0.3]
478.68384,100,1412.107046,0.15187072966100817,False,False,[0.5 0.1 0.3]
464.36672,100,1412.32824,0.138345769158448,False,False,[0.5 0.1 0.3]
555.160935,100,1412.547622,0.16720452549968132,False,False,[0.5 0.1 0.3]
518.550274,100,1412.791588,0.14746694111118294,False,False,[0.5 0.1 0.3]
502.775641,100,1413.003974,0.19747034851733636,False,False,[0.5 0.1 0.3]
462.837555,100,1413.22008,0.12127111627435298,False,False,[0.5 0.1 0.3]
546.7892,100,1413.445648,0.07203952447894929,False,False,[0.5 0.1 0.3]
500.91153,100,1413.664577,0.073216226503517,False,False,[0.5 0.1 0.3]
494.997823,100,1413.875214,0.1448723991649389,False,False,[0.5 0.1 0.3]
758.474004,100,1414.092144,0.050001352859652126,False,False,[0.5 0.1 0.3]
473.5475,100,1414.337392,0.159587172265851,False,False,[0.5 0.1 0.3]
483.011564,100,1415.019559,0.14785461755357954,False,False,[0.5 0.1 0.3]
531.060909,100,1415.242404,0.08815922310457851,False,False,[0.5 0.1 0.3]
762.308133,100,1415.468315,0.18057240922009468,False,False,[0.5 0.1 0.3]
369.162887,100,1415.69022,0.16339619149862447,False,False,[0.5 0.1 0.3]
494.037847,100,1415.903731,0.10774721049448525,False,False,[0.5 0.1 0.3]
450.492674,100,1416.154394,0.12950853174080873,False,False,[0.5 0.1 0.3]
566.534819,100,1416.37111,0.0882364080334874,False,False,[0.5 0.1 0.3]
590.796022,100,1416.59076,0.078665670682967,False,False,[0.5 0.1 0.3]
467.08728,100,1416.806754,0.16033954484341045,False,False,[0.5 0.1 0.3]
336.424716,84,1417.010006,0.2273073595142879,True,False,[0.5 0.1 0.3]
477.344854,100,1417.229969,0.17116092684743592,False,False,[0.5 0.1 0.3]
485.933137,100,1417.482381,0.10920185592270809,False,False,[0.5 0.1 0.3]
493.763442,100,1417.699572,0.15336194612338958,False,False,[0.5 0.1 0.3]
551.254558,100,1417.919463,0.08796020409945893,False,False,[0.5 0.1 0.3]
483.305013,100,1418.14328,0.045942324474167004,False,False,[0.5 0.1 0.3]
445.605296,100,1418.361081,0.19766925611465397,False,False,[0.5 0.1 0.3]
436.648311,100,1418.585256,0.25253226481333463,False,False,[0.5 0.1 0.3]
418.760996,100,1418.794737,0.19058217910173048,False,False,[0.5 0.1 0.3]
785.826964,100,1419.008651,0.11923020754738253,False,False,[0.5 0.1 0.3]
355.499932,100,1419.258167,0.2609580586595648,False,False,[0.5 0.1 0.3]
578.222117,100,1419.944072,0.04227829437891489,False,False,[0.5 0.1 0.3]
414.063127,100,1420.167597,0.15878040889087836,False,False,[0.5 0.1 0.3]
531.218071,100,1420.391143,0.057834815623031555,False,False,[0.5 0.1 0.3]
491.604284,100,1420.607685,0.09597076796896128,False,False,[0.5 0.1 0.3]
510.421489,100,1420.819694,0.10073470682347051,False,False,[0.5 0.1 0.3]
400.813569,100,1421.058079,0.2618228493435503,False,False,[0.5 0.1 0.3]
491.450575,100,1421.374701,0.05475027233118115,False,False,[0.5 0.1 0.3]
456.630898,100,1421.60149,0.2554372684688864,False,False,[0.5 0.1 0.3]
386.180916,100,1421.821944,0.23047744573305967,False,False,[0.5 0.1 0.3]
405.970561,100,1422.043438,0.17634452071705417,False,False,[0.5 0.1 0.3]
492.450403,100,1422.281615,0.0848298787029042,False,False,[0.5 0.1 0.3]
463.600059,100,1422.533579,0.21252277906827222,False,False,[0.5 0.1 0.3]
458.550715,100,1422.752558,0.07416614339596667,False,False,[0.5 0.1 0.3]
592.600033,100,1422.972414,0.015950907273896538,False,False,[0.5 0.1 0.3]
448.96986,100,1423.189535,0.08554763724113601,False,False,[0.5 0.1 0.3]
437.062925,100,1423.403732,0.15354853786472186,False,False,[0.5 0.1 0.3]
429.623067,100,1423.714043,0.19269774797331166,False,False,[0.5 0.1 0.3]
538.126315,100,1424.0264,0.1408811574139526,False,False,[0.5 0.1 0.3]
449.891882,100,1424.277169,0.07271720480177071,False,False,[0.5 0.1 0.3]
473.700265,100,1424.497897,0.07642383790428063,False,False,[0.5 0.1 0.3]
434.926613,100,1424.717428,0.21143450572209416,False,False,[0.5 0.1 0.3]
459.501472,100,1425.40391,0.2452124482069006,False,False,[0.5 0.1 0.3]
523.546603,100,1425.622892,0.1357418310952273,False,False,[0.5 0.1 0.3]
477.833476,100,1425.83974,0.09010702908646102,False,False,[0.5 0.1 0.3]
431.481069,100,1426.093176,0.0922412943668724,False,False,[0.5 0.1 0.3]
514.587989,100,1426.326027,0.08167075140491424,False,False,[0.5 0.1 0.3]
492.990893,100,1426.542654,0.06589300384445972,False,False,[0.5 0.1 0.3]
576.671388,100,1426.758893,0.03993427722055499,False,False,[0.5 0.1 0.3]
475.015446,100,1426.986731,0.14261507759274264,False,False,[0.5 0.1 0.3]
548.896853,100,1427.220617,0.11825169651008757,False,False,[0.5 0.1 0.3]
409.978235,100,1427.479054,0.20174842710724647,False,False,[0.5 0.1 0.3]
472.013601,100,1427.691734,0.18590175233669354,False,False,[0.5 0.1 0.3]
81.416281,89,1427.898846,0.8272330496403528,True,False,[0.5 0.1 0.3]
530.477955,100,1428.118182,0.10206575623918701,False,False,[0.5 0.1 0.3]
775.930759,100,1428.343793,0.14317793726672273,False,False,[0.5 0.1 0.3]
551.014221,100,1428.565742,0.13130752980513188,False,False,[0.5 0.1 0.3]
404.023859,100,1428.773295,0.2623410589148193,False,False,[0.5 0.1 0.3]
503.000761,100,1429.019881,0.1378118366018952,False,False,[0.5 0.1 0.3]
508.20836,100,1429.243913,0.034486615190006925,False,False,[0.5 0.1 0.3]
574.811115,100,1429.46623,0.03776889595681461,False,False,[0.5 0.1 0.3]
437.039762,100,1429.68812,0.18281364563765942,False,False,[0.5 0.1 0.3]
481.417255,100,1430.360675,0.18903701709204226,False,False,[0.5 0.1 0.3]
483.937985,100,1430.583937,0.1517707883220599,False,False,[0.5 0.1 0.3]
431.217417,100,1430.800872,0.17341355579884565,False,False,[0.5 0.1 0.3]
566.387984,100,1431.027236,0.11238235369698352,False,False,[0.5 0.1 0.3]
550.865134,100,1431.276746,0.0952236962906777,False,False,[0.5 0.1 0.3]
509.273735,100,1431.496743,0.135896566244877,False,False,[0.5 0.1 0.3]
547.863798,100,1431.71396,0.09515056116281018,False,False,[0.5 0.1 0.3]
515.31036,100,1431.934856,0.0599236662190644,False,False,[0.5 0.1 0.3]
521.471979,100,1432.160756,0.08563882944896191,False,False,[0.5 0.1 0.3]
397.529389,100,1432.38396,0.22782266646541807,False,False,[0.5 0.1 0.3]
492.661535,100,1432.596003,0.13969614447439083,False,False,[0.5 0.1 0.3]
371.29152,100,1432.837371,0.2848056287974601,False,False,[0.5 0.1 0.3]
358.251973,100,1433.057317,0.26296587046848846,False,False,[0.5 0.1 0.3]
401.193979,100,1433.28989,0.22460011233034066,False,False,[0.5 0.1 0.3]
399.368279,100,1433.508293,0.1274471581446016,False,False,[0.5 0.1 0.3]
558.750813,100,1433.725101,0.104624822497686,False,False,[0.5 0.1 0.3]
482.39652,100,1433.945568,0.19517032493104536,False,False,[0.5 0.1 0.3]
371.437903,100,1434.161245,0.27330431444097747,False,False,[0.5 0.1 0.3]
417.801983,100,1434.392229,0.12978556157911045,False,False,[0.5 0.1 0.3]
395.531479,100,1434.604717,0.18076593046867798,False,False,[0.5 0.1 0.3]
462.063707,100,1434.816456,0.17993334133372624,False,False,[0.5 0.1 0.3]
485.096634,100,1435.501251,0.13528457256376666,False,False,[0.5 0.1 0.3]
484.005826,100,1435.731053,0.17207720650966318,False,False,[0.5 0.1 0.3]
353.276292,100,1435.949008,0.15467318311386924,False,False,[0.5 0.1 0.3]
542.559165,100,1436.198994,0.09065230810837648,False,False,[0.5 0.1 0.3]
424.995123,100,1436.431549,0.2218305642745082,False,False,[0.5 0.1 0.3]
523.437681,100,1436.738,0.09756264918519864,False,False,[0.5 0.1 0.3]
538.185117,100,1436.946685,0.10990705617007898,False,False,[0.5 0.1 0.3]
551.648761,100,1437.160795,0.08891861516788074,False,False,[0.5 0.1 0.3]
499.719396,100,1437.376494,0.1061631865119007,False,False,[0.5 0.1 0.3]
504.713562,100,1437.6082,0.017204145823749576,False,False,[0.5 0.1 0.3]
504.769565,100,1437.827535,0.12084544885058873,False,False,[0.5 0.1 0.3]
453.612736,100,1438.073869,0.24451401102378767,False,False,[0.5 0.1 0.3]
409.094872,100,1438.292717,0.13096374152724083,False,False,[0.5 0.1 0.3]
474.28485,100,1438.519506,0.12409930139470064,False,False,[0.5 0.1 0.3]
447.812131,100,1438.737809,0.14551321650171373,False,False,[0.5 0.1 0.3]
501.96551,100,1438.96802,0.0987867714246386,False,False,[0.5 0.1 0.3]
544.516123,100,1439.183075,0.14350510091927676,False,False,[0.5 0.1 0.3]
391.665887,100,1439.42453,0.199182317530959,False,False,[0.5 0.1 0.3]
536.533405,100,1439.735366,0.08363558335553208,False,False,[0.5 0.1 0.3]
528.143158,100,1439.961304,0.055115930647923875,False,False,[0.5 0.1 0.3]
516.339799,100,1440.650318,0.07666898895910211,False,False,[0.5 0.1 0.3]
517.556834,100,1440.862696,0.19908565810424156,False,False,[0.5 0.1 0.3]
408.068264,100,1441.083016,0.1641471744372088,False,False,[0.5 0.1 0.3]
266.720394,87,1441.293212,0.3160076816027123,True,False,[0.5 0.1 0.3]
558.26553,100,1441.539277,0.07681275181775182,False,False,[0.5 0.1 0.3]
596.252966,100,1441.759722,0.038484797745051834,False,False,[0.5 0.1 0.3]
448.892331,100,1441.975797,0.12291003541661442,False,False,[0.5 0.1 0.3]
552.58717,100,1442.195783,0.04613004166518669,False,False,[0.5 0.1 0.3]
778.077791,100,1442.409949,0.09545508881564002,False,False,[0.5 0.1 0.3]
552.157688,100,1442.629551,0.12173777951522856,False,False,[0.5 0.1 0.3]
549.93625,100,1442.855643,0.10319886221486284,False,False,[0.5 0.1 0.3]
453.676378,100,1443.099541,0.162051951923139,False,False,[0.5 0.1 0.3]
462.613855,100,1443.327429,0.1253663352583675,False,False,[0.5 0.1 0.3]
527.881903,100,1443.548198,0.08677329812279824,False,False,[0.5 0.1 0.3]
411.520343,100,1443.774734,0.21853807545602585,False,False,[0.5 0.1 0.3]
496.100432,100,1443.996219,0.07743381118178652,False,False,[0.5 0.1 0.3]
383.062879,100,1444.217967,0.11374196166565977,False,False,[0.5 0.1 0.3]
565.678592,100,1444.43891,0.025104768001034478,False,False,[0.5 0.1 0.3]
472.640256,100,1444.653266,0.10772466650034092,False,False,[0.5 0.1 0.3]
394.158653,100,1444.90597,0.09716520992349303,False,False,[0.5 0.1 0.3]
522.572922,100,1445.123444,0.08828020560794878,False,False,[0.5 0.1 0.3]
421.980548,100,1445.810837,0.14867382675353427,False,False,[0.5 0.1 0.3]
555.124166,100,1446.028541,0.026088642070508285,False,False,[0.5 0.1 0.3]
558.789506,100,1446.245783,0.07267402872136368,False,False,[0.5 0.1 0.3]
595.540398,100,1446.486616,0.11786546700477328,False,False,[0.5 0.1 0.3]
466.446793,100,1446.709228,0.15473121497737408,False,False,[0.5 0.1 0.3]
412.98198,100,1446.930982,0.26427966758488985,False,False,[0.5 0.1 0.3]
508.745652,100,1447.147725,0.10767816486281422,False,False,[0.5 0.1 0.3]
478.898208,100,1447.368095,0.1578905521492473,False,False,[0.5 0.1 0.3]
407.717121,100,1447.583705,0.11826975834869445,False,False,[0.5 0.1 0.3]
404.927452,100,1447.809105,0.14057053054616847,False,False,[0.5 0.1 0.3]
372.497984,100,1448.061763,0.3598352122509669,False,False,[0.5 0.1 0.3]
517.460196,100,1448.372582,0.1692218103874663,False,False,[0.5 0.1 0.3]
417.916546,100,1448.59742,0.17762693433531285,False,False,[0.5 0.1 0.3]
518.63564,100,1448.812227,0.14084908525502762,False,False,[0.5 0.1 0.3]
475.021403,100,1449.02824,0.12622623347724543,False,False,[0.5 0.1 0.3]
509.278446,100,1449.249735,0.0942390164608483,False,False,[0.5 0.1 0.3]
437.299019,100,1449.507781,0.14594187035251763,False,False,[0.5 0.1 0.3]
442.967425,100,1449.773631,0.08570739230353337,False,False,[0.5 0.1 0.3]
491.990143,100,1449.982341,0.09425435173477326,False,False,[0.5 0.1 0.3]
534.550466,100,1450.19411,0.08515103850656273,False,False,[0.5 0.1 0.3]
504.942917,100,1450.884408,0.12079419792147217,False,False,[0.5 0.1 0.3]
481.934952,100,1451.105524,0.09869227623275842,False,False,[0.5 0.1 0.3]
495.5073,100,1451.328784,0.12008293664843103,False,False,[0.5 0.1 0.3]
497.683452,100,1451.548033,0.11588265690708509,False,False,[0.5 0.1 0.3]
483.110477,100,1451.789924,0.09182544799224406,False,False,[0.5 0.1 0.3]
447.019019,100,1452.006743,0.18854978835274896,False,False,[0.5 0.1 0.3]
480.169937,100,1452.227543,0.06607651807906204,False,False,[0.5 0.1 0.3]
533.441759,100,1452.443268,0.06182176514216546,False,False,[0.5 0.1 0.3]
494.363177,100,1452.659645,0.058619480106655936,False,False,[0.5 0.1 0.3]
498.679535,100,1452.886807,0.08434388256913068,False,False,[0.5 0.1 0.3]
512.037476,100,1453.143772,0.18651500042505315,False,False,[0.5 0.1 0.3]
503.929561,100,1453.366161,0.10107548458570277,False,False,[0.5 0.1 0.3]
441.401651,100,1453.583697,0.13870263423144508,False,False,[0.5 0.1 0.3]
506.309579,100,1453.793958,0.0435837744627698,False,False,[0.5 0.1 0.3]
492.281707,100,1454.015875,0.1489841290350697,False,False,[0.5 0.1 0.3]
569.426645,100,1454.243932,0.11252124872242109,False,False,[0.5 0.1 0.3]
418.477553,100,1454.498434,0.20168441379218702,False,False,[0.5 0.1 0.3]
525.90789,100,1454.810108,0.032450263396571075,False,False,[0.5 0.1 0.3]
564.832031,100,1455.027635,0.03906583172574829,False,False,[0.5 0.1 0.3]
381.216227,100,1455.254805,0.22034769793967907,False,False,[0.5 0.1 0.3]
427.131306,100,1455.568987,0.15426927239693003,False,False,[0.5 0.1 0.3]
455.195174,100,1456.253875,0.12827947823509717,False,False,[0.5 0.1 0.3]
501.208735,100,1456.498018,0.14080243984719645,False,False,[0.5 0.1 0.3]
500.903522,100,1456.723979,0.17563608522757496,False,False,[0.5 0.1 0.3]
467.684709,100,1456.936113,0.11936007314733091,False,False,[0.5 0.1 0.3]
492.497642,100,1457.158114,0.14430319814421347,False,False,[0.5 0.1 0.3]
546.439037,100,1457.378719,0.06622627774647982,False,False,[0.5 0.1 0.3]
559.783042,100,1457.598,0.03675906189389305,False,False,[0.5 0.1 0.3]
406.191359,100,1457.850147,0.21982716979598704,False,False,[0.5 0.1 0.3]
558.146685,100,1458.066485,0.07072939713511389,False,False,[0.5 0.1 0.3]
398.224466,100,1458.29597,0.12205676309341167,False,False,[0.5 0.1 0.3]
519.388104,100,1458.509934,0.1803932903109236,False,False,[0.5 0.1 0.3]
496.597437,100,1458.820552,0.10455384185286243,False,False,[0.5 0.1 0.3]
683.967394,100,1459.038594,0.11727006157488674,False,False,[0.5 0.1 0.3]
101.979808,83,1459.272752,0.8108476116404838,True,False,[0.5 0.1 0.3]
410.269618,100,1459.494533,0.10905118973142748,False,False,[0.5 0.1 0.3]
468.108622,100,1459.719222,0.09720961299169792,False,False,[0.5 0.1 0.3]
492.817109,100,1459.941282,0.19243176697846842,False,False,[0.5 0.1 0.3]
455.178528,100,1460.164093,0.11484638769358764,False,False,[0.5 0.1 0.3]
518.344597,100,1460.374809,0.08459937734988279,False,False,[0.5 0.1 0.3]
557.94858,100,1460.592309,0.15981178970845994,False,False,[0.5 0.1 0.3]
487.577934,100,1460.902851,0.09199599953639932,False,False,[0.5 0.1 0.3]
514.852059,100,1461.574511,0.14372777887030033,False,False,[0.5 0.1 0.3]
500.714211,100,1461.793925,0.16335651258183537,False,False,[0.5 0.1 0.3]
544.994042,100,1462.013169,0.061151497762048625,False,False,[0.5 0.1 0.3]
535.127025,100,1462.234537,0.05430011649631969,False,False,[0.5 0.1 0.3]
481.509388,100,1462.4579,0.11396857102896325,False,False,[0.5 0.1 0.3]
439.329921,100,1462.768497,0.15208138316722133,False,False,[0.5 0.1 0.3]
557.227783,100,1462.99266,0.11004494460370656,False,False,[0.5 0.1 0.3]
429.356386,100,1463.211846,0.21810892338111826,False,False,[0.5 0.1 0.3]
239.343809,100,1463.435855,0.615322834806496,False,False,[0.5 0.1 0.3]
509.593122,100,1463.653251,0.08290706590524631,False,False,[0.5 0.1 0.3]
441.540715,100,1463.87087,0.279652363311441,False,False,[0.5 0.1 0.3]
480.462386,100,1464.089644,0.1138709612755504,False,False,[0.5 0.1 0.3]
510.33008,100,1464.403583,0.10685140025753045,False,False,[0.5 0.1 0.3]
412.911375,100,1464.721284,0.17664754286338286,False,False,[0.5 0.1 0.3]
495.614251,100,1464.937858,0.0391309193118699,False,False,[0.5 0.1 0.3]
469.084735,100,1465.152082,0.2599764888073974,False,False,[0.5 0.1 0.3]
482.535832,100,1465.374382,0.06490458121787725,False,False,[0.5 0.1 0.3]
574.179114,100,1465.594288,0.04504532847448801,False,False,[0.5 0.1 0.3]
572.727973,100,1465.809295,0.059374008819582075,False,False,[0.5 0.1 0.3]
588.410917,100,1466.048384,0.09534416628898053,False,False,[0.5 0.1 0.3]
448.94826,100,1466.731557,0.12162614639555601,False,False,[0.5 0.1 0.3]
422.807162,100,1466.955546,0.2809570133543712,False,False,[0.5 0.1 0.3]
539.803792,100,1467.172289,0.07238496826632607,False,False,[0.5 0.1 0.3]
516.577366,100,1467.482043,0.11804406269464113,False,False,[0.5 0.1 0.3]
361.324142,100,1467.712081,0.24574295230847948,False,False,[0.5 0.1 0.3]
439.498817,100,1467.936453,0.1916708866445473,False,False,[0.5 0.1 0.3]
458.847627,100,1468.18398,0.0682958817922775,False,False,[0.5 0.1 0.3]
531.399628,100,1468.407057,0.0964093143644732,False,False,[0.5 0.1 0.3]
573.903911,100,1468.622727,0.011989896145981532,False,False,[0.5 0.1 0.3]
491.625119,100,1468.8561,0.2129907045360586,False,False,[0.5 0.1 0.3]
530.272838,100,1469.081133,0.14268867755924144,False,False,[0.5 0.1 0.3]
357.18814,100,1469.301981,0.20796951885787168,False,False,[0.5 0.1 0.3]
391.127079,100,1469.521496,0.31264436161879866,False,False,[0.5 0.1 0.3]
441.512389,100,1469.749759,0.09327357804599573,False,False,[0.5 0.1 0.3]
398.457674,100,1469.996387,0.08338316440761018,False,False,[0.5 0.1 0.3]
553.120253,100,1470.217986,0.13440243646415131,False,False,[0.5 0.1 0.3]
491.208754,100,1470.43603,0.17707346332045049,False,False,[0.5 0.1 0.3]
477.707391,100,1470.745826,0.1228131093427213,False,False,[0.5 0.1 0.3]
399.77839,100,1470.96649,0.31067054312102155,False,False,[0.5 0.1 0.3]
437.018804,100,1471.190369,0.21813089207734526,False,False,[0.5 0.1 0.3]
529.395792,100,1471.407275,0.12410243620296058,False,False,[0.5 0.1 0.3]
448.003845,100,1472.08009,0.09818736928387588,False,False,[0.5 0.1 0.3]
388.51422,100,1472.292367,0.3229485872895099,False,False,[0.5 0.1 0.3]
463.295005,100,1472.50956,0.14888533560362366,False,False,[0.5 0.1 0.3]
548.11702,100,1472.721958,0.10102561776163069,False,False,[0.5 0.1 0.3]
496.313932,100,1472.959998,0.12904166126935082,False,False,[0.5 0.1 0.3]
513.278163,100,1473.268523,0.1595889881467575,False,False,[0.5 0.1 0.3]
389.779818,100,1473.520236,0.1577857545220422,False,False,[0.5 0.1 0.3]
490.399245,100,1473.82979,0.13171040412715712,False,False,[0.5 0.1 0.3]
466.956065,100,1474.044239,0.15686832495039604,False,False,[0.5 0.1 0.3]
518.351596,100,1474.279141,0.08343154781303223,False,False,[0.5 0.1 0.3]
561.933029,100,1474.498819,0.08580554334164832,False,False,[0.5 0.1 0.3]
725.401735,100,1474.715912,0.11428846900533099,False,False,[0.5 0.1 0.3]
498.692742,100,1474.93031,0.11126901274760723,False,False,[0.5 0.1 0.3]
390.624311,100,1475.169748,0.11909753990459215,False,False,[0.5 0.1 0.3]
762.116214,100,1475.395066,0.12677665589867085,False,False,[0.5 0.1 0.3]
571.193995,100,1475.706302,0.08878258024508888,False,False,[0.5 0.1 0.3]
469.442343,100,1475.92029,0.24313130885180395,False,False,[0.5 0.1 0.3]
518.439804,100,1476.1438,0.07409048958359508,False,False,[0.5 0.1 0.3]
459.792953,100,1476.367953,0.1301950546483521,False,False,[0.5 0.1 0.3]
408.053057,100,1476.588167,0.2601677822142207,False,False,[0.5 0.1 0.3]
533.990892,100,1477.260182,0.08495520537288892,False,False,[0.5 0.1 0.3]
557.106199,100,1477.489951,0.05132358787279763,False,False,[0.5 0.1 0.3]
407.57828,100,1477.704112,0.2632811242629226,False,False,[0.5 0.1 0.3]
488.871708,100,1477.918631,0.11803691642225196,False,False,[0.5 0.1 0.3]
520.741848,100,1478.244445,0.10902777376938357,False,False,[0.5 0.1 0.3]
441.989361,100,1478.46936,0.25814656243749834,False,False,[0.5 0.1 0.3]
582.19819,100,1478.774307,0.05265199966501048,False,False,[0.5 0.1 0.3]
574.13497,100,1478.987297,0.14856692645045771,False,False,[0.5 0.1 0.3]
501.990071,100,1479.303556,0.07012742688040605,False,False,[0.5 0.1 0.3]
454.746792,100,1479.526406,0.13246320923080637,False,False,[0.5 0.1 0.3]
733.093821,100,1479.746916,0.1321051093978395,False,False,[0.5 0.1 0.3]
453.90571,100,1479.970364,0.09817246437196969,False,False,[0.5 0.1 0.3]
417.795945,100,1480.233313,0.1645106568828301,False,False,[0.5 0.1 0.3]
552.354383,100,1480.537933,0.06582758357790751,False,False,[0.5 0.1 0.3]
529.948186,100,1480.75681,0.13083639623474427,False,False,[0.5 0.1 0.3]
519.50832,100,1480.972033,0.1413027912904089,False,False,[0.5 0.1 0.3]
469.786599,100,1481.188078,0.11604528515343367,False,False,[0.5 0.1 0.3]
541.25104,100,1481.400319,0.061525690837340385,False,False,[0.5 0.1 0.3]
580.622308,100,1481.617062,0.1407732483348533,False,False,[0.5 0.1 0.3]
426.34428,100,1481.867273,0.24456001721653287,False,False,[0.5 0.1 0.3]
443.770156,100,1482.54862,0.1527121686840792,False,False,[0.5 0.1 0.3]
421.946701,100,1482.765925,0.16861640632192046,False,False,[0.5 0.1 0.3]
493.976482,100,1482.983648,0.07337874418545864,False,False,[0.5 0.1 0.3]
415.685068,100,1483.211569,0.11186873450135579,False,False,[0.5 0.1 0.3]
445.887354,100,1483.427961,0.14242518484869454,False,False,[0.5 0.1 0.3]
512.638976,100,1483.664461,0.14062404679050186,False,False,[0.5 0.1 0.3]
561.270343,100,1483.883816,0.049944940093021604,False,False,[0.5 0.1 0.3]
465.704683,100,1484.098126,0.15898487569130565,False,False,[0.5 0.1 0.3]
614.54245,100,1484.406619,0.13466234003535404,False,False,[0.5 0.1 0.3]
467.379279,100,1484.62014,0.07919524491518667,False,False,[0.5 0.1 0.3]
517.031567,100,1484.839544,0.13616960142401022,False,False,[0.5 0.1 0.3]
533.031504,100,1485.089005,0.1691099082338607,False,False,[0.5 0.1 0.3]
487.371705,100,1485.312331,0.0777567947444089,False,False,[0.5 0.1 0.3]
437.802419,100,1485.533498,0.09070150229189373,False,False,[0.5 0.1 0.3]
469.747894,100,1485.756965,0.13116506971509703,False,False,[0.5 0.1 0.3]
452.506659,100,1485.974909,0.1705542096144769,False,False,[0.5 0.1 0.3]
181.082879,85,1486.185573,0.38727489731424125,True,False,[0.5 0.1 0.3]
480.832688,100,1486.409046,0.16000433135145478,False,False,[0.5 0.1 0.3]
521.905285,100,1486.652002,0.1092109400521089,False,False,[0.5 0.1 0.3]
557.472358,100,1486.869941,0.20280445360662036,False,False,[0.5 0.1 0.3]
443.650719,100,1487.101321,0.14912531680137048,False,False,[0.5 0.1 0.3]
519.918603,100,1487.779452,0.10218483899079599,False,False,[0.5 0.1 0.3]
481.242651,100,1488.086681,0.14450522461583715,False,False,[0.5 0.1 0.3]
521.046576,100,1488.311034,0.1639065409728473,False,False,[0.5 0.1 0.3]
531.209309,100,1488.616612,0.1485188421901441,False,False,[0.5 0.1 0.3]
483.843231,100,1488.834934,0.08516973717381747,False,False,[0.5 0.1 0.3]
346.757853,100,1489.053021,0.30080941849456133,False,False,[0.5 0.1 0.3]
229.18338,100,1489.279425,0.8825042662270984,False,False,[0.5 0.1 0.3]
373.953053,100,1489.508722,0.2260816599768043,False,False,[0.5 0.1 0.3]
184.977297,100,1489.724801,1.0125104104916873,False,False,[0.5 0.1 0.3]
390.611437,100,1489.972818,0.26883002119173977,False,False,[0.5 0.1 0.3]
183.288429,100,1490.187252,0.8541137005395686,False,False,[0.5 0.1 0.3]
520.451795,100,1490.421184,0.11333188062688049,False,False,[0.5 0.1 0.3]
408.756596,100,1490.646527,0.14027590825729885,False,False,[0.5 0.1 0.3]
495.906856,100,1490.86965,0.038146638111510124,False,False,[0.5 0.1 0.3]
553.006722,100,1491.092576,0.04491083942872609,False,False,[0.5 0.1 0.3]
547.092448,100,1491.3156,0.055202914343031234,False,False,[0.5 0.1 0.3]
415.07999,100,1491.526654,0.1278559114061185,False,False,[0.5 0.1 0.3]
468.99585,100,1491.77069,0.10306143093990597,False,False,[0.5 0.1 0.3]
562.998686,100,1491.987141,0.07859167087382009,False,False,[0.5 0.1 0.3]
474.315969,100,1492.214057,0.1609363145664475,False,False,[0.5 0.1 0.3]
558.378119,100,1492.439392,0.12504941043419548,False,False,[0.5 0.1 0.3]
426.360078,100,1493.113964,0.15049735066107878,False,False,[0.5 0.1 0.3]
450.964155,100,1493.334744,0.18657214850209464,False,False,[0.5 0.1 0.3]
474.459042,100,1493.582704,0.11572215510673778,False,False,[0.5 0.1 0.3]
550.231911,100,1493.795484,0.08708853437885064,False,False,[0.5 0.1 0.3]
549.531911,100,1494.017266,0.14621450955115706,False,False,[0.5 0.1 0.3]
445.673968,100,1494.244705,0.3090494571404334,False,False,[0.5 0.1 0.3]
523.828371,100,1494.557526,0.13136564605881426,False,False,[0.5 0.1 0.3]
462.550675,100,1494.775642,0.16196520970116793,False,False,[0.5 0.1 0.3]
419.258344,100,1495.02392,0.15731430132811672,False,False,[0.5 0.1 0.3]
358.330664,100,1495.249973,0.1308735684059818,False,False,[0.5 0.1 0.3]
492.078035,100,1495.468411,0.08118548595008897,False,False,[0.5 0.1 0.3]
436.366133,100,1495.681089,0.1513015818689381,False,False,[0.5 0.1 0.3]
207.661363,100,1495.901291,0.8438548916405515,False,False,[0.5 0.1 0.3]
468.941287,100,1496.121129,0.190570979131416,False,False,[0.5 0.1 0.3]
491.845276,100,1496.431337,0.1549685582455731,False,False,[0.5 0.1 0.3]
491.046496,100,1496.652659,0.03874877286260393,False,False,[0.5 0.1 0.3]
489.757224,100,1496.873868,0.15670048013947163,False,False,[0.5 0.1 0.3]
437.364436,100,1497.182851,0.1035085027732346,False,False,[0.5 0.1 0.3]
478.33128,100,1497.403732,0.1666932596859655,False,False,[0.5 0.1 0.3]
408.476233,100,1497.621911,0.29375065610033957,False,False,[0.5 0.1 0.3]
459.848703,100,1498.389834,0.15860111732474855,False,False,[0.5 0.1 0.3]
546.083251,100,1498.709445,0.05027404200402957,False,False,[0.5 0.1 0.3]
409.067462,100,1498.927602,0.19739759612842092,False,False,[0.5 0.1 0.3]
366.987927,100,1499.144003,0.1837026696174428,False,False,[0.5 0.1 0.3]
453.181747,100,1499.371169,0.14065965697544633,False,False,[0.5 0.1 0.3]
526.517678,100,1499.594514,0.0773893957129633,False,False,[0.5 0.1 0.3]
525.983222,100,1499.817423,0.08724336808719219,False,False,[0.5 0.1 0.3]
452.552571,100,1500.078012,0.16475386809493614,False,False,[0.5 0.1 0.3]
510.20082,100,1500.301896,0.04262780823875678,False,False,[0.5 0.1 0.3]
493.137053,100,1500.534755,0.12118424942861218,False,False,[0.5 0.1 0.3]
419.367318,100,1500.74907,0.13673031585366016,False,False,[0.5 0.1 0.3]
460.747544,100,1500.970391,0.19294854338044348,False,False,[0.5 0.1 0.3]
511.339106,100,1501.191212,0.11210911098719747,False,False,[0.5 0.1 0.3]
536.331048,100,1501.42078,0.08945581802619518,False,False,[0.5 0.1 0.3]
427.862907,100,1501.667825,0.2320076899924046,False,False,[0.5 0.1 0.3]
446.453784,100,1501.890652,0.13088833632629185,False,False,[0.5 0.1 0.3]
448.812912,100,1502.109771,0.120826723344006,False,False,[0.5 0.1 0.3]
466.829273,100,1502.320324,0.11987086389231921,False,False,[0.5 0.1 0.3]
508.512733,100,1502.543837,0.13768507351543222,False,False,[0.5 0.1 0.3]
522.746909,100,1502.762499,0.13528972253430613,False,False,[0.5 0.1 0.3]
440.227663,100,1503.011192,0.21261208446294527,False,False,[0.5 0.1 0.3]
567.842741,100,1503.782694,0.18095496770724315,False,False,[0.5 0.1 0.3]
461.146016,100,1504.00219,0.14021837715687815,False,False,[0.5 0.1 0.3]
473.088083,100,1504.219172,0.1260603784513743,False,False,[0.5 0.1 0.3]
262.969636,80,1504.509466,0.27006854628035853,True,False,[0.5 0.1 0.3]
223.871739,99,1504.73562,0.29294776677133605,True,False,[0.5 0.1 0.3]
500.197059,100,1505.047703,0.11469698778362585,False,False,[0.5 0.1 0.3]
499.300528,100,1505.283474,0.12422920583047853,False,False,[0.5 0.1 0.3]
563.319745,100,1505.513522,0.04096492625119051,False,False,[0.5 0.1 0.3]
494.751858,100,1505.724882,0.10807460656560891,False,False,[0.5 0.1 0.3]
212.434555,100,1505.940085,0.7352290490653492,False,False,[0.5 0.1 0.3]
733.120845,100,1506.156384,0.07409652186956922,False,False,[0.5 0.1 0.3]
424.61293,100,1506.381361,0.2213213973418201,False,False,[0.5 0.1 0.3]
618.161788,100,1506.681313,0.03961138256512781,False,False,[0.5 0.1 0.3]
484.446706,100,1506.899075,0.13473771802532472,False,False,[0.5 0.1 0.3]
492.856074,100,1507.110966,0.1685399798258991,False,False,[0.5 0.1 0.3]
430.643028,100,1507.412548,0.22405791138812636,False,False,[0.5 0.1 0.3]
431.797251,100,1507.635522,0.12353904198255075,False,False,[0.5 0.1 0.3]
477.930133,100,1507.854817,0.08849607769307796,False,False,[0.5 0.1 0.3]
446.472871,100,1508.104363,0.19964875092027737,False,False,[0.5 0.1 0.3]
738.399512,100,1508.318475,0.14628085299646595,False,False,[0.5 0.1 0.3]
474.35179,100,1509.021779,0.09242561187629218,False,False,[0.5 0.1 0.3]
487.035141,100,1509.316486,0.05803850493174032,False,False,[0.5 0.1 0.3]
484.239243,100,1509.540923,0.17207328889590975,False,False,[0.5 0.1 0.3]
191.393725,100,1509.755249,0.7761715158512791,False,False,[0.5 0.1 0.3]
447.173098,100,1510.006218,0.14188860601660347,False,False,[0.5 0.1 0.3]
537.557533,100,1510.22657,0.08018295219061129,False,False,[0.5 0.1 0.3]
490.72123,100,1510.450849,0.03594604175368139,False,False,[0.5 0.1 0.3]
480.450591,100,1510.680324,0.10253193093192481,False,False,[0.5 0.1 0.3]
597.378463,100,1510.900213,0.05604850257612134,False,False,[0.5 0.1 0.3]
414.328824,100,1511.126349,0.08595995125720571,False,False,[0.5 0.1 0.3]
437.41423,100,1511.344841,0.16981315865834778,False,False,[0.5 0.1 0.3]
471.76322,100,1511.652857,0.12697239171455096,False,False,[0.5 0.1 0.3]
531.879231,100,1511.897962,0.04680077780700378,False,False,[0.5 0.1 0.3]
458.852566,100,1512.115743,0.1413825726376187,False,False,[0.5 0.1 0.3]
517.295069,100,1512.340987,0.10543231311754209,False,False,[0.5 0.1 0.3]
551.433649,100,1512.555847,0.10040522798724685,False,False,[0.5 0.1 0.3]
782.996453,100,1512.770934,0.1352223117196375,False,False,[0.5 0.1 0.3]
514.021271,100,1512.996937,0.12208573086675872,False,False,[0.5 0.1 0.3]
507.121108,100,1513.234693,0.1500506309178266,False,False,[0.5 0.1 0.3]
751.45473,100,1513.461626,0.10450280719607564,False,False,[0.5 0.1 0.3]
500.223331,100,1513.680717,0.13031546169682928,False,False,[0.5 0.1 0.3]
745.39018,100,1514.347119,0.08417984732114413,False,False,[0.5 0.1 0.3]
465.368095,100,1514.569346,0.09213771341036554,False,False,[0.5 0.1 0.3]
515.294012,100,1514.784122,0.10123718988722866,False,False,[0.5 0.1 0.3]
451.920267,100,1514.998605,0.18021045562583513,False,False,[0.5 0.1 0.3]
433.590199,100,1515.313302,0.1681375878469533,False,False,[0.5 0.1 0.3]
554.164235,100,1515.531457,0.0822023864871286,False,False,[0.5 0.1 0.3]
483.67395,100,1515.755991,0.12923575258471298,False,False,[0.5 0.1 0.3]
562.444038,100,1515.97747,0.05603575893953379,False,False,[0.5 0.1 0.3]
468.334586,100,1516.193899,0.12739942082271485,False,False,[0.5 0.1 0.3]
622.992191,100,1516.492089,0.053912322212029185,False,False,[0.5 0.1 0.3]
524.955223,100,1516.725398,0.12980030287226169,False,False,[0.5 0.1 0.3]
512.632149,100,1516.947319,0.13744907611383494,False,False,[0.5 0.1 0.3]
509.642867,100,1517.193557,0.10797743615443633,False,False,[0.5 0.1 0.3]
553.658971,100,1517.410455,0.07985143599218197,False,False,[0.5 0.1 0.3]
442.784379,100,1517.640912,0.1875280382048268,False,False,[0.5 0.1 0.3]
523.755496,100,1517.853417,0.1461577368666602,False,False,[0.5 0.1 0.3]
482.598407,100,1518.069368,0.18189612080309656,False,False,[0.5 0.1 0.3]
389.301244,100,1518.385994,0.19244090834378164,False,False,[0.5 0.1 0.3]
473.815517,100,1518.635136,0.06930696197303984,False,False,[0.5 0.1 0.3]
536.04396,100,1518.851997,0.15950311497319786,False,False,[0.5 0.1 0.3]
500.770007,100,1519.529392,0.11851929981727334,False,False,[0.5 0.1 0.3]
426.312839,100,1519.746247,0.22053883442734903,False,False,[0.5 0.1 0.3]
481.399441,100,1519.961038,0.10587975178576735,False,False,[0.5 0.1 0.3]
596.613077,100,1520.173898,0.05762363394479632,False,False,[0.5 0.1 0.3]
563.005279,100,1520.391715,0.1030076334023364,False,False,[0.5 0.1 0.3]
416.378728,100,1520.64757,0.24158923810042573,False,False,[0.5 0.1 0.3]
482.720629,100,1520.863964,0.2229665659185002,False,False,[0.5 0.1 0.3]
237.774624,86,1521.166899,0.26014281763729336,True,False,[0.5 0.1 0.3]
523.920318,100,1521.483748,0.1645361818735089,False,False,[0.5 0.1 0.3]
597.144198,100,1521.716734,0.17585420636255014,False,False,[0.5 0.1 0.3]
525.664626,100,1521.932103,0.08687890486786234,False,False,[0.5 0.1 0.3]
397.990725,100,1522.181481,0.2874481177450546,False,False,[0.5 0.1 0.3]
559.5348,100,1522.396735,0.10702594089455383,False,False,[0.5 0.1 0.3]
532.221046,100,1522.607111,0.1505979732768767,False,False,[0.5 0.1 0.3]
471.388264,100,1522.834963,0.056484949353434184,False,False,[0.5 0.1 0.3]
450.84073,100,1523.05196,0.1379980695193442,False,False,[0.5 0.1 0.3]
254.9488,85,1523.256033,0.2775210471447527,True,False,[0.5 0.1 0.3]
494.40832,100,1523.567479,0.10504871528807946,False,False,[0.5 0.1 0.3]
599.599821,100,1523.789394,0.11082810177985936,False,False,[0.5 0.1 0.3]
497.168153,100,1524.00948,0.1778581196424913,False,False,[0.5 0.1 0.3]
207.46664,85,1524.21276,0.29149992857001455,True,False,[0.5 0.1 0.3]
532.076356,100,1524.97581,0.14667780034892242,False,False,[0.5 0.1 0.3]
507.931873,100,1525.196013,0.19718104898020358,False,False,[0.5 0.1 0.3]
566.183273,100,1525.435029,0.1209378667495866,False,False,[0.5 0.1 0.3]
520.591531,100,1525.651072,0.09963025389784003,False,False,[0.5 0.1 0.3]
546.849605,100,1525.880398,0.07043716105366456,False,False,[0.5 0.1 0.3]
446.620168,100,1526.099205,0.09528410271574496,False,False,[0.5 0.1 0.3]
491.487457,100,1526.318981,0.17832081615193582,False,False,[0.5 0.1 0.3]
409.202992,100,1526.544165,0.2270524488423048,False,False,[0.5 0.1 0.3]
531.94145,100,1526.760697,0.11217275852282764,False,False,[0.5 0.1 0.3]
453.113495,100,1527.005289,0.1709702631313333,False,False,[0.5 0.1 0.3]
386.243441,100,1527.225253,0.09064266601349782,False,False,[0.5 0.1 0.3]
556.08412,100,1527.446845,0.048149408007010834,False,False,[0.5 0.1 0.3]
507.500642,100,1527.659372,0.07814954829265436,False,False,[0.5 0.1 0.3]
375.115328,100,1527.874408,0.2632124909063136,False,False,[0.5 0.1 0.3]
445.089045,100,1528.127173,0.15354022563020436,False,False,[0.5 0.1 0.3]
593.579899,100,1528.343888,0.09713373631530245,False,False,[0.5 0.1 0.3]
531.848091,100,1528.564436,0.23066505677005986,False,False,[0.5 0.1 0.3]
600.393584,100,1528.881119,0.04526263094384097,False,False,[0.5 0.1 0.3]
510.817284,100,1529.102533,0.08638984132084243,False,False,[0.5 0.1 0.3]
500.298508,100,1529.337007,0.11903708101609606,False,False,[0.5 0.1 0.3]
393.175953,100,1529.59577,0.22755514752134318,False,False,[0.5 0.1 0.3]
431.680089,100,1530.2777,0.23359391268413773,False,False,[0.5 0.1 0.3]
439.117796,100,1530.583615,0.1685079576261096,False,False,[0.5 0.1 0.3]
662.838055,100,1530.802374,0.03002397863745657,False,False,[0.5 0.1 0.3]
530.933562,100,1531.023561,0.04001520674450607,False,False,[0.5 0.1 0.3]
459.122158,100,1531.245519,0.11797653325187972,False,False,[0.5 0.1 0.3]
390.629401,100,1531.496564,0.33167821912194007,False,False,[0.5 0.1 0.3]
481.929726,100,1531.724488,0.07721631809110852,False,False,[0.5 0.1 0.3]
570.644982,100,1531.944193,0.11549404234980805,False,False,[0.5 0.1 0.3]
481.26059,100,1532.164346,0.09359199920177799,False,False,[0.5 0.1 0.3]
484.83453,100,1532.376948,0.15033687353234554,False,False,[0.5 0.1 0.3]
665.179252,100,1532.594571,0.11890255792803577,False,False,[0.5 0.1 0.3]
417.408774,100,1532.810389,0.1601848909663953,False,False,[0.5 0.1 0.3]
508.269128,100,1533.11264,0.1682000225215295,False,False,[0.5 0.1 0.3]
432.188108,100,1533.330949,0.17236980605443772,False,False,[0.5 0.1 0.3]
701.629765,100,1533.550452,0.14450075759881964,False,False,[0.5 0.1 0.3]
530.911042,100,1533.764129,0.06577964389959161,False,False,[0.5 0.1 0.3]
477.489557,100,1533.985141,0.05026757762417042,False,False,[0.5 0.1 0.3]
492.186239,100,1534.215976,0.06664824796767797,False,False,[0.5 0.1 0.3]
517.94314,100,1534.434861,0.14565429453345738,False,False,[0.5 0.1 0.3]
587.962579,100,1534.651988,0.08904105745149474,False,False,[0.5 0.1 0.3]
420.932174,100,1535.360543,0.2070444451907773,False,False,[0.5 0.1 0.3]
507.114881,100,1535.576611,0.04384529376745316,False,False,[0.5 0.1 0.3]
454.121722,100,1535.800606,0.12423823558406644,False,False,[0.5 0.1 0.3]
450.769806,100,1536.03603,0.14557606743940296,False,False,[0.5 0.1 0.3]
375.745978,100,1536.256799,0.30537851665875887,False,False,[0.5 0.1 0.3]
427.354094,100,1536.512268,0.13343834041259203,False,False,[0.5 0.1 0.3]
398.14604,100,1536.726473,0.19639187806952504,False,False,[0.5 0.1 0.3]
475.844686,100,1536.947916,0.05487719616082838,False,False,[0.5 0.1 0.3]
507.169909,100,1537.163013,0.1071711859659701,False,False,[0.5 0.1 0.3]
464.173633,100,1537.378345,0.16103995326461626,False,False,[0.5 0.1 0.3]
398.229125,100,1537.598786,0.13185581749278782,False,False,[0.5 0.1 0.3]
357.419651,100,1537.821769,0.24802014932768243,False,False,[0.5 0.1 0.3]
501.534823,100,1538.15136,0.10408248197964902,False,False,[0.5 0.1 0.3]
451.986929,100,1538.368963,0.10522183174200213,False,False,[0.5 0.1 0.3]
497.463815,100,1538.589915,0.20204999280173863,False,False,[0.5 0.1 0.3]
561.842202,100,1538.809685,0.11848857483528807,False,False,[0.5 0.1 0.3]
515.928173,100,1539.035614,0.12467186716888455,False,False,[0.5 0.1 0.3]
583.39021,100,1539.258209,0.144160234942962,False,False,[0.5 0.1 0.3]
417.27895,100,1539.508546,0.2546355666857679,False,False,[0.5 0.1 0.3]
524.594167,100,1539.81862,0.10604784819361873,False,False,[0.5 0.1 0.3]
535.52978,100,1540.040735,0.04550723450729371,False,False,[0.5 0.1 0.3]
575.291776,100,1540.706468,0.09303597487921783,False,False,[0.5 0.1 0.3]
490.707123,100,1540.929785,0.2328444842570843,False,False,[0.5 0.1 0.3]
540.014832,100,1541.148218,0.02555878580787121,False,False,[0.5 0.1 0.3]
550.136289,100,1541.399365,0.18261287948965182,False,False,[0.5 0.1 0.3]
562.407812,100,1541.616811,0.08977951047412457,False,False,[0.5 0.1 0.3]
650.155358,100,1541.841086,0.19423937940503513,False,False,[0.5 0.1 0.3]
478.792307,100,1542.139664,0.23220774885181814,False,False,[0.5 0.1 0.3]
178.201572,69,1542.330675,0.3789120164483925,True,False,[0.5 0.1 0.3]
496.940983,100,1542.639744,0.10996066301376532,False,False,[0.5 0.1 0.3]
463.171123,100,1542.891359,0.16593980330605965,False,False,[0.5 0.1 0.3]
441.797751,100,1543.118407,0.11993825404903263,False,False,[0.5 0.1 0.3]
384.127894,100,1543.335542,0.287127708911229,False,False,[0.5 0.1 0.3]
435.969041,100,1543.552026,0.1865731166012474,False,False,[0.5 0.1 0.3]
475.373248,100,1543.776156,0.1923703045511749,False,False,[0.5 0.1 0.3]
115.216713,43,1543.943273,0.22047165966698187,True,False,[0.5 0.1 0.3]
402.402239,100,1544.167321,0.15602918795139903,False,False,[0.5 0.1 0.3]
443.615084,100,1544.38582,0.16994946978463427,False,False,[0.5 0.1 0.3]
472.437243,100,1544.597835,0.051085802592921545,False,False,[0.5 0.1 0.3]
530.331087,100,1544.820127,0.10624207127675832,False,False,[0.5 0.1 0.3]
551.452212,100,1545.044957,0.1299801025183177,False,False,[0.5 0.1 0.3]
467.631126,100,1545.271731,0.11330055792303859,False,False,[0.5 0.1 0.3]
412.034899,100,1545.977958,0.07676064775375269,False,False,[0.5 0.1 0.3]
583.194071,100,1546.198365,0.0548857637230558,False,False,[0.5 0.1 0.3]
575.888821,100,1546.414231,0.14223299784816248,False,False,[0.5 0.1 0.3]
559.787316,100,1546.629098,0.18525758144195384,False,False,[0.5 0.1 0.3]
489.737026,100,1546.849034,0.10188045751742361,False,False,[0.5 0.1 0.3]
526.709145,100,1547.072914,0.12698682110185056,False,False,[0.5 0.1 0.3]
456.032631,100,1547.327511,0.18471205364686716,False,False,[0.5 0.1 0.3]
517.610046,100,1547.547531,0.14718473341488297,False,False,[0.5 0.1 0.3]
477.711726,100,1547.850955,0.22865101039908373,False,False,[0.5 0.1 0.3]
496.813137,100,1548.072395,0.17713275855156357,False,False,[0.5 0.1 0.3]
470.482896,100,1548.303482,0.15772862208225769,False,False,[0.5 0.1 0.3]
494.196565,100,1548.639872,0.11296054201571147,False,False,[0.5 0.1 0.3]
448.159906,100,1548.858455,0.23823000148273507,False,False,[0.5 0.1 0.3]
542.050199,100,1549.069527,0.1333256656501906,False,False,[0.5 0.1 0.3]
510.673898,100,1549.291958,0.15224813820118577,False,False,[0.5 0.1 0.3]
499.339993,100,1549.512401,0.20864279198399857,False,False,[0.5 0.1 0.3]
311.836546,97,1549.733698,0.24377836940035144,True,False,[0.5 0.1 0.3]
430.793199,100,1549.983149,0.13982387628246976,False,False,[0.5 0.1 0.3]
461.280899,100,1550.199115,0.09039256043245755,False,False,[0.5 0.1 0.3]
542.148505,100,1550.41737,0.2220927865046175,False,False,[0.5 0.1 0.3]
542.197581,100,1551.096008,0.1093507645103344,False,False,[0.5 0.1 0.3]
369.000306,100,1551.314691,0.18938001917892044,False,False,[0.5 0.1 0.3]
574.955908,100,1551.558516,0.14897299200942551,False,False,[0.5 0.1 0.3]
503.187523,100,1551.784068,0.10791368122444417,False,False,[0.5 0.1 0.3]
416.145465,100,1552.006386,0.28603830626588905,False,False,[0.5 0.1 0.3]
413.893864,100,1552.225511,0.23464794531345617,False,False,[0.5 0.1 0.3]
531.385943,100,1552.445574,0.25803372760163445,False,False,[0.5 0.1 0.3]
516.353514,100,1552.668458,0.16189987409478387,False,False,[0.5 0.1 0.3]
418.545746,100,1552.917538,0.2271893963828479,False,False,[0.5 0.1 0.3]
504.351584,100,1553.136145,0.12344316277849911,False,False,[0.5 0.1 0.3]
440.281825,100,1553.362463,0.15667263034452558,False,False,[0.5 0.1 0.3]
401.17735,100,1553.578279,0.14763954492624026,False,False,[0.5 0.1 0.3]
491.529637,100,1553.802932,0.06554121828197526,False,False,[0.5 0.1 0.3]
481.75313,100,1554.04219,0.14099603600771443,False,False,[0.5 0.1 0.3]
507.741368,100,1554.299817,0.07663150273182062,False,False,[0.5 0.1 0.3]
431.122392,100,1554.524603,0.16949342223240124,False,False,[0.5 0.1 0.3]
504.238202,100,1554.743715,0.19007808443149912,False,False,[0.5 0.1 0.3]
139.523075,51,1554.915731,0.20064496891319236,True,False,[0.5 0.1 0.3]
544.04948,100,1555.13639,0.1095420640311671,False,False,[0.5 0.1 0.3]
477.126824,100,1555.358572,0.09671672967428195,False,False,[0.5 0.1 0.3]
528.364404,100,1555.60046,0.09255427289839224,False,False,[0.5 0.1 0.3]
538.572352,100,1556.278507,0.14568800155005793,False,False,[0.5 0.1 0.3]
537.195314,100,1556.499039,0.07174735826386684,False,False,[0.5 0.1 0.3]
545.958283,100,1556.721713,0.09388669875538715,False,False,[0.5 0.1 0.3]
481.612892,100,1556.943439,0.12063507397565074,False,False,[0.5 0.1 0.3]
485.623029,100,1557.16098,0.11557463429575189,False,False,[0.5 0.1 0.3]
388.53308,100,1557.391482,0.2730119125756393,False,False,[0.5 0.1 0.3]
584.447341,100,1557.632584,0.06642825074225732,False,False,[0.5 0.1 0.3]
480.559727,100,1557.847954,0.14400137162203736,False,False,[0.5 0.1 0.3]
532.130262,100,1558.063168,0.05911314300857396,False,False,[0.5 0.1 0.3]
536.072134,100,1558.296329,0.04437986610878007,False,False,[0.5 0.1 0.3]
531.270411,100,1558.521877,0.10912131487661414,False,False,[0.5 0.1 0.3]
464.2954,100,1558.755334,0.133169190978269,False,False,[0.5 0.1 0.3]
472.337327,100,1558.970795,0.17811171859899597,False,False,[0.5 0.1 0.3]
595.907412,100,1559.18971,0.09941988076406397,False,False,[0.5 0.1 0.3]
455.918217,100,1559.408611,0.059407600096650165,False,False,[0.5 0.1 0.3]
406.09044,100,1559.634253,0.20725140383137808,False,False,[0.5 0.1 0.3]
508.130229,100,1559.853492,0.06478577808399857,False,False,[0.5 0.1 0.3]
452.254173,100,1560.072976,0.24051543815093612,False,False,[0.5 0.1 0.3]
513.928731,100,1560.315465,0.03190909394963194,False,False,[0.5 0.1 0.3]
431.774315,100,1560.541807,0.29275022634154707,False,False,[0.5 0.1 0.3]
582.369109,100,1560.760216,0.10009420807598496,False,False,[0.5 0.1 0.3]
435.929231,100,1561.446706,0.1707823978612294,False,False,[0.5 0.1 0.3]
558.756209,100,1561.662491,0.11723941221720552,False,False,[0.5 0.1 0.3]
85.979983,85,1561.871852,0.6046142152959826,True,False,[0.5 0.1 0.3]
477.077508,100,1562.115537,0.17464530021086205,False,False,[0.5 0.1 0.3]
445.068753,100,1562.326177,0.17124269190080235,False,False,[0.5 0.1 0.3]
402.764115,100,1562.550011,0.12429311333741133,False,False,[0.5 0.1 0.3]
573.232522,100,1562.772823,0.10427624524083211,False,False,[0.5 0.1 0.3]
454.841631,100,1562.991111,0.10983756622349856,False,False,[0.5 0.1 0.3]
437.523637,100,1563.210786,0.28087334778533857,False,False,[0.5 0.1 0.3]
455.666932,100,1563.460191,0.10253668276537142,False,False,[0.5 0.1 0.3]
433.823817,100,1563.677111,0.27838771884988006,False,False,[0.5 0.1 0.3]
503.682691,100,1563.900377,0.11000405136937698,False,False,[0.5 0.1 0.3]
534.707764,100,1564.12661,0.1391513820668651,False,False,[0.5 0.1 0.3]
428.874715,100,1564.333872,0.15413343731786192,False,False,[0.5 0.1 0.3]
523.798788,100,1564.554388,0.06598835506117895,False,False,[0.5 0.1 0.3]
470.858224,100,1564.802606,0.25912350235270565,False,False,[0.5 0.1 0.3]
488.361814,100,1565.025673,0.14765108111024533,False,False,[0.5 0.1 0.3]
534.98163,100,1565.243926,0.10092708902903592,False,False,[0.5 0.1 0.3]
560.034401,100,1565.472527,0.05607657815199582,False,False,[0.5 0.1 0.3]
503.903176,100,1565.68945,0.12319962533080224,False,False,[0.5 0.1 0.3]
380.712069,100,1566.361881,0.32750274583010947,False,False,[0.5 0.1 0.3]
553.684081,100,1566.609176,0.0580610340900197,False,False,[0.5 0.1 0.3]
573.608669,100,1566.82427,0.0951426963066732,False,False,[0.5 0.1 0.3]
524.046864,100,1567.041293,0.05344496608748644,False,False,[0.5 0.1 0.3]
514.669212,100,1567.274119,0.15594959646439976,False,False,[0.5 0.1 0.3]
470.206959,100,1567.501832,0.08884473774423986,False,False,[0.5 0.1 0.3]
440.80063,100,1567.724714,0.21562867587966553,False,False,[0.5 0.1 0.3]
407.431517,100,1567.982143,0.29395151685098714,False,False,[0.5 0.1 0.3]
433.998441,100,1568.199829,0.17497080645233343,False,False,[0.5 0.1 0.3]
530.081124,100,1568.409883,0.09657185121621918,False,False,[0.5 0.1 0.3]
521.830558,100,1568.719211,0.08086456292732647,False,False,[0.5 0.1 0.3]
460.476862,100,1568.943893,0.1873523678568415,False,False,[0.5 0.1 0.3]
499.119396,100,1569.166786,0.12076862878047433,False,False,[0.5 0.1 0.3]
529.856243,100,1569.422854,0.12839421509367135,False,False,[0.5 0.1 0.3]
443.495754,100,1569.641755,0.10809570819023813,False,False,[0.5 0.1 0.3]
502.305969,100,1569.862186,0.0539347072124162,False,False,[0.5 0.1 0.3]
518.848207,100,1570.079158,0.059437203289423084,False,False,[0.5 0.1 0.3]
412.605332,100,1570.304292,0.14787454297061986,False,False,[0.5 0.1 0.3]
464.878712,100,1570.533052,0.04732844448830321,False,False,[0.5 0.1 0.3]
504.747211,100,1570.772775,0.03347518005349179,False,False,[0.5 0.1 0.3]
522.159071,100,1570.987585,0.10467475690384538,False,False,[0.5 0.1 0.3]
488.098612,100,1571.659273,0.18967473896035325,False,False,[0.5 0.1 0.3]
603.258654,100,1571.879243,0.1470147257211405,False,False,[0.5 0.1 0.3]
445.027323,100,1572.105483,0.12446567957734656,False,False,[0.5 0.1 0.3]
471.253613,100,1572.326968,0.1868890902472959,False,False,[0.5 0.1 0.3]
538.049446,100,1572.577448,0.11844125767419716,False,False,[0.5 0.1 0.3]
555.694491,100,1572.798694,0.172019532052224,False,False,[0.5 0.1 0.3]
439.518553,100,1573.013968,0.12348340913484544,False,False,[0.5 0.1 0.3]
635.735324,100,1573.238414,0.1398488614487787,False,False,[0.5 0.1 0.3]
580.244896,100,1573.460564,0.07282540363018722,False,False,[0.5 0.1 0.3]
550.473285,100,1573.679605,0.14742566038332208,False,False,[0.5 0.1 0.3]
160.409306,100,1573.922267,0.9229130611772787,False,False,[0.5 0.1 0.3]
479.055314,100,1574.143642,0.11696602258039152,False,False,[0.5 0.1 0.3]
600.133086,100,1574.363581,0.06262239945203528,False,False,[0.5 0.1 0.3]
420.408283,100,1574.581343,0.22354655319136094,False,False,[0.5 0.1 0.3]
492.698899,100,1574.800819,0.24938291862751652,False,False,[0.5 0.1 0.3]
457.753163,100,1575.017399,0.1776082426392176,False,False,[0.5 0.1 0.3]
535.582565,100,1575.3196,0.14598066068609197,False,False,[0.5 0.1 0.3]
499.725095,100,1575.544413,0.07577690924835495,False,False,[0.5 0.1 0.3]
539.097154,100,1575.759652,0.12779393588255514,False,False,[0.5 0.1 0.3]
494.576357,100,1575.978738,0.15746901487385748,False,False,[0.5 0.1 0.3]
510.655839,100,1576.656714,0.11745969073470998,False,False,[0.5 0.1 0.3]
534.682971,100,1576.872802,0.12490724507017019,False,False,[0.5 0.1 0.3]
459.909591,100,1577.127875,0.11116502417732142,False,False,[0.5 0.1 0.3]
161.874632,100,1577.344868,0.8533711321516001,False,False,[0.5 0.1 0.3]
491.347514,100,1577.565814,0.05485577494185754,False,False,[0.5 0.1 0.3]
561.586214,100,1577.792822,0.09391872539719831,False,False,[0.5 0.1 0.3]
470.102139,100,1578.014902,0.14919747335958208,False,False,[0.5 0.1 0.3]
432.733461,100,1578.236499,0.1602069576751041,False,False,[0.5 0.1 0.3]
517.357116,100,1578.502253,0.1893115330208454,False,False,[0.5 0.1 0.3]
578.175951,100,1578.720818,0.14592687699279772,False,False,[0.5 0.1 0.3]
518.471724,100,1578.951527,0.08262548200611812,False,False,[0.5 0.1 0.3]
473.107477,100,1579.165751,0.05726476464003902,False,False,[0.5 0.1 0.3]
360.743991,100,1579.385642,0.17680008177794146,False,False,[0.5 0.1 0.3]
517.477316,100,1579.609722,0.10317923792450283,False,False,[0.5 0.1 0.3]
482.974431,100,1579.852358,0.08944500687516356,False,False,[0.5 0.1 0.3]
476.376176,100,1580.073621,0.15089731460397612,False,False,[0.5 0.1 0.3]
205.220227,100,1580.310477,0.8082488120892835,False,False,[0.5 0.1 0.3]
560.16579,100,1580.544211,0.0640982008228735,False,False,[0.5 0.1 0.3]
464.854491,100,1580.768539,0.19949469665101952,False,False,[0.5 0.1 0.3]
510.454104,100,1580.980155,0.18401931645159472,False,False,[0.5 0.1 0.3]
435.785383,100,1581.23202,0.1728058430006749,False,False,[0.5 0.1 0.3]
449.620164,100,1581.923309,0.19790607746292496,False,False,[0.5 0.1 0.3]
463.62363,100,1582.145042,0.1256364303829707,False,False,[0.5 0.1 0.3]
450.371632,100,1582.357921,0.1572676881559689,False,False,[0.5 0.1 0.3]
474.060454,100,1582.589352,0.04745556765042207,False,False,[0.5 0.1 0.3]
548.568714,100,1582.802385,0.0887802049383493,False,False,[0.5 0.1 0.3]
461.483617,100,1583.057209,0.26390236081282736,False,False,[0.5 0.1 0.3]
470.299856,100,1583.283349,0.14389002451267452,False,False,[0.5 0.1 0.3]
472.491971,100,1583.512016,0.09427792334337572,False,False,[0.5 0.1 0.3]
463.642879,100,1583.729031,0.24868289570483604,False,False,[0.5 0.1 0.3]
601.877611,100,1583.944987,0.028927883776208984,False,False,[0.5 0.1 0.3]
463.652414,100,1584.164257,0.16542737972554386,False,False,[0.5 0.1 0.3]
491.208142,100,1584.386685,0.2866095361429182,False,False,[0.5 0.1 0.3]
519.095148,100,1584.612453,0.09649219719915883,False,False,[0.5 0.1 0.3]
496.860126,100,1584.854647,0.08356384973755691,False,False,[0.5 0.1 0.3]
493.421991,100,1585.07179,0.15254509162878466,False,False,[0.5 0.1 0.3]
510.023761,100,1585.30408,0.08713464276874978,False,False,[0.5 0.1 0.3]
380.986754,100,1585.527404,0.39899862908253864,False,False,[0.5 0.1 0.3]
523.872458,100,1585.756238,0.06724444216508743,False,False,[0.5 0.1 0.3]
485.218701,100,1585.975261,0.06667435736559055,False,False,[0.5 0.1 0.3]
528.093348,100,1586.23355,0.13491647342635923,False,False,[0.5 0.1 0.3]
442.728144,100,1586.921908,0.07424010795388913,False,False,[0.5 0.1 0.3]
507.42552,100,1587.140699,0.08188574456468824,False,False,[0.5 0.1 0.3]
517.254243,100,1587.359842,0.07178765312892474,False,False,[0.5 0.1 0.3]
453.140134,100,1587.577161,0.20847800037173667,False,False,[0.5 0.1 0.3]
487.814479,100,1587.799235,0.07433366825637591,False,False,[0.5 0.1 0.3]
525.756067,100,1588.045677,0.13861592401090972,False,False,[0.5 0.1 0.3]
519.293508,100,1588.273913,0.05938953047523785,False,False,[0.5 0.1 0.3]
414.632064,100,1588.492829,0.3084007321273301,False,False,[0.5 0.1 0.3]
763.006972,100,1588.802679,0.01403628096961188,False,False,[0.5 0.1 0.3]
501.363962,100,1589.018888,0.07314213941546603,False,False,[0.5 0.1 0.3]
525.176231,100,1589.243898,0.17808191817537886,False,False,[0.5 0.1 0.3]
493.190135,100,1589.492856,0.1534343360237197,False,False,[0.5 0.1 0.3]
454.485711,100,1589.7141,0.26337538825099227,False,False,[0.5 0.1 0.3]
492.002939,100,1589.936046,0.12938110661499286,False,False,[0.5 0.1 0.3]
553.656467,100,1590.160524,0.13955970268324985,False,False,[0.5 0.1 0.3]
520.419042,100,1590.382337,0.03002024698022132,False,False,[0.5 0.1 0.3]
426.148136,100,1590.593033,0.1387950913552036,False,False,[0.5 0.1 0.3]
542.455336,100,1590.895906,0.14159446690902636,False,False,[0.5 0.1 0.3]
462.425313,100,1591.142485,0.10051795679327424,False,False,[0.5 0.1 0.3]
590.026188,100,1591.363088,0.0520542131517037,False,False,[0.5 0.1 0.3]
535.164096,100,1591.584897,0.15963191904459154,False,False,[0.5 0.1 0.3]
488.619102,100,1592.269505,0.15253475404685907,False,False,[0.5 0.1 0.3]
576.527679,100,1592.484651,0.07368654420886267,False,False,[0.5 0.1 0.3]
493.987356,100,1592.72686,0.06133438603758663,False,False,[0.5 0.1 0.3]
523.954865,100,1592.941644,0.07374907395973392,False,False,[0.5 0.1 0.3]
492.067286,100,1593.159191,0.1240586931155582,False,False,[0.5 0.1 0.3]
599.919664,100,1593.381302,0.07956832923406976,False,False,[0.5 0.1 0.3]
543.718707,100,1593.604841,0.09081056837836449,False,False,[0.5 0.1 0.3]
496.551717,100,1593.829188,0.10789135897901302,False,False,[0.5 0.1 0.3]
495.428768,100,1594.079672,0.12173332378703579,False,False,[0.5 0.1 0.3]
42.662529,29,1594.221799,0.38471335166353904,True,False,[0.5 0.1 0.3]
587.586045,100,1594.438464,0.06882822570084149,False,False,[0.5 0.1 0.3]
510.323789,100,1594.668566,0.08716392886634756,False,False,[0.5 0.1 0.3]
506.870195,100,1594.889253,0.13094336650027233,False,False,[0.5 0.1 0.3]
321.318745,93,1595.101135,0.24692273344188162,True,False,[0.5 0.1 0.3]
516.15204,100,1595.324776,0.1270561464817102,False,False,[0.5 0.1 0.3]
503.509292,100,1595.575067,0.14077659820805022,False,False,[0.5 0.1 0.3]
542.733898,100,1595.805665,0.11575604228767185,False,False,[0.5 0.1 0.3]
78.174576,41,1595.960185,0.23313073600564027,True,False,[0.5 0.1 0.3]
571.813775,100,1596.184064,0.03245092993237965,False,False,[0.5 0.1 0.3]
487.40566,100,1596.400384,0.1172349767369908,False,False,[0.5 0.1 0.3]
435.499411,100,1596.622649,0.20795707756614706,False,False,[0.5 0.1 0.3]
557.318518,100,1596.874075,0.06462274856754212,False,False,[0.5 0.1 0.3]
431.096194,100,1597.556455,0.23441798171988473,False,False,[0.5 0.1 0.3]
458.996266,100,1597.788941,0.125503805749093,False,False,[0.5 0.1 0.3]
725.1703,100,1598.010113,0.20720966892779596,False,False,[0.5 0.1 0.3]
475.240132,100,1598.242143,0.1631704938548023,False,False,[0.5 0.1 0.3]
494.088844,100,1598.459793,0.12303972573754664,False,False,[0.5 0.1 0.3]
226.335494,71,1598.676428,0.27852628875535274,True,False,[0.5 0.1 0.3]
431.846446,100,1598.895155,0.23496594703628368,False,False,[0.5 0.1 0.3]
505.459948,100,1599.207045,0.06810983796261835,False,False,[0.5 0.1 0.3]
456.990022,100,1599.426838,0.07973139918233188,False,False,[0.5 0.1 0.3]
585.789218,100,1599.644348,0.08638388862293689,False,False,[0.5 0.1 0.3]
557.695698,100,1599.870702,0.1267124321359075,False,False,[0.5 0.1 0.3]
562.109845,100,1600.118554,0.11033505133829914,False,False,[0.5 0.1 0.3]
483.069577,100,1600.34221,0.07247425061041889,False,False,[0.5 0.1 0.3]
463.541041,100,1600.554732,0.24454524939808592,False,False,[0.5 0.1 0.3]
541.632902,100,1600.780372,0.1059405979573374,False,False,[0.5 0.1 0.3]
540.732567,100,1600.999837,0.2031067177237769,False,False,[0.5 0.1 0.3]
464.10204,100,1601.224099,0.10772499601400676,False,False,[0.5 0.1 0.3]
606.350199,100,1601.463022,0.0718018983012205,False,False,[0.5 0.1 0.3]
768.593907,100,1601.679171,0.10840488681958382,False,False,[0.5 0.1 0.3]
450.385419,100,1601.900731,0.142564206659798,False,False,[0.5 0.1 0.3]
490.289418,100,1602.12693,0.09424961192740004,False,False,[0.5 0.1 0.3]
459.124304,100,1602.798981,0.13448401952428374,False,False,[0.5 0.1 0.3]
525.374194,100,1603.010955,0.11506194825247332,False,False,[0.5 0.1 0.3]
491.89652,100,1603.268116,0.12408843881936997,False,False,[0.5 0.1 0.3]
419.423948,100,1603.490769,0.2234786823273342,False,False,[0.5 0.1 0.3]
401.557658,100,1603.715104,0.2830362113277911,False,False,[0.5 0.1 0.3]
382.610509,100,1603.948343,0.2603030936719098,False,False,[0.5 0.1 0.3]
497.555663,100,1604.166871,0.08427337754477496,False,False,[0.5 0.1 0.3]
551.09967,100,1604.380314,0.02327459525534834,False,False,[0.5 0.1 0.3]
405.647153,100,1604.618046,0.22897732004442553,False,False,[0.5 0.1 0.3]
471.57221,100,1604.841074,0.15884269723353087,False,False,[0.5 0.1 0.3]
502.807383,100,1605.061179,0.02424762962757918,False,False,[0.5 0.1 0.3]
431.168935,100,1605.279342,0.10574818950473235,False,False,[0.5 0.1 0.3]
544.199937,100,1605.496676,0.09521493890440166,False,False,[0.5 0.1 0.3]
593.380981,100,1605.715219,0.0805817842823973,False,False,[0.5 0.1 0.3]
504.573502,100,1605.966955,0.050924220109427334,False,False,[0.5 0.1 0.3]
493.736285,100,1606.186311,0.12992424687239568,False,False,[0.5 0.1 0.3]
460.165206,100,1606.400385,0.11106602880504914,False,False,[0.5 0.1 0.3]
431.217911,100,1606.617138,0.1780354371464992,False,False,[0.5 0.1 0.3]
437.252229,100,1606.842185,0.23439499206674327,False,False,[0.5 0.1 0.3]
600.394098,100,1607.060862,0.10901753906594452,False,False,[0.5 0.1 0.3]
435.721165,100,1607.775428,0.14382631535494686,False,False,[0.5 0.1 0.3]
600.084646,100,1607.993507,0.09076893275460016,False,False,[0.5 0.1 0.3]
494.010334,100,1608.218564,0.16663061659256606,False,False,[0.5 0.1 0.3]
465.591432,100,1608.453031,0.18195811390278258,False,False,[0.5 0.1 0.3]
467.926122,100,1608.679394,0.14886584480304996,False,False,[0.5 0.1 0.3]
416.412075,100,1608.90549,0.2151736007385946,False,False,[0.5 0.1 0.3]
569.066317,100,1609.160417,0.12313012305252452,False,False,[0.5 0.1 0.3]
504.503848,100,1609.37276,0.08580220052734763,False,False,[0.5 0.1 0.3]
520.570133,100,1609.585648,0.07963727069387865,False,False,[0.5 0.1 0.3]
499.235708,100,1609.802019,0.11391219488393099,False,False,[0.5 0.1 0.3]
531.440255,100,1610.024401,0.1254169303332123,False,False,[0.5 0.1 0.3]
452.733861,100,1610.245119,0.1862074071118575,False,False,[0.5 0.1 0.3]
511.088869,100,1610.46256,0.061614901424785436,False,False,[0.5 0.1 0.3]
482.680103,100,1610.683747,0.17872047630990553,False,False,[0.5 0.1 0.3]
606.035397,100,1610.905442,0.11562591965336164,False,False,[0.5 0.1 0.3]
490.737823,100,1611.126167,0.09023106019739165,False,False,[0.5 0.1 0.3]
483.493803,100,1611.342189,0.13441613004724884,False,False,[0.5 0.1 0.3]
471.296063,100,1611.549908,0.11662350336973626,False,False,[0.5 0.1 0.3]
543.232806,100,1611.79877,0.14865654298840308,False,False,[0.5 0.1 0.3]
495.001196,100,1612.019378,0.15475418225492582,False,False,[0.5 0.1 0.3]
516.363523,100,1612.706024,0.10693225278354473,False,False,[0.5 0.1 0.3]
504.864683,100,1612.918937,0.13804508811458102,False,False,[0.5 0.1 0.3]
516.731393,100,1613.139089,0.21124758460358273,False,False,[0.5 0.1 0.3]
486.657575,100,1613.361287,0.12478090924562618,False,False,[0.5 0.1 0.3]
38.989395,29,1613.50576,0.2868350149149854,True,False,[0.5 0.1 0.3]
432.121435,100,1613.720141,0.13304314716527135,False,False,[0.5 0.1 0.3]
529.326769,100,1613.938204,0.09686935203662686,False,False,[0.5 0.1 0.3]
498.738939,100,1614.155089,0.08318496761749147,False,False,[0.5 0.1 0.3]
459.838837,100,1614.372109,0.11390495262382937,False,False,[0.5 0.1 0.3]
580.662801,100,1614.592155,0.07607183416208264,False,False,[0.5 0.1 0.3]
444.981413,100,1614.834228,0.15703599635600785,False,False,[0.5 0.1 0.3]
549.406344,100,1615.058522,0.12751448545489072,False,False,[0.5 0.1 0.3]
426.028598,100,1615.279433,0.21426899270414954,False,False,[0.5 0.1 0.3]
701.531095,100,1615.502213,0.18032153795755887,False,False,[0.5 0.1 0.3]
556.783116,100,1615.716859,0.039679688120108865,False,False,[0.5 0.1 0.3]
490.537676,100,1615.932918,0.05468135812651881,False,False,[0.5 0.1 0.3]
462.23685,100,1616.188987,0.12712658929447188,False,False,[0.5 0.1 0.3]
447.148816,100,1616.412402,0.2096304228139859,False,False,[0.5 0.1 0.3]
529.512642,100,1616.629204,0.19302220656835212,False,False,[0.5 0.1 0.3]
568.617261,100,1616.84575,0.10808546032675237,False,False,[0.5 0.1 0.3]
557.275905,100,1617.076095,0.13141477971431623,False,False,[0.5 0.1 0.3]
558.126358,100,1617.296612,0.07722468397510793,False,False,[0.5 0.1 0.3]
561.748278,100,1617.98425,0.089440797520256,False,False,[0.5 0.1 0.3]
477.631878,100,1618.211418,0.178069355028366,False,False,[0.5 0.1 0.3]
523.80985,100,1618.435712,0.11671183406378896,False,False,[0.5 0.1 0.3]
518.157315,100,1618.661713,0.03869811488385764,False,False,[0.5 0.1 0.3]
456.484202,100,1618.87897,0.16755163396913703,False,False,[0.5 0.1 0.3]
549.18472,100,1619.195033,0.08884749021203263,False,False,[0.5 0.1 0.3]
417.101074,100,1619.442763,0.2168114794076716,False,False,[0.5 0.1 0.3]
496.140721,100,1619.666844,0.1914849257092562,False,False,[0.5 0.1 0.3]
419.687031,100,1619.894327,0.12278133982857276,False,False,[0.5 0.1 0.3]
539.920771,100,1620.12211,0.13132196492945217,False,False,[0.5 0.1 0.3]
520.706738,100,1620.346911,0.181219008797945,False,False,[0.5 0.1 0.3]
461.159648,100,1620.569389,0.14998778698415915,False,False,[0.5 0.1 0.3]
474.734719,100,1620.817329,0.2252996970170451,False,False,[0.5 0.1 0.3]
436.576809,100,1621.034428,0.23855359536585052,False,False,[0.5 0.1 0.3]
499.087122,100,1621.259701,0.09092062298920861,False,False,[0.5 0.1 0.3]
550.802637,100,1621.479935,0.11335980376358741,False,False,[0.5 0.1 0.3]
469.8625,100,1621.705888,0.1340707459131622,False,False,[0.5 0.1 0.3]
597.968347,100,1621.927167,0.08729916094872754,False,False,[0.5 0.1 0.3]
570.088179,100,1622.173343,0.1231226746215758,False,False,[0.5 0.1 0.3]
510.243592,100,1622.3896,0.11659778288740939,False,False,[0.5 0.1 0.3]
581.909055,100,1623.072617,0.09711894836633493,False,False,[0.5 0.1 0.3]
475.057246,100,1623.299319,0.1457245634411019,False,False,[0.5 0.1 0.3]
528.51627,100,1623.518409,0.07884131861612924,False,False,[0.5 0.1 0.3]
472.274477,100,1623.768751,0.18904142776526917,False,False,[0.5 0.1 0.3]
706.151296,100,1623.990276,0.0662465002772841,False,False,[0.5 0.1 0.3]
499.222643,100,1624.222303,0.1925860491054359,False,False,[0.5 0.1 0.3]
554.145195,100,1624.454022,0.0503979241885504,False,False,[0.5 0.1 0.3]
562.620465,100,1624.670511,0.05641836633747411,False,False,[0.5 0.1 0.3]
545.15624,100,1624.886366,0.10130575873734628,False,False,[0.5 0.1 0.3]
542.568522,100,1625.13605,0.054286531500523885,False,False,[0.5 0.1 0.3]
451.286478,100,1625.358069,0.2267840473946179,False,False,[0.5 0.1 0.3]
516.239237,100,1625.576309,0.15418264132418166,False,False,[0.5 0.1 0.3]
432.150148,100,1625.800256,0.24465697513225293,False,False,[0.5 0.1 0.3]
494.624194,100,1626.026119,0.16094397693094925,False,False,[0.5 0.1 0.3]
487.28831,100,1626.257013,0.04317712393393708,False,False,[0.5 0.1 0.3]
444.081007,100,1626.504469,0.13530639292701302,False,False,[0.5 0.1 0.3]
530.229245,100,1626.735477,0.06680820089715939,False,False,[0.5 0.1 0.3]
541.779036,100,1626.951077,0.07502873056926933,False,False,[0.5 0.1 0.3]
504.764264,100,1627.175876,0.08696514238580999,False,False,[0.5 0.1 0.3]
482.156327,100,1627.404134,0.08617960715760406,False,False,[0.5 0.1 0.3]
540.252335,100,1627.621339,0.07567064978247898,False,False,[0.5 0.1 0.3]
529.745902,100,1628.314812,0.14627375816778035,False,False,[0.5 0.1 0.3]
539.066731,100,1628.531357,0.11804501440122735,False,False,[0.5 0.1 0.3]
521.135697,100,1628.754578,0.13797671033164172,False,False,[0.5 0.1 0.3]
500.94334,100,1628.968331,0.24228761129703594,False,False,[0.5 0.1 0.3]
166.674814,100,1629.215773,0.891020860093786,False,False,[0.5 0.1 0.3]
519.932935,100,1629.433947,0.1557711757086706,False,False,[0.5 0.1 0.3]
561.592351,100,1629.677744,0.06569801809368901,False,False,[0.5 0.1 0.3]
525.951307,100,1629.896157,0.08616207683028826,False,False,[0.5 0.1 0.3]
485.718446,100,1630.105891,0.157743040469263,False,False,[0.5 0.1 0.3]
494.398792,100,1630.336261,0.13009552576613947,False,False,[0.5 0.1 0.3]
443.179716,100,1630.554245,0.22790537927420762,False,False,[0.5 0.1 0.3]
490.028909,100,1630.770959,0.24292323850672018,False,False,[0.5 0.1 0.3]
381.75876,100,1631.018763,0.1812419998666484,False,False,[0.5 0.1 0.3]
440.983969,100,1631.325721,0.16747830913048167,False,False,[0.5 0.1 0.3]
542.391795,100,1631.631145,0.08657388600407587,False,False,[0.5 0.1 0.3]
500.610841,100,1631.851795,0.13031272947988062,False,False,[0.5 0.1 0.3]
601.351061,100,1632.070655,0.07519118929614858,False,False,[0.5 0.1 0.3]
546.892333,100,1632.297956,0.1645131311406113,False,False,[0.5 0.1 0.3]
518.786079,100,1632.537306,0.07648499024285241,False,False,[0.5 0.1 0.3]
555.87819,100,1632.767754,0.15698674663993273,False,False,[0.5 0.1 0.3]
503.796788,100,1633.446515,0.13172457452641825,False,False,[0.5 0.1 0.3]
502.555056,100,1633.665337,0.17791348212315933,False,False,[0.5 0.1 0.3]
554.096628,100,1633.883949,0.134469950369147,False,False,[0.5 0.1 0.3]
483.024316,100,1634.106976,0.1227415640475125,False,False,[0.5 0.1 0.3]
440.266356,100,1634.369226,0.2485481233506933,False,False,[0.5 0.1 0.3]
551.07904,100,1634.593659,0.10585758581125647,False,False,[0.5 0.1 0.3]
473.405477,100,1634.809554,0.25166879028549793,False,False,[0.5 0.1 0.3]
531.05166,100,1635.021964,0.14254410850617683,False,False,[0.5 0.1 0.3]
525.900561,100,1635.250529,0.06588548119998704,False,False,[0.5 0.1 0.3]
535.151624,100,1635.469686,0.12461639009847653,False,False,[0.5 0.1 0.3]
516.516933,100,1635.702976,0.1252229514729947,False,False,[0.5 0.1 0.3]
478.005332,100,1635.918066,0.21281790895487662,False,False,[0.5 0.1 0.3]
440.394648,100,1636.138787,0.22302594933646783,False,False,[0.5 0.1 0.3]
567.376122,100,1636.44736,0.09057917414089674,False,False,[0.5 0.1 0.3]
481.879618,100,1636.6716,0.13825280480528257,False,False,[0.5 0.1 0.3]
578.658196,100,1636.922342,0.07657261875065327,False,False,[0.5 0.1 0.3]
568.702006,100,1637.136325,0.1221470723557819,False,False,[0.5 0.1 0.3]
524.807823,100,1637.362177,0.1644585589073536,False,False,[0.5 0.1 0.3]
581.472183,100,1637.584104,0.06481516523412319,False,False,[0.5 0.1 0.3]
514.864988,100,1637.807213,0.12797838353603702,False,False,[0.5 0.1 0.3]
519.431966,100,1638.024175,0.14849018323906024,False,False,[0.5 0.1 0.3]
189.708897,100,1638.68342,0.8121113506579208,False,False,[0.5 0.1 0.3]
538.207046,100,1638.932899,0.08404797119331492,False,False,[0.5 0.1 0.3]
383.972616,100,1639.1547,0.31315416421958564,False,False,[0.5 0.1 0.3]
529.040407,100,1639.462524,0.11612487778092354,False,False,[0.5 0.1 0.3]
567.898349,100,1639.686508,0.05995921093392313,False,False,[0.5 0.1 0.3]
536.014751,100,1639.907801,0.09381539176558412,False,False,[0.5 0.1 0.3]
532.013277,100,1640.127782,0.0721606396835791,False,False,[0.5 0.1 0.3]
544.61345,100,1640.381035,0.09760919372143553,False,False,[0.5 0.1 0.3]
549.79891,100,1640.596556,0.06446871624374749,False,False,[0.5 0.1 0.3]
487.583116,100,1640.822176,0.20179887817375453,False,False,[0.5 0.1 0.3]
525.414667,100,1641.047928,0.12635683243548673,False,False,[0.5 0.1 0.3]
549.359912,100,1641.266412,0.13727020849211855,False,False,[0.5 0.1 0.3]
482.434907,100,1641.492986,0.11843761929055817,False,False,[0.5 0.1 0.3]
472.799792,100,1641.741835,0.17499477962116297,False,False,[0.5 0.1 0.3]
420.900019,100,1641.953926,0.1887155340577979,False,False,[0.5 0.1 0.3]
522.944601,100,1642.173199,0.17378293845291953,False,False,[0.5 0.1 0.3]
491.139708,100,1642.400415,0.11873935018517849,False,False,[0.5 0.1 0.3]
450.545177,100,1642.612395,0.17588582413006545,False,False,[0.5 0.1 0.3]
427.082495,100,1642.828774,0.10597610612312705,False,False,[0.5 0.1 0.3]
451.875857,100,1643.077981,0.14209345592478537,False,False,[0.5 0.1 0.3]
557.543378,100,1643.77043,0.14652045725768786,False,False,[0.5 0.1 0.3]
580.641759,100,1643.986199,0.13220742009422007,False,False,[0.5 0.1 0.3]
466.428293,100,1644.211536,0.11068554196951265,False,False,[0.5 0.1 0.3]
538.390278,100,1644.436679,0.06402299907280934,False,False,[0.5 0.1 0.3]
527.593681,100,1644.650678,0.09409004101267181,False,False,[0.5 0.1 0.3]
542.008041,100,1644.913662,0.15705901726643007,False,False,[0.5 0.1 0.3]
454.959423,100,1645.134351,0.12446637761213122,False,False,[0.5 0.1 0.3]
479.060083,100,1645.36065,0.18330751200369952,False,False,[0.5 0.1 0.3]
519.098886,100,1645.584117,0.03627138962286749,False,False,[0.5 0.1 0.3]
580.813727,100,1645.808533,0.1356993081826799,False,False,[0.5 0.1 0.3]
494.436175,100,1646.033651,0.20043055222310613,False,False,[0.5 0.1 0.3]
487.481779,100,1646.266282,0.1860167701036817,False,False,[0.5 0.1 0.3]
512.6124,100,1646.493547,0.13652668816802216,False,False,[0.5 0.1 0.3]
540.28631,100,1646.721701,0.06793979865979607,False,False,[0.5 0.1 0.3]
566.902841,100,1646.938103,0.11269497244126807,False,False,[0.5 0.1 0.3]
543.187064,100,1647.155734,0.1106048677572464,False,False,[0.5 0.1 0.3]
475.685592,100,1647.371751,0.1465015679103003,False,False,[0.5 0.1 0.3]
507.575975,100,1647.600593,0.0989384310010162,False,False,[0.5 0.1 0.3]
431.828215,100,1647.823828,0.26584612613495273,False,False,[0.5 0.1 0.3]
436.777914,100,1648.054187,0.2510379428179004,False,False,[0.5 0.1 0.3]
417.496921,100,1648.273461,0.14136168950933617,False,False,[0.5 0.1 0.3]
478.640462,100,1648.960063,0.2254357508809827,False,False,[0.5 0.1 0.3]
568.275867,100,1649.164663,0.08795887818467081,False,False,[0.5 0.1 0.3]
505.897476,100,1649.392498,0.16314328648390275,False,False,[0.5 0.1 0.3]
414.517529,100,1649.629023,0.19519620749761046,False,False,[0.5 0.1 0.3]
452.055425,100,1649.853064,0.1596218911097975,False,False,[0.5 0.1 0.3]
10.872166,22,1649.99465,0.40295695228436545,True,False,[0.5 0.1 0.3]
513.573839,100,1650.218123,0.1420749839953758,False,False,[0.5 0.1 0.3]
499.370362,100,1650.439166,0.13283845245557724,False,False,[0.5 0.1 0.3]
470.440028,100,1650.657749,0.18792922841625762,False,False,[0.5 0.1 0.3]
486.997002,100,1650.882509,0.14915858354646308,False,False,[0.5 0.1 0.3]
546.699146,100,1651.126725,0.12057168272163404,False,False,[0.5 0.1 0.3]
462.339046,100,1651.344961,0.0913665623736022,False,False,[0.5 0.1 0.3]
506.291615,100,1651.573445,0.10456999851832312,False,False,[0.5 0.1 0.3]
500.52989,100,1651.886356,0.0360937770678733,False,False,[0.5 0.1 0.3]
543.519772,100,1652.100418,0.13599941875154978,False,False,[0.5 0.1 0.3]
487.799379,100,1652.324614,0.07658209678376462,False,False,[0.5 0.1 0.3]
530.726025,100,1652.578167,0.08912908241171949,False,False,[0.5 0.1 0.3]
503.399813,100,1652.789973,0.1205671357553734,False,False,[0.5 0.1 0.3]
518.746863,100,1653.008892,0.06134512894428889,False,False,[0.5 0.1 0.3]
570.584128,100,1653.237238,0.10159414996734094,False,False,[0.5 0.1 0.3]
484.558409,100,1653.45171,0.13859062800242294,False,False,[0.5 0.1 0.3]
564.102272,100,1654.127992,0.12073226548160762,False,False,[0.5 0.1 0.3]
508.99572,100,1654.356334,0.1742913719893667,False,False,[0.5 0.1 0.3]
555.208682,100,1654.586142,0.1533815691091912,False,False,[0.5 0.1 0.3]
163.573259,57,1654.773005,0.3479549175347196,True,False,[0.5 0.1 0.3]
504.341571,100,1654.997082,0.15160524933808042,False,False,[0.5 0.1 0.3]
503.375974,100,1655.224558,0.14012441378557422,False,False,[0.5 0.1 0.3]
430.353218,100,1655.485106,0.15710474878502204,False,False,[0.5 0.1 0.3]
464.50277,100,1655.701548,0.13452878369458865,False,False,[0.5 0.1 0.3]
478.134282,100,1655.921451,0.15051952727937506,False,False,[0.5 0.1 0.3]
758.317246,100,1656.142127,0.10427569107545928,False,False,[0.5 0.1 0.3]
486.586786,100,1656.356183,0.11259123686273965,False,False,[0.5 0.1 0.3]
475.780067,100,1656.579324,0.09279255802734919,False,False,[0.5 0.1 0.3]
532.451756,100,1656.821004,0.1588523158164992,False,False,[0.5 0.1 0.3]
497.704213,100,1657.050325,0.09074769337853957,False,False,[0.5 0.1 0.3]
435.574703,100,1657.27072,0.16586939409508614,False,False,[0.5 0.1 0.3]
419.333941,100,1657.491711,0.15919214765287454,False,False,[0.5 0.1 0.3]
483.835911,100,1657.701632,0.1512478796731316,False,False,[0.5 0.1 0.3]
557.661155,100,1657.925326,0.042084198594001,False,False,[0.5 0.1 0.3]
460.009825,100,1658.169694,0.14365574091570127,False,False,[0.5 0.1 0.3]
528.747807,100,1658.393288,0.1346117948220382,False,False,[0.5 0.1 0.3]
452.935423,100,1658.616903,0.08229857382547165,False,False,[0.5 0.1 0.3]
414.892675,100,1659.288775,0.2140185926962948,False,False,[0.5 0.1 0.3]
457.574877,100,1659.511127,0.14550472927698627,False,False,[0.5 0.1 0.3]
555.037283,100,1659.763249,0.17941310784356054,False,False,[0.5 0.1 0.3]
576.68054,100,1659.986717,0.10473609824618428,False,False,[0.5 0.1 0.3]
545.863738,100,1660.199124,0.13059505597757334,False,False,[0.5 0.1 0.3]
456.224535,100,1660.42099,0.018767924060574873,False,False,[0.5 0.1 0.3]
653.915091,100,1660.651741,0.24820440059579296,False,False,[0.5 0.1 0.3]
458.266249,100,1660.873224,0.2137277232396146,False,False,[0.5 0.1 0.3]
541.384311,100,1661.118693,0.04310964805928629,False,False,[0.5 0.1 0.3]
561.765867,100,1661.336245,0.07884468330289106,False,False,[0.5 0.1 0.3]
557.789813,100,1661.55854,0.11377873627621742,False,False,[0.5 0.1 0.3]
526.306919,100,1661.772631,0.14420443141590444,False,False,[0.5 0.1 0.3]
501.382795,100,1661.996588,0.05400240060710347,False,False,[0.5 0.1 0.3]
290.484399,91,1662.212542,0.3271405085760403,True,False,[0.5 0.1 0.3]
469.393651,100,1662.45531,0.12445539951133712,False,False,[0.5 0.1 0.3]
442.894709,100,1662.6791,0.15209178411114588,False,False,[0.5 0.1 0.3]
452.999441,100,1662.897366,0.15204933846689542,False,False,[0.5 0.1 0.3]
533.491613,100,1663.11624,0.06244377641386248,False,False,[0.5 0.1 0.3]
514.695354,100,1663.428569,0.09926617671788128,False,False,[0.5 0.1 0.3]
549.333344,100,1663.65202,0.07289929712492145,False,False,[0.5 0.1 0.3]
412.091051,100,1664.35891,0.1363999727219939,False,False,[0.5 0.1 0.3]
510.60719,100,1664.580068,0.2235175891347606,False,False,[0.5 0.1 0.3]
451.747878,100,1664.892157,0.2106942148064843,False,False,[0.5 0.1 0.3]
555.847931,100,1665.116887,0.02422618275640373,False,False,[0.5 0.1 0.3]
472.761079,100,1665.336199,0.19748787712713453,False,False,[0.5 0.1 0.3]
529.867568,100,1665.586785,0.07480634122683377,False,False,[0.5 0.1 0.3]
468.157541,100,1665.805693,0.11714784691372249,False,False,[0.5 0.1 0.3]
491.849183,100,1666.019523,0.10784572448824892,False,False,[0.5 0.1 0.3]
425.835761,100,1666.244571,0.22441282359034,False,False,[0.5 0.1 0.3]
514.221486,100,1666.550461,0.13359553911136224,False,False,[0.5 0.1 0.3]
516.196637,100,1666.773636,0.11149157333604798,False,False,[0.5 0.1 0.3]
540.891354,100,1667.017239,0.10384877798742145,False,False,[0.5 0.1 0.3]
559.845431,100,1667.244056,0.094937750157713,False,False,[0.5 0.1 0.3]
485.43963,100,1667.46207,0.06536949146889408,False,False,[0.5 0.1 0.3]
575.952594,100,1667.680155,0.08256153512551123,False,False,[0.5 0.1 0.3]
437.214486,100,1667.902341,0.16427716156326305,False,False,[0.5 0.1 0.3]
425.851711,100,1668.165137,0.17798910591355188,False,False,[0.5 0.1 0.3]
399.878346,100,1668.386196,0.24974151681954915,False,False,[0.5 0.1 0.3]
509.402059,100,1668.608929,0.10776759653500644,False,False,[0.5 0.1 0.3]
441.179426,100,1668.83756,0.23514886222108214,False,False,[0.5 0.1 0.3]
524.682578,100,1669.052466,0.13647999948162023,False,False,[0.5 0.1 0.3]
451.639558,100,1669.730576,0.13991730810946337,False,False,[0.5 0.1 0.3]
484.535008,100,1669.967778,0.17834678014933888,False,False,[0.5 0.1 0.3]
502.101982,100,1670.197468,0.14304828772315895,False,False,[0.5 0.1 0.3]
580.377845,100,1670.431498,0.11652853442278976,False,False,[0.5 0.1 0.3]
540.798004,100,1670.652586,0.09993367429731931,False,False,[0.5 0.1 0.3]
457.923836,100,1670.880197,0.2079215311181879,False,False,[0.5 0.1 0.3]
556.07883,100,1671.098118,0.09682955839240803,False,False,[0.5 0.1 0.3]
544.891121,100,1671.325547,0.09729576420979187,False,False,[0.5 0.1 0.3]
430.845469,100,1671.543845,0.2348554793869079,False,False,[0.5 0.1 0.3]
551.20739,100,1671.75229,0.09181084795185365,False,False,[0.5 0.1 0.3]
491.381182,100,1671.972152,0.14202491639368434,False,False,[0.5 0.1 0.3]
473.386833,100,1672.258678,0.19449517964459992,False,False,[0.5 0.1 0.3]
513.601272,100,1672.478759,0.17683441363761201,False,False,[0.5 0.1 0.3]
486.63479,100,1672.700934,0.21686216448234602,False,False,[0.5 0.1 0.3]
524.810251,100,1672.948625,0.1465081817169843,False,False,[0.5 0.1 0.3]
571.400492,100,1673.16259,0.09506402776914195,False,False,[0.5 0.1 0.3]
587.68996,100,1673.38116,0.055194556783143146,False,False,[0.5 0.1 0.3]
470.299671,100,1673.606435,0.2437711819576072,False,False,[0.5 0.1 0.3]
518.922577,100,1673.842294,0.13295544288266456,False,False,[0.5 0.1 0.3]
556.600823,100,1674.057149,0.08361116661668427,False,False,[0.5 0.1 0.3]
411.250153,100,1674.771847,0.21287819308473568,False,False,[0.5 0.1 0.3]
528.258886,100,1674.997655,0.1698727135730857,False,False,[0.5 0.1 0.3]
390.751728,100,1675.222625,0.30664299030768133,False,False,[0.5 0.1 0.3]
563.159603,100,1675.448169,0.09769987171996858,False,False,[0.5 0.1 0.3]
482.853059,100,1675.679398,0.18190911363470527,False,False,[0.5 0.1 0.3]
413.347293,100,1675.920756,0.253371970555344,False,False,[0.5 0.1 0.3]
429.104602,100,1676.134907,0.09407772376404716,False,False,[0.5 0.1 0.3]
264.569363,83,1676.343695,0.2924433845137103,True,False,[0.5 0.1 0.3]
483.663178,100,1676.55708,0.13123124709835896,False,False,[0.5 0.1 0.3]
441.807407,100,1676.776243,0.10679468496278227,False,False,[0.5 0.1 0.3]
469.082994,100,1676.999897,0.09367687278203658,False,False,[0.5 0.1 0.3]
420.765219,100,1677.249118,0.15727491432752685,False,False,[0.5 0.1 0.3]
544.621371,100,1677.478994,0.1397821796382205,False,False,[0.5 0.1 0.3]
492.298394,100,1677.707588,0.08292841627208407,False,False,[0.5 0.1 0.3]
303.770282,87,1677.922704,0.26144037540916126,True,False,[0.5 0.1 0.3]
497.428326,100,1678.142056,0.09715360163329474,False,False,[0.5 0.1 0.3]
536.03334,100,1678.360313,0.10764695609079745,False,False,[0.5 0.1 0.3]
475.819063,100,1678.607521,0.06277893955336582,False,False,[0.5 0.1 0.3]
502.023568,100,1678.823641,0.19990143379308356,False,False,[0.5 0.1 0.3]
540.502427,100,1679.049787,0.0998652177928998,False,False,[0.5 0.1 0.3]
455.029614,100,1679.271965,0.1676118322481775,False,False,[0.5 0.1 0.3]
414.595988,100,1679.953558,0.1287916365769333,False,False,[0.5 0.1 0.3]
494.867969,100,1680.17482,0.10649218693396696,False,False,[0.5 0.1 0.3]
486.860646,100,1680.394725,0.1840529793918058,False,False,[0.5 0.1 0.3]
578.572285,100,1680.621802,0.029895332793732354,False,False,[0.5 0.1 0.3]
462.225224,100,1680.833701,0.19601064010105393,False,False,[0.5 0.1 0.3]
492.581237,100,1681.066651,0.18655402925721368,False,False,[0.5 0.1 0.3]
462.157815,100,1681.288218,0.09801512510648287,False,False,[0.5 0.1 0.3]
538.09926,100,1681.532471,0.13280355764146437,False,False,[0.5 0.1 0.3]
484.061721,100,1681.752189,0.09828516185420286,False,False,[0.5 0.1 0.3]
470.765913,100,1681.972019,0.06356699283393472,False,False,[0.5 0.1 0.3]
560.495662,100,1682.192129,0.032813197559519794,False,False,[0.5 0.1 0.3]
546.888953,100,1682.411463,0.13521437858710428,False,False,[0.5 0.1 0.3]
552.294979,100,1682.636116,0.08498682029390231,False,False,[0.5 0.1 0.3]
459.864739,100,1682.875834,0.041007069280988684,False,False,[0.5 0.1 0.3]
488.513441,100,1683.094098,0.11528194181123456,False,False,[0.5 0.1 0.3]
508.223136,100,1683.319833,0.17528676359837222,False,False,[0.5 0.1 0.3]
489.682436,100,1683.538014,0.18414382059550866,False,False,[0.5 0.1 0.3]
607.837786,100,1683.854096,0.16644472230131435,False,False,[0.5 0.1 0.3]
442.248101,100,1684.079205,0.14218168988395838,False,False,[0.5 0.1 0.3]
464.974776,100,1684.329109,0.17453303282184535,False,False,[0.5 0.1 0.3]
552.732825,100,1684.639494,0.17496557963616707,False,False,[0.5 0.1 0.3]
572.899665,100,1685.315073,0.07382743403153731,False,False,[0.5 0.1 0.3]
419.602553,100,1685.529681,0.14744298591243102,False,False,[0.5 0.1 0.3]
477.574348,100,1685.75231,0.2009507640039489,False,False,[0.5 0.1 0.3]
502.708131,100,1685.97481,0.11039489539838286,False,False,[0.5 0.1 0.3]
537.643283,100,1686.222924,0.13651990878044828,False,False,[0.5 0.1 0.3]
525.357639,100,1686.44038,0.1389486861178319,False,False,[0.5 0.1 0.3]
453.105702,100,1686.661934,0.2244392987891549,False,False,[0.5 0.1 0.3]
509.276757,100,1686.880742,0.08879225908087005,False,False,[0.5 0.1 0.3]
519.978997,100,1687.183306,0.14960620457731172,False,False,[0.5 0.1 0.3]
531.582204,100,1687.403785,0.1690198826225073,False,False,[0.5 0.1 0.3]
464.758082,100,1687.650414,0.19466939147146117,False,False,[0.5 0.1 0.3]
462.46782,100,1687.874856,0.12669788453770975,False,False,[0.5 0.1 0.3]
512.088818,100,1688.174606,0.11757800839422425,False,False,[0.5 0.1 0.3]
478.784223,100,1688.400248,0.16029700746995745,False,False,[0.5 0.1 0.3]
513.701732,100,1688.621995,0.11013384472956968,False,False,[0.5 0.1 0.3]
491.620869,100,1688.846507,0.11693377886433942,False,False,[0.5 0.1 0.3]
515.293216,100,1689.087515,0.11549113190843308,False,False,[0.5 0.1 0.3]
563.074863,100,1689.307657,0.05150773590274922,False,False,[0.5 0.1 0.3]
155.174353,46,1689.474656,0.2288718361687655,True,False,[0.5 0.1 0.3]
450.567432,100,1689.696192,0.12319888850454869,False,False,[0.5 0.1 0.3]
434.66232,100,1689.917387,0.20614810633479602,False,False,[0.5 0.1 0.3]
559.644693,100,1690.58728,0.059079612776263515,False,False,[0.5 0.1 0.3]
599.554347,100,1690.807016,0.0683166954083842,False,False,[0.5 0.1 0.3]
441.895407,100,1691.072982,0.11383343879536165,False,False,[0.5 0.1 0.3]
442.869652,100,1691.29914,0.23545252215880255,False,False,[0.5 0.1 0.3]
482.636837,100,1691.520408,0.12366986656035385,False,False,[0.5 0.1 0.3]
440.465915,100,1691.730186,0.15115155698720212,False,False,[0.5 0.1 0.3]
507.689345,100,1691.951392,0.10546022832114628,False,False,[0.5 0.1 0.3]
468.645161,100,1692.185096,0.08961276341530908,False,False,[0.5 0.1 0.3]
432.630748,100,1692.412171,0.22737497057239794,False,False,[0.5 0.1 0.3]
506.218318,100,1692.670023,0.17057604000594437,False,False,[0.5 0.1 0.3]
538.288343,100,1692.892191,0.11750483903154901,False,False,[0.5 0.1 0.3]
495.616319,100,1693.107891,0.17779077556087888,False,False,[0.5 0.1 0.3]
478.208495,100,1693.324798,0.21350086988404793,False,False,[0.5 0.1 0.3]
441.323019,100,1693.553314,0.13124336266829675,False,False,[0.5 0.1 0.3]
482.650016,100,1693.774711,0.12494959514553088,False,False,[0.5 0.1 0.3]
462.545844,100,1693.992231,0.10626609519569952,False,False,[0.5 0.1 0.3]
568.019403,100,1694.248607,0.10411848924030799,False,False,[0.5 0.1 0.3]
565.422508,100,1694.465909,0.08446062781080588,False,False,[0.5 0.1 0.3]
503.900395,100,1694.68176,0.07931856307426766,False,False,[0.5 0.1 0.3]
443.309053,100,1694.898332,0.20542398250071334,False,False,[0.5 0.1 0.3]
405.659804,100,1695.574224,0.18675804541500762,False,False,[0.5 0.1 0.3]
532.986102,100,1695.79866,0.07332652100871327,False,False,[0.5 0.1 0.3]
451.844802,100,1696.052109,0.16033121674704207,False,False,[0.5 0.1 0.3]
515.464398,100,1696.271958,0.1581330106878312,False,False,[0.5 0.1 0.3]
508.264702,100,1696.492552,0.13911385732285542,False,False,[0.5 0.1 0.3]
462.585789,100,1696.714709,0.09966971250159792,False,False,[0.5 0.1 0.3]
571.634206,100,1696.935712,0.06678436116737117,False,False,[0.5 0.1 0.3]
511.627347,100,1697.166107,0.16286069229378694,False,False,[0.5 0.1 0.3]
496.640046,100,1697.409626,0.23835662092072582,False,False,[0.5 0.1 0.3]
497.478432,100,1697.631979,0.15027155519645843,False,False,[0.5 0.1 0.3]
462.492333,100,1697.85375,0.09954724892424294,False,False,[0.5 0.1 0.3]
540.278305,100,1698.069792,0.16550055916454035,False,False,[0.5 0.1 0.3]
547.420138,100,1698.301034,0.05465432666028548,False,False,[0.5 0.1 0.3]
536.789164,100,1698.522582,0.17707791583921395,False,False,[0.5 0.1 0.3]
418.220752,100,1698.782794,0.15038714860109573,False,False,[0.5 0.1 0.3]
452.789174,100,1699.005714,0.21645671168938838,False,False,[0.5 0.1 0.3]
516.111395,100,1699.236688,0.09493329740772305,False,False,[0.5 0.1 0.3]
535.005511,100,1699.459927,0.073979278725687,False,False,[0.5 0.1 0.3]
539.743432,100,1699.679249,0.19171152092724159,False,False,[0.5 0.1 0.3]
573.857488,100,1699.904387,0.11738014273262606,False,False,[0.5 0.1 0.3]
504.536141,100,1700.614435,0.08041093325714967,False,False,[0.5 0.1 0.3]
476.344141,100,1700.835198,0.20940495561958888,False,False,[0.5 0.1 0.3]
419.249063,100,1701.063219,0.14998373438914403,False,False,[0.5 0.1 0.3]
509.844081,100,1701.292948,0.12701376728923355,False,False,[0.5 0.1 0.3]
464.476847,100,1701.506387,0.12829761113213026,False,False,[0.5 0.1 0.3]
469.769387,100,1701.72082,0.1392769691679395,False,False,[0.5 0.1 0.3]
384.66081,100,1701.971719,0.2543065631264437,False,False,[0.5 0.1 0.3]
147.932734,100,1702.197416,0.926981591592574,False,False,[0.5 0.1 0.3]
517.567027,100,1702.419173,0.04372115947937867,False,False,[0.5 0.1 0.3]
507.884412,100,1702.634891,0.11282592597282967,False,False,[0.5 0.1 0.3]
359.684869,98,1702.863806,0.23426159929244833,True,False,[0.5 0.1 0.3]
503.601361,100,1703.089131,0.13450306387223965,False,False,[0.5 0.1 0.3]
439.063235,100,1703.346989,0.1560002753306689,False,False,[0.5 0.1 0.3]
481.668589,100,1703.574297,0.16804230511624585,False,False,[0.5 0.1 0.3]
448.162862,100,1703.788214,0.12477479559043485,False,False,[0.5 0.1 0.3]
544.189199,100,1704.012667,0.13237025520917592,False,False,[0.5 0.1 0.3]
530.030422,100,1704.243904,0.16477884836290713,False,False,[0.5 0.1 0.3]
392.605363,100,1704.466087,0.19347177986239092,False,False,[0.5 0.1 0.3]
452.881515,100,1704.719525,0.08890091121481132,False,False,[0.5 0.1 0.3]
466.949744,100,1704.941872,0.20823329269462978,False,False,[0.5 0.1 0.3]
530.299099,100,1705.157657,0.16579051441145126,False,False,[0.5 0.1 0.3]
472.092535,100,1705.846095,0.11775674429469925,False,False,[0.5 0.1 0.3]
587.654046,100,1706.075959,0.08342559262074396,False,False,[0.5 0.1 0.3]
523.161401,100,1706.305173,0.15363406984342742,False,False,[0.5 0.1 0.3]
509.548187,100,1706.534275,0.13578297950014398,False,False,[0.5 0.1 0.3]
508.876366,100,1706.75919,0.18298345156917573,False,False,[0.5 0.1 0.3]
475.003967,100,1706.976008,0.19214684680553118,False,False,[0.5 0.1 0.3]
458.884783,100,1707.199498,0.1563216252194889,False,False,[0.5 0.1 0.3]
472.845986,100,1707.527571,0.15743237890773365,False,False,[0.5 0.1 0.3]
427.288591,100,1707.759738,0.17689847436665437,False,False,[0.5 0.1 0.3]
498.664442,100,1707.977771,0.09493000992052095,False,False,[0.5 0.1 0.3]
508.06633,100,1708.232892,0.1259465647103707,False,False,[0.5 0.1 0.3]
571.524971,100,1708.469754,0.1091769030195457,False,False,[0.5 0.1 0.3]
437.642816,100,1708.684339,0.11480438908327077,False,False,[0.5 0.1 0.3]
444.424372,100,1708.901292,0.15536675645180542,False,False,[0.5 0.1 0.3]
482.718316,100,1709.116852,0.08985027688081079,False,False,[0.5 0.1 0.3]
446.231818,100,1709.346476,0.18273252204428297,False,False,[0.5 0.1 0.3]
565.851713,100,1709.559889,0.10888799780921916,False,False,[0.5 0.1 0.3]
486.050028,100,1709.809567,0.17192815090387087,False,False,[0.5 0.1 0.3]
575.630602,100,1710.027157,0.10076227427660696,False,False,[0.5 0.1 0.3]
475.409359,100,1710.253825,0.16164558020411654,False,False,[0.5 0.1 0.3]
514.631901,100,1710.938918,0.08907985990768033,False,False,[0.5 0.1 0.3]
560.498819,100,1711.156741,0.04147656118189438,False,False,[0.5 0.1 0.3]
535.510703,100,1711.386782,0.088488218991273,False,False,[0.5 0.1 0.3]
462.292318,100,1711.641747,0.17492338765188462,False,False,[0.5 0.1 0.3]
598.421353,100,1711.857544,0.1536689781393776,False,False,[0.5 0.1 0.3]
467.824417,100,1712.084189,0.12394666359563551,False,False,[0.5 0.1 0.3]
601.086951,100,1712.304048,0.10760151343317856,False,False,[0.5 0.1 0.3]
495.659311,100,1712.521365,0.18730703779727395,False,False,[0.5 0.1 0.3]
583.727474,100,1712.743027,0.0554899084805823,False,False,[0.5 0.1 0.3]
413.724799,100,1712.988687,0.19543833597843638,False,False,[0.5 0.1 0.3]
492.224592,100,1713.211185,0.08498680664917287,False,False,[0.5 0.1 0.3]
599.92195,100,1713.435602,0.08393751075553538,False,False,[0.5 0.1 0.3]
518.441936,100,1713.651758,0.08677937398055764,False,False,[0.5 0.1 0.3]
558.443172,100,1713.873834,0.1032407507513667,False,False,[0.5 0.1 0.3]
523.837937,100,1714.099726,0.12183628787423684,False,False,[0.5 0.1 0.3]
553.786913,100,1714.349692,0.14084998462281703,False,False,[0.5 0.1 0.3]
463.72499,100,1714.563623,0.18902254464055923,False,False,[0.5 0.1 0.3]
487.29636,100,1714.788911,0.1682564362636674,False,False,[0.5 0.1 0.3]
552.681426,100,1715.006829,0.12350834339638878,False,False,[0.5 0.1 0.3]
519.581436,100,1715.228744,0.10528500059331533,False,False,[0.5 0.1 0.3]
453.962925,100,1715.462691,0.1451567167003501,False,False,[0.5 0.1 0.3]
485.029881,100,1716.170579,0.14784251335307838,False,False,[0.5 0.1 0.3]
442.330309,100,1716.393777,0.2042766876157525,False,False,[0.5 0.1 0.3]
496.5473,100,1716.613225,0.2716468901559149,False,False,[0.5 0.1 0.3]
528.162678,100,1716.82736,0.12645965362905892,False,False,[0.5 0.1 0.3]
496.185823,100,1717.056237,0.1394350353351519,False,False,[0.5 0.1 0.3]
450.263465,100,1717.311746,0.207708924580237,False,False,[0.5 0.1 0.3]
578.257821,100,1717.538228,0.08966885400641905,False,False,[0.5 0.1 0.3]
438.953276,100,1717.757708,0.1557166944526463,False,False,[0.5 0.1 0.3]
559.158733,100,1717.976059,0.1230372084413564,False,False,[0.5 0.1 0.3]
490.065081,100,1718.197552,0.06187361026095677,False,False,[0.5 0.1 0.3]
547.882856,100,1718.426372,0.06649596270114687,False,False,[0.5 0.1 0.3]
27.885223,29,1718.587393,0.2595622554151732,True,False,[0.5 0.1 0.3]
550.662775,100,1718.906688,0.15738868349700622,False,False,[0.5 0.1 0.3]
440.143125,100,1719.130206,0.16971055937664428,False,False,[0.5 0.1 0.3]
451.290059,100,1719.351943,0.22129718986717345,False,False,[0.5 0.1 0.3]
505.117874,100,1719.568928,0.19087106245526783,False,False,[0.5 0.1 0.3]
752.096239,100,1719.78953,0.06254711327079164,False,False,[0.5 0.1 0.3]
519.870977,100,1720.042885,0.12697216111424953,False,False,[0.5 0.1 0.3]
533.922046,100,1720.271708,0.07417522623940384,False,False,[0.5 0.1 0.3]
546.096211,100,1720.496767,0.06051599524817285,False,False,[0.5 0.1 0.3]
481.150246,100,1720.717846,0.15526637502035603,False,False,[0.5 0.1 0.3]
545.431638,100,1721.399573,0.012287389567984242,False,False,[0.5 0.1 0.3]
504.227855,100,1721.615608,0.09689054145392607,False,False,[0.5 0.1 0.3]
374.967551,100,1721.869956,0.26489405350067674,False,False,[0.5 0.1 0.3]
508.226782,100,1722.100848,0.1764919664038629,False,False,[0.5 0.1 0.3]
511.540203,100,1722.334838,0.15388983079124668,False,False,[0.5 0.1 0.3]
464.672813,100,1722.567038,0.1293600392688934,False,False,[0.5 0.1 0.3]
482.090461,100,1722.79151,0.16659982526939845,False,False,[0.5 0.1 0.3]
477.963833,100,1723.00202,0.1275855254986006,False,False,[0.5 0.1 0.3]
487.530109,100,1723.260115,0.1258795612303558,False,False,[0.5 0.1 0.3]
560.285481,100,1723.484715,0.12217119945672221,False,False,[0.5 0.1 0.3]
387.854568,100,1723.702114,0.20854168249776775,False,False,[0.5 0.1 0.3]
486.732203,100,1723.911792,0.08327717557537667,False,False,[0.5 0.1 0.3]
490.433994,100,1724.12864,0.14687423458869617,False,False,[0.5 0.1 0.3]
480.456905,100,1724.352005,0.138338178157943,False,False,[0.5 0.1 0.3]
465.415067,100,1724.597512,0.15559794702216878,False,False,[0.5 0.1 0.3]
540.492501,100,1724.814681,0.0948461908299221,False,False,[0.5 0.1 0.3]
468.297575,100,1725.036641,0.1722884171059863,False,False,[0.5 0.1 0.3]
556.0021,100,1725.260336,0.05240799865217332,False,False,[0.5 0.1 0.3]
446.443588,100,1725.479705,0.1561928628029261,False,False,[0.5 0.1 0.3]
553.085043,100,1725.699673,0.07109032890036648,False,False,[0.5 0.1 0.3]
487.166093,100,1725.943867,0.16567655147214558,False,False,[0.5 0.1 0.3]
480.627657,100,1726.626877,0.1802309533437204,False,False,[0.5 0.1 0.3]
540.36733,100,1726.841839,0.09523014071186978,False,False,[0.5 0.1 0.3]
503.714863,100,1727.058556,0.16022320987625305,False,False,[0.5 0.1 0.3]
429.130199,100,1727.274223,0.2139405207524423,False,False,[0.5 0.1 0.3]
608.427341,100,1727.500918,0.10955575602374469,False,False,[0.5 0.1 0.3]
514.360722,100,1727.751976,0.07107993225528209,False,False,[0.5 0.1 0.3]
565.795685,100,1727.969105,0.1427213837236066,False,False,[0.5 0.1 0.3]
449.194373,100,1728.18752,0.1873438192241245,False,False,[0.5 0.1 0.3]
490.7537,100,1728.407045,0.051230435113845944,False,False,[0.5 0.1 0.3]
491.78202,100,1728.639003,0.15426802957248292,False,False,[0.5 0.1 0.3]
561.889098,100,1728.881034,0.06381605790449461,False,False,[0.5 0.1 0.3]
515.364036,100,1729.102362,0.09079677442928487,False,False,[0.5 0.1 0.3]
546.77324,100,1729.318909,0.12700932397214987,False,False,[0.5 0.1 0.3]
567.338439,100,1729.541131,0.0631826918063919,False,False,[0.5 0.1 0.3]
504.954262,100,1729.759692,0.07710137146652835,False,False,[0.5 0.1 0.3]
606.694367,100,1729.97793,0.06105238178549891,False,False,[0.5 0.1 0.3]
468.642669,100,1730.226544,0.2196585769716922,False,False,[0.5 0.1 0.3]
569.850034,100,1730.440918,0.17911010397241078,False,False,[0.5 0.1 0.3]
481.039099,100,1730.662864,0.22589367033195826,False,False,[0.5 0.1 0.3]
477.779411,100,1730.88318,0.2036585583200947,False,False,[0.5 0.1 0.3]
423.052316,100,1731.567621,0.19719445836855015,False,False,[0.5 0.1 0.3]
521.026241,100,1731.788634,0.050404029010228606,False,False,[0.5 0.1 0.3]
531.219479,100,1732.034142,0.0709118335229678,False,False,[0.5 0.1 0.3]
526.038993,100,1732.257462,0.0803376656027036,False,False,[0.5 0.1 0.3]
542.572729,100,1732.479483,0.024755417078069417,False,False,[0.5 0.1 0.3]
508.143844,100,1732.702062,0.1218398848759528,False,False,[0.5 0.1 0.3]
642.380103,100,1732.92994,0.07436378117408389,False,False,[0.5 0.1 0.3]
770.021375,100,1733.146689,0.1494902902498395,False,False,[0.5 0.1 0.3]
561.149342,100,1733.368305,0.105143347485659,False,False,[0.5 0.1 0.3]
509.517162,100,1733.58734,0.020171691823306383,False,False,[0.5 0.1 0.3]
539.693752,100,1733.803184,0.09897008755004442,False,False,[0.5 0.1 0.3]
570.208826,100,1734.014462,0.0886974954401992,False,False,[0.5 0.1 0.3]
562.146932,100,1734.232723,0.06592701871772515,False,False,[0.5 0.1 0.3]
569.217291,100,1734.454986,0.07092258221091297,False,False,[0.5 0.1 0.3]
479.851985,100,1734.709712,0.16238390277373932,False,False,[0.5 0.1 0.3]
506.562113,100,1734.925313,0.06090553875009547,False,False,[0.5 0.1 0.3]
506.442348,100,1735.139103,0.14099262097699702,False,False,[0.5 0.1 0.3]
570.626408,100,1735.371851,0.15402459136527386,False,False,[0.5 0.1 0.3]
537.803808,100,1735.587664,0.11174704736703227,False,False,[0.5 0.1 0.3]
571.769356,100,1735.805847,0.05369372762581127,False,False,[0.5 0.1 0.3]
521.164841,100,1736.024394,0.17983506836763682,False,False,[0.5 0.1 0.3]
595.697967,100,1736.731859,0.04938882305450994,False,False,[0.5 0.1 0.3]
599.180757,100,1736.936867,0.04080742961835251,False,False,[0.5 0.1 0.3]
454.108482,100,1737.162807,0.17019579965490456,False,False,[0.5 0.1 0.3]
455.57665,100,1737.388845,0.10624592908600235,False,False,[0.5 0.1 0.3]
507.589799,100,1737.61218,0.09293713502202294,False,False,[0.5 0.1 0.3]
537.683959,100,1737.856361,0.06330935757050378,False,False,[0.5 0.1 0.3]
459.870483,100,1738.078342,0.15218591656623748,False,False,[0.5 0.1 0.3]
472.001358,100,1738.304412,0.1696665949068682,False,False,[0.5 0.1 0.3]
493.629274,100,1738.530988,0.2289461898712811,False,False,[0.5 0.1 0.3]
515.730271,100,1738.750359,0.0802012340887589,False,False,[0.5 0.1 0.3]
507.124479,100,1738.976738,0.07965135556770242,False,False,[0.5 0.1 0.3]
590.730232,100,1739.224615,0.14728364125010351,False,False,[0.5 0.1 0.3]
543.527672,100,1739.451744,0.06958281683018344,False,False,[0.5 0.1 0.3]
530.82596,100,1739.680577,0.16890331828746952,False,False,[0.5 0.1 0.3]
447.350263,100,1739.907448,0.10729053097401249,False,False,[0.5 0.1 0.3]
553.052774,100,1740.131202,0.11649533777242037,False,False,[0.5 0.1 0.3]
544.294253,100,1740.341943,0.03296948604814637,False,False,[0.5 0.1 0.3]
529.019133,100,1740.567953,0.08949065905247292,False,False,[0.5 0.1 0.3]
536.860168,100,1740.824179,0.16634694582610368,False,False,[0.5 0.1 0.3]
561.265361,100,1741.047318,0.07593366827417594,False,False,[0.5 0.1 0.3]
520.05493,100,1741.744884,0.1524325012493484,False,False,[0.5 0.1 0.3]
561.928459,100,1741.960456,0.07025698617341798,False,False,[0.5 0.1 0.3]
552.130015,100,1742.174861,0.08760215637165658,False,False,[0.5 0.1 0.3]
562.897126,100,1742.392322,0.10462692846679837,False,False,[0.5 0.1 0.3]
472.757063,100,1742.612772,0.1394936992920372,False,False,[0.5 0.1 0.3]
455.174807,100,1742.844988,0.11748633353553628,False,False,[0.5 0.1 0.3]
539.098686,100,1743.063231,0.10100861270162628,False,False,[0.5 0.1 0.3]
585.694357,100,1743.278907,0.0797448150030229,False,False,[0.5 0.1 0.3]
475.288217,100,1743.49382,0.16085757301398648,False,False,[0.5 0.1 0.3]
440.37709,100,1743.744446,0.29625833289601494,False,False,[0.5 0.1 0.3]
121.605029,100,1743.968103,1.0514540030511368,False,False,[0.5 0.1 0.3]
436.754106,100,1744.187526,0.15557560990132788,False,False,[0.5 0.1 0.3]
457.030493,100,1744.40345,0.17123336387103505,False,False,[0.5 0.1 0.3]
506.988713,100,1744.624437,0.09256062074350528,False,False,[0.5 0.1 0.3]
488.305476,100,1744.85367,0.07045567020014677,False,False,[0.5 0.1 0.3]
451.760385,100,1745.071496,0.1854596629057327,False,False,[0.5 0.1 0.3]
532.9321,100,1745.289151,0.04570737332292201,False,False,[0.5 0.1 0.3]
578.780816,100,1745.533628,0.05284884799091082,False,False,[0.5 0.1 0.3]
557.615239,100,1745.768134,0.10531516928304706,False,False,[0.5 0.1 0.3]
500.080949,100,1745.990617,0.1723343358356397,False,False,[0.5 0.1 0.3]
745.993064,100,1746.208764,0.08924358496582789,False,False,[0.5 0.1 0.3]
592.73637,100,1746.885345,0.11287902526296777,False,False,[0.5 0.1 0.3]
723.178389,100,1747.098749,0.18235129841774428,False,False,[0.5 0.1 0.3]
431.182774,100,1747.345099,0.1428938538144691,False,False,[0.5 0.1 0.3]
547.880813,100,1747.557328,0.0712753987824698,False,False,[0.5 0.1 0.3]
491.803,100,1747.772702,0.1213116177003426,False,False,[0.5 0.1 0.3]
590.261818,100,1747.996047,0.0675449109055636,False,False,[0.5 0.1 0.3]
463.450538,100,1748.211093,0.09830565661206442,False,False,[0.5 0.1 0.3]
446.84048,100,1748.425597,0.15703283448579367,False,False,[0.5 0.1 0.3]
514.551169,100,1748.683197,0.07702536822915311,False,False,[0.5 0.1 0.3]
543.072178,100,1748.92024,0.09885657941323914,False,False,[0.5 0.1 0.3]
513.189742,100,1749.136915,0.10056845390381058,False,False,[0.5 0.1 0.3]
553.002326,100,1749.349919,0.09521731340269454,False,False,[0.5 0.1 0.3]
480.618308,100,1749.569877,0.08028702762588219,False,False,[0.5 0.1 0.3]
678.523824,100,1749.794676,0.1010269710206113,False,False,[0.5 0.1 0.3]
475.187635,100,1750.052616,0.09208626394696019,False,False,[0.5 0.1 0.3]
396.331513,100,1750.27824,0.20019603531736618,False,False,[0.5 0.1 0.3]
628.025395,100,1750.501332,0.07098784054396243,False,False,[0.5 0.1 0.3]
520.42305,100,1750.719325,0.15878022543602274,False,False,[0.5 0.1 0.3]
553.334195,100,1750.952076,0.07748282998117456,False,False,[0.5 0.1 0.3]
552.666122,100,1751.196184,0.11719816527230464,False,False,[0.5 0.1 0.3]
523.113564,100,1751.899614,0.07040504131504606,False,False,[0.5 0.1 0.3]
427.237769,100,1752.119619,0.16541539545570272,False,False,[0.5 0.1 0.3]
568.072997,100,1752.331947,0.08665244575528556,False,False,[0.5 0.1 0.3]
428.039717,100,1752.550066,0.16334574836813961,False,False,[0.5 0.1 0.3]
577.186913,100,1752.767195,0.07775773559592608,False,False,[0.5 0.1 0.3]
526.251141,100,1753.025142,0.07530657502977899,False,False,[0.5 0.1 0.3]
583.513845,100,1753.245394,0.04863340777822448,False,False,[0.5 0.1 0.3]
473.108671,100,1753.468354,0.11837004271656808,False,False,[0.5 0.1 0.3]
453.615587,100,1753.700692,0.11961437189699609,False,False,[0.5 0.1 0.3]
481.822315,100,1753.92407,0.07459927643029614,False,False,[0.5 0.1 0.3]
493.983688,100,1754.142617,0.08455001177038145,False,False,[0.5 0.1 0.3]
448.724051,100,1754.363381,0.11828791764167812,False,False,[0.5 0.1 0.3]
421.710213,100,1754.577046,0.12909672670110364,False,False,[0.5 0.1 0.3]
545.121335,100,1754.797046,0.0644740125422146,False,False,[0.5 0.1 0.3]
399.561104,100,1755.016331,0.2858468533547375,False,False,[0.5 0.1 0.3]
485.139128,100,1755.241324,0.10848908200064027,False,False,[0.5 0.1 0.3]
497.583847,100,1755.4591,0.19452424456921344,False,False,[0.5 0.1 0.3]
496.205559,100,1755.771159,0.21149961803603454,False,False,[0.5 0.1 0.3]
431.488039,100,1756.017334,0.20921055965076538,False,False,[0.5 0.1 0.3]
536.457148,100,1756.254483,0.01858984657012716,False,False,[0.5 0.1 0.3]
515.443139,100,1756.93882,0.12651417320065728,False,False,[0.5 0.1 0.3]
443.764721,100,1757.155383,0.1473103405144365,False,False,[0.5 0.1 0.3]
497.59788,100,1757.381652,0.03353370127027513,False,False,[0.5 0.1 0.3]
525.4115,100,1757.602898,0.1552572006424393,False,False,[0.5 0.1 0.3]
596.061842,100,1757.820143,0.13870941425045533,False,False,[0.5 0.1 0.3]
534.859014,100,1758.050913,0.08899657468322061,False,False,[0.5 0.1 0.3]
435.180174,100,1758.272459,0.08401822380260258,False,False,[0.5 0.1 0.3]
544.008882,100,1758.497913,0.12090648223276619,False,False,[0.5 0.1 0.3]
470.014968,100,1758.722371,0.1111249369723732,False,False,[0.5 0.1 0.3]
610.276798,100,1758.945868,0.019869134989176775,False,False,[0.5 0.1 0.3]
519.692784,100,1759.174178,0.1296721005816123,False,False,[0.5 0.1 0.3]
536.780361,100,1759.397713,0.09336871128349505,False,False,[0.5 0.1 0.3]
520.715326,100,1759.621356,0.025674712459169545,False,False,[0.5 0.1 0.3]
524.370032,100,1759.835937,0.10807821597332498,False,False,[0.5 0.1 0.3]
625.719006,100,1760.058816,0.04164997376814005,False,False,[0.5 0.1 0.3]
538.856575,100,1760.277913,0.171653055204536,False,False,[0.5 0.1 0.3]
514.41843,100,1760.499543,0.1076380888143064,False,False,[0.5 0.1 0.3]
464.539264,100,1760.745387,0.19314131029872864,False,False,[0.5 0.1 0.3]
523.003101,100,1760.963519,0.1862343736625189,False,False,[0.5 0.1 0.3]
393.217566,100,1761.189002,0.18526834625222438,False,False,[0.5 0.1 0.3]
507.26271,100,1761.499085,0.13426759247915757,False,False,[0.5 0.1 0.3]
468.030195,100,1762.169138,0.11304812909767405,False,False,[0.5 0.1 0.3]
774.045682,100,1762.389228,0.07785427334297877,False,False,[0.5 0.1 0.3]
421.675835,100,1762.640199,0.21982246014507437,False,False,[0.5 0.1 0.3]
561.67107,100,1762.943067,0.055443031049713494,False,False,[0.5 0.1 0.3]
168.493597,53,1763.122041,0.24977303793430555,True,False,[0.5 0.1 0.3]
471.410382,100,1763.345914,0.1345356082125141,False,False,[0.5 0.1 0.3]
519.756911,100,1763.558502,0.15966250439578053,False,False,[0.5 0.1 0.3]
581.501544,100,1763.868402,0.09763084155361307,False,False,[0.5 0.1 0.3]
446.200952,100,1764.094915,0.1675410272611564,False,False,[0.5 0.1 0.3]
516.31643,100,1764.321927,0.11776034295280148,False,False,[0.5 0.1 0.3]
539.886275,100,1764.539105,0.05801564028175878,False,False,[0.5 0.1 0.3]
456.92805,100,1764.766125,0.09889244272948691,False,False,[0.5 0.1 0.3]
461.423931,100,1765.013406,0.05629728087777342,False,False,[0.5 0.1 0.3]
537.61355,100,1765.242,0.13240507021732217,False,False,[0.5 0.1 0.3]
583.816573,100,1765.464381,0.03953842080123046,False,False,[0.5 0.1 0.3]
504.724962,100,1765.683786,0.07999108266084667,False,False,[0.5 0.1 0.3]
557.004655,100,1765.906741,0.094629742357253,False,False,[0.5 0.1 0.3]
452.570856,100,1766.118849,0.17494977264751121,False,False,[0.5 0.1 0.3]
492.87283,100,1766.343516,0.18046399627256232,False,False,[0.5 0.1 0.3]
514.947827,100,1766.572971,0.1374028964104383,False,False,[0.5 0.1 0.3]
433.10288,100,1766.792264,0.1876561323620925,False,False,[0.5 0.1 0.3]
438.460975,100,1767.477964,0.17808579766874053,False,False,[0.5 0.1 0.3]
526.568622,100,1767.698053,0.24483946820354754,False,False,[0.5 0.1 0.3]
455.021222,100,1767.914249,0.24821931147712264,False,False,[0.5 0.1 0.3]
584.464416,100,1768.256689,0.11941076385323635,False,False,[0.5 0.1 0.3]
523.091722,100,1768.482912,0.11958315152941291,False,False,[0.5 0.1 0.3]
533.603546,100,1768.701751,0.09450807510635106,False,False,[0.5 0.1 0.3]
522.662749,100,1768.915208,0.17340117223789164,False,False,[0.5 0.1 0.3]
492.115249,100,1769.133938,0.11269969216913218,False,False,[0.5 0.1 0.3]
516.952533,100,1769.365101,0.14521569762720046,False,False,[0.5 0.1 0.3]
601.087003,100,1769.583864,0.1113948476654471,False,False,[0.5 0.1 0.3]
463.685136,100,1769.890447,0.17644314163520577,False,False,[0.5 0.1 0.3]
447.221968,100,1770.116658,0.11700269058594188,False,False,[0.5 0.1 0.3]
509.824835,100,1770.335987,0.22191530441361734,False,False,[0.5 0.1 0.3]
705.410504,100,1770.552923,0.10556602631282198,False,False,[0.5 0.1 0.3]
439.403308,100,1770.773847,0.12805698630554363,False,False,[0.5 0.1 0.3]
482.201704,100,1770.999328,0.1142651224270465,False,False,[0.5 0.1 0.3]
575.432195,100,1771.225592,0.054243459525392924,False,False,[0.5 0.1 0.3]
566.395216,100,1771.435116,0.10171197531076147,False,False,[0.5 0.1 0.3]
529.421173,100,1771.694082,0.04821815999776682,False,False,[0.5 0.1 0.3]
548.368061,100,1771.917603,0.11822299203707924,False,False,[0.5 0.1 0.3]
384.491727,100,1772.604226,0.1480244043121819,False,False,[0.5 0.1 0.3]
544.701027,100,1772.821376,0.1038402485566272,False,False,[0.5 0.1 0.3]
530.92717,100,1773.036679,0.07673282549875692,False,False,[0.5 0.1 0.3]
586.461314,100,1773.300251,0.09744622610523426,False,False,[0.5 0.1 0.3]
518.975295,100,1773.523242,0.06720480152569336,False,False,[0.5 0.1 0.3]
458.54319,100,1773.741489,0.12423094067613881,False,False,[0.5 0.1 0.3]
446.056482,100,1773.958563,0.13283541988124115,False,False,[0.5 0.1 0.3]
537.331888,100,1774.271378,0.03667310032405647,False,False,[0.5 0.1 0.3]
598.221318,100,1774.492389,0.0608975286663062,False,False,[0.5 0.1 0.3]
494.798378,100,1774.741282,0.03763466430739632,False,False,[0.5 0.1 0.3]
489.262633,100,1774.95792,0.20133471386798685,False,False,[0.5 0.1 0.3]
553.376836,100,1775.27011,0.16531935141912948,False,False,[0.5 0.1 0.3]
493.74778,100,1775.489947,0.10343546869410847,False,False,[0.5 0.1 0.3]
476.738169,100,1775.715514,0.13071453245767342,False,False,[0.5 0.1 0.3]
498.517977,100,1775.937137,0.06194672274752606,False,False,[0.5 0.1 0.3]
391.287169,100,1776.18489,0.17957243065713624,False,False,[0.5 0.1 0.3]
466.064579,100,1776.401611,0.19070207666589903,False,False,[0.5 0.1 0.3]
504.682093,100,1776.615825,0.1441006558621967,False,False,[0.5 0.1 0.3]
578.134796,100,1776.83309,0.05177294175738903,False,False,[0.5 0.1 0.3]
512.319814,100,1777.056469,0.13973602747140834,False,False,[0.5 0.1 0.3]
510.582334,100,1777.311564,0.16721234819165087,False,False,[0.5 0.1 0.3]
488.112437,100,1777.99448,0.05371944593772705,False,False,[0.5 0.1 0.3]
600.228647,100,1778.226436,0.03141424840010788,False,False,[0.5 0.1 0.3]
519.69757,100,1778.447766,0.17462407921046974,False,False,[0.5 0.1 0.3]
492.572488,100,1778.679338,0.0719872420936479,False,False,[0.5 0.1 0.3]
511.197253,100,1778.899764,0.13878923434256357,False,False,[0.5 0.1 0.3]
433.212309,100,1779.146549,0.19679269145242026,False,False,[0.5 0.1 0.3]
493.458666,100,1779.466004,0.031339613746652735,False,False,[0.5 0.1 0.3]
505.706072,100,1779.689468,0.09369929393284929,False,False,[0.5 0.1 0.3]
557.406133,100,1779.914312,0.04750037636226662,False,False,[0.5 0.1 0.3]
430.266556,100,1780.138371,0.13989931773034828,False,False,[0.5 0.1 0.3]
543.586456,100,1780.387682,0.0663632009569889,False,False,[0.5 0.1 0.3]
492.13378,100,1780.616208,0.23680395234225318,False,False,[0.5 0.1 0.3]
481.698947,100,1780.835063,0.10721966835470344,False,False,[0.5 0.1 0.3]
435.507538,100,1781.063598,0.17682574634987452,False,False,[0.5 0.1 0.3]
501.724546,100,1781.28797,0.1157297869459787,False,False,[0.5 0.1 0.3]
481.770136,100,1781.505433,0.08358727030840106,False,False,[0.5 0.1 0.3]
484.423897,100,1781.735884,0.07030531036990918,False,False,[0.5 0.1 0.3]
464.193663,100,1781.961915,0.17029300363783406,False,False,[0.5 0.1 0.3]
500.988214,100,1782.216192,0.1114100806809959,False,False,[0.5 0.1 0.3]
478.010878,100,1782.443108,0.25875523364534375,False,False,[0.5 0.1 0.3]
512.907105,100,1783.123048,0.13901649968101515,False,False,[0.5 0.1 0.3]
496.611611,100,1783.341481,0.08377547488391429,False,False,[0.5 0.1 0.3]
565.953999,100,1783.566917,0.16410004010323737,False,False,[0.5 0.1 0.3]
531.680389,100,1783.815428,0.09257101716565297,False,False,[0.5 0.1 0.3]
564.069596,100,1784.030748,0.09722738557394399,False,False,[0.5 0.1 0.3]
467.202627,100,1784.249043,0.14231308631865439,False,False,[0.5 0.1 0.3]
507.433261,100,1784.476482,0.13432640128862008,False,False,[0.5 0.1 0.3]
528.916383,100,1784.69762,0.12331683744724092,False,False,[0.5 0.1 0.3]
527.197164,100,1784.912876,0.13931857828205663,False,False,[0.5 0.1 0.3]
469.742059,100,1785.164738,0.08377438734863647,False,False,[0.5 0.1 0.3]
503.893072,100,1785.379695,0.09094165564936978,False,False,[0.5 0.1 0.3]
431.537909,100,1785.595684,0.16440449726320117,False,False,[0.5 0.1 0.3]
388.538452,100,1785.817801,0.15768459906589175,False,False,[0.5 0.1 0.3]
483.170126,100,1786.042149,0.15177221085852885,False,False,[0.5 0.1 0.3]
542.941088,100,1786.352816,0.12851817541250307,False,False,[0.5 0.1 0.3]
554.467368,100,1786.581998,0.13954392216704323,False,False,[0.5 0.1 0.3]
522.70565,100,1786.803209,0.09731839612246633,False,False,[0.5 0.1 0.3]
503.320399,100,1787.036791,0.15926244024286978,False,False,[0.5 0.1 0.3]
469.946136,100,1787.25993,0.16834599152664748,False,False,[0.5 0.1 0.3]
511.300697,100,1787.491179,0.06937371632321988,False,False,[0.5 0.1 0.3]
556.547842,100,1787.736152,0.08632618257172478,False,False,[0.5 0.1 0.3]
435.483922,100,1788.426953,0.05659685506493405,False,False,[0.5 0.1 0.3]
444.048903,100,1788.641433,0.10255972594332438,False,False,[0.5 0.1 0.3]
557.892545,100,1788.863183,0.09336376664507332,False,False,[0.5 0.1 0.3]
443.966763,100,1789.07734,0.1179248405563702,False,False,[0.5 0.1 0.3]
490.752449,100,1789.323439,0.1222684490843411,False,False,[0.5 0.1 0.3]
539.007624,100,1789.551545,0.08463659753423634,False,False,[0.5 0.1 0.3]
523.098674,100,1789.774421,0.061734868652783,False,False,[0.5 0.1 0.3]
772.726061,100,1789.998341,0.09493848061289253,False,False,[0.5 0.1 0.3]
455.607572,100,1790.216981,0.1455935585664549,False,False,[0.5 0.1 0.3]
580.750388,100,1790.444603,0.12236531325227164,False,False,[0.5 0.1 0.3]
494.304219,100,1790.693032,0.10974968631206584,False,False,[0.5 0.1 0.3]
492.383921,100,1790.914947,0.06476966206079048,False,False,[0.5 0.1 0.3]
502.095269,100,1791.137079,0.14688699879391154,False,False,[0.5 0.1 0.3]
460.637552,100,1791.360609,0.1904141394760268,False,False,[0.5 0.1 0.3]
548.403217,100,1791.586653,0.050435804735200915,False,False,[0.5 0.1 0.3]
504.805412,100,1791.841488,0.10240880312018412,False,False,[0.5 0.1 0.3]
533.678934,100,1792.067889,0.08436527274468741,False,False,[0.5 0.1 0.3]
516.411725,100,1792.291325,0.11485597095628416,False,False,[0.5 0.1 0.3]
617.55906,100,1792.513842,0.030655164410701118,False,False,[0.5 0.1 0.3]
554.169412,100,1792.744651,0.08031435760831798,False,False,[0.5 0.1 0.3]
501.737268,100,1793.44925,0.13982220720846802,False,False,[0.5 0.1 0.3]
509.862367,100,1793.667588,0.10741723567990018,False,False,[0.5 0.1 0.3]
476.099605,100,1793.881178,0.14666127668950005,False,False,[0.5 0.1 0.3]
485.514013,100,1794.094727,0.07591583444752817,False,False,[0.5 0.1 0.3]
482.081095,100,1794.318447,0.12098592920278592,False,False,[0.5 0.1 0.3]
516.960188,100,1794.542633,0.08746624479299657,False,False,[0.5 0.1 0.3]
496.70287,100,1794.795401,0.17622735618558547,False,False,[0.5 0.1 0.3]
477.071173,100,1795.016221,0.1109846076570572,False,False,[0.5 0.1 0.3]
462.729132,100,1795.243863,0.11460041305324466,False,False,[0.5 0.1 0.3]
430.250454,100,1795.464727,0.20480527434092446,False,False,[0.5 0.1 0.3]
502.931283,100,1795.692024,0.11699662082404053,False,False,[0.5 0.1 0.3]
438.870989,100,1795.936178,0.12103128610246548,False,False,[0.5 0.1 0.3]
497.141034,100,1796.156807,0.1312727792958035,False,False,[0.5 0.1 0.3]
566.431395,100,1796.473083,0.1520148403222121,False,False,[0.5 0.1 0.3]
496.705737,100,1796.691476,0.048804674660019254,False,False,[0.5 0.1 0.3]
514.053151,100,1796.913644,0.15715647964961552,False,False,[0.5 0.1 0.3]
513.106908,100,1797.162813,0.12318016434316184,False,False,[0.5 0.1 0.3]
516.718769,100,1797.385679,0.1663572431859525,False,False,[0.5 0.1 0.3]
477.54127,100,1797.615444,0.09655220565638441,False,False,[0.5 0.1 0.3]
460.493829,100,1797.836288,0.16906044498516137,False,False,[0.5 0.1 0.3]
498.601151,100,1798.053262,0.10812935917303469,False,False,[0.5 0.1 0.3]
549.746663,100,1798.75499,0.09828699305205303,False,False,[0.5 0.1 0.3]
621.045904,100,1798.974976,0.008587304069796806,False,False,[0.5 0.1 0.3]
408.178396,100,1799.191672,0.1461180374469551,False,False,[0.5 0.1 0.3]
534.909863,100,1799.413152,0.14235245659282647,False,False,[0.5 0.1 0.3]
515.295992,100,1799.638929,0.05376205300044118,False,False,[0.5 0.1 0.3]
472.939202,100,1799.860502,0.12111398378453543,False,False,[0.5 0.1 0.3]
527.111093,100,1800.104704,0.18262808021387678,False,False,[0.5 0.1 0.3]
466.610416,100,1800.317737,0.07598883907461747,False,False,[0.5 0.1 0.3]
416.123777,100,1800.541465,0.15704600007258035,False,False,[0.5 0.1 0.3]
559.787681,100,1800.753875,0.047252578052408324,False,False,[0.5 0.1 0.3]
533.101661,100,1800.971667,0.09616854130418366,False,False,[0.5 0.1 0.3]
447.41692,100,1801.198183,0.13254276394917577,False,False,[0.5 0.1 0.3]
543.557679,100,1801.423157,0.030855557991626956,False,False,[0.5 0.1 0.3]
443.723979,100,1801.676547,0.23418651152708175,False,False,[0.5 0.1 0.3]
479.410677,100,1801.985188,0.11527382688096456,False,False,[0.5 0.1 0.3]
428.827662,100,1802.205,0.16746382184988004,False,False,[0.5 0.1 0.3]
568.508907,100,1802.424073,0.04981840478303584,False,False,[0.5 0.1 0.3]
567.720837,100,1802.648935,0.06474499717474218,False,False,[0.5 0.1 0.3]
617.659896,100,1802.869876,0.07600619399105533,False,False,[0.5 0.1 0.3]
553.372838,100,1803.119799,0.05605612303775043,False,False,[0.5 0.1 0.3]
507.970957,100,1803.802857,0.08288642040471807,False,False,[0.5 0.1 0.3]
555.081619,100,1804.020663,0.1665561825985258,False,False,[0.5 0.1 0.3]
230.154604,74,1804.21593,0.2554839619022141,True,False,[0.5 0.1 0.3]
483.197706,100,1804.440608,0.09936096834053951,False,False,[0.5 0.1 0.3]
520.623683,100,1804.698607,0.1219522684572861,False,False,[0.5 0.1 0.3]
518.527626,100,1804.917164,0.055647084130573926,False,False,[0.5 0.1 0.3]
485.056143,100,1805.128433,0.1376888656574956,False,False,[0.5 0.1 0.3]
472.507328,100,1805.347223,0.17101908439121047,False,False,[0.5 0.1 0.3]
474.630238,100,1805.571791,0.18002119173003503,False,False,[0.5 0.1 0.3]
496.244737,100,1805.824426,0.09795280198338266,False,False,[0.5 0.1 0.3]
538.116934,100,1806.042455,0.07777081655669679,False,False,[0.5 0.1 0.3]
524.786874,100,1806.267879,0.07883758813618662,False,False,[0.5 0.1 0.3]
383.177614,100,1806.487963,0.16046375307631877,False,False,[0.5 0.1 0.3]
484.002123,100,1806.719943,0.19264788997400556,False,False,[0.5 0.1 0.3]
552.784323,100,1806.941925,0.14829807423762262,False,False,[0.5 0.1 0.3]
438.164128,100,1807.187384,0.1250128447704792,False,False,[0.5 0.1 0.3]
462.503344,100,1807.414981,0.14805191328589348,False,False,[0.5 0.1 0.3]
539.547521,100,1807.635275,0.07384575240113875,False,False,[0.5 0.1 0.3]
497.954341,100,1807.863337,0.07716892525598042,False,False,[0.5 0.1 0.3]
544.988661,100,1808.08692,0.12785788053202593,False,False,[0.5 0.1 0.3]
563.157507,100,1808.315423,0.08207767751795549,False,False,[0.5 0.1 0.3]
550.892355,100,1809.002365,0.159687321897729,False,False,[0.5 0.1 0.3]
512.463772,100,1809.230003,0.09329829143928685,False,False,[0.5 0.1 0.3]
461.788001,100,1809.452386,0.10942891647694127,False,False,[0.5 0.1 0.3]
423.54342,100,1809.674711,0.18368178307869176,False,False,[0.5 0.1 0.3]
534.986226,100,1809.927623,0.09709103279516242,False,False,[0.5 0.1 0.3]
526.98304,100,1810.143907,0.07848143795809673,False,False,[0.5 0.1 0.3]
407.901865,100,1810.366486,0.2167454780252229,False,False,[0.5 0.1 0.3]
520.963051,100,1810.582155,0.05152792614541943,False,False,[0.5 0.1 0.3]
607.667317,100,1810.795842,0.09878639759674701,False,False,[0.5 0.1 0.3]
578.579194,100,1811.016983,0.06046032960306563,False,False,[0.5 0.1 0.3]
539.841402,100,1811.269989,0.15916692217348524,False,False,[0.5 0.1 0.3]
563.808085,100,1811.488833,0.13170148689979744,False,False,[0.5 0.1 0.3]
546.152145,100,1811.71251,0.07883253742666334,False,False,[0.5 0.1 0.3]
535.298831,100,1811.929579,0.22705486608286823,False,False,[0.5 0.1 0.3]
611.474411,100,1812.162982,0.04002875053275696,False,False,[0.5 0.1 0.3]
474.115244,100,1812.385714,0.12157811160538123,False,False,[0.5 0.1 0.3]
492.133656,100,1812.633994,0.15106810387126238,False,False,[0.5 0.1 0.3]
441.140419,100,1812.854247,0.1125155101043496,False,False,[0.5 0.1 0.3]
433.719103,100,1813.085092,0.08680977409931916,False,False,[0.5 0.1 0.3]
487.888087,100,1813.316141,0.07657768289236884,False,False,[0.5 0.1 0.3]
507.005699,100,1813.539558,0.08723152457682122,False,False,[0.5 0.1 0.3]
600.45834,100,1814.220846,0.11312216392284163,False,False,[0.5 0.1 0.3]
583.167108,100,1814.461583,0.08473669080373498,False,False,[0.5 0.1 0.3]
457.921853,100,1814.686784,0.1627632483437361,False,False,[0.5 0.1 0.3]
512.239367,100,1814.909554,0.24285951191858643,False,False,[0.5 0.1 0.3]
373.561588,100,1815.124871,0.17108788140984849,False,False,[0.5 0.1 0.3]
409.061021,100,1815.439799,0.24270722367712466,False,False,[0.5 0.1 0.3]
549.972377,100,1815.774075,0.08703718711893368,False,False,[0.5 0.1 0.3]
487.452008,100,1815.986749,0.15219685670640556,False,False,[0.5 0.1 0.3]
520.463033,100,1816.20295,0.050643117023952224,False,False,[0.5 0.1 0.3]
501.834984,100,1816.419288,0.14904432788934174,False,False,[0.5 0.1 0.3]
433.834355,100,1816.637976,0.27555862900816164,False,False,[0.5 0.1 0.3]
445.267507,100,1816.948335,0.2132197656700625,False,False,[0.5 0.1 0.3]
545.591022,100,1817.202954,0.14421395336992443,False,False,[0.5 0.1 0.3]
472.224216,100,1817.43594,0.13703040869053598,False,False,[0.5 0.1 0.3]
430.492299,100,1817.651936,0.22649256147908,False,False,[0.5 0.1 0.3]
137.698885,100,1817.875076,0.953944540461314,False,False,[0.5 0.1 0.3]
511.775704,100,1818.090768,0.08673124784333276,False,False,[0.5 0.1 0.3]
447.320676,100,1818.324494,0.1257791134987989,False,False,[0.5 0.1 0.3]
563.660693,100,1818.545343,0.07590254785486655,False,False,[0.5 0.1 0.3]
463.206384,100,1818.76916,0.20063893413928596,False,False,[0.5 0.1 0.3]
555.87839,100,1819.478128,0.12461272963140459,False,False,[0.5 0.1 0.3]
561.944819,100,1819.698715,0.10474871968942011,False,False,[0.5 0.1 0.3]
455.936892,100,1819.91943,0.14399495987065528,False,False,[0.5 0.1 0.3]
415.860249,100,1820.137786,0.26169997098381215,False,False,[0.5 0.1 0.3]
564.346493,100,1820.445514,0.13232919019281683,False,False,[0.5 0.1 0.3]
513.63501,100,1820.688451,0.1456697610674224,False,False,[0.5 0.1 0.3]
520.076542,100,1820.902007,0.10082394985268173,False,False,[0.5 0.1 0.3]
494.418733,100,1821.131987,0.10364402125895214,False,False,[0.5 0.1 0.3]
495.224806,100,1821.361243,0.09194393025116447,False,False,[0.5 0.1 0.3]
480.442381,100,1821.582914,0.10590147305798507,False,False,[0.5 0.1 0.3]
471.94322,100,1821.797704,0.15164184789481325,False,False,[0.5 0.1 0.3]
526.943831,100,1822.018236,0.05008881597868611,False,False,[0.5 0.1 0.3]
494.887781,100,1822.268785,0.1253125640985192,False,False,[0.5 0.1 0.3]
434.909294,100,1822.49165,0.17428651575259152,False,False,[0.5 0.1 0.3]
490.040637,100,1822.712525,0.14273393003900645,False,False,[0.5 0.1 0.3]
502.841268,100,1822.932482,0.09424962880397675,False,False,[0.5 0.1 0.3]
160.121096,100,1823.14936,0.9970533111111844,False,False,[0.5 0.1 0.3]
498.933177,100,1823.369056,0.14407765547005047,False,False,[0.5 0.1 0.3]
554.469389,100,1823.589713,0.08169405332291951,False,False,[0.5 0.1 0.3]
615.485773,100,1823.804104,0.11354128861674706,False,False,[0.5 0.1 0.3]
448.245249,100,1824.478903,0.14308036956139947,False,False,[0.5 0.1 0.3]
401.05548,100,1824.724981,0.20025803595595712,False,False,[0.5 0.1 0.3]
482.440738,100,1824.951914,0.18592214041550892,False,False,[0.5 0.1 0.3]
493.658904,100,1825.168011,0.15380281512405744,False,False,[0.5 0.1 0.3]
468.650009,100,1825.387864,0.13746338163055077,False,False,[0.5 0.1 0.3]
500.035589,100,1825.605184,0.24129332080085422,False,False,[0.5 0.1 0.3]
804.057471,100,1825.820325,0.11619711043072115,False,False,[0.5 0.1 0.3]
473.4023,100,1826.057069,0.17183117305936155,False,False,[0.5 0.1 0.3]
507.917503,100,1826.284899,0.0913652409288309,False,False,[0.5 0.1 0.3]
522.981814,100,1826.531623,0.07329900603946395,False,False,[0.5 0.1 0.3]
534.803313,100,1826.752932,0.06192512511403835,False,False,[0.5 0.1 0.3]
555.697191,100,1826.979238,0.06833042427274938,False,False,[0.5 0.1 0.3]
457.456209,100,1827.202644,0.10190898964490026,False,False,[0.5 0.1 0.3]
569.428944,100,1827.430416,0.0714595898824446,False,False,[0.5 0.1 0.3]
323.320568,100,1827.654428,0.23799888985752898,True,False,[0.5 0.1 0.3]
494.603507,100,1827.880451,0.15063426367600385,False,False,[0.5 0.1 0.3]
477.743847,100,1828.124545,0.07600739648685834,False,False,[0.5 0.1 0.3]
501.939709,100,1828.343575,0.17958536497795263,False,False,[0.5 0.1 0.3]
457.577672,100,1828.576145,0.2557086055086179,False,False,[0.5 0.1 0.3]
532.70219,100,1828.793172,0.10864433582043759,False,False,[0.5 0.1 0.3]
517.065846,100,1829.012468,0.10873346823086676,False,False,[0.5 0.1 0.3]
493.333335,100,1829.746225,0.12927547747435247,False,False,[0.5 0.1 0.3]
518.710097,100,1829.958408,0.1265389372169786,False,False,[0.5 0.1 0.3]
381.825883,100,1830.214461,0.2147450887323454,False,False,[0.5 0.1 0.3]
584.894654,100,1830.434697,0.08595588763592793,False,False,[0.5 0.1 0.3]
540.716018,100,1830.657232,0.11585498381608622,False,False,[0.5 0.1 0.3]
578.684361,100,1830.876373,0.04335199150303483,False,False,[0.5 0.1 0.3]
504.388366,100,1831.193736,0.18161955181583897,False,False,[0.5 0.1 0.3]
516.813305,100,1831.483883,0.06013182553468902,False,False,[0.5 0.1 0.3]
574.06159,100,1831.734907,0.0925000733197305,False,False,[0.5 0.1 0.3]
702.867429,100,1831.953048,0.07003006560945157,False,False,[0.5 0.1 0.3]
501.241575,100,1832.173168,0.14661362891049515,False,False,[0.5 0.1 0.3]
562.31917,100,1832.48415,0.09962070131750297,False,False,[0.5 0.1 0.3]
489.860135,100,1832.70501,0.04278783299829152,False,False,[0.5 0.1 0.3]
469.713753,100,1832.925638,0.14458351190664764,False,False,[0.5 0.1 0.3]
485.141666,100,1833.186607,0.09765879358517385,False,False,[0.5 0.1 0.3]
467.833948,100,1833.402972,0.1003570594726295,False,False,[0.5 0.1 0.3]
499.034659,100,1833.619547,0.11356545200505283,False,False,[0.5 0.1 0.3]
547.477408,100,1833.840413,0.09972991215314848,False,False,[0.5 0.1 0.3]
547.772179,100,1834.056633,0.08867189216911275,False,False,[0.5 0.1 0.3]
485.053391,100,1834.275531,0.17421223863094312,False,False,[0.5 0.1 0.3]
541.313117,100,1834.991077,0.11569443595080192,False,False,[0.5 0.1 0.3]
508.477856,100,1835.302661,0.17958229077276397,False,False,[0.5 0.1 0.3]
513.184801,100,1835.530693,0.13367159863648861,False,False,[0.5 0.1 0.3]
498.341364,100,1835.745798,0.13574902913439835,False,False,[0.5 0.1 0.3]
528.427523,100,1835.956096,0.14349499370494737,False,False,[0.5 0.1 0.3]
466.97483,100,1836.188855,0.04413765100187384,False,False,[0.5 0.1 0.3]
519.095874,100,1836.404351,0.13606035707149944,False,False,[0.5 0.1 0.3]
495.204027,100,1836.621099,0.1113106123833413,False,False,[0.5 0.1 0.3]
458.074596,100,1836.84632,0.11818737638676112,False,False,[0.5 0.1 0.3]
593.525917,100,1837.07336,0.07114247534694844,False,False,[0.5 0.1 0.3]
433.806167,100,1837.289917,0.11848378012242507,False,False,[0.5 0.1 0.3]
509.861824,100,1837.511756,0.14882199260883583,False,False,[0.5 0.1 0.3]
512.829257,100,1837.750621,0.0805607885289301,False,False,[0.5 0.1 0.3]
466.809815,100,1837.966752,0.08010545969107993,False,False,[0.5 0.1 0.3]
435.588345,100,1838.193735,0.2784597973594525,True,False,[0.5 0.1 0.3]
505.428708,100,1838.41251,0.17279086329452698,False,False,[0.5 0.1 0.3]
583.523085,100,1838.638741,0.10408496376559721,False,False,[0.5 0.1 0.3]
496.62487,100,1838.856805,0.09833080583018268,False,False,[0.5 0.1 0.3]
465.991595,100,1839.079053,0.2103723475850226,False,False,[0.5 0.1 0.3]
464.904574,100,1839.32701,0.190841952013043,False,False,[0.5 0.1 0.3]
597.490678,100,1839.545536,0.13703142267201165,False,False,[0.5 0.1 0.3]
534.39075,100,1840.238605,0.09450437726979868,False,False,[0.5 0.1 0.3]
461.054193,100,1840.455415,0.1405931050258259,False,False,[0.5 0.1 0.3]
529.937863,100,1840.762781,0.06810058044198729,False,False,[0.5 0.1 0.3]
787.269803,100,1840.979991,0.08339678379532107,False,False,[0.5 0.1 0.3]
504.783687,100,1841.199852,0.1330165049498632,False,False,[0.5 0.1 0.3]
532.857501,100,1841.42716,0.05197708428349509,False,False,[0.5 0.1 0.3]
448.041519,100,1841.661312,0.2072937338353222,False,False,[0.5 0.1 0.3]
505.577182,100,1841.884191,0.05488927203237193,False,False,[0.5 0.1 0.3]
548.684001,100,1842.114942,0.055324372494044434,False,False,[0.5 0.1 0.3]
486.321556,100,1842.341033,0.10465504912390086,False,False,[0.5 0.1 0.3]
621.86625,100,1842.568964,0.09581246290626526,False,False,[0.5 0.1 0.3]
468.490215,100,1842.831785,0.19099775370294478,False,False,[0.5 0.1 0.3]
480.974401,100,1843.061236,0.08591899232394222,False,False,[0.5 0.1 0.3]
522.941747,100,1843.28807,0.13847055780424553,False,False,[0.5 0.1 0.3]
522.01392,100,1843.50105,0.07544396399529558,False,False,[0.5 0.1 0.3]
462.961745,100,1843.719199,0.2146446484634323,False,False,[0.5 0.1 0.3]
366.342151,100,1843.93647,0.21982889849803586,False,False,[0.5 0.1 0.3]
459.753311,100,1844.152927,0.2402803771609151,False,False,[0.5 0.1 0.3]
357.125241,100,1844.376082,0.24222820361486044,False,False,[0.5 0.1 0.3]
342.291548,88,1844.679868,0.265018911244734,True,False,[0.5 0.1 0.3]
520.744353,100,1844.896448,0.13343272538219544,False,False,[0.5 0.1 0.3]
560.600457,100,1845.677787,0.07296766412844981,False,False,[0.5 0.1 0.3]
587.448602,100,1845.882712,0.027395598996761295,False,False,[0.5 0.1 0.3]
507.785624,100,1846.106577,0.181763935449404,False,False,[0.5 0.1 0.3]
433.732805,100,1846.343471,0.2311722994280433,False,False,[0.5 0.1 0.3]
578.296545,100,1846.563473,0.04276139832328596,False,False,[0.5 0.1 0.3]
485.162028,100,1846.791193,0.08566540466200202,False,False,[0.5 0.1 0.3]
413.390766,100,1847.036374,0.19743723952802145,False,False,[0.5 0.1 0.3]
560.843366,100,1847.253962,0.14570340145469973,False,False,[0.5 0.1 0.3]
514.293835,100,1847.472683,0.08058924723570385,False,False,[0.5 0.1 0.3]
535.284966,100,1847.689403,0.07492268611889293,False,False,[0.5 0.1 0.3]
450.042568,100,1847.92268,0.09084810109644063,False,False,[0.5 0.1 0.3]
540.787153,100,1848.149638,0.141950256364981,False,False,[0.5 0.1 0.3]
497.1262,100,1848.400276,0.042257089584131796,False,False,[0.5 0.1 0.3]
541.223423,100,1848.623124,0.13902082229137125,False,False,[0.5 0.1 0.3]
539.758952,100,1848.843272,0.12582268016044268,False,False,[0.5 0.1 0.3]
558.140962,100,1849.058007,0.08921452928100641,False,False,[0.5 0.1 0.3]
512.3761,100,1849.29356,0.10921812047313235,False,False,[0.5 0.1 0.3]
580.633238,100,1849.507062,0.09660837482991373,False,False,[0.5 0.1 0.3]
529.200364,100,1849.721605,0.13933412568788522,False,False,[0.5 0.1 0.3]
542.094668,100,1849.941599,0.04442754324551997,False,False,[0.5 0.1 0.3]
501.750139,100,1850.637256,0.11907172362472918,False,False,[0.5 0.1 0.3]
562.095883,100,1850.860173,0.15171996597747306,False,False,[0.5 0.1 0.3]
564.148721,100,1851.089158,0.05050829477668702,False,False,[0.5 0.1 0.3]
511.272081,100,1851.304191,0.10910678989423342,False,False,[0.5 0.1 0.3]
430.142156,100,1851.55248,0.1584189880028023,False,False,[0.5 0.1 0.3]
511.08679,100,1851.763795,0.08793476165303965,False,False,[0.5 0.1 0.3]
543.389965,100,1851.985973,0.05715845128799741,False,False,[0.5 0.1 0.3]
503.167107,100,1852.203643,0.13343945776696609,False,False,[0.5 0.1 0.3]
377.378143,100,1852.431028,0.15099406407917457,False,False,[0.5 0.1 0.3]
461.042931,100,1852.652007,0.1443650504237495,False,False,[0.5 0.1 0.3]
577.387123,100,1852.879393,0.12155871128797022,False,False,[0.5 0.1 0.3]
525.770992,100,1853.135402,0.13557873472486634,False,False,[0.5 0.1 0.3]
492.496076,100,1853.364382,0.12504288896102247,False,False,[0.5 0.1 0.3]
476.144931,100,1853.580987,0.06763831724746587,False,False,[0.5 0.1 0.3]
599.61371,100,1853.794246,0.0866808818918869,False,False,[0.5 0.1 0.3]
618.910263,100,1854.010484,0.07272918974406725,False,False,[0.5 0.1 0.3]
588.36749,100,1854.225063,0.08462050812348541,False,False,[0.5 0.1 0.3]
515.75606,100,1854.449176,0.09542585937200684,False,False,[0.5 0.1 0.3]
561.255,100,1854.704344,0.08934746315400481,False,False,[0.5 0.1 0.3]
458.569636,100,1854.918413,0.09016901600089253,False,False,[0.5 0.1 0.3]
497.833614,100,1855.591655,0.1741983802169815,False,False,[0.5 0.1 0.3]
412.054539,100,1855.8188,0.1618419488949085,False,False,[0.5 0.1 0.3]
533.457393,100,1856.039055,0.11087730544250485,False,False,[0.5 0.1 0.3]
380.984801,100,1856.260662,0.24018391800294656,False,False,[0.5 0.1 0.3]
477.623212,100,1856.520663,0.10416174119613276,False,False,[0.5 0.1 0.3]
539.460724,100,1856.739817,0.11489070708886881,False,False,[0.5 0.1 0.3]
416.418985,100,1856.962266,0.12122122245041916,False,False,[0.5 0.1 0.3]
475.173085,100,1857.192552,0.16595282860964672,False,False,[0.5 0.1 0.3]
420.690645,100,1857.408417,0.2090200163859611,False,False,[0.5 0.1 0.3]
501.514332,100,1857.628118,0.11082809628455202,False,False,[0.5 0.1 0.3]
536.602338,100,1857.88406,0.07115628032959607,False,False,[0.5 0.1 0.3]
498.376261,100,1858.104405,0.13708192886680237,False,False,[0.5 0.1 0.3]
427.773106,100,1858.324992,0.22308162288961414,False,False,[0.5 0.1 0.3]
547.90428,100,1858.563743,0.011576924934771516,False,False,[0.5 0.1 0.3]
432.815737,100,1858.782236,0.10891127134175299,False,False,[0.5 0.1 0.3]
471.979191,100,1859.000403,0.0710905339241125,False,False,[0.5 0.1 0.3]
503.858944,100,1859.244989,0.1390817468112943,False,False,[0.5 0.1 0.3]
555.419893,100,1859.460797,0.09544308760371162,False,False,[0.5 0.1 0.3]
578.87342,100,1859.673615,0.08758426019474877,False,False,[0.5 0.1 0.3]
542.725313,100,1859.896187,0.07132978231016275,False,False,[0.5 0.1 0.3]
574.626389,100,1860.112673,0.07233244205138924,False,False,[0.5 0.1 0.3]
78.043117,33,1860.264266,0.20599013039313827,True,False,[0.5 0.1 0.3]
572.207944,100,1860.938712,0.05834930415100369,False,False,[0.5 0.1 0.3]
470.140001,100,1861.160572,0.2272886091734895,False,False,[0.5 0.1 0.3]
576.894228,100,1861.380515,0.03331990551872686,False,False,[0.5 0.1 0.3]
580.088023,100,1861.606183,0.29235367090654163,False,False,[0.5 0.1 0.3]
532.522195,100,1861.823528,0.07709122961767949,False,False,[0.5 0.1 0.3]
480.350992,100,1862.073203,0.1553698717183239,False,False,[0.5 0.1 0.3]
490.3759,100,1862.289692,0.085221935085263,False,False,[0.5 0.1 0.3]
496.333663,100,1862.504424,0.16647681682975157,False,False,[0.5 0.1 0.3]
515.275171,100,1862.724129,0.13023729307960444,False,False,[0.5 0.1 0.3]
488.376983,100,1862.950419,0.20588193579650946,False,False,[0.5 0.1 0.3]
488.963536,100,1863.173173,0.12213718374941775,False,False,[0.5 0.1 0.3]
495.341236,100,1863.43062,0.15402637038568437,False,False,[0.5 0.1 0.3]
428.630628,100,1863.65207,0.33119523132833756,False,False,[0.5 0.1 0.3]
517.108822,100,1863.874609,0.16096508111950075,False,False,[0.5 0.1 0.3]
493.675992,100,1864.093032,0.09038225274635983,False,False,[0.5 0.1 0.3]
461.03564,100,1864.32088,0.21748335013005918,False,False,[0.5 0.1 0.3]
500.207777,100,1864.531232,0.2179540345148201,False,False,[0.5 0.1 0.3]
439.203351,100,1864.744014,0.1563297450982932,False,False,[0.5 0.1 0.3]
489.34457,100,1864.964964,0.13822499526945356,False,False,[0.5 0.1 0.3]
582.566744,100,1865.214478,0.0662864085061348,False,False,[0.5 0.1 0.3]
506.875338,100,1865.898933,0.11453567524301637,False,False,[0.5 0.1 0.3]
570.565255,100,1866.125558,0.12615638152150893,False,False,[0.5 0.1 0.3]
108.227697,40,1866.286255,0.2209707647652103,True,False,[0.5 0.1 0.3]
429.616237,100,1866.512172,0.2759722394764161,False,False,[0.5 0.1 0.3]
533.010517,100,1866.734554,0.08748273101214601,False,False,[0.5 0.1 0.3]
641.468736,100,1866.954282,0.05382761479843838,False,False,[0.5 0.1 0.3]
489.400989,100,1867.201105,0.09120306298511975,False,False,[0.5 0.1 0.3]
745.122254,100,1867.426601,0.043316877949739485,False,False,[0.5 0.1 0.3]
504.697769,100,1867.641247,0.09399165406568911,False,False,[0.5 0.1 0.3]
568.352393,100,1867.85414,0.15190622470215137,False,False,[0.5 0.1 0.3]
575.012479,100,1868.07821,0.10366867426622363,False,False,[0.5 0.1 0.3]
534.444382,100,1868.295529,0.08137073958477162,False,False,[0.5 0.1 0.3]
544.571586,100,1868.521916,0.1354996604759822,False,False,[0.5 0.1 0.3]
530.564552,100,1868.740793,0.09107301822248043,False,False,[0.5 0.1 0.3]
436.899352,100,1868.960127,0.17097059527950817,False,False,[0.5 0.1 0.3]
552.61348,100,1869.175912,0.035553201390332426,False,False,[0.5 0.1 0.3]
522.77563,100,1869.42575,0.1118535323634904,False,False,[0.5 0.1 0.3]
401.274251,100,1869.655074,0.17204041014106755,False,False,[0.5 0.1 0.3]
501.700712,100,1869.881124,0.2262362488193775,False,False,[0.5 0.1 0.3]
501.411708,100,1870.099864,0.11500085844288375,False,False,[0.5 0.1 0.3]
530.252934,100,1870.331514,0.13541382289085022,False,False,[0.5 0.1 0.3]
522.777236,100,1871.009283,0.1282532882034403,False,False,[0.5 0.1 0.3]
571.699011,100,1871.257991,0.03273321992295217,False,False,[0.5 0.1 0.3]
481.125265,100,1871.484623,0.1154328896976674,False,False,[0.5 0.1 0.3]
464.007779,100,1871.707219,0.1234834197689061,False,False,[0.5 0.1 0.3]
466.31649,100,1871.923821,0.16222465746047757,False,False,[0.5 0.1 0.3]
560.091755,100,1872.146814,0.11527910903514431,False,False,[0.5 0.1 0.3]
504.895295,100,1872.361131,0.10289542600471296,False,False,[0.5 0.1 0.3]
491.987001,100,1872.609309,0.08615015854646964,False,False,[0.5 0.1 0.3]
475.2279,100,1872.8218,0.11256358995418182,False,False,[0.5 0.1 0.3]
482.595892,100,1873.042232,0.20537860288452936,False,False,[0.5 0.1 0.3]
540.241186,100,1873.262891,0.07646734302060389,False,False,[0.5 0.1 0.3]
397.296218,100,1873.502774,0.2732261724775583,False,False,[0.5 0.1 0.3]
491.949764,100,1873.71539,0.1944551582243926,False,False,[0.5 0.1 0.3]
496.980125,100,1873.940874,0.1737767748253144,False,False,[0.5 0.1 0.3]
533.359324,100,1874.190391,0.11954319585067394,False,False,[0.5 0.1 0.3]
526.445064,100,1874.41195,0.10002049535630969,False,False,[0.5 0.1 0.3]
386.736146,100,1874.625288,0.16683575109758045,False,False,[0.5 0.1 0.3]
530.751106,100,1874.839648,0.06962515913356149,False,False,[0.5 0.1 0.3]
534.345798,100,1875.050579,0.1030319346799988,False,False,[0.5 0.1 0.3]
554.235695,100,1875.26562,0.09959187144838895,False,False,[0.5 0.1 0.3]
495.268409,100,1875.51853,0.19359477045586174,False,False,[0.5 0.1 0.3]
466.96345,100,1876.189434,0.10645261185514819,False,False,[0.5 0.1 0.3]
514.062876,100,1876.407813,0.07775977524073652,False,False,[0.5 0.1 0.3]
550.238486,100,1876.621179,0.1258676534855797,False,False,[0.5 0.1 0.3]
474.816401,100,1876.845165,0.1513261619819018,False,False,[0.5 0.1 0.3]
474.633213,100,1877.15296,0.1733272125498642,False,False,[0.5 0.1 0.3]
557.998129,100,1877.37647,0.18056638140485226,False,False,[0.5 0.1 0.3]
798.298016,100,1877.622499,0.05724097532701809,False,False,[0.5 0.1 0.3]
590.727569,100,1877.839534,0.16144683091311762,False,False,[0.5 0.1 0.3]
473.517005,100,1878.054801,0.07865439420670903,False,False,[0.5 0.1 0.3]
558.18654,100,1878.273563,0.0701757457479644,False,False,[0.5 0.1 0.3]
461.024341,100,1878.49322,0.09229551074089733,False,False,[0.5 0.1 0.3]
538.239402,100,1878.721435,0.06832981317937463,False,False,[0.5 0.1 0.3]
561.146104,100,1878.972664,0.11074551724192276,False,False,[0.5 0.1 0.3]
565.272783,100,1879.195479,0.08217633744047907,False,False,[0.5 0.1 0.3]
583.096874,100,1879.413911,0.12317796348904969,False,False,[0.5 0.1 0.3]
496.486245,100,1879.636433,0.05115954115071098,False,False,[0.5 0.1 0.3]
453.531519,100,1879.855878,0.13565670506362287,False,False,[0.5 0.1 0.3]
536.395403,100,1880.077008,0.14370651068330376,False,False,[0.5 0.1 0.3]
474.093197,100,1880.294502,0.12770965433948572,False,False,[0.5 0.1 0.3]
520.628687,100,1880.601512,0.09721282063625539,False,False,[0.5 0.1 0.3]
563.808073,100,1881.303905,0.09921087833311937,False,False,[0.5 0.1 0.3]
526.522289,100,1881.527151,0.15922565688189982,False,False,[0.5 0.1 0.3]
565.663561,100,1881.749416,0.08168061224020293,False,False,[0.5 0.1 0.3]
584.612391,100,1881.96056,0.05833577301504347,False,False,[0.5 0.1 0.3]
600.839052,100,1882.178935,0.12891042444353365,False,False,[0.5 0.1 0.3]
513.146783,100,1882.424702,0.10748479356064976,False,False,[0.5 0.1 0.3]
551.511515,100,1882.635922,0.027138668451247953,False,False,[0.5 0.1 0.3]
582.202223,100,1882.866386,0.009530640257415303,False,False,[0.5 0.1 0.3]
546.519501,100,1883.097311,0.11180507285494018,False,False,[0.5 0.1 0.3]
579.059246,100,1883.322474,0.07734182169236266,False,False,[0.5 0.1 0.3]
493.142327,100,1883.546038,0.12316420398530381,False,False,[0.5 0.1 0.3]
503.192758,100,1883.798002,0.11940590114205149,False,False,[0.5 0.1 0.3]
404.377191,100,1884.013921,0.15005018083617166,False,False,[0.5 0.1 0.3]
518.082457,100,1884.230468,0.15148390131071043,False,False,[0.5 0.1 0.3]
498.149797,100,1884.450639,0.15571641379088927,False,False,[0.5 0.1 0.3]
553.90464,100,1884.668046,0.11705138395708735,False,False,[0.5 0.1 0.3]
586.351018,100,1884.896802,0.07977298462011968,False,False,[0.5 0.1 0.3]
490.912444,100,1885.148268,0.10613946059318714,False,False,[0.5 0.1 0.3]
454.930732,100,1885.374252,0.22531273189671744,False,False,[0.5 0.1 0.3]
572.11257,100,1885.585794,0.06705335076246298,False,False,[0.5 0.1 0.3]
548.217626,100,1885.800089,0.12367685730988953,False,False,[0.5 0.1 0.3]
565.106695,100,1886.468514,0.10690699999427734,False,False,[0.5 0.1 0.3]
408.396431,100,1886.690103,0.24315094627514153,False,False,[0.5 0.1 0.3]
439.095388,100,1886.922789,0.26731498298759643,False,False,[0.5 0.1 0.3]
521.268323,100,1887.15376,0.1117567881462843,False,False,[0.5 0.1 0.3]
477.592151,100,1887.379332,0.15491363263743188,False,False,[0.5 0.1 0.3]
522.264092,100,1887.599893,0.02976190075345607,False,False,[0.5 0.1 0.3]
595.273067,100,1887.81609,0.023668968443845747,False,False,[0.5 0.1 0.3]
468.999276,100,1888.035405,0.1682992086131984,False,False,[0.5 0.1 0.3]
443.571734,100,1888.254425,0.15886613650845471,False,False,[0.5 0.1 0.3]
462.443722,100,1888.500909,0.12236797641583515,False,False,[0.5 0.1 0.3]
662.91087,100,1888.726871,0.0470844670274027,False,False,[0.5 0.1 0.3]
525.63533,100,1888.958874,0.09344931721258466,False,False,[0.5 0.1 0.3]
444.820426,100,1889.181737,0.08424248886146113,False,False,[0.5 0.1 0.3]
515.31183,100,1889.404464,0.20391537158087386,False,False,[0.5 0.1 0.3]
479.968373,100,1889.726287,0.13306145412256518,False,False,[0.5 0.1 0.3]
558.044301,100,1889.947485,0.040252986457088046,False,False,[0.5 0.1 0.3]
539.887819,100,1890.161621,0.11731164368306624,False,False,[0.5 0.1 0.3]
585.872997,100,1890.388565,0.1238886282519007,False,False,[0.5 0.1 0.3]
529.17252,100,1890.612157,0.05556383372509426,False,False,[0.5 0.1 0.3]
530.301546,100,1890.826679,0.06866574418922809,False,False,[0.5 0.1 0.3]
51.677762,33,1891.014609,0.27692796143657544,True,False,[0.5 0.1 0.3]
728.571715,100,1891.696714,0.13543539693487253,False,False,[0.5 0.1 0.3]
423.283186,100,1891.915801,0.09925142967080418,False,False,[0.5 0.1 0.3]
523.649544,100,1892.143229,0.0939414844736188,False,False,[0.5 0.1 0.3]
489.49436,100,1892.361289,0.18087243559020122,False,False,[0.5 0.1 0.3]
427.322786,100,1892.611036,0.129163297441786,False,False,[0.5 0.1 0.3]
480.048739,100,1892.836077,0.14244381401461126,False,False,[0.5 0.1 0.3]
620.960637,100,1893.059916,0.05403422719776447,False,False,[0.5 0.1 0.3]
492.145928,100,1893.271791,0.1150461159219974,False,False,[0.5 0.1 0.3]
558.91882,100,1893.503,0.10234422323318748,False,False,[0.5 0.1 0.3]
773.054651,100,1893.720515,0.11875593062003739,False,False,[0.5 0.1 0.3]
556.255746,100,1893.949395,0.041266858197594875,False,False,[0.5 0.1 0.3]
536.041462,100,1894.191623,0.1080214532004868,False,False,[0.5 0.1 0.3]
528.846792,100,1894.411853,0.10379531164405957,False,False,[0.5 0.1 0.3]
559.542393,100,1894.625573,0.04679503805495895,False,False,[0.5 0.1 0.3]
587.282056,100,1894.842363,0.10628895767592428,False,False,[0.5 0.1 0.3]
491.39178,100,1895.078692,0.11348601365414741,False,False,[0.5 0.1 0.3]
483.836111,100,1895.2912,0.0946243256033649,False,False,[0.5 0.1 0.3]
540.896037,100,1895.50552,0.08287572598769197,False,False,[0.5 0.1 0.3]
592.096617,100,1895.75072,0.14140662053340824,False,False,[0.5 0.1 0.3]
454.084889,100,1895.970859,0.1401162044130291,False,False,[0.5 0.1 0.3]
541.171452,100,1896.644025,0.07175663501121675,False,False,[0.5 0.1 0.3]
398.856751,100,1896.859525,0.235189308639733,False,False,[0.5 0.1 0.3]
551.047869,100,1897.09108,0.08254038292363086,False,False,[0.5 0.1 0.3]
487.251876,100,1897.323868,0.13312210197515242,False,False,[0.5 0.1 0.3]
529.098279,100,1897.541858,0.15858329102893962,False,False,[0.5 0.1 0.3]
392.928979,100,1897.757819,0.19457442355155774,False,False,[0.5 0.1 0.3]
528.844147,100,1897.978692,0.16004564742361208,False,False,[0.5 0.1 0.3]
567.1071,100,1898.191767,0.05735283927545315,False,False,[0.5 0.1 0.3]
498.155058,100,1898.403191,0.16726058342454392,False,False,[0.5 0.1 0.3]
510.426077,100,1898.625576,0.07237353198119084,False,False,[0.5 0.1 0.3]
538.861325,100,1898.866015,0.0891581460878216,False,False,[0.5 0.1 0.3]
545.661285,100,1899.100271,0.24315733846561033,False,False,[0.5 0.1 0.3]
572.719827,100,1899.317074,0.05399300547998043,False,False,[0.5 0.1 0.3]
556.049639,100,1899.532237,0.025103797443673664,False,False,[0.5 0.1 0.3]
468.173021,100,1899.751994,0.17057690415285284,False,False,[0.5 0.1 0.3]
541.685986,100,1899.974643,0.05111988045273452,False,False,[0.5 0.1 0.3]
465.516177,100,1900.189312,0.10320425415604409,False,False,[0.5 0.1 0.3]
481.062812,100,1900.412683,0.15628765646677503,False,False,[0.5 0.1 0.3]
495.453617,100,1900.628237,0.1363012688447948,False,False,[0.5 0.1 0.3]
487.125923,100,1900.876398,0.21005225456862248,False,False,[0.5 0.1 0.3]
517.581763,100,1901.106809,0.11628646287087199,False,False,[0.5 0.1 0.3]
531.761827,100,1901.779987,0.14051263803458497,False,False,[0.5 0.1 0.3]
554.240149,100,1901.992445,0.14195431720826557,False,False,[0.5 0.1 0.3]
552.197114,100,1902.215937,0.09860783678283755,False,False,[0.5 0.1 0.3]
443.266557,100,1902.433093,0.12097848739240444,False,False,[0.5 0.1 0.3]
490.323953,100,1902.688915,0.06251004213295394,False,False,[0.5 0.1 0.3]
518.12738,100,1902.912875,0.06120418768600714,False,False,[0.5 0.1 0.3]
527.148043,100,1903.139238,0.12424325286888953,False,False,[0.5 0.1 0.3]
577.196102,100,1903.358101,0.04864848927562757,False,False,[0.5 0.1 0.3]
581.353477,100,1903.588799,0.0638496562636891,False,False,[0.5 0.1 0.3]
509.155606,100,1903.819255,0.14476044982738806,False,False,[0.5 0.1 0.3]
535.393986,100,1904.06003,0.12011671726417583,False,False,[0.5 0.1 0.3]
526.570454,100,1904.276559,0.07343359659540417,False,False,[0.5 0.1 0.3]
491.208768,100,1904.498321,0.1268563713753687,False,False,[0.5 0.1 0.3]
463.550569,100,1904.712905,0.12465980012684118,False,False,[0.5 0.1 0.3]
423.894844,100,1904.932214,0.24347010327562327,False,False,[0.5 0.1 0.3]
461.36598,100,1905.244701,0.1778167120110828,False,False,[0.5 0.1 0.3]
421.391487,100,1905.497293,0.19147972053189344,False,False,[0.5 0.1 0.3]
485.099475,100,1905.726273,0.13089877579882714,False,False,[0.5 0.1 0.3]
446.394694,100,1905.948188,0.1689998315772309,False,False,[0.5 0.1 0.3]
531.684676,100,1906.172262,0.05637098571210233,False,False,[0.5 0.1 0.3]
432.802734,100,1906.850731,0.17100304124394625,False,False,[0.5 0.1 0.3]
475.329981,100,1907.068969,0.08534662950288299,False,False,[0.5 0.1 0.3]
427.167316,100,1907.326475,0.14601859126349076,False,False,[0.5 0.1 0.3]
459.358113,100,1907.541341,0.12051393374800067,False,False,[0.5 0.1 0.3]
643.945594,100,1907.849265,0.14307929648599377,False,False,[0.5 0.1 0.3]
531.711075,100,1908.071947,0.08209247646571938,False,False,[0.5 0.1 0.3]
572.222267,100,1908.289376,0.10087700593555775,False,False,[0.5 0.1 0.3]
457.497591,100,1908.511488,0.16083839466341365,False,False,[0.5 0.1 0.3]
435.7739,100,1908.756368,0.11552487799771866,False,False,[0.5 0.1 0.3]
622.845216,100,1908.972889,0.029219752068022166,False,False,[0.5 0.1 0.3]
400.482122,100,1909.194345,0.20587643366553865,False,False,[0.5 0.1 0.3]
553.249712,100,1909.40748,0.03998943752579627,False,False,[0.5 0.1 0.3]
517.023795,100,1909.624985,0.09251793793786162,False,False,[0.5 0.1 0.3]
563.038586,100,1909.863759,0.10708165588204464,False,False,[0.5 0.1 0.3]
590.934298,100,1910.083138,0.08175260119277612,False,False,[0.5 0.1 0.3]
543.612343,100,1910.306239,0.06706532496148639,False,False,[0.5 0.1 0.3]
593.994159,100,1910.530031,0.0866343612756827,False,False,[0.5 0.1 0.3]
516.050665,100,1910.747874,0.0829413362065129,False,False,[0.5 0.1 0.3]
512.202371,100,1910.965092,0.15103024948980023,False,False,[0.5 0.1 0.3]
429.547458,100,1911.213757,0.20220165765750542,False,False,[0.5 0.1 0.3]
552.557874,100,1911.428969,0.07900039103737026,False,False,[0.5 0.1 0.3]
537.309742,100,1912.101616,0.1168975404723977,False,False,[0.5 0.1 0.3]
575.971669,100,1912.321465,0.13710292362982032,False,False,[0.5 0.1 0.3]
455.296729,100,1912.625412,0.08543456238610976,False,False,[0.5 0.1 0.3]
501.167213,100,1912.844625,0.2389587817763104,False,False,[0.5 0.1 0.3]
595.143142,100,1913.069455,0.08782897300125468,False,False,[0.5 0.1 0.3]
522.133192,100,1913.291605,0.13053004054342549,False,False,[0.5 0.1 0.3]
531.282865,100,1913.514376,0.07813155370533824,False,False,[0.5 0.1 0.3]
515.080456,100,1913.730906,0.08415886490197531,False,False,[0.5 0.1 0.3]
498.176073,100,1913.948281,0.12046911107157972,False,False,[0.5 0.1 0.3]
489.002339,100,1914.178189,0.21250528710466057,False,False,[0.5 0.1 0.3]
595.912886,100,1914.423302,0.04576950971600327,False,False,[0.5 0.1 0.3]
473.450157,100,1914.644237,0.07496833426493232,False,False,[0.5 0.1 0.3]
672.126968,100,1914.856797,0.23169204600366072,False,False,[0.5 0.1 0.3]
512.072384,100,1915.168005,0.24836143914399889,False,False,[0.5 0.1 0.3]
465.974873,100,1915.400008,0.09160406537519576,False,False,[0.5 0.1 0.3]
491.739049,100,1915.647055,0.15696942832437272,False,False,[0.5 0.1 0.3]
561.627665,100,1915.872534,0.12413281785146484,False,False,[0.5 0.1 0.3]
552.700284,100,1916.108255,0.18001882774441,False,False,[0.5 0.1 0.3]
499.621495,100,1916.323141,0.20224245220524384,False,False,[0.5 0.1 0.3]
524.484602,100,1916.539979,0.17929917746065413,False,False,[0.5 0.1 0.3]
571.453735,100,1917.22166,0.11108980728547577,False,False,[0.5 0.1 0.3]
504.289025,100,1917.448991,0.1651173975911625,False,False,[0.5 0.1 0.3]
545.707665,100,1917.694418,0.046680091656560646,False,False,[0.5 0.1 0.3]
462.118914,100,1917.914147,0.12915295885264017,False,False,[0.5 0.1 0.3]
542.966285,100,1918.145466,0.07726045688257174,False,False,[0.5 0.1 0.3]
454.147985,100,1918.361923,0.13436274989915198,False,False,[0.5 0.1 0.3]
483.694863,100,1918.581736,0.07603452115096188,False,False,[0.5 0.1 0.3]
513.00805,100,1918.805932,0.09161761109743694,False,False,[0.5 0.1 0.3]
580.97403,100,1919.05005,0.10309318548828972,False,False,[0.5 0.1 0.3]
566.951363,100,1919.271989,0.11468981959027547,False,False,[0.5 0.1 0.3]
128.743775,100,1919.488921,0.7928044386120999,False,False,[0.5 0.1 0.3]
593.212906,100,1919.705341,0.1487237155707562,False,False,[0.5 0.1 0.3]
493.360092,100,1919.921864,0.20952146416648743,False,False,[0.5 0.1 0.3]
515.246746,100,1920.149126,0.05790484485742922,False,False,[0.5 0.1 0.3]
582.817238,100,1920.369689,0.08528137603795295,False,False,[0.5 0.1 0.3]
530.621953,100,1920.626504,0.12281027144300784,False,False,[0.5 0.1 0.3]
574.283398,100,1920.848583,0.08722257436313814,False,False,[0.5 0.1 0.3]
556.537857,100,1921.074571,0.08618685923799789,False,False,[0.5 0.1 0.3]
529.518559,100,1921.291804,0.08512325516093316,False,False,[0.5 0.1 0.3]
551.565151,100,1921.507953,0.10750801876481982,False,False,[0.5 0.1 0.3]
580.523248,100,1921.803831,0.12318617572409248,False,False,[0.5 0.1 0.3]
592.813746,100,1922.498947,0.0753907666536662,False,False,[0.5 0.1 0.3]
527.350032,100,1922.70531,0.14997638213922226,False,False,[0.5 0.1 0.3]
598.432267,100,1922.927073,0.10389259713998343,False,False,[0.5 0.1 0.3]
521.934865,100,1923.154057,0.13701315194199737,False,False,[0.5 0.1 0.3]
483.660031,100,1923.374757,0.18068306385472976,False,False,[0.5 0.1 0.3]
539.939745,100,1923.588351,0.16083792769770744,False,False,[0.5 0.1 0.3]
448.00385,100,1923.839688,0.12287590078851449,False,False,[0.5 0.1 0.3]
533.33933,100,1924.150784,0.16923391345027933,False,False,[0.5 0.1 0.3]
497.407038,100,1924.364555,0.1537484876866494,False,False,[0.5 0.1 0.3]
552.366591,100,1924.584906,0.13829959339870443,False,False,[0.5 0.1 0.3]
497.880126,100,1924.806362,0.1490919854019382,False,False,[0.5 0.1 0.3]
531.719087,100,1925.021947,0.08687761128366532,False,False,[0.5 0.1 0.3]
539.646597,100,1925.240898,0.06866326464970905,False,False,[0.5 0.1 0.3]
460.653386,100,1925.473757,0.1449277812664918,False,False,[0.5 0.1 0.3]
452.324573,100,1925.69102,0.14558603370975476,False,False,[0.5 0.1 0.3]
523.539486,100,1925.913004,0.105015644808968,False,False,[0.5 0.1 0.3]
497.018294,100,1926.167205,0.11402696374909169,False,False,[0.5 0.1 0.3]
501.941036,100,1926.382553,0.1393427213723222,False,False,[0.5 0.1 0.3]
529.100187,100,1926.597386,0.05595518374660428,False,False,[0.5 0.1 0.3]
517.586422,100,1926.821402,0.21080812827783252,False,False,[0.5 0.1 0.3]
499.118595,100,1927.503794,0.18391806091460455,False,False,[0.5 0.1 0.3]
582.571081,100,1927.725711,0.025283054102914586,False,False,[0.5 0.1 0.3]
574.392474,100,1927.946372,0.04929266574556043,False,False,[0.5 0.1 0.3]
466.776504,100,1928.196462,0.16789247671194574,False,False,[0.5 0.1 0.3]
537.413157,100,1928.417033,0.08613413729490577,False,False,[0.5 0.1 0.3]
520.206874,100,1928.636921,0.19656550148532476,False,False,[0.5 0.1 0.3]
491.483083,100,1928.852718,0.1415511174168987,False,False,[0.5 0.1 0.3]
584.66537,100,1929.080695,0.06494845089426174,False,False,[0.5 0.1 0.3]
549.087017,100,1929.303122,0.09287952947277646,False,False,[0.5 0.1 0.3]
438.93628,100,1929.557322,0.16543114147090107,False,False,[0.5 0.1 0.3]
445.622503,100,1929.777178,0.17261224756494092,False,False,[0.5 0.1 0.3]
506.474766,100,1929.996052,0.11296495182752156,False,False,[0.5 0.1 0.3]
579.426091,100,1930.215115,0.04180458040097344,False,False,[0.5 0.1 0.3]
571.070165,100,1930.428771,0.03595999048107309,False,False,[0.5 0.1 0.3]
92.930493,100,1930.658127,0.9885818658651425,False,False,[0.5 0.1 0.3]
540.38409,100,1930.875453,0.11083987333433908,False,False,[0.5 0.1 0.3]
409.187011,100,1931.128335,0.14913391820937483,False,False,[0.5 0.1 0.3]
455.989907,100,1931.348307,0.10288195478022787,False,False,[0.5 0.1 0.3]
477.174478,100,1931.586971,0.1085144284368134,False,False,[0.5 0.1 0.3]
481.773468,100,1931.79873,0.09834609004712937,False,False,[0.5 0.1 0.3]
491.529877,100,1932.023345,0.0967493605607472,False,False,[0.5 0.1 0.3]
528.797394,100,1932.710862,0.13495257375815684,False,False,[0.5 0.1 0.3]
496.408822,100,1932.916561,0.1015510533295808,False,False,[0.5 0.1 0.3]
555.93547,100,1933.144344,0.09598476156246215,False,False,[0.5 0.1 0.3]
545.140133,100,1933.360566,0.12195175019522916,False,False,[0.5 0.1 0.3]
526.321528,100,1933.595089,0.17903858037078738,False,False,[0.5 0.1 0.3]
572.231929,100,1933.813787,0.1360890386145005,False,False,[0.5 0.1 0.3]
738.489657,100,1934.062796,0.05516962690055284,False,False,[0.5 0.1 0.3]
442.187844,100,1934.287189,0.15986481300460417,False,False,[0.5 0.1 0.3]
571.269014,100,1934.511323,0.08122237652490058,False,False,[0.5 0.1 0.3]
487.786939,100,1934.729208,0.19005454632145738,False,False,[0.5 0.1 0.3]
566.000809,100,1934.952064,0.08069976570709435,False,False,[0.5 0.1 0.3]
461.627835,100,1935.185047,0.12059742920567433,False,False,[0.5 0.1 0.3]
409.002924,100,1935.433061,0.23295244999772424,False,False,[0.5 0.1 0.3]
422.12032,100,1935.657732,0.2333330117974744,False,False,[0.5 0.1 0.3]
474.056374,100,1935.877638,0.14471432799799744,False,False,[0.5 0.1 0.3]
498.274434,100,1936.105399,0.08884990605136946,False,False,[0.5 0.1 0.3]
516.718642,100,1936.32654,0.10865060382377194,False,False,[0.5 0.1 0.3]
508.079973,100,1936.54643,0.13721432926668609,False,False,[0.5 0.1 0.3]
113.768562,43,1936.719654,0.24522049335780516,True,False,[0.5 0.1 0.3]
589.537179,100,1936.93267,0.14159561876375845,False,False,[0.5 0.1 0.3]
540.469979,100,1937.152174,0.13701552331491776,False,False,[0.5 0.1 0.3]
521.327705,100,1937.832002,0.09710253322862925,False,False,[0.5 0.1 0.3]
589.275634,100,1938.050408,0.08527557575935633,False,False,[0.5 0.1 0.3]
485.843871,100,1938.262142,0.11567440939813761,False,False,[0.5 0.1 0.3]
490.787649,100,1938.481796,0.05001498906700684,False,False,[0.5 0.1 0.3]
464.954582,100,1938.729779,0.15891859677545742,False,False,[0.5 0.1 0.3]
594.148468,100,1938.948854,0.03633416157398749,False,False,[0.5 0.1 0.3]
495.237595,100,1939.170863,0.14616306816504857,False,False,[0.5 0.1 0.3]
541.212218,100,1939.39488,0.15631295443506932,False,False,[0.5 0.1 0.3]
509.975135,100,1939.618882,0.16640239592094225,False,False,[0.5 0.1 0.3]
621.248738,100,1939.833346,0.09204923464552375,False,False,[0.5 0.1 0.3]
594.503357,100,1940.08546,0.06202127774781518,False,False,[0.5 0.1 0.3]
519.427582,100,1940.308943,0.18414556310462565,False,False,[0.5 0.1 0.3]
532.215555,100,1940.530399,0.11052944614744536,False,False,[0.5 0.1 0.3]
590.273834,100,1940.746618,0.10053952692710347,False,False,[0.5 0.1 0.3]
535.100653,100,1940.964102,0.15571663972554894,False,False,[0.5 0.1 0.3]
502.189832,100,1941.300423,0.1382953273120525,False,False,[0.5 0.1 0.3]
492.704509,100,1941.521049,0.11328696009905549,False,False,[0.5 0.1 0.3]
579.171118,100,1941.741189,0.06522607301073158,False,False,[0.5 0.1 0.3]
469.436375,100,1941.959106,0.22706983770134517,False,False,[0.5 0.1 0.3]
482.990966,100,1942.188689,0.14389614832107717,False,False,[0.5 0.1 0.3]
548.51327,100,1942.874271,0.06443318224319325,False,False,[0.5 0.1 0.3]
505.6766,100,1943.134636,0.06946034152009858,False,False,[0.5 0.1 0.3]
515.907922,100,1943.353018,0.15535098585878915,False,False,[0.5 0.1 0.3]
445.088428,100,1943.574979,0.06884638716312737,False,False,[0.5 0.1 0.3]
482.057528,100,1943.803699,0.0952048806094766,False,False,[0.5 0.1 0.3]
495.762169,100,1944.025767,0.12139170370398508,False,False,[0.5 0.1 0.3]
490.049454,100,1944.246678,0.09765128808593812,False,False,[0.5 0.1 0.3]
465.234348,100,1944.471753,0.08388193147941402,False,False,[0.5 0.1 0.3]
569.765751,100,1944.715457,0.1389241747346964,False,False,[0.5 0.1 0.3]
506.952001,100,1944.942144,0.10014584602556022,False,False,[0.5 0.1 0.3]
464.73276,100,1945.165682,0.2035611510830742,False,False,[0.5 0.1 0.3]
577.707035,100,1945.389916,0.11647218098186442,False,False,[0.5 0.1 0.3]
465.002703,100,1945.602238,0.11199542577752278,False,False,[0.5 0.1 0.3]
428.321077,100,1945.828918,0.14197595878297747,False,False,[0.5 0.1 0.3]
469.230036,100,1946.08025,0.22480292604157695,False,False,[0.5 0.1 0.3]
533.762954,100,1946.303483,0.07352347485153461,False,False,[0.5 0.1 0.3]
503.886723,100,1946.532661,0.11068597014412346,False,False,[0.5 0.1 0.3]
564.966623,100,1946.756158,0.11888800026971522,False,False,[0.5 0.1 0.3]
385.847416,100,1946.976881,0.21207113749167697,False,False,[0.5 0.1 0.3]
460.015803,100,1947.200583,0.12607058424230647,False,False,[0.5 0.1 0.3]
566.419332,100,1947.454688,0.10201333044040896,False,False,[0.5 0.1 0.3]
547.473757,100,1948.154385,0.0951781114807998,False,False,[0.5 0.1 0.3]
423.325785,100,1948.372594,0.14274763938292306,False,False,[0.5 0.1 0.3]
451.406316,100,1948.600797,0.20120162793725618,False,False,[0.5 0.1 0.3]
102.48197,100,1948.826239,1.2516796418093394,False,False,[0.5 0.1 0.3]
539.718935,100,1949.057709,0.03908582063411484,False,False,[0.5 0.1 0.3]
467.994736,100,1949.277136,0.10278385396189868,False,False,[0.5 0.1 0.3]
525.900389,100,1949.495491,0.12492923299830698,False,False,[0.5 0.1 0.3]
481.09797,100,1949.718569,0.137165161607623,False,False,[0.5 0.1 0.3]
541.537458,100,1949.945784,0.06979636153648555,False,False,[0.5 0.1 0.3]
520.415437,100,1950.17394,0.033900265706974186,False,False,[0.5 0.1 0.3]
428.853634,100,1950.397036,0.15603021075620824,False,False,[0.5 0.1 0.3]
455.709006,100,1950.70192,0.21127821281719167,False,False,[0.5 0.1 0.3]
436.647021,100,1950.91977,0.11195086669016419,False,False,[0.5 0.1 0.3]
503.267542,100,1951.147525,0.14790923698065597,False,False,[0.5 0.1 0.3]
563.188089,100,1951.368036,0.1190792520780152,False,False,[0.5 0.1 0.3]
539.570556,100,1951.594026,0.1128868907387582,False,False,[0.5 0.1 0.3]
510.110652,100,1951.817101,0.08255258621432528,False,False,[0.5 0.1 0.3]
528.621189,100,1952.066031,0.18872725821596845,False,False,[0.5 0.1 0.3]
546.740205,100,1952.28187,0.06859150022275144,False,False,[0.5 0.1 0.3]
560.570833,100,1952.496199,0.09901500049129788,False,False,[0.5 0.1 0.3]
408.186328,100,1953.168195,0.12861283076692,False,False,[0.5 0.1 0.3]
542.82558,100,1953.39321,0.09287093713177148,False,False,[0.5 0.1 0.3]
576.231424,100,1953.617246,0.09485925338605988,False,False,[0.5 0.1 0.3]
594.399814,100,1953.845498,0.06228725233497036,False,False,[0.5 0.1 0.3]
480.29817,100,1954.095413,0.1411871879217588,False,False,[0.5 0.1 0.3]
537.389599,100,1954.315171,0.06480961853539365,False,False,[0.5 0.1 0.3]
481.172909,100,1954.537873,0.08534972524677717,False,False,[0.5 0.1 0.3]
648.147389,100,1954.756578,0.10740984361132888,False,False,[0.5 0.1 0.3]
446.77615,100,1954.975722,0.18105504514344564,False,False,[0.5 0.1 0.3]
565.13574,100,1955.188794,0.13621651537462565,False,False,[0.5 0.1 0.3]
421.501083,100,1955.43532,0.1746407505492011,False,False,[0.5 0.1 0.3]
527.004514,100,1955.650179,0.14824997299443796,False,False,[0.5 0.1 0.3]
424.041074,100,1955.876121,0.1381297610130054,False,False,[0.5 0.1 0.3]
529.391443,100,1956.098746,0.06608266193294339,False,False,[0.5 0.1 0.3]
459.718821,100,1956.320395,0.11742991877046237,False,False,[0.5 0.1 0.3]
517.793529,100,1956.578001,0.13025789534087365,False,False,[0.5 0.1 0.3]
549.116305,100,1956.798121,0.11695288015383334,False,False,[0.5 0.1 0.3]
429.402255,100,1957.01521,0.14081037363510762,False,False,[0.5 0.1 0.3]
538.157844,100,1957.240996,0.1348420064301275,False,False,[0.5 0.1 0.3]
570.964192,100,1957.456112,0.0778451860762457,False,False,[0.5 0.1 0.3]
542.21224,100,1957.674197,0.13367738646728883,False,False,[0.5 0.1 0.3]
526.902566,100,1958.382931,0.10671238797411167,False,False,[0.5 0.1 0.3]
569.742036,100,1958.587965,0.09737411911895281,False,False,[0.5 0.1 0.3]
499.074432,100,1958.80089,0.08521371181277518,False,False,[0.5 0.1 0.3]
488.544695,100,1959.027944,0.12465680511031482,False,False,[0.5 0.1 0.3]
481.928351,100,1959.245208,0.15927189046097495,False,False,[0.5 0.1 0.3]
490.39987,100,1959.468941,0.1981568111807926,False,False,[0.5 0.1 0.3]
581.479979,100,1959.688629,0.06282526557508605,False,False,[0.5 0.1 0.3]
470.417663,100,1959.94278,0.056185782663893236,False,False,[0.5 0.1 0.3]
588.705751,100,1960.166314,0.07974406400929311,False,False,[0.5 0.1 0.3]
525.091893,100,1960.386304,0.08077970442828981,False,False,[0.5 0.1 0.3]
591.874311,100,1960.608619,0.06683353646722054,False,False,[0.5 0.1 0.3]
526.537237,100,1960.821641,0.15291603530928366,False,False,[0.5 0.1 0.3]
451.656511,100,1961.046552,0.07569752588924658,False,False,[0.5 0.1 0.3]
446.050424,100,1961.26894,0.16223477046082754,False,False,[0.5 0.1 0.3]
581.242346,100,1961.491207,0.13320162899766624,False,False,[0.5 0.1 0.3]
486.034934,100,1961.715933,0.09161448089853697,False,False,[0.5 0.1 0.3]
424.204751,100,1961.943997,0.2742012617322992,False,False,[0.5 0.1 0.3]
512.942315,100,1962.200153,0.08218089100503526,False,False,[0.5 0.1 0.3]
524.197046,100,1962.417527,0.04794773895705696,False,False,[0.5 0.1 0.3]
797.845463,100,1962.635552,0.05547061372130756,False,False,[0.5 0.1 0.3]
573.512889,100,1963.323138,0.038231533053336125,False,False,[0.5 0.1 0.3]
564.319299,100,1963.545398,0.0582760594376594,False,False,[0.5 0.1 0.3]
504.53495,100,1963.758206,0.1750857021599172,False,False,[0.5 0.1 0.3]
509.793579,100,1963.978689,0.17773591018319562,False,False,[0.5 0.1 0.3]
452.286585,100,1964.21659,0.14630564612374727,False,False,[0.5 0.1 0.3]
478.549127,100,1964.43518,0.20791304946339237,False,False,[0.5 0.1 0.3]
500.790077,100,1964.654422,0.10847876262884663,False,False,[0.5 0.1 0.3]
530.969154,100,1964.953214,0.16185901643671008,False,False,[0.5 0.1 0.3]
547.056858,100,1965.176252,0.07769062013936005,False,False,[0.5 0.1 0.3]
497.067983,100,1965.392745,0.15742674463808556,False,False,[0.5 0.1 0.3]
561.012068,100,1965.638235,0.15959372546022552,False,False,[0.5 0.1 0.3]
540.52506,100,1965.863431,0.06765471671819609,False,False,[0.5 0.1 0.3]
512.182855,100,1966.09666,0.07017862076653697,False,False,[0.5 0.1 0.3]
583.148892,100,1966.31111,0.06699672519415162,False,False,[0.5 0.1 0.3]
476.456431,100,1966.534523,0.20295300546762363,False,False,[0.5 0.1 0.3]
536.207662,100,1966.758435,0.05616501234610066,False,False,[0.5 0.1 0.3]
562.926113,100,1966.97473,0.025617833580497015,False,False,[0.5 0.1 0.3]
479.00093,100,1967.216509,0.18065095175868662,False,False,[0.5 0.1 0.3]
499.721462,100,1967.532858,0.09767850600023849,False,False,[0.5 0.1 0.3]
816.379408,100,1967.763932,0.0874615067376246,False,False,[0.5 0.1 0.3]
587.990577,100,1967.973759,0.051049950083372875,False,False,[0.5 0.1 0.3]
469.530785,100,1968.655303,0.16507024076633092,False,False,[0.5 0.1 0.3]
571.154714,100,1968.962494,0.05079815849409714,False,False,[0.5 0.1 0.3]
490.359053,100,1969.198588,0.12738035727817368,False,False,[0.5 0.1 0.3]
434.078185,100,1969.430406,0.20936528100576857,False,False,[0.5 0.1 0.3]
552.006128,100,1969.646025,0.09376884639497672,False,False,[0.5 0.1 0.3]
615.084492,100,1969.869068,0.04008512114930845,False,False,[0.5 0.1 0.3]
718.835096,100,1970.113631,0.18335184439297553,False,False,[0.5 0.1 0.3]
584.68007,100,1970.345574,0.060824693587941056,False,False,[0.5 0.1 0.3]
492.891167,100,1970.601907,0.15803228336058084,False,False,[0.5 0.1 0.3]
44.158904,31,1970.750722,0.2847934500496368,True,False,[0.5 0.1 0.3]
586.544745,100,1970.973722,0.09408617906909907,False,False,[0.5 0.1 0.3]
791.22594,100,1971.195734,0.03658545733006891,False,False,[0.5 0.1 0.3]
454.493725,100,1971.42548,0.03896987828167851,False,False,[0.5 0.1 0.3]
490.276906,100,1971.636023,0.1337107214851109,False,False,[0.5 0.1 0.3]
472.016244,100,1971.861444,0.061673395737872665,False,False,[0.5 0.1 0.3]
542.057409,100,1972.077471,0.06213904278998099,False,False,[0.5 0.1 0.3]
515.200414,100,1972.292964,0.09652917507850654,False,False,[0.5 0.1 0.3]
561.250131,100,1972.50817,0.09578930785045227,False,False,[0.5 0.1 0.3]
546.563955,100,1972.724803,0.06683675909076102,False,False,[0.5 0.1 0.3]
506.580432,100,1972.94674,0.07208727547771843,False,False,[0.5 0.1 0.3]
527.15889,100,1973.165812,0.10760928294869333,False,False,[0.5 0.1 0.3]
561.157377,100,1973.867118,0.03433460782494916,False,False,[0.5 0.1 0.3]
504.285152,100,1974.097044,0.12493073858711119,False,False,[0.5 0.1 0.3]
282.136297,79,1974.303716,0.28473989075108497,True,False,[0.5 0.1 0.3]
556.21358,100,1974.51691,0.03170848714230374,False,False,[0.5 0.1 0.3]
529.505885,100,1974.76241,0.1355089675367474,False,False,[0.5 0.1 0.3]
525.791995,100,1974.982691,0.0855601333822056,False,False,[0.5 0.1 0.3]
466.711147,100,1975.202522,0.12379988326749697,False,False,[0.5 0.1 0.3]
555.279852,100,1975.419526,0.11448397265303085,False,False,[0.5 0.1 0.3]
587.550104,100,1975.63466,0.14187813308349462,False,False,[0.5 0.1 0.3]
541.954491,100,1975.854598,0.04402923083408261,False,False,[0.5 0.1 0.3]
517.240407,100,1976.114745,0.10141936900566155,False,False,[0.5 0.1 0.3]
525.099569,100,1976.338332,0.06497512378913652,False,False,[0.5 0.1 0.3]
483.129977,100,1976.562035,0.15879781231489087,False,False,[0.5 0.1 0.3]
515.350801,100,1976.780392,0.15936638441101175,False,False,[0.5 0.1 0.3]
432.496632,100,1977.000637,0.14515443075285128,False,False,[0.5 0.1 0.3]
528.510891,100,1977.232003,0.04230223833613223,False,False,[0.5 0.1 0.3]
533.935026,100,1977.458951,0.08948928588444646,False,False,[0.5 0.1 0.3]
491.567915,100,1977.707928,0.134790894724917,False,False,[0.5 0.1 0.3]
567.037559,100,1977.918908,0.09082071338409183,False,False,[0.5 0.1 0.3]
492.358853,100,1978.148279,0.04970585707271888,False,False,[0.5 0.1 0.3]
443.327358,100,1978.833714,0.13659747812680567,False,False,[0.5 0.1 0.3]
565.742771,100,1979.049858,0.04285253959044278,False,False,[0.5 0.1 0.3]
583.199682,100,1979.274043,0.09526171490933004,False,False,[0.5 0.1 0.3]
404.645922,100,1979.537751,0.2220770711124749,False,False,[0.5 0.1 0.3]
471.377206,100,1979.756456,0.10776755182155645,False,False,[0.5 0.1 0.3]
588.991392,100,1979.977864,0.025101766471472543,False,False,[0.5 0.1 0.3]
418.449356,100,1980.199305,0.2557463898743122,False,False,[0.5 0.1 0.3]
535.960618,100,1980.412889,0.15861754370832407,False,False,[0.5 0.1 0.3]
507.449062,100,1980.625473,0.11211700662462142,False,False,[0.5 0.1 0.3]
582.134662,100,1980.849656,0.0262771078325615,False,False,[0.5 0.1 0.3]
531.625599,100,1981.099575,0.04234386462958293,False,False,[0.5 0.1 0.3]
535.792236,100,1981.318701,0.13701718913399677,False,False,[0.5 0.1 0.3]
501.82855,100,1981.543278,0.0438880170881024,False,False,[0.5 0.1 0.3]
782.046904,100,1981.768544,0.018424792291059578,False,False,[0.5 0.1 0.3]
472.895038,100,1981.995113,0.06497332829963764,False,False,[0.5 0.1 0.3]
492.448932,100,1982.210924,0.10828307904584303,False,False,[0.5 0.1 0.3]
558.643653,100,1982.424469,0.0816758344561375,False,False,[0.5 0.1 0.3]
532.336665,100,1982.668958,0.1416396394300572,False,False,[0.5 0.1 0.3]
464.662096,100,1982.884365,0.1457375338817736,False,False,[0.5 0.1 0.3]
458.301476,100,1983.104916,0.05826703460787522,False,False,[0.5 0.1 0.3]
433.383897,100,1983.325911,0.19525600368999949,False,False,[0.5 0.1 0.3]
555.556408,100,1984.018651,0.1323728145488666,False,False,[0.5 0.1 0.3]
504.27162,100,1984.236112,0.08492250243516443,False,False,[0.5 0.1 0.3]
543.63263,100,1984.48707,0.03345039465574938,False,False,[0.5 0.1 0.3]
553.494253,100,1984.712826,0.15293198899479965,False,False,[0.5 0.1 0.3]
133.475343,44,1984.875433,0.29508118519095144,True,False,[0.5 0.1 0.3]
440.763537,100,1985.095107,0.139835889999702,False,False,[0.5 0.1 0.3]
520.159837,100,1985.317417,0.0977188799233832,False,False,[0.5 0.1 0.3]
548.970803,100,1985.53648,0.19445208535561198,False,False,[0.5 0.1 0.3]
429.742082,100,1985.753527,0.15998935547598167,False,False,[0.5 0.1 0.3]
476.584557,100,1985.968459,0.1095787674307465,False,False,[0.5 0.1 0.3]
420.792139,100,1986.218426,0.12339274354740272,False,False,[0.5 0.1 0.3]
562.275428,100,1986.441781,0.12421900630706732,False,False,[0.5 0.1 0.3]
528.75791,100,1986.661512,0.11780699045213781,False,False,[0.5 0.1 0.3]
490.628213,100,1986.885861,0.09195650658435252,False,False,[0.5 0.1 0.3]
596.560423,100,1987.121355,0.08672962426822607,False,False,[0.5 0.1 0.3]
561.575147,100,1987.339679,0.09819324617780403,False,False,[0.5 0.1 0.3]
479.685389,100,1987.554931,0.15287425554764764,False,False,[0.5 0.1 0.3]
499.851435,100,1987.773267,0.08147697669123341,False,False,[0.5 0.1 0.3]
508.84345,100,1988.013072,0.06471492264934502,False,False,[0.5 0.1 0.3]
489.147815,100,1988.233044,0.17911026206792222,False,False,[0.5 0.1 0.3]
419.266014,100,1988.461456,0.22286952729549406,False,False,[0.5 0.1 0.3]
552.591336,100,1989.154788,0.10389361398014323,False,False,[0.5 0.1 0.3]
535.455133,100,1989.369996,0.08533165699403844,False,False,[0.5 0.1 0.3]
501.501667,100,1989.602479,0.1637299748596277,False,False,[0.5 0.1 0.3]
574.660783,100,1989.848577,0.09566440916872622,False,False,[0.5 0.1 0.3]
489.149007,100,1990.076343,0.14130927036899174,False,False,[0.5 0.1 0.3]
467.55519,100,1990.285234,0.11285051086706263,False,False,[0.5 0.1 0.3]
448.832929,100,1990.498268,0.1015423098965838,False,False,[0.5 0.1 0.3]
504.986373,100,1990.728529,0.1192840800643899,False,False,[0.5 0.1 0.3]
468.388346,100,1990.942578,0.16838163862518288,False,False,[0.5 0.1 0.3]
558.065936,100,1991.199422,0.16066102703004564,False,False,[0.5 0.1 0.3]
376.943449,100,1991.426886,0.2717361560841358,False,False,[0.5 0.1 0.3]
545.082247,100,1991.6384,0.1355670521531808,False,False,[0.5 0.1 0.3]
516.446525,100,1991.863111,0.13563229906582958,False,False,[0.5 0.1 0.3]
516.873538,100,1992.098034,0.034200700388204726,False,False,[0.5 0.1 0.3]
437.312991,100,1992.313093,0.25175881376678916,False,False,[0.5 0.1 0.3]
542.101617,100,1992.550481,0.13454321551144516,False,False,[0.5 0.1 0.3]
520.20182,100,1992.780712,0.07112335465988481,False,False,[0.5 0.1 0.3]
589.082595,100,1993.00199,0.09784076128365268,False,False,[0.5 0.1 0.3]
516.353994,100,1993.214563,0.0676914494408173,False,False,[0.5 0.1 0.3]
550.729629,100,1993.435311,0.15194694083016683,False,False,[0.5 0.1 0.3]
502.749865,100,1994.113744,0.18016278737598004,False,False,[0.5 0.1 0.3]
398.432007,100,1994.437745,0.028064414261682526,False,False,[0.5 0.1 0.3]
130.257343,42,1994.605474,0.21761686679302059,True,False,[0.5 0.1 0.3]
563.203274,100,1994.829594,0.06395175233140103,False,False,[0.5 0.1 0.3]
536.569428,100,1995.046924,0.04419674380609249,False,False,[0.5 0.1 0.3]
451.644861,100,1995.273054,0.16959157702851022,False,False,[0.5 0.1 0.3]
500.294088,100,1995.493556,0.10900988328886148,False,False,[0.5 0.1 0.3]
592.031935,100,1995.745446,0.14076186194516105,False,False,[0.5 0.1 0.3]
550.839172,100,1995.965328,0.14573905989448305,False,False,[0.5 0.1 0.3]
496.270833,100,1996.189099,0.20997522399240628,False,False,[0.5 0.1 0.3]
788.57107,100,1996.414712,0.02083831597505988,False,False,[0.5 0.1 0.3]
556.883226,100,1996.632421,0.04221213702860092,False,False,[0.5 0.1 0.3]
518.603173,100,1996.854705,0.11639485859671729,False,False,[0.5 0.1 0.3]
492.794766,100,1997.104507,0.13994463632566165,False,False,[0.5 0.1 0.3]
486.453567,100,1997.322301,0.06540941088551562,False,False,[0.5 0.1 0.3]
543.590897,100,1997.54608,0.15773013317356832,False,False,[0.5 0.1 0.3]
532.471426,100,1997.762447,0.09242579262987383,False,False,[0.5 0.1 0.3]
563.825016,100,1997.97623,0.06134059135213611,False,False,[0.5 0.1 0.3]
461.773691,100,1998.195054,0.009714418652134292,False,False,[0.5 0.1 0.3]
594.896525,100,1998.414392,0.043066333942614554,False,False,[0.5 0.1 0.3]
538.074961,100,1998.672473,0.10274951990650066,False,False,[0.5 0.1 0.3]
491.599697,100,1999.347697,0.15227578054337004,False,False,[0.5 0.1 0.3]
563.215499,100,1999.571695,0.05430704333610063,False,False,[0.5 0.1 0.3]
494.810708,100,1999.793121,0.07587048759825372,False,False,[0.5 0.1 0.3]
504.903897,100,2000.016094,0.1099759124593205,False,False,[0.5 0.1 0.3]
475.959484,100,2000.232074,0.06639078025904564,False,False,[0.5 0.1 0.3]
546.371909,100,2000.480753,0.0776849919336281,False,False,[0.5 0.1 0.3]
574.81369,100,2000.697637,0.11040735587531,False,False,[0.5 0.1 0.3]
438.928273,100,2000.917413,0.19620168497741647,False,False,[0.5 0.1 0.3]
510.150811,100,2001.137959,0.10872113233016288,False,False,[0.5 0.1 0.3]
506.993374,100,2001.360985,0.13297170507232398,False,False,[0.5 0.1 0.3]
526.886682,100,2001.585689,0.10600120960048358,False,False,[0.5 0.1 0.3]
459.747986,100,2001.81164,0.16770323674737309,False,False,[0.5 0.1 0.3]
492.799115,100,2002.067249,0.10704133539490861,False,False,[0.5 0.1 0.3]
546.651795,100,2002.290774,0.1555554890300372,False,False,[0.5 0.1 0.3]
468.791755,100,2002.506386,0.11791725670522822,False,False,[0.5 0.1 0.3]
419.15808,100,2002.723884,0.15089411387821508,False,False,[0.5 0.1 0.3]
374.535727,100,2002.951941,0.24025065504483825,False,False,[0.5 0.1 0.3]
544.242593,100,2003.176926,0.07072339715941388,False,False,[0.5 0.1 0.3]
583.582169,100,2003.400707,0.1538934327896616,False,False,[0.5 0.1 0.3]
540.242505,100,2003.645977,0.11291038023517577,False,False,[0.5 0.1 0.3]
483.280147,100,2003.870342,0.1438438013831224,False,False,[0.5 0.1 0.3]
525.316383,100,2004.555447,0.14445156394849445,False,False,[0.5 0.1 0.3]
504.812502,100,2004.773223,0.21055892531535092,False,False,[0.5 0.1 0.3]
522.67722,100,2004.998292,0.16606231717600464,False,False,[0.5 0.1 0.3]
388.33757,100,2005.216246,0.18692325955553765,False,False,[0.5 0.1 0.3]
554.895244,100,2005.470168,0.06780303495908413,False,False,[0.5 0.1 0.3]
489.531918,100,2005.695989,0.14087307187814843,False,False,[0.5 0.1 0.3]
597.170925,100,2005.913816,0.09767736024102741,False,False,[0.5 0.1 0.3]
549.684249,100,2006.132657,0.11206867864871228,False,False,[0.5 0.1 0.3]
596.185825,100,2006.356285,0.07242770410839829,False,False,[0.5 0.1 0.3]
498.609606,100,2006.578362,0.08933050610219118,False,False,[0.5 0.1 0.3]
559.54761,100,2006.830958,0.11816666382073503,False,False,[0.5 0.1 0.3]
573.207953,100,2007.05093,0.06237142507000228,False,False,[0.5 0.1 0.3]
537.202502,100,2007.272243,0.0655361709766246,False,False,[0.5 0.1 0.3]
442.493273,100,2007.511519,0.20210214189188902,False,False,[0.5 0.1 0.3]
844.474523,100,2007.727535,0.012269163072441368,False,False,[0.5 0.1 0.3]
557.603204,100,2007.951595,0.19625710753247846,False,False,[0.5 0.1 0.3]
468.6334,100,2008.170317,0.15778775815472657,False,False,[0.5 0.1 0.3]
577.846791,100,2008.415376,0.06073629497391812,False,False,[0.5 0.1 0.3]
539.932211,100,2008.642833,0.169304532371366,False,False,[0.5 0.1 0.3]
462.535011,100,2008.862516,0.13466405052159452,False,False,[0.5 0.1 0.3]
512.76274,100,2009.553142,0.18750589381642488,False,False,[0.5 0.1 0.3]
389.31008,100,2009.784593,0.14436728702018758,False,False,[0.5 0.1 0.3]
637.404595,100,2010.028552,0.022627480962667038,False,False,[0.5 0.1 0.3]
476.686771,100,2010.332983,0.1305237513524774,False,False,[0.5 0.1 0.3]
529.403623,100,2010.547516,0.1489107897814476,False,False,[0.5 0.1 0.3]
550.59471,100,2010.779692,0.056435889434545056,False,False,[0.5 0.1 0.3]
525.591632,100,2011.003455,0.11950574360149134,False,False,[0.5 0.1 0.3]
558.648045,100,2011.21557,0.13734687824772898,False,False,[0.5 0.1 0.3]
593.602513,100,2011.442601,0.12785056390930732,False,False,[0.5 0.1 0.3]
143.194591,55,2011.621239,0.25932079523881824,True,False,[0.5 0.1 0.3]
573.761395,100,2011.834825,0.05894874393881599,False,False,[0.5 0.1 0.3]
475.792569,100,2012.056559,0.0407368653331828,False,False,[0.5 0.1 0.3]
511.861235,100,2012.276336,0.054903860284761095,False,False,[0.5 0.1 0.3]
541.364522,100,2012.497528,0.15665299202275962,False,False,[0.5 0.1 0.3]
526.009631,100,2012.759152,0.16578632827605388,False,False,[0.5 0.1 0.3]
627.03868,100,2012.983204,0.06712563627672481,False,False,[0.5 0.1 0.3]
470.886846,100,2013.198207,0.13883419069033162,False,False,[0.5 0.1 0.3]
521.856883,100,2013.42161,0.1247086692051169,False,False,[0.5 0.1 0.3]
611.606477,100,2013.63317,0.045205531107771695,False,False,[0.5 0.1 0.3]
525.015813,100,2013.860519,0.09202454562661186,False,False,[0.5 0.1 0.3]
535.0166,100,2014.087392,0.04953757501117758,False,False,[0.5 0.1 0.3]
541.766817,100,2014.802908,0.05774552415986646,False,False,[0.5 0.1 0.3]
559.513285,100,2015.021544,0.19305862885967123,False,False,[0.5 0.1 0.3]
544.690113,100,2015.242095,0.14952381596665573,False,False,[0.5 0.1 0.3]
465.739713,100,2015.467376,0.1803890565529106,False,False,[0.5 0.1 0.3]
598.088936,100,2015.690413,0.04020741010674434,False,False,[0.5 0.1 0.3]
526.180438,100,2015.915965,0.14446141339059088,False,False,[0.5 0.1 0.3]
401.058321,100,2016.139803,0.25050395737828574,False,False,[0.5 0.1 0.3]
551.09507,100,2016.400463,0.10366862899910688,False,False,[0.5 0.1 0.3]
450.39627,100,2016.620335,0.12352645511514174,False,False,[0.5 0.1 0.3]
541.127151,100,2016.850547,0.04729698882680647,False,False,[0.5 0.1 0.3]
543.305372,100,2017.068385,0.05662301806844607,False,False,[0.5 0.1 0.3]
564.429451,100,2017.286785,0.11335043166598736,False,False,[0.5 0.1 0.3]
529.937866,100,2017.509876,0.15846341446676063,False,False,[0.5 0.1 0.3]
493.978031,100,2017.758188,0.07983113897391869,False,False,[0.5 0.1 0.3]
420.979148,100,2017.979244,0.07076980274463139,False,False,[0.5 0.1 0.3]
572.491202,100,2018.206332,0.14840463002166351,False,False,[0.5 0.1 0.3]
533.139313,100,2018.420847,0.11926098637947913,False,False,[0.5 0.1 0.3]
564.951291,100,2018.641353,0.09094357826915116,False,False,[0.5 0.1 0.3]
593.039475,100,2018.866987,0.08106682655023967,False,False,[0.5 0.1 0.3]
440.206589,100,2019.0941,0.16069888887113037,False,False,[0.5 0.1 0.3]
548.410366,100,2019.314252,0.09871060317194216,False,False,[0.5 0.1 0.3]
458.362275,100,2020.006264,0.09830890379641155,False,False,[0.5 0.1 0.3]
611.807786,100,2020.227213,0.13865093746601068,False,False,[0.5 0.1 0.3]
568.592983,100,2020.447314,0.046910751084344095,False,False,[0.5 0.1 0.3]
586.391783,100,2020.663017,0.1020435233292347,False,False,[0.5 0.1 0.3]
548.992368,100,2020.88935,0.09345611397137359,False,False,[0.5 0.1 0.3]
521.239175,100,2021.119387,0.1344507154205726,False,False,[0.5 0.1 0.3]
572.147498,100,2021.371716,0.09909474581534594,False,False,[0.5 0.1 0.3]
640.412343,100,2021.580626,0.08247879114583527,False,False,[0.5 0.1 0.3]
455.295118,100,2021.803945,0.15251771135695022,False,False,[0.5 0.1 0.3]
514.676138,100,2022.021624,0.11147767535607608,False,False,[0.5 0.1 0.3]
531.7238,100,2022.241688,0.17028523002875862,False,False,[0.5 0.1 0.3]
401.467177,100,2022.488727,0.17175419072024187,False,False,[0.5 0.1 0.3]
555.437161,100,2022.706998,0.13819744867428155,False,False,[0.5 0.1 0.3]
560.169637,100,2022.935148,0.06806082236973977,False,False,[0.5 0.1 0.3]
629.414357,100,2023.157169,0.0819472189296964,False,False,[0.5 0.1 0.3]
474.860308,100,2023.372244,0.21710012352670985,False,False,[0.5 0.1 0.3]
512.990082,100,2023.606158,0.1783066745269798,False,False,[0.5 0.1 0.3]
502.247115,100,2023.824296,0.09953361589308624,False,False,[0.5 0.1 0.3]
743.307057,100,2024.087649,0.15904617781878236,False,False,[0.5 0.1 0.3]
544.671958,100,2024.301888,0.16813655045986112,False,False,[0.5 0.1 0.3]
512.531124,100,2024.993342,0.15796335852814092,False,False,[0.5 0.1 0.3]
462.658173,100,2025.215939,0.10232939677007978,False,False,[0.5 0.1 0.3]
494.987886,100,2025.436798,0.09613795655199643,False,False,[0.5 0.1 0.3]
520.789071,100,2025.700681,0.12978112827361946,False,False,[0.5 0.1 0.3]
505.204097,100,2025.926678,0.15172951132284773,False,False,[0.5 0.1 0.3]
554.605835,100,2026.152503,0.09778190001141102,False,False,[0.5 0.1 0.3]
486.423693,100,2026.364805,0.12590473774682098,False,False,[0.5 0.1 0.3]
497.229612,100,2026.585264,0.0721629754368573,False,False,[0.5 0.1 0.3]
582.602841,100,2026.808228,0.0634206970332314,False,False,[0.5 0.1 0.3]
513.4028,100,2027.063818,0.06431600799095483,False,False,[0.5 0.1 0.3]
421.440101,100,2027.287176,0.07298710037359797,False,False,[0.5 0.1 0.3]
568.323057,100,2027.507022,0.1140247589526441,False,False,[0.5 0.1 0.3]
597.359001,100,2027.730078,0.04410751914145723,False,False,[0.5 0.1 0.3]
553.148601,100,2027.945298,0.061086029458890446,False,False,[0.5 0.1 0.3]
504.042537,100,2028.165893,0.038739188813490276,False,False,[0.5 0.1 0.3]
520.89329,100,2028.384562,0.11321158808323872,False,False,[0.5 0.1 0.3]
444.318828,100,2028.62734,0.20332822022992247,False,False,[0.5 0.1 0.3]
572.0665,100,2028.843945,0.12974464440917746,False,False,[0.5 0.1 0.3]
616.152147,100,2029.157144,0.15327218781611296,False,False,[0.5 0.1 0.3]
568.013187,100,2029.376082,0.07087413888635663,False,False,[0.5 0.1 0.3]
528.315452,100,2029.599644,0.04600315489417043,False,False,[0.5 0.1 0.3]
479.843087,100,2030.280143,0.14962938316474625,False,False,[0.5 0.1 0.3]
412.082089,100,2030.534661,0.07909808645563973,False,False,[0.5 0.1 0.3]
585.703453,100,2030.754167,0.05276331407246592,False,False,[0.5 0.1 0.3]
485.965272,100,2030.984053,0.09358198311745607,False,False,[0.5 0.1 0.3]
548.800971,100,2031.200907,0.14495820141778287,False,False,[0.5 0.1 0.3]
560.098735,100,2031.430187,0.02131775868980523,False,False,[0.5 0.1 0.3]
424.833318,100,2031.689918,0.11982861243042517,False,False,[0.5 0.1 0.3]
605.073804,100,2031.916329,0.09934146474530582,False,False,[0.5 0.1 0.3]
565.346517,100,2032.14922,0.15404276627258404,False,False,[0.5 0.1 0.3]
514.337786,100,2032.370486,0.06783449012236754,False,False,[0.5 0.1 0.3]
506.730453,100,2032.587104,0.06464566020228708,False,False,[0.5 0.1 0.3]
531.255916,100,2032.808242,0.09200023942668212,False,False,[0.5 0.1 0.3]
501.369766,100,2033.031967,0.12359470625299096,False,False,[0.5 0.1 0.3]
545.389171,100,2033.250167,0.17975929215034,False,False,[0.5 0.1 0.3]
639.450083,100,2033.468591,0.019858885835892463,False,False,[0.5 0.1 0.3]
560.1993,100,2033.689972,0.019197337669807326,False,False,[0.5 0.1 0.3]
522.684142,100,2033.909114,0.18317981165260197,False,False,[0.5 0.1 0.3]
464.86472,100,2034.165564,0.1747875443852008,False,False,[0.5 0.1 0.3]
747.828529,100,2034.389759,0.09424382560110754,False,False,[0.5 0.1 0.3]
579.781762,100,2034.610981,0.1224402162435081,False,False,[0.5 0.1 0.3]
417.379475,100,2035.293563,0.13044864096121533,False,False,[0.5 0.1 0.3]
496.311477,100,2035.513404,0.09781046266507228,False,False,[0.5 0.1 0.3]
386.392564,100,2035.740331,0.11139692761739434,False,False,[0.5 0.1 0.3]
561.625492,100,2035.986779,0.11703573743059918,False,False,[0.5 0.1 0.3]
504.881657,100,2036.206005,0.15529707668689366,False,False,[0.5 0.1 0.3]
533.708208,100,2036.427654,0.11765353778179952,False,False,[0.5 0.1 0.3]
630.451247,100,2036.647885,0.09347496234088645,False,False,[0.5 0.1 0.3]
545.519702,100,2036.865151,0.022143548949440515,False,False,[0.5 0.1 0.3]
502.727304,100,2037.097917,0.133560933148044,False,False,[0.5 0.1 0.3]
541.334552,100,2037.317594,0.10095152452086889,False,False,[0.5 0.1 0.3]
433.809781,100,2037.565453,0.2533595711009189,False,False,[0.5 0.1 0.3]
553.624463,100,2037.786361,0.09667915175037653,False,False,[0.5 0.1 0.3]
523.95897,100,2038.010053,0.1798779108895191,False,False,[0.5 0.1 0.3]
561.634509,100,2038.220447,0.08368780555875649,False,False,[0.5 0.1 0.3]
45.466289,28,2038.363239,0.32106620770375016,True,False,[0.5 0.1 0.3]
388.102187,100,2038.584324,0.11915069677737407,False,False,[0.5 0.1 0.3]
498.982502,100,2038.80897,0.1265329795450551,False,False,[0.5 0.1 0.3]
602.08723,100,2039.050457,0.0651593508354992,False,False,[0.5 0.1 0.3]
492.370947,100,2039.269032,0.11568102150480386,False,False,[0.5 0.1 0.3]
538.007953,100,2039.489623,0.0979499077113909,False,False,[0.5 0.1 0.3]
345.394037,94,2039.700293,0.2194984094831192,True,False,[0.5 0.1 0.3]
541.543649,100,2039.920197,0.1352580679293984,False,False,[0.5 0.1 0.3]
507.996545,100,2040.591426,0.09791743244512567,False,False,[0.5 0.1 0.3]
495.683718,100,2040.843639,0.161125309609303,False,False,[0.5 0.1 0.3]
483.385931,100,2041.065514,0.061100738482183226,False,False,[0.5 0.1 0.3]
525.762519,100,2041.283946,0.02104855657195599,False,False,[0.5 0.1 0.3]
507.123978,100,2041.502578,0.1103618389137743,False,False,[0.5 0.1 0.3]
440.05855,100,2041.727968,0.07458727482714773,False,False,[0.5 0.1 0.3]
433.864298,100,2041.946635,0.21988084266285013,False,False,[0.5 0.1 0.3]
722.226463,100,2042.193498,0.08225777260359718,False,False,[0.5 0.1 0.3]
522.723578,100,2042.420971,0.04997120094052447,False,False,[0.5 0.1 0.3]
531.27969,100,2042.641165,0.09844448817394351,False,False,[0.5 0.1 0.3]
521.536568,100,2042.862779,0.11738115633879488,False,False,[0.5 0.1 0.3]
532.847766,100,2043.087332,0.11958991160972068,False,False,[0.5 0.1 0.3]
580.589682,100,2043.30229,0.06194654686243548,False,False,[0.5 0.1 0.3]
621.738476,100,2043.527312,0.06719270937522541,False,False,[0.5 0.1 0.3]
624.546333,100,2043.745868,0.12001383613999272,False,False,[0.5 0.1 0.3]
569.769816,100,2043.964478,0.15268958416998304,False,False,[0.5 0.1 0.3]
545.470464,100,2044.182264,0.09918184202778542,False,False,[0.5 0.1 0.3]
506.913096,100,2044.400622,0.04883549861872972,False,False,[0.5 0.1 0.3]
591.44255,100,2044.62437,0.027038094142877597,False,False,[0.5 0.1 0.3]
580.435769,100,2044.843872,0.1047218522955362,False,False,[0.5 0.1 0.3]
533.651868,100,2045.539589,0.09575734537521902,False,False,[0.5 0.1 0.3]
587.131596,100,2045.75793,0.1973213615837822,False,False,[0.5 0.1 0.3]
477.565445,100,2045.977608,0.10745667362921137,False,False,[0.5 0.1 0.3]
467.148435,100,2046.19452,0.11493823696690145,False,False,[0.5 0.1 0.3]
472.783246,100,2046.416195,0.11505051817297525,False,False,[0.5 0.1 0.3]
497.895059,100,2046.665798,0.10514102622145675,False,False,[0.5 0.1 0.3]
493.571222,100,2046.883132,0.045522824155778845,False,False,[0.5 0.1 0.3]
476.589614,100,2047.109055,0.21042005401879074,False,False,[0.5 0.1 0.3]
461.208888,100,2047.323866,0.26412648440974157,False,False,[0.5 0.1 0.3]
390.143419,100,2047.547976,0.14346988248890571,False,False,[0.5 0.1 0.3]
505.243755,100,2047.763621,0.12635120491744387,False,False,[0.5 0.1 0.3]
427.422887,100,2048.023449,0.1866445791657577,False,False,[0.5 0.1 0.3]
542.818682,100,2048.239708,0.05952845182165155,False,False,[0.5 0.1 0.3]
580.851536,100,2048.45404,0.10362766855152464,False,False,[0.5 0.1 0.3]
593.504281,100,2048.675117,0.11040393131149029,False,False,[0.5 0.1 0.3]
532.083733,100,2048.89635,0.10206963323002442,False,False,[0.5 0.1 0.3]
546.654164,100,2049.120807,0.07319551703155408,False,False,[0.5 0.1 0.3]
481.871517,100,2049.35055,0.18825718141268305,False,False,[0.5 0.1 0.3]
521.98164,100,2049.563056,0.17981060711297825,False,False,[0.5 0.1 0.3]
507.501274,100,2049.787728,0.14973856935212232,False,False,[0.5 0.1 0.3]
460.892002,100,2050.494438,0.238730874290682,False,False,[0.5 0.1 0.3]
510.503169,100,2050.719882,0.18081021201703412,False,False,[0.5 0.1 0.3]
475.942858,100,2050.935145,0.1538661179159919,False,False,[0.5 0.1 0.3]
611.183899,100,2051.161293,0.09225570158579854,False,False,[0.5 0.1 0.3]
411.172503,100,2051.379011,0.14776350838279523,False,False,[0.5 0.1 0.3]
540.001597,100,2051.622474,0.13842794300610747,False,False,[0.5 0.1 0.3]
506.102878,100,2051.842141,0.03536995094075277,False,False,[0.5 0.1 0.3]
460.195894,100,2052.074714,0.10199392712221692,False,False,[0.5 0.1 0.3]
534.276087,100,2052.287807,0.13740274502324965,False,False,[0.5 0.1 0.3]
467.571003,100,2052.50851,0.14143456065317636,False,False,[0.5 0.1 0.3]
560.669386,100,2052.729799,0.09516379935031198,False,False,[0.5 0.1 0.3]
499.448579,100,2052.943317,0.16291250498332924,False,False,[0.5 0.1 0.3]
753.124579,100,2053.253869,0.18503341544919777,False,False,[0.5 0.1 0.3]
492.114027,100,2053.469729,0.11608170414757225,False,False,[0.5 0.1 0.3]
542.388275,100,2053.685776,0.12680835751236438,False,False,[0.5 0.1 0.3]
456.922878,100,2053.910132,0.11564131760590184,False,False,[0.5 0.1 0.3]
577.440851,100,2054.142043,0.10674478479009494,False,False,[0.5 0.1 0.3]
490.77256,100,2054.367177,0.1718590096437187,False,False,[0.5 0.1 0.3]
517.366388,100,2054.589257,0.0829578091774599,False,False,[0.5 0.1 0.3]
497.363636,100,2054.848846,0.17922753486777662,False,False,[0.5 0.1 0.3]
470.978433,100,2055.068522,0.15668552692304555,False,False,[0.5 0.1 0.3]
435.068914,100,2055.762016,0.07008570589084713,False,False,[0.5 0.1 0.3]
446.330464,100,2055.987321,0.1908021769979614,False,False,[0.5 0.1 0.3]
542.363146,100,2056.219819,0.0892125538660475,False,False,[0.5 0.1 0.3]
419.412117,100,2056.466426,0.19666381380233344,False,False,[0.5 0.1 0.3]
496.271389,100,2056.6887,0.13355429793374382,False,False,[0.5 0.1 0.3]
533.194013,100,2056.911079,0.17779976384467372,False,False,[0.5 0.1 0.3]
517.935514,100,2057.144969,0.12461234753398473,False,False,[0.5 0.1 0.3]
470.792623,100,2057.374436,0.08776283262208669,False,False,[0.5 0.1 0.3]
487.748401,100,2057.59715,0.12155950127437534,False,False,[0.5 0.1 0.3]
526.081472,100,2057.847191,0.09353345950423542,False,False,[0.5 0.1 0.3]
401.16175,100,2058.132868,0.1419088106368273,False,False,[0.5 0.1 0.3]
557.999366,100,2058.35314,0.04017746610008958,False,False,[0.5 0.1 0.3]
554.592764,100,2058.569746,0.09218860269716188,False,False,[0.5 0.1 0.3]
480.396701,100,2058.786759,0.16706738676543476,False,False,[0.5 0.1 0.3]
462.05826,100,2059.009875,0.14324726860780015,False,False,[0.5 0.1 0.3]
503.170557,100,2059.251524,0.13890685405432968,False,False,[0.5 0.1 0.3]
537.269181,100,2059.475575,0.11069781922175782,False,False,[0.5 0.1 0.3]
497.984563,100,2059.683826,0.13883831659879317,False,False,[0.5 0.1 0.3]
573.404768,100,2059.905234,0.08514988624210301,False,False,[0.5 0.1 0.3]
560.250017,100,2060.129078,0.1419413287546794,False,False,[0.5 0.1 0.3]
542.46401,100,2060.802402,0.0934447386914353,False,False,[0.5 0.1 0.3]
558.526815,100,2061.051786,0.07087741210600783,False,False,[0.5 0.1 0.3]
528.957694,100,2061.272096,0.0838308659475191,False,False,[0.5 0.1 0.3]
559.68113,100,2061.493677,0.08100343517965652,False,False,[0.5 0.1 0.3]
521.563729,100,2061.712914,0.10946958616847167,False,False,[0.5 0.1 0.3]
459.236765,100,2061.92603,0.17522596630281875,False,False,[0.5 0.1 0.3]
544.479541,100,2062.14914,0.06527500186100496,False,False,[0.5 0.1 0.3]
418.449149,100,2062.400547,0.22215716037374383,False,False,[0.5 0.1 0.3]
536.245819,100,2062.702195,0.11116440135637277,False,False,[0.5 0.1 0.3]
486.368146,100,2062.928646,0.1272783058747522,False,False,[0.5 0.1 0.3]
539.976769,100,2063.158958,0.031397455925819245,False,False,[0.5 0.1 0.3]
700.443303,100,2063.384628,0.14679876700848224,False,False,[0.5 0.1 0.3]
513.727004,100,2063.638047,0.09082399240101849,False,False,[0.5 0.1 0.3]
571.172989,100,2063.857529,0.07036205500995882,False,False,[0.5 0.1 0.3]
489.151108,100,2064.085037,0.13636284213532057,False,False,[0.5 0.1 0.3]
553.058673,100,2064.313146,0.0793075149715717,False,False,[0.5 0.1 0.3]
533.673863,100,2064.543273,0.11694434312080332,False,False,[0.5 0.1 0.3]
513.004794,100,2064.852324,0.18489426966293035,False,False,[0.5 0.1 0.3]
564.411681,100,2065.094812,0.06089474154944425,False,False,[0.5 0.1 0.3]
510.882632,100,2065.313051,0.0382524361716429,False,False,[0.5 0.1 0.3]
569.317532,100,2065.54211,0.14757013716942607,False,False,[0.5 0.1 0.3]
503.797706,100,2066.223172,0.14547927795444263,False,False,[0.5 0.1 0.3]
534.268133,100,2066.461386,0.22970408604867093,False,False,[0.5 0.1 0.3]
565.407198,100,2066.693037,0.09726909452955142,False,False,[0.5 0.1 0.3]
491.866407,100,2066.915076,0.21177233725020794,False,False,[0.5 0.1 0.3]
552.044586,100,2067.135038,0.08340785829680016,False,False,[0.5 0.1 0.3]
530.954591,100,2067.361803,0.13780077369933913,False,False,[0.5 0.1 0.3]
416.987966,100,2067.589051,0.2115915845704051,False,False,[0.5 0.1 0.3]
561.109857,100,2067.809253,0.07760073227604009,False,False,[0.5 0.1 0.3]
419.799977,100,2068.04797,0.13645351409360076,False,False,[0.5 0.1 0.3]
533.126776,100,2068.267593,0.06213298330036586,False,False,[0.5 0.1 0.3]
557.827962,100,2068.482685,0.020442991660257214,False,False,[0.5 0.1 0.3]
525.45497,100,2068.70966,0.05793890145766399,False,False,[0.5 0.1 0.3]
487.869499,100,2068.9331,0.1394788870654521,False,False,[0.5 0.1 0.3]
387.597899,100,2069.166232,0.19854651378911875,False,False,[0.5 0.1 0.3]
461.399087,100,2069.386094,0.2391852850127854,False,False,[0.5 0.1 0.3]
530.473699,100,2069.616615,0.09508767942252684,False,False,[0.5 0.1 0.3]
495.010654,100,2069.859107,0.18631257226067324,False,False,[0.5 0.1 0.3]
484.284404,100,2070.078836,0.10541271258578667,False,False,[0.5 0.1 0.3]
560.347929,100,2070.298481,0.040754300423364656,False,False,[0.5 0.1 0.3]
561.983584,100,2070.521196,0.087408539140838,False,False,[0.5 0.1 0.3]
540.547258,100,2071.207381,0.11605743089894197,False,False,[0.5 0.1 0.3]
447.562706,100,2071.431344,0.18107914787075008,False,False,[0.5 0.1 0.3]
569.082125,100,2071.659945,0.1117471786289868,False,False,[0.5 0.1 0.3]
498.463881,100,2071.87707,0.1588119987648759,False,False,[0.5 0.1 0.3]
481.412438,100,2072.11008,0.11093398723298398,False,False,[0.5 0.1 0.3]
445.566902,100,2072.328652,0.09042757424090517,False,False,[0.5 0.1 0.3]
524.826532,100,2072.546145,0.06438280810900325,False,False,[0.5 0.1 0.3]
501.142949,100,2072.790055,0.11247761508545082,False,False,[0.5 0.1 0.3]
493.521731,100,2073.008588,0.12840551950044657,False,False,[0.5 0.1 0.3]
572.595087,100,2073.221603,0.054975939471671495,False,False,[0.5 0.1 0.3]
544.297837,100,2073.446063,0.09439508550795046,False,False,[0.5 0.1 0.3]
436.356773,100,2073.671284,0.12921197045551486,False,False,[0.5 0.1 0.3]
497.017441,100,2073.893556,0.07975613436347939,False,False,[0.5 0.1 0.3]
532.56193,100,2074.112152,0.12649686027251097,False,False,[0.5 0.1 0.3]
460.246283,100,2074.355578,0.1661266978222683,False,False,[0.5 0.1 0.3]
599.086395,100,2074.566709,0.08061843040632756,False,False,[0.5 0.1 0.3]
805.913759,100,2074.792779,0.07719567205098175,False,False,[0.5 0.1 0.3]
534.908579,100,2075.013053,0.06296122513222097,False,False,[0.5 0.1 0.3]
544.172539,100,2075.238298,0.09538895096464126,False,False,[0.5 0.1 0.3]
402.558774,100,2075.464074,0.27686947668106443,False,False,[0.5 0.1 0.3]
504.133781,100,2075.725799,0.11732194585758199,False,False,[0.5 0.1 0.3]
477.668512,100,2076.408826,0.22916248000941056,False,False,[0.5 0.1 0.3]
599.253951,100,2076.631393,0.08170691482102693,False,False,[0.5 0.1 0.3]
526.378052,100,2076.857363,0.09572563970193187,False,False,[0.5 0.1 0.3]
529.421005,100,2077.07904,0.08158438893339179,False,False,[0.5 0.1 0.3]
531.046471,100,2077.298637,0.13077187637261972,False,False,[0.5 0.1 0.3]
587.950172,100,2077.522322,0.019324330728315266,False,False,[0.5 0.1 0.3]
625.305836,100,2077.746086,0.0558857439635493,False,False,[0.5 0.1 0.3]
576.612053,100,2077.961334,0.10107470789065016,False,False,[0.5 0.1 0.3]
515.678623,100,2078.180938,0.0987836459309943,False,False,[0.5 0.1 0.3]
484.255825,100,2078.407384,0.1299319876871813,False,False,[0.5 0.1 0.3]
532.412227,100,2078.65694,0.16438667732450413,False,False,[0.5 0.1 0.3]
649.970035,100,2078.881371,0.024161118029327952,False,False,[0.5 0.1 0.3]
506.797312,100,2079.102993,0.10159414272562405,False,False,[0.5 0.1 0.3]
461.804994,100,2079.332393,0.14006703003446302,False,False,[0.5 0.1 0.3]
478.933058,100,2079.553581,0.17567395543918207,False,False,[0.5 0.1 0.3]
492.258734,100,2079.776323,0.1253956539018147,False,False,[0.5 0.1 0.3]
471.635403,100,2080.038205,0.2149927043517102,False,False,[0.5 0.1 0.3]
511.641872,100,2080.266473,0.15578535929850928,False,False,[0.5 0.1 0.3]
474.153903,100,2080.478608,0.10578135332810709,False,False,[0.5 0.1 0.3]
537.512211,100,2080.694308,0.062351326847690944,False,False,[0.5 0.1 0.3]
584.540082,100,2081.394506,0.07621877840691281,False,False,[0.5 0.1 0.3]
540.488009,100,2081.617656,0.11238125655125843,False,False,[0.5 0.1 0.3]
547.673743,100,2081.861844,0.17195773026481864,False,False,[0.5 0.1 0.3]
588.226959,100,2082.082685,0.11577484554231514,False,False,[0.5 0.1 0.3]
523.76216,100,2082.312761,0.06684669133730015,False,False,[0.5 0.1 0.3]
496.564822,100,2082.534591,0.07672549491585903,False,False,[0.5 0.1 0.3]
586.123502,100,2082.753781,0.07388100196251321,False,False,[0.5 0.1 0.3]
447.29374,100,2082.97559,0.13004720944005085,False,False,[0.5 0.1 0.3]
507.859847,100,2083.214716,0.11682148031718033,False,False,[0.5 0.1 0.3]
474.60618,100,2083.430475,0.12596599259835742,False,False,[0.5 0.1 0.3]
560.762109,100,2083.654807,0.08609630394902938,False,False,[0.5 0.1 0.3]
502.641492,100,2083.873512,0.10447225064876381,False,False,[0.5 0.1 0.3]
523.787288,100,2084.092328,0.0776118838467296,False,False,[0.5 0.1 0.3]
500.348083,100,2084.326061,0.19418470403869742,False,False,[0.5 0.1 0.3]
505.358902,100,2084.537174,0.10977741227092724,False,False,[0.5 0.1 0.3]
471.105887,100,2084.795876,0.20846035293860654,False,False,[0.5 0.1 0.3]
481.994588,100,2085.022913,0.07389102612682032,False,False,[0.5 0.1 0.3]
485.943757,100,2085.23891,0.17851299154850778,False,False,[0.5 0.1 0.3]
543.724672,100,2085.454405,0.03967311794286895,False,False,[0.5 0.1 0.3]
570.760596,100,2085.677261,0.07470785255211845,False,False,[0.5 0.1 0.3]
601.665858,100,2085.901218,0.04988375091636956,False,False,[0.5 0.1 0.3]
476.550031,100,2086.607985,0.16729094079265525,False,False,[0.5 0.1 0.3]
587.440855,100,2086.824686,0.10493205664749866,False,False,[0.5 0.1 0.3]
548.164277,100,2087.043897,0.06953683411648966,False,False,[0.5 0.1 0.3]
473.443742,100,2087.260323,0.1720705207061465,False,False,[0.5 0.1 0.3]
540.432259,100,2087.477181,0.11407065125898051,False,False,[0.5 0.1 0.3]
545.283745,100,2087.725321,0.1415322376738314,False,False,[0.5 0.1 0.3]
514.871832,100,2087.954882,0.12358526556591694,False,False,[0.5 0.1 0.3]
468.737665,100,2088.179325,0.2044780217449378,False,False,[0.5 0.1 0.3]
512.254952,100,2088.400163,0.11245995311237861,False,False,[0.5 0.1 0.3]
470.130306,100,2088.617169,0.09236046785538636,False,False,[0.5 0.1 0.3]
519.299339,100,2088.845063,0.15159311625032978,False,False,[0.5 0.1 0.3]
504.520326,100,2089.060308,0.17105805132917115,False,False,[0.5 0.1 0.3]
521.315679,100,2089.290442,0.06483883996249343,False,False,[0.5 0.1 0.3]
453.313362,100,2089.536429,0.2063008650268495,False,False,[0.5 0.1 0.3]
443.256886,100,2089.765213,0.2169851790794745,False,False,[0.5 0.1 0.3]
592.800271,100,2089.984802,0.07180838621223712,False,False,[0.5 0.1 0.3]
553.540127,100,2090.210401,0.0902061093309354,False,False,[0.5 0.1 0.3]
505.145954,100,2090.43966,0.1301629523947686,False,False,[0.5 0.1 0.3]
505.868681,100,2090.692546,0.17327668726692774,False,False,[0.5 0.1 0.3]
502.67353,100,2090.916685,0.14593309038536517,False,False,[0.5 0.1 0.3]
522.575507,100,2091.60886,0.09375671268124648,False,False,[0.5 0.1 0.3]
566.849015,100,2091.82756,0.11738393911966054,False,False,[0.5 0.1 0.3]
459.25717,100,2092.05131,0.2234510082410662,False,False,[0.5 0.1 0.3]
439.867739,100,2092.27071,0.18155823111777902,False,False,[0.5 0.1 0.3]
472.809608,100,2092.521222,0.10585005076070467,False,False,[0.5 0.1 0.3]
481.42839,100,2092.74315,0.18393439083963165,False,False,[0.5 0.1 0.3]
558.633353,100,2092.954474,0.11385477024231319,False,False,[0.5 0.1 0.3]
513.928976,100,2093.170916,0.16383872070444214,False,False,[0.5 0.1 0.3]
485.140949,100,2093.386492,0.08223415841561993,False,False,[0.5 0.1 0.3]
550.668264,100,2093.604907,0.16132556984606478,False,False,[0.5 0.1 0.3]
22.913651,27,2093.75042,0.218423444345673,True,False,[0.5 0.1 0.3]
387.450196,100,2093.980268,0.16868469829644994,False,False,[0.5 0.1 0.3]
596.935782,100,2094.204513,0.10788588120831358,False,False,[0.5 0.1 0.3]
452.994883,100,2094.428568,0.11064292395159564,False,False,[0.5 0.1 0.3]
546.950309,100,2094.650202,0.10705163780515094,False,False,[0.5 0.1 0.3]
505.383028,100,2094.905966,0.09021892946802823,False,False,[0.5 0.1 0.3]
482.402982,100,2095.139115,0.15506503442024394,False,False,[0.5 0.1 0.3]
498.73424,100,2095.360273,0.13551969689299884,False,False,[0.5 0.1 0.3]
480.435454,100,2095.580506,0.19048564679150368,False,False,[0.5 0.1 0.3]
514.133555,100,2095.804381,0.11249499714755028,False,False,[0.5 0.1 0.3]
502.407998,100,2096.064557,0.14896004958459808,False,False,[0.5 0.1 0.3]
422.241626,100,2096.277719,0.13564272422682055,False,False,[0.5 0.1 0.3]
597.182278,100,2096.949599,0.0367938135787195,False,False,[0.5 0.1 0.3]
483.029577,100,2097.175613,0.13726819853040031,False,False,[0.5 0.1 0.3]
521.889987,100,2097.398314,0.17898149995297036,False,False,[0.5 0.1 0.3]
608.638661,100,2097.610062,0.06080816828971345,False,False,[0.5 0.1 0.3]
500.305217,100,2097.861985,0.1029654340579587,False,False,[0.5 0.1 0.3]
497.664306,100,2098.088601,0.07559015322310092,False,False,[0.5 0.1 0.3]
458.637786,100,2098.309778,0.1683438311228545,False,False,[0.5 0.1 0.3]
473.188214,100,2098.539317,0.16456132665823975,False,False,[0.5 0.1 0.3]
545.8567,100,2098.75616,0.08029448474584844,False,False,[0.5 0.1 0.3]
528.394695,100,2098.989563,0.06500425824272878,False,False,[0.5 0.1 0.3]
580.392886,100,2099.226088,0.10326907724905082,False,False,[0.5 0.1 0.3]
508.191417,100,2099.447515,0.05983735308658423,False,False,[0.5 0.1 0.3]
504.136948,100,2099.696027,0.08583188566541956,False,False,[0.5 0.1 0.3]
507.956731,100,2099.916333,0.0986888641277332,False,False,[0.5 0.1 0.3]
471.673342,100,2100.149374,0.18982488264149597,False,False,[0.5 0.1 0.3]
620.072577,100,2100.369828,0.11731902547979034,False,False,[0.5 0.1 0.3]
541.281344,100,2100.604393,0.18537746994660226,False,False,[0.5 0.1 0.3]
473.776073,100,2100.822819,0.14566426949338726,False,False,[0.5 0.1 0.3]
774.18986,100,2101.08272,0.12536590115413204,False,False,[0.5 0.1 0.3]
562.151243,100,2101.303209,0.20454835144656225,False,False,[0.5 0.1 0.3]
503.376153,100,2101.988988,0.10805527615806679,False,False,[0.5 0.1 0.3]
535.59775,100,2102.203789,0.09046785067194645,False,False,[0.5 0.1 0.3]
558.767473,100,2102.423901,0.11162578557309125,False,False,[0.5 0.1 0.3]
439.533511,100,2102.674212,0.2548919496470145,False,False,[0.5 0.1 0.3]
563.484755,100,2102.902345,0.033763246368587956,False,False,[0.5 0.1 0.3]
378.947292,99,2103.136269,0.3142414870736541,True,False,[0.5 0.1 0.3]
553.628557,100,2103.357911,0.16638481120504475,False,False,[0.5 0.1 0.3]
523.89613,100,2103.580677,0.13996802931560648,False,False,[0.5 0.1 0.3]
443.397295,100,2103.829728,0.16474410907442738,False,False,[0.5 0.1 0.3]
524.821361,100,2104.059161,0.16690356542697618,False,False,[0.5 0.1 0.3]
548.824536,100,2104.283029,0.05070489306766141,False,False,[0.5 0.1 0.3]
584.685253,100,2104.508675,0.08963049167577711,False,False,[0.5 0.1 0.3]
432.363656,100,2104.732063,0.1782302843530331,False,False,[0.5 0.1 0.3]
529.835205,100,2104.953255,0.045949710082516707,False,False,[0.5 0.1 0.3]
544.695426,100,2105.169134,0.11575282891669006,False,False,[0.5 0.1 0.3]
506.30404,100,2105.402339,0.19601185846289734,False,False,[0.5 0.1 0.3]
678.281405,100,2105.645412,0.1723506408595797,False,False,[0.5 0.1 0.3]
575.133264,100,2105.86174,0.18761806510306298,False,False,[0.5 0.1 0.3]
558.833657,100,2106.096816,0.06625541148041275,False,False,[0.5 0.1 0.3]
488.988187,100,2106.321235,0.09434032886638893,False,False,[0.5 0.1 0.3]
474.191204,100,2106.53749,0.06326558350780916,False,False,[0.5 0.1 0.3]
611.555912,100,2107.209344,0.04195957479348296,False,False,[0.5 0.1 0.3]
498.927166,100,2107.439174,0.13877114744874527,False,False,[0.5 0.1 0.3]
564.247945,100,2107.661693,0.07880578682346116,False,False,[0.5 0.1 0.3]
534.124734,100,2107.886398,0.07418622948610776,False,False,[0.5 0.1 0.3]
486.648159,100,2108.115181,0.13225254813679221,False,False,[0.5 0.1 0.3]
399.391468,100,2108.333522,0.07302267338367568,False,False,[0.5 0.1 0.3]
570.358169,100,2108.577127,0.03561941900023292,False,False,[0.5 0.1 0.3]
534.286744,100,2108.800879,0.10270091336394117,False,False,[0.5 0.1 0.3]
468.767888,100,2109.027675,0.07411262498203908,False,False,[0.5 0.1 0.3]
706.166683,100,2109.25731,0.10640597525870982,False,False,[0.5 0.1 0.3]
591.446059,100,2109.480772,0.08214655235564801,False,False,[0.5 0.1 0.3]
475.509096,100,2109.700689,0.12077821721914044,False,False,[0.5 0.1 0.3]
459.827024,100,2109.952277,0.16374720206083823,False,False,[0.5 0.1 0.3]
543.023139,100,2110.186948,0.12121364175106726,False,False,[0.5 0.1 0.3]
459.560547,100,2110.412746,0.18684148288951294,False,False,[0.5 0.1 0.3]
618.091657,100,2110.644606,0.04866453295963869,False,False,[0.5 0.1 0.3]
439.446985,100,2110.863627,0.23398193995173935,False,False,[0.5 0.1 0.3]
564.156013,100,2111.122105,0.08828509385251877,False,False,[0.5 0.1 0.3]
530.719755,100,2111.337166,0.09759888392887371,False,False,[0.5 0.1 0.3]
516.397092,100,2111.561396,0.05776406474679355,False,False,[0.5 0.1 0.3]
541.727878,100,2112.246185,0.2108132230080182,False,False,[0.5 0.1 0.3]
555.20475,100,2112.46438,0.07942924144081903,False,False,[0.5 0.1 0.3]
532.317441,100,2112.715539,0.07764334200935938,False,False,[0.5 0.1 0.3]
434.214,100,2112.93267,0.19770573743519362,False,False,[0.5 0.1 0.3]
558.471019,100,2113.154052,0.14742496993559226,False,False,[0.5 0.1 0.3]
468.317672,100,2113.374546,0.10669240566047077,False,False,[0.5 0.1 0.3]
477.073063,100,2113.597746,0.09607899385181301,False,False,[0.5 0.1 0.3]
459.557633,100,2113.817528,0.22173419385034548,False,False,[0.5 0.1 0.3]
568.653299,100,2114.036458,0.03482651626118311,False,False,[0.5 0.1 0.3]
554.839593,100,2114.261616,0.04490489913245887,False,False,[0.5 0.1 0.3]
478.409258,100,2114.493273,0.18413777050620805,False,False,[0.5 0.1 0.3]
551.187668,100,2114.718407,0.13144574213270174,False,False,[0.5 0.1 0.3]
571.633146,100,2114.945094,0.11539852242775496,False,False,[0.5 0.1 0.3]
573.247779,100,2115.170796,0.04620101023703718,False,False,[0.5 0.1 0.3]
537.129132,100,2115.394024,0.15961998433959892,False,False,[0.5 0.1 0.3]
530.650073,100,2115.613915,0.16167945290436678,False,False,[0.5 0.1 0.3]
516.041677,100,2115.864246,0.1098432077581753,False,False,[0.5 0.1 0.3]
567.281372,100,2116.093092,0.04669861244584191,False,False,[0.5 0.1 0.3]
533.944781,100,2116.321463,0.07336491462591874,False,False,[0.5 0.1 0.3]
589.820954,100,2116.54399,0.0726507535466809,False,False,[0.5 0.1 0.3]
421.880658,97,2117.227334,0.5509087215818738,True,False,[0.5 0.1 0.3]
588.81232,100,2117.449808,0.11633322275465754,False,False,[0.5 0.1 0.3]
549.784301,100,2117.693594,0.06945807336356291,False,False,[0.5 0.1 0.3]
568.223971,100,2117.921391,0.08007959792277367,False,False,[0.5 0.1 0.3]
545.301907,100,2118.145344,0.12626923827514197,False,False,[0.5 0.1 0.3]
540.711351,100,2118.367073,0.07309463914992555,False,False,[0.5 0.1 0.3]
554.918211,100,2118.621568,0.13817671047789865,False,False,[0.5 0.1 0.3]
485.827445,100,2118.864374,0.20245583243476598,False,False,[0.5 0.1 0.3]
461.067236,100,2119.087721,0.07359690865732811,False,False,[0.5 0.1 0.3]
568.467679,100,2119.30963,0.07816975984655473,False,False,[0.5 0.1 0.3]
468.20791,100,2119.53487,0.09171544469538141,False,False,[0.5 0.1 0.3]
512.939684,100,2119.759455,0.16305943217109725,False,False,[0.5 0.1 0.3]
551.754898,100,2119.985842,0.12131969202799726,False,False,[0.5 0.1 0.3]
623.628001,100,2120.205674,0.04887812853171925,False,False,[0.5 0.1 0.3]
481.822384,100,2120.465496,0.1654831051570267,False,False,[0.5 0.1 0.3]
554.871922,100,2120.683355,0.15582395650300468,False,False,[0.5 0.1 0.3]
477.443049,100,2120.910731,0.14151603317825634,False,False,[0.5 0.1 0.3]
584.374484,100,2121.215383,0.08459122409200662,False,False,[0.5 0.1 0.3]
542.48514,100,2121.440995,0.08777945790730625,False,False,[0.5 0.1 0.3]
437.461411,100,2121.698737,0.1360587859989744,False,False,[0.5 0.1 0.3]
433.658146,100,2121.916496,0.11993711158931637,False,False,[0.5 0.1 0.3]
503.573682,100,2122.608748,0.15384226909901227,False,False,[0.5 0.1 0.3]
608.633108,100,2122.830797,0.07130267893156506,False,False,[0.5 0.1 0.3]
500.358735,100,2123.052278,0.12032771694267302,False,False,[0.5 0.1 0.3]
523.727891,100,2123.298426,0.0595346378107064,False,False,[0.5 0.1 0.3]
512.364614,100,2123.519484,0.19589346884999198,False,False,[0.5 0.1 0.3]
564.016323,100,2123.741054,0.08711439851236627,False,False,[0.5 0.1 0.3]
541.667237,100,2123.97187,0.11567863951783285,False,False,[0.5 0.1 0.3]
487.195377,100,2124.198823,0.03692062734948868,False,False,[0.5 0.1 0.3]
485.628168,100,2124.415603,0.2109049452364137,False,False,[0.5 0.1 0.3]
509.675131,100,2124.670323,0.11117326552346883,False,False,[0.5 0.1 0.3]
509.301303,100,2124.891965,0.10167086397190177,False,False,[0.5 0.1 0.3]
501.72995,100,2125.117923,0.15841773083155866,False,False,[0.5 0.1 0.3]
554.039045,100,2125.341957,0.05067601295121791,False,False,[0.5 0.1 0.3]
552.321705,100,2125.576343,0.1193910049667901,False,False,[0.5 0.1 0.3]
458.353099,100,2125.793939,0.1294876555804663,False,False,[0.5 0.1 0.3]
507.354076,100,2126.050793,0.05063127989548253,False,False,[0.5 0.1 0.3]
530.710296,100,2126.277591,0.0969115886717763,False,False,[0.5 0.1 0.3]
483.284779,100,2126.496608,0.19197861645552772,False,False,[0.5 0.1 0.3]
367.241395,100,2126.723614,0.20046039333251892,False,False,[0.5 0.1 0.3]
586.208541,100,2126.952124,0.10007166701643135,False,False,[0.5 0.1 0.3]
495.369535,100,2127.642963,0.11334616364720002,False,False,[0.5 0.1 0.3]
551.420817,100,2127.870155,0.07188873756481541,False,False,[0.5 0.1 0.3]
460.022817,100,2128.087389,0.14438198802130695,False,False,[0.5 0.1 0.3]
556.583609,100,2128.405694,0.09455299799040119,False,False,[0.5 0.1 0.3]
540.603759,100,2128.633049,0.11896088844588987,False,False,[0.5 0.1 0.3]
560.926327,100,2128.857697,0.04378845907356811,False,False,[0.5 0.1 0.3]
421.290926,100,2129.112215,0.10641693561483548,False,False,[0.5 0.1 0.3]
508.500021,100,2129.336721,0.1735768687756381,False,False,[0.5 0.1 0.3]
534.021192,100,2129.557117,0.11237649070514419,False,False,[0.5 0.1 0.3]
809.462067,100,2129.776186,0.04328251068478449,False,False,[0.5 0.1 0.3]
544.034066,100,2130.000107,0.09431820696884476,False,False,[0.5 0.1 0.3]
522.62906,100,2130.215047,0.07390525158361921,False,False,[0.5 0.1 0.3]
502.827891,100,2130.442317,0.055013949232630525,False,False,[0.5 0.1 0.3]
425.786564,100,2130.702572,0.13791655261207572,False,False,[0.5 0.1 0.3]
504.605258,100,2130.92841,0.11877686708583524,False,False,[0.5 0.1 0.3]
510.003896,100,2131.14472,0.03082884423947168,False,False,[0.5 0.1 0.3]
585.276432,100,2131.358505,0.14069686458504171,False,False,[0.5 0.1 0.3]
599.62336,100,2131.575341,0.0465784364146944,False,False,[0.5 0.1 0.3]
589.691575,100,2131.827392,0.0690861865128845,False,False,[0.5 0.1 0.3]
540.746425,100,2132.052358,0.12862808986092136,False,False,[0.5 0.1 0.3]
584.275494,100,2132.275197,0.11873291161651708,False,False,[0.5 0.1 0.3]
603.865071,100,2132.969213,0.10234412192000741,False,False,[0.5 0.1 0.3]
484.952715,100,2133.192813,0.1801419216460931,False,False,[0.5 0.1 0.3]
611.945368,100,2133.449821,0.10068486908957658,False,False,[0.5 0.1 0.3]
537.405557,100,2133.675752,0.10304850843792998,False,False,[0.5 0.1 0.3]
436.803155,100,2133.889836,0.1601881218846754,False,False,[0.5 0.1 0.3]
499.306891,100,2134.106516,0.1542139167911372,False,False,[0.5 0.1 0.3]
535.892312,100,2134.326467,0.04951078235925037,False,False,[0.5 0.1 0.3]
556.402598,100,2134.555095,0.09417062298109981,False,False,[0.5 0.1 0.3]
453.659981,100,2134.773665,0.14890299220385794,False,False,[0.5 0.1 0.3]
565.548357,100,2134.994261,0.035694031898221415,False,False,[0.5 0.1 0.3]
718.392742,100,2135.222089,0.1316082311688345,False,False,[0.5 0.1 0.3]
524.221655,100,2135.44069,0.17475881976605318,False,False,[0.5 0.1 0.3]
589.858625,100,2135.656159,0.034870025718397354,False,False,[0.5 0.1 0.3]
508.217006,100,2135.872136,0.18102264467488743,False,False,[0.5 0.1 0.3]
618.955463,100,2136.20277,0.06480097443245444,False,False,[0.5 0.1 0.3]
536.870054,100,2136.422334,0.1264616408174312,False,False,[0.5 0.1 0.3]
579.616861,100,2136.644935,0.12613835004534818,False,False,[0.5 0.1 0.3]
475.147359,100,2136.866322,0.1517457400732642,False,False,[0.5 0.1 0.3]
499.658565,100,2137.096709,0.10987721554760502,False,False,[0.5 0.1 0.3]
94.618023,100,2137.317455,0.9443502804136612,False,False,[0.5 0.1 0.3]
394.79225,100,2138.02752,0.13014006220293808,False,False,[0.5 0.1 0.3]
506.082592,100,2138.245022,0.09892322194740899,False,False,[0.5 0.1 0.3]
500.870561,100,2138.475754,0.20695956932317472,False,False,[0.5 0.1 0.3]
511.577644,100,2138.776668,0.10013137705302762,False,False,[0.5 0.1 0.3]
504.354065,100,2138.991218,0.07613985917588768,False,False,[0.5 0.1 0.3]
549.777688,100,2139.30579,0.08578795385390067,False,False,[0.5 0.1 0.3]
624.87379,100,2139.526859,0.07992209367670974,False,False,[0.5 0.1 0.3]
525.191964,100,2139.74507,0.10553828359702525,False,False,[0.5 0.1 0.3]
514.851084,100,2139.96949,0.13785074268916842,False,False,[0.5 0.1 0.3]
522.594985,100,2140.19706,0.10009661473589412,False,False,[0.5 0.1 0.3]
403.549843,100,2140.444984,0.11695701248233263,False,False,[0.5 0.1 0.3]
490.92269,100,2140.675057,0.13929213860423176,False,False,[0.5 0.1 0.3]
557.909085,100,2140.899994,0.062205700660702426,False,False,[0.5 0.1 0.3]
529.858439,100,2141.130574,0.19199096389969783,False,False,[0.5 0.1 0.3]
499.340883,100,2141.344871,0.12027144536021653,False,False,[0.5 0.1 0.3]
580.81548,100,2141.59024,0.0890134772423407,False,False,[0.5 0.1 0.3]
490.150017,100,2141.808638,0.1252818813390971,False,False,[0.5 0.1 0.3]
520.419925,100,2142.033108,0.06478965828254764,False,False,[0.5 0.1 0.3]
493.285212,100,2142.247417,0.049162772530815864,False,False,[0.5 0.1 0.3]
495.310646,100,2142.463771,0.179382932518323,False,False,[0.5 0.1 0.3]
852.784945,100,2142.707814,0.051138483328469805,False,False,[0.5 0.1 0.3]
411.594914,100,2143.399652,0.13763474057826186,False,False,[0.5 0.1 0.3]
554.277528,100,2143.627533,0.09080554380192031,False,False,[0.5 0.1 0.3]
489.57281,100,2143.845682,0.16037452594969123,False,False,[0.5 0.1 0.3]
540.25122,100,2144.073886,0.09617637402199804,False,False,[0.5 0.1 0.3]
565.325953,100,2144.289973,0.05127387848105386,False,False,[0.5 0.1 0.3]
488.194683,100,2144.535499,0.1875513627365184,False,False,[0.5 0.1 0.3]
557.29627,100,2144.75781,0.06625537113963899,False,False,[0.5 0.1 0.3]
531.886178,100,2144.978833,0.12877316321432045,False,False,[0.5 0.1 0.3]
539.696336,100,2145.209544,0.05473270273746251,False,False,[0.5 0.1 0.3]
528.820173,100,2145.428264,0.048785816936571046,False,False,[0.5 0.1 0.3]
588.189127,100,2145.653671,0.030608312373311436,False,False,[0.5 0.1 0.3]
456.824893,100,2145.903907,0.1558291585036365,False,False,[0.5 0.1 0.3]
469.364367,100,2146.136694,0.16071184843183486,False,False,[0.5 0.1 0.3]
553.007025,100,2146.362082,0.15548368538208607,False,False,[0.5 0.1 0.3]
537.081293,100,2146.583717,0.17231573219477253,False,False,[0.5 0.1 0.3]
508.162069,100,2146.80297,0.17858795050278328,False,False,[0.5 0.1 0.3]
581.516773,100,2147.053227,0.05838689259149368,False,False,[0.5 0.1 0.3]
421.455206,100,2147.275497,0.14009656218329908,False,False,[0.5 0.1 0.3]
551.630682,100,2147.498669,0.11525807622951044,False,False,[0.5 0.1 0.3]
602.619167,100,2147.724746,0.056692079663874434,False,False,[0.5 0.1 0.3]
468.314828,100,2148.414907,0.13007142197789906,False,False,[0.5 0.1 0.3]
546.078419,100,2148.636682,0.14634989792073097,False,False,[0.5 0.1 0.3]
540.808956,100,2148.878964,0.10249844018247554,False,False,[0.5 0.1 0.3]
616.643141,100,2149.100132,0.06040325751055082,False,False,[0.5 0.1 0.3]
528.066731,100,2149.323099,0.08350361261537105,False,False,[0.5 0.1 0.3]
563.332156,100,2149.534799,0.12160812102333932,False,False,[0.5 0.1 0.3]
474.331743,100,2149.746961,0.19711969873513482,False,False,[0.5 0.1 0.3]
524.865616,100,2149.963494,0.11917444685654405,False,False,[0.5 0.1 0.3]
512.742033,100,2150.18524,0.08715387537547654,False,False,[0.5 0.1 0.3]
738.075879,100,2150.442064,0.06594751856509189,False,False,[0.5 0.1 0.3]
446.254137,100,2150.665932,0.16485820966818301,False,False,[0.5 0.1 0.3]
549.642663,100,2150.898873,0.10284822223935577,False,False,[0.5 0.1 0.3]
508.84574,100,2151.148528,0.12036480263503825,False,False,[0.5 0.1 0.3]
518.500164,100,2151.372797,0.11297933561666004,False,False,[0.5 0.1 0.3]
132.634673,100,2151.590426,1.2853104416438665,False,False,[0.5 0.1 0.3]
530.13977,100,2151.847595,0.12125864829801684,False,False,[0.5 0.1 0.3]
468.125706,100,2152.080582,0.117624048408036,False,False,[0.5 0.1 0.3]
631.428489,100,2152.301261,0.02947332366492216,False,False,[0.5 0.1 0.3]
767.669955,100,2152.515882,0.03618967532097213,False,False,[0.5 0.1 0.3]
797.903446,100,2152.731528,0.07894238746671314,False,False,[0.5 0.1 0.3]
473.786224,100,2152.980483,0.11874161900727144,False,False,[0.5 0.1 0.3]
584.303944,100,2153.673472,0.12327118772914226,False,False,[0.5 0.1 0.3]
445.266745,100,2153.896501,0.09485468539817625,False,False,[0.5 0.1 0.3]
572.81947,100,2154.114105,0.04154434306888784,False,False,[0.5 0.1 0.3]
587.984525,100,2154.337853,0.07773135146291756,False,False,[0.5 0.1 0.3]
543.342067,100,2154.558495,0.07998587012283247,False,False,[0.5 0.1 0.3]
514.127494,100,2154.817782,0.12480977974892901,False,False,[0.5 0.1 0.3]
544.412163,100,2155.042822,0.14432134039105465,False,False,[0.5 0.1 0.3]
444.016103,100,2155.264167,0.12112510473317176,False,False,[0.5 0.1 0.3]
537.977816,100,2155.483784,0.06297650918401106,False,False,[0.5 0.1 0.3]
527.526494,100,2155.697872,0.05341537368021696,False,False,[0.5 0.1 0.3]
545.925224,100,2155.916854,0.11532004215439602,False,False,[0.5 0.1 0.3]
576.061412,100,2156.145159,0.06576374729991795,False,False,[0.5 0.1 0.3]
473.629487,100,2156.365399,0.06978698586027804,False,False,[0.5 0.1 0.3]
546.283107,100,2156.58571,0.10946858252204934,False,False,[0.5 0.1 0.3]
480.78237,100,2156.834274,0.04682220413416622,False,False,[0.5 0.1 0.3]
425.717705,100,2157.047971,0.1913754299579343,False,False,[0.5 0.1 0.3]
568.333813,100,2157.269467,0.1049734771504974,False,False,[0.5 0.1 0.3]
468.267986,100,2157.490137,0.11166465364571956,False,False,[0.5 0.1 0.3]
477.530961,100,2157.708845,0.12930435726510342,False,False,[0.5 0.1 0.3]
535.782437,100,2157.930132,0.02496270387896564,False,False,[0.5 0.1 0.3]
515.351588,100,2158.639928,0.05775720499537591,False,False,[0.5 0.1 0.3]
468.276886,100,2158.867775,0.039263941385493155,False,False,[0.5 0.1 0.3]
504.772195,100,2159.087607,0.15682136708130734,False,False,[0.5 0.1 0.3]
588.110731,100,2159.309201,0.1473825323509902,False,False,[0.5 0.1 0.3]
530.38282,100,2159.528212,0.14307301190818625,False,False,[0.5 0.1 0.3]
483.4807,100,2159.775054,0.0786378137665547,False,False,[0.5 0.1 0.3]
497.119816,100,2159.992323,0.1068804996386661,False,False,[0.5 0.1 0.3]
477.097353,100,2160.210415,0.1489723472496492,False,False,[0.5 0.1 0.3]
443.42319,100,2160.432417,0.14404385016382384,False,False,[0.5 0.1 0.3]
538.920118,100,2160.652392,0.05722383099292326,False,False,[0.5 0.1 0.3]
554.511199,100,2160.869974,0.11057750543603162,False,False,[0.5 0.1 0.3]
459.875736,100,2161.098607,0.11407701875061232,False,False,[0.5 0.1 0.3]
479.166044,100,2161.320345,0.12718672206316806,False,False,[0.5 0.1 0.3]
429.426526,100,2161.545355,0.11013469758027887,False,False,[0.5 0.1 0.3]
586.753025,100,2161.792828,0.09754183580903324,False,False,[0.5 0.1 0.3]
586.294427,100,2162.019065,0.13887816541497278,False,False,[0.5 0.1 0.3]
537.557503,100,2162.242263,0.13034596250759495,False,False,[0.5 0.1 0.3]
586.950708,100,2162.460336,0.06819974134208127,False,False,[0.5 0.1 0.3]
461.562295,100,2162.677501,0.041722787889747336,False,False,[0.5 0.1 0.3]
457.882496,100,2162.894203,0.1472768929921036,False,False,[0.5 0.1 0.3]
526.880352,100,2163.116142,0.12826840386232896,False,False,[0.5 0.1 0.3]
531.2378,100,2163.818044,0.1083701732043763,False,False,[0.5 0.1 0.3]
479.280122,100,2164.03478,0.08098453313505918,False,False,[0.5 0.1 0.3]
546.007517,100,2164.257333,0.09611766782377673,False,False,[0.5 0.1 0.3]
497.899464,100,2164.483636,0.12735283510224074,False,False,[0.5 0.1 0.3]
584.958971,100,2164.707773,0.12331007599612288,False,False,[0.5 0.1 0.3]
608.598499,100,2164.94086,0.11113744237196489,False,False,[0.5 0.1 0.3]
590.623129,100,2165.162073,0.10014794493590914,False,False,[0.5 0.1 0.3]
571.497568,100,2165.3784,0.07348757854029335,False,False,[0.5 0.1 0.3]
528.0044,100,2165.600209,0.1441709237271583,False,False,[0.5 0.1 0.3]
556.87636,100,2165.82062,0.1322374813318441,False,False,[0.5 0.1 0.3]
430.787707,100,2166.051746,0.17530384716955688,False,False,[0.5 0.1 0.3]
479.488131,100,2166.337808,0.14075247165222668,False,False,[0.5 0.1 0.3]
525.933244,100,2166.557686,0.126282665019057,False,False,[0.5 0.1 0.3]
528.683025,100,2166.805384,0.15678453381336405,False,False,[0.5 0.1 0.3]
573.325144,100,2167.040658,0.07459405014101735,False,False,[0.5 0.1 0.3]
579.117667,100,2167.25982,0.05142789342667987,False,False,[0.5 0.1 0.3]
623.480561,100,2167.485584,0.030246538455040526,False,False,[0.5 0.1 0.3]
489.59328,100,2167.703932,0.16581452744808445,False,False,[0.5 0.1 0.3]
464.815812,100,2167.92008,0.15545207225588842,False,False,[0.5 0.1 0.3]
475.455748,100,2168.181615,0.16812295312212983,False,False,[0.5 0.1 0.3]
535.020622,100,2168.85536,0.0815288384879593,False,False,[0.5 0.1 0.3]
457.175623,100,2169.087693,0.23121332824574375,False,False,[0.5 0.1 0.3]
462.486487,100,2169.309484,0.09156558615926426,False,False,[0.5 0.1 0.3]
433.972968,100,2169.534806,0.1295418657868083,False,False,[0.5 0.1 0.3]
510.067695,100,2169.754849,0.14957295479794117,False,False,[0.5 0.1 0.3]
576.328655,100,2169.978775,0.0694410119167189,False,False,[0.5 0.1 0.3]
556.174165,100,2170.198049,0.08491597378396326,False,False,[0.5 0.1 0.3]
508.286401,100,2170.422366,0.09238642965703543,False,False,[0.5 0.1 0.3]
581.836861,100,2170.637432,0.0901408582126007,False,False,[0.5 0.1 0.3]
549.461529,100,2170.856585,0.1637467295539931,False,False,[0.5 0.1 0.3]
551.064419,100,2171.110823,0.11309885291199465,False,False,[0.5 0.1 0.3]
729.926794,100,2171.32965,0.1006624206123401,False,False,[0.5 0.1 0.3]
505.081952,100,2171.559913,0.10881700123540677,False,False,[0.5 0.1 0.3]
560.754619,100,2171.781163,0.10673706401601311,False,False,[0.5 0.1 0.3]
562.13829,100,2172.035235,0.10304416700838842,False,False,[0.5 0.1 0.3]
570.224273,100,2172.266515,0.19473477600553707,False,False,[0.5 0.1 0.3]
605.841305,100,2172.484164,0.043000726596612325,False,False,[0.5 0.1 0.3]
567.362929,100,2172.703343,0.03610252254286067,False,False,[0.5 0.1 0.3]
473.39901,100,2172.927343,0.06687344260602082,False,False,[0.5 0.1 0.3]
528.321869,100,2173.192495,0.06136851942972386,False,False,[0.5 0.1 0.3]
515.06438,100,2173.406122,0.05900006080416001,False,False,[0.5 0.1 0.3]
603.252697,100,2174.097983,0.05696228093650066,False,False,[0.5 0.1 0.3]
409.463859,100,2174.319464,0.15806867043328351,False,False,[0.5 0.1 0.3]
474.615981,100,2174.54459,0.11944699132814614,False,False,[0.5 0.1 0.3]
474.694296,100,2174.762749,0.11174684277849017,False,False,[0.5 0.1 0.3]
576.327225,100,2175.014875,0.0522866288369943,False,False,[0.5 0.1 0.3]
477.397661,100,2175.23486,0.04958412582411672,False,False,[0.5 0.1 0.3]
530.745389,100,2175.459283,0.013087097834131695,False,False,[0.5 0.1 0.3]
572.803793,100,2175.682749,0.04049394331925824,False,False,[0.5 0.1 0.3]
550.814082,100,2175.896371,0.07488246139895008,False,False,[0.5 0.1 0.3]
270.463731,84,2176.114651,0.24589461528235398,True,False,[0.5 0.1 0.3]
433.802075,100,2176.359447,0.21664194770906178,False,False,[0.5 0.1 0.3]
494.928118,100,2176.581143,0.07557939422466102,False,False,[0.5 0.1 0.3]
558.632773,100,2176.800518,0.08286557509638783,False,False,[0.5 0.1 0.3]
505.931737,100,2177.021789,0.1400697349062971,False,False,[0.5 0.1 0.3]
416.963554,100,2177.254438,0.3371281103438817,False,False,[0.5 0.1 0.3]
490.825888,100,2177.481629,0.1495193382010527,False,False,[0.5 0.1 0.3]
493.36398,100,2177.696992,0.07826596673453715,False,False,[0.5 0.1 0.3]
243.245328,71,2177.894631,0.22912911814482126,True,False,[0.5 0.1 0.3]
501.384556,100,2178.132802,0.1965145447313352,False,False,[0.5 0.1 0.3]
474.119483,100,2178.347442,0.0765000709084823,False,False,[0.5 0.1 0.3]
615.030839,100,2178.566946,0.10390864877543092,False,False,[0.5 0.1 0.3]
599.693543,100,2179.249532,0.020135449257138366,False,False,[0.5 0.1 0.3]
537.619419,100,2179.464458,0.09148112436182079,False,False,[0.5 0.1 0.3]
522.080866,100,2179.700305,0.12381236092812413,False,False,[0.5 0.1 0.3]
522.181751,100,2179.950977,0.11010134995260237,False,False,[0.5 0.1 0.3]
607.367637,100,2180.171289,0.08518394666860539,False,False,[0.5 0.1 0.3]
565.968206,100,2180.399457,0.057235398731765356,False,False,[0.5 0.1 0.3]
560.70051,100,2180.623469,0.06138162804635994,False,False,[0.5 0.1 0.3]
491.638059,100,2180.837663,0.11959554339289735,False,False,[0.5 0.1 0.3]
526.391016,100,2181.059527,0.11520958633165203,False,False,[0.5 0.1 0.3]
526.038778,100,2181.319161,0.09680171119265653,False,False,[0.5 0.1 0.3]
598.322668,100,2181.546505,0.06334595640100045,False,False,[0.5 0.1 0.3]
619.516621,100,2181.768972,0.07460135262509252,False,False,[0.5 0.1 0.3]
582.566401,100,2181.999604,0.06482643685147199,False,False,[0.5 0.1 0.3]
468.345819,100,2182.223719,0.18466820986426719,False,False,[0.5 0.1 0.3]
523.832509,100,2182.44578,0.05425816747163659,False,False,[0.5 0.1 0.3]
557.853286,100,2182.701814,0.1395784898017228,False,False,[0.5 0.1 0.3]
533.599222,100,2182.919979,0.10138677835384949,False,False,[0.5 0.1 0.3]
568.226661,100,2183.140071,0.037656766632882616,False,False,[0.5 0.1 0.3]
561.222998,100,2183.36391,0.08122971496752787,False,False,[0.5 0.1 0.3]
524.846595,100,2183.584066,0.1255467868550667,False,False,[0.5 0.1 0.3]
498.819303,100,2184.281526,0.09290852480679647,False,False,[0.5 0.1 0.3]
630.212052,100,2184.500765,0.0863164404915914,False,False,[0.5 0.1 0.3]
462.72643,100,2184.719831,0.14265546012471852,False,False,[0.5 0.1 0.3]
485.926513,100,2184.944958,0.08015337213824013,False,False,[0.5 0.1 0.3]
432.596046,100,2185.164378,0.06867983524785172,False,False,[0.5 0.1 0.3]
510.028588,100,2185.419249,0.07763662368081614,False,False,[0.5 0.1 0.3]
591.898252,100,2185.63321,0.10739639098549025,False,False,[0.5 0.1 0.3]
504.084755,100,2185.854017,0.04606592900904502,False,False,[0.5 0.1 0.3]
726.656007,100,2186.079927,0.16231243479136168,False,False,[0.5 0.1 0.3]
538.2943,100,2186.306073,0.14865818485324314,False,False,[0.5 0.1 0.3]
472.175237,100,2186.533176,0.16714308416293053,False,False,[0.5 0.1 0.3]
473.713862,100,2186.757556,0.07858538973415849,False,False,[0.5 0.1 0.3]
450.866071,100,2187.007667,0.1765603988978332,False,False,[0.5 0.1 0.3]
443.839384,100,2187.227086,0.11442502849283658,False,False,[0.5 0.1 0.3]
359.777157,97,2187.457523,0.2856759059654842,True,False,[0.5 0.1 0.3]
553.678243,100,2187.676384,0.1078537253725714,False,False,[0.5 0.1 0.3]
514.657158,100,2187.897,0.10772764688528297,False,False,[0.5 0.1 0.3]
514.770138,100,2188.152534,0.1226505153933664,False,False,[0.5 0.1 0.3]
587.952309,100,2188.370317,0.10205566054427634,False,False,[0.5 0.1 0.3]
476.930417,100,2188.600138,0.14680479541687513,False,False,[0.5 0.1 0.3]
488.045694,100,2188.816529,0.11209272620971683,False,False,[0.5 0.1 0.3]
526.197936,100,2189.517491,0.04251191491351654,False,False,[0.5 0.1 0.3]
480.516813,100,2189.723624,0.05259064924675687,False,False,[0.5 0.1 0.3]
487.236046,100,2189.962965,0.20041160920884857,False,False,[0.5 0.1 0.3]
455.423768,100,2190.198761,0.16385031155915003,False,False,[0.5 0.1 0.3]
481.260546,100,2190.422287,0.17786566752862162,False,False,[0.5 0.1 0.3]
626.696464,100,2190.639012,0.04128374939255209,False,False,[0.5 0.1 0.3]
750.703985,100,2190.854715,0.07720605127211265,False,False,[0.5 0.1 0.3]
509.04862,100,2191.119804,0.1738901444077288,False,False,[0.5 0.1 0.3]
478.97644,100,2191.352496,0.14406725279689325,False,False,[0.5 0.1 0.3]
502.061645,100,2191.570324,0.11794599994769732,False,False,[0.5 0.1 0.3]
578.691304,100,2191.797244,0.11374538545373342,False,False,[0.5 0.1 0.3]
559.585473,100,2192.014247,0.05165135053324401,False,False,[0.5 0.1 0.3]
740.487277,100,2192.241039,0.05399963535190543,False,False,[0.5 0.1 0.3]
476.623492,100,2192.478508,0.11731833149842787,False,False,[0.5 0.1 0.3]
570.007434,100,2192.69571,0.07489105049844383,False,False,[0.5 0.1 0.3]
510.56931,100,2192.913618,0.08325961322834259,False,False,[0.5 0.1 0.3]
518.807865,100,2193.13724,0.1191064807765596,False,False,[0.5 0.1 0.3]
509.001066,100,2193.367482,0.10489707351861116,False,False,[0.5 0.1 0.3]
507.792942,100,2193.582789,0.16629998896401582,False,False,[0.5 0.1 0.3]
464.169414,100,2193.835581,0.10230172000172164,False,False,[0.5 0.1 0.3]
506.040882,100,2194.515362,0.027030699183267903,False,False,[0.5 0.1 0.3]
531.363722,100,2194.74084,0.12567131800712739,False,False,[0.5 0.1 0.3]
465.704955,100,2194.96218,0.1854926650823434,False,False,[0.5 0.1 0.3]
582.677743,100,2195.184086,0.0961222020653701,False,False,[0.5 0.1 0.3]
464.941875,100,2195.442344,0.14384061004853863,False,False,[0.5 0.1 0.3]
566.073384,100,2195.668631,0.1150332358091111,False,False,[0.5 0.1 0.3]
561.258141,100,2195.900028,0.14245445605290225,False,False,[0.5 0.1 0.3]
518.887832,100,2196.132483,0.12868141580425235,False,False,[0.5 0.1 0.3]
461.087521,100,2196.351802,0.0996242899849285,False,False,[0.5 0.1 0.3]
486.159483,100,2196.598013,0.24453750158057302,False,False,[0.5 0.1 0.3]
520.883653,100,2196.821463,0.08299719376487161,False,False,[0.5 0.1 0.3]
526.183361,100,2197.047137,0.12312015265885919,False,False,[0.5 0.1 0.3]
792.838887,100,2197.265779,0.052878933615146395,False,False,[0.5 0.1 0.3]
446.928229,100,2197.490943,0.1745563741871217,False,False,[0.5 0.1 0.3]
799.797218,100,2197.706585,0.09852502414384623,False,False,[0.5 0.1 0.3]
484.026392,100,2197.92634,0.18768353221455356,False,False,[0.5 0.1 0.3]
429.275363,100,2198.184411,0.1428388187418968,False,False,[0.5 0.1 0.3]
516.693241,100,2198.406948,0.12866524240363159,False,False,[0.5 0.1 0.3]
544.410475,100,2198.63098,0.08449319324669927,False,False,[0.5 0.1 0.3]
463.571009,100,2198.856238,0.1721193356801709,False,False,[0.5 0.1 0.3]
548.784002,100,2199.082651,0.09426885309919468,False,False,[0.5 0.1 0.3]
484.275336,100,2199.762789,0.19883478775106078,False,False,[0.5 0.1 0.3]
513.185049,100,2199.988261,0.08426503067972729,False,False,[0.5 0.1 0.3]
486.667542,100,2200.210399,0.1959527834266703,False,False,[0.5 0.1 0.3]
549.627769,100,2200.434493,0.10828782035475583,False,False,[0.5 0.1 0.3]
528.030849,100,2200.649748,0.0994851871926017,False,False,[0.5 0.1 0.3]
505.98766,100,2200.867553,0.08951907566931117,False,False,[0.5 0.1 0.3]
456.061918,100,2201.086845,0.06846735953760595,False,False,[0.5 0.1 0.3]
572.119444,100,2201.337817,0.075202737547807,False,False,[0.5 0.1 0.3]
534.872462,100,2201.560946,0.08682934081197011,False,False,[0.5 0.1 0.3]
474.906201,100,2201.775705,0.21950012192045665,False,False,[0.5 0.1 0.3]
574.152461,100,2201.998371,0.06607017247760581,False,False,[0.5 0.1 0.3]
565.17955,100,2202.213356,0.09238234583090518,False,False,[0.5 0.1 0.3]
438.809719,100,2202.470769,0.2663891098449417,False,False,[0.5 0.1 0.3]
123.757994,100,2202.692029,1.2284701138989835,False,False,[0.5 0.1 0.3]
578.779415,100,2202.908716,0.10256907546867618,False,False,[0.5 0.1 0.3]
562.499831,100,2203.135112,0.05204777056467636,False,False,[0.5 0.1 0.3]
590.812858,100,2203.356757,0.05608138395725575,False,False,[0.5 0.1 0.3]
531.058806,100,2203.57286,0.1434935815987813,False,False,[0.5 0.1 0.3]
449.131036,100,2203.816515,0.13128230717176143,False,False,[0.5 0.1 0.3]
573.761632,100,2204.033941,0.08019928423294706,False,False,[0.5 0.1 0.3]
556.082813,100,2204.712232,0.08269366570942469,False,False,[0.5 0.1 0.3]
467.397821,100,2204.930337,0.10761058266802248,False,False,[0.5 0.1 0.3]
462.689731,100,2205.154751,0.13273206013317004,False,False,[0.5 0.1 0.3]
510.928507,100,2205.407135,0.057219315666637606,False,False,[0.5 0.1 0.3]
497.554602,100,2205.636741,0.18685022853420707,False,False,[0.5 0.1 0.3]
492.010963,100,2205.855401,0.14753803789092668,False,False,[0.5 0.1 0.3]
514.819463,100,2206.083813,0.08694930608159442,False,False,[0.5 0.1 0.3]
515.609761,100,2206.304339,0.09985051080853603,False,False,[0.5 0.1 0.3]
585.063813,100,2206.515905,0.10118381501066046,False,False,[0.5 0.1 0.3]
570.487311,100,2206.732879,0.05481776260720369,False,False,[0.5 0.1 0.3]
537.679469,100,2206.981708,0.11473822763409189,False,False,[0.5 0.1 0.3]
563.850351,100,2207.197814,0.10770980501235528,False,False,[0.5 0.1 0.3]
592.334848,100,2207.426891,0.08428197523900764,False,False,[0.5 0.1 0.3]
556.523279,100,2207.650779,0.09466061290409657,False,False,[0.5 0.1 0.3]
511.17871,100,2207.871601,0.11869046192829542,False,False,[0.5 0.1 0.3]
492.916893,100,2208.125136,0.09012097344561497,False,False,[0.5 0.1 0.3]
626.673637,100,2208.349303,0.07615838237655194,False,False,[0.5 0.1 0.3]
764.161858,100,2208.562046,0.11885431139711565,False,False,[0.5 0.1 0.3]
579.152381,100,2208.77387,0.12257670900271601,False,False,[0.5 0.1 0.3]
498.264071,100,2208.999727,0.10152940970032864,False,False,[0.5 0.1 0.3]
536.336044,100,2209.22672,0.11770332549468278,False,False,[0.5 0.1 0.3]
450.955007,100,2209.911948,0.21983040195383102,False,False,[0.5 0.1 0.3]
553.155266,100,2210.139028,0.15348279102974693,False,False,[0.5 0.1 0.3]
552.831167,100,2210.360275,0.14117804409789186,False,False,[0.5 0.1 0.3]
565.461749,100,2210.579721,0.1273131406128405,False,False,[0.5 0.1 0.3]
436.548603,100,2210.801088,0.1746866211517164,False,False,[0.5 0.1 0.3]
500.706689,100,2211.056096,0.191948999373871,False,False,[0.5 0.1 0.3]
437.234794,100,2211.273747,0.18722181787491526,False,False,[0.5 0.1 0.3]
531.402548,100,2211.501591,0.11490746905686129,False,False,[0.5 0.1 0.3]
442.487162,100,2211.73454,0.179765906847947,False,False,[0.5 0.1 0.3]
512.336184,100,2211.949927,0.08917864157047944,False,False,[0.5 0.1 0.3]
525.64415,100,2212.168391,0.10919196186270416,False,False,[0.5 0.1 0.3]
495.05475,100,2212.431741,0.17232298292758863,False,False,[0.5 0.1 0.3]
471.55987,100,2212.647394,0.2010486523832956,False,False,[0.5 0.1 0.3]
532.930351,100,2212.868015,0.15047658776628486,False,False,[0.5 0.1 0.3]
468.911435,100,2213.092213,0.082681485426944,False,False,[0.5 0.1 0.3]
391.134631,100,2213.312453,0.1627376827131541,False,False,[0.5 0.1 0.3]
555.139779,100,2213.542435,0.11001551538033658,False,False,[0.5 0.1 0.3]
545.590623,100,2213.766004,0.11855396103393065,False,False,[0.5 0.1 0.3]
410.275036,100,2214.016354,0.1704829441247952,False,False,[0.5 0.1 0.3]
567.762101,100,2214.233917,0.11648323805074674,False,False,[0.5 0.1 0.3]
451.054933,100,2214.911985,0.15387765229295305,False,False,[0.5 0.1 0.3]
566.348076,100,2215.146585,0.12473769780543333,False,False,[0.5 0.1 0.3]
544.167919,100,2215.373208,0.05723909977029417,False,False,[0.5 0.1 0.3]
541.838462,100,2215.597033,0.08313686789594264,False,False,[0.5 0.1 0.3]
558.642949,100,2215.85169,0.10322263986577776,False,False,[0.5 0.1 0.3]
550.131535,100,2216.089826,0.14172190022685005,False,False,[0.5 0.1 0.3]
541.471372,100,2216.310332,0.08930210909830628,False,False,[0.5 0.1 0.3]
557.688934,100,2216.532957,0.0896697459396019,False,False,[0.5 0.1 0.3]
535.14824,100,2216.746999,0.10452150371328443,False,False,[0.5 0.1 0.3]
563.694223,100,2216.963508,0.06979986306599863,False,False,[0.5 0.1 0.3]
537.944129,100,2217.188707,0.05439008941538817,False,False,[0.5 0.1 0.3]
470.109482,100,2217.402387,0.15424618356113573,False,False,[0.5 0.1 0.3]
552.80323,100,2217.627766,0.10533163030735912,False,False,[0.5 0.1 0.3]
571.386949,100,2217.839788,0.06650384346914993,False,False,[0.5 0.1 0.3]
582.976285,100,2218.09288,0.14168711559233155,False,False,[0.5 0.1 0.3]
453.028904,100,2218.314962,0.1471694195943151,False,False,[0.5 0.1 0.3]
593.65523,100,2218.540118,0.1060596746979328,False,False,[0.5 0.1 0.3]
437.740273,100,2218.760959,0.16944116936711856,False,False,[0.5 0.1 0.3]
480.176889,100,2218.981022,0.16990531688281818,False,False,[0.5 0.1 0.3]
518.013128,100,2219.198648,0.058154088019212284,False,False,[0.5 0.1 0.3]
447.867085,100,2219.452296,0.20750887992066372,False,False,[0.5 0.1 0.3]
538.704082,100,2220.233485,0.13721904369881258,False,False,[0.5 0.1 0.3]
439.726103,100,2220.458922,0.20583601703701676,False,False,[0.5 0.1 0.3]
525.456489,100,2220.677151,0.11511509351699917,False,False,[0.5 0.1 0.3]
540.287463,100,2220.931774,0.09911586916319663,False,False,[0.5 0.1 0.3]
593.685653,100,2221.158289,0.15370908537658065,False,False,[0.5 0.1 0.3]
412.154433,100,2221.375517,0.16609472631427918,False,False,[0.5 0.1 0.3]
542.181891,100,2221.601412,0.09897512510085606,False,False,[0.5 0.1 0.3]
559.042358,100,2221.818948,0.08248081116751729,False,False,[0.5 0.1 0.3]
576.592125,100,2222.0653,0.06854647677732947,False,False,[0.5 0.1 0.3]
411.504545,100,2222.276188,0.15090101420802468,False,False,[0.5 0.1 0.3]
566.385531,100,2222.49854,0.08987596075047756,False,False,[0.5 0.1 0.3]
446.869657,100,2222.718952,0.1427241860422709,False,False,[0.5 0.1 0.3]
598.717832,100,2222.937157,0.039872243904067545,False,False,[0.5 0.1 0.3]
543.482484,100,2223.151481,0.08861318488173388,False,False,[0.5 0.1 0.3]
567.737476,100,2223.463096,0.137391561150307,False,False,[0.5 0.1 0.3]
776.635483,100,2223.715844,0.13930218855247073,False,False,[0.5 0.1 0.3]
532.416283,100,2223.936792,0.06618453692770973,False,False,[0.5 0.1 0.3]
398.3787,100,2224.161518,0.28100306333592584,False,False,[0.5 0.1 0.3]
489.711125,100,2224.381979,0.0977368742236496,False,False,[0.5 0.1 0.3]
554.335472,100,2224.596112,0.09261326411325009,False,False,[0.5 0.1 0.3]
546.481636,100,2225.285805,0.06582523660046417,False,False,[0.5 0.1 0.3]
509.174995,100,2225.537769,0.1773729455041783,False,False,[0.5 0.1 0.3]
570.199595,100,2225.759784,0.1329718569054041,False,False,[0.5 0.1 0.3]
542.183072,100,2225.979362,0.10069910339504429,False,False,[0.5 0.1 0.3]
602.600208,100,2226.216402,0.08599010309962021,False,False,[0.5 0.1 0.3]
512.438571,100,2226.440015,0.1154800021953835,False,False,[0.5 0.1 0.3]
548.271835,100,2226.656792,0.10935152718603636,False,False,[0.5 0.1 0.3]
502.240911,100,2226.877966,0.13246621872527148,False,False,[0.5 0.1 0.3]
524.045928,100,2227.137266,0.21466524730652717,False,False,[0.5 0.1 0.3]
591.790011,100,2227.351206,0.11114415819787536,False,False,[0.5 0.1 0.3]
477.780629,100,2227.569302,0.11642142457752307,False,False,[0.5 0.1 0.3]
440.495128,100,2227.782903,0.11634323855680834,False,False,[0.5 0.1 0.3]
578.238389,100,2228.002251,0.05031207204851373,False,False,[0.5 0.1 0.3]
520.054536,100,2228.238863,0.08744111656823889,False,False,[0.5 0.1 0.3]
482.449686,100,2228.482513,0.12109119059739502,False,False,[0.5 0.1 0.3]
534.047455,100,2228.703894,0.05568671652253505,False,False,[0.5 0.1 0.3]
609.47771,100,2228.92031,0.09524562948521784,False,False,[0.5 0.1 0.3]
739.630735,100,2229.143866,0.05439875344484528,False,False,[0.5 0.1 0.3]
496.757934,100,2229.365338,0.08950926621804424,False,False,[0.5 0.1 0.3]
548.583597,100,2229.585334,0.03261625894522392,False,False,[0.5 0.1 0.3]
554.506194,100,2229.808738,0.04760897824703088,False,False,[0.5 0.1 0.3]
497.66682,100,2230.481189,0.09894637232831474,False,False,[0.5 0.1 0.3]
567.619558,100,2230.697081,0.09441321095006927,False,False,[0.5 0.1 0.3]
523.467845,100,2230.91947,0.1458661821789483,False,False,[0.5 0.1 0.3]
436.593703,100,2231.156015,0.145252117553782,False,False,[0.5 0.1 0.3]
513.150034,100,2231.377454,0.06643309957208454,False,False,[0.5 0.1 0.3]
562.103307,100,2231.598479,0.12379022454492905,False,False,[0.5 0.1 0.3]
476.095116,100,2231.844796,0.09759356554403512,False,False,[0.5 0.1 0.3]
468.303786,100,2232.064775,0.08930494896057273,False,False,[0.5 0.1 0.3]
552.030949,100,2232.280817,0.06296740493706916,False,False,[0.5 0.1 0.3]
549.611878,100,2232.494728,0.08787438868867539,False,False,[0.5 0.1 0.3]
515.065795,100,2232.712936,0.12779321948377734,False,False,[0.5 0.1 0.3]
472.324771,100,2232.929496,0.17288785467848872,False,False,[0.5 0.1 0.3]
575.300624,100,2233.149285,0.03484566792227511,False,False,[0.5 0.1 0.3]
539.809538,100,2233.403165,0.13746017104400324,False,False,[0.5 0.1 0.3]
502.685184,100,2233.625112,0.0794600881109063,False,False,[0.5 0.1 0.3]
475.199547,100,2233.843195,0.08330696342372702,False,False,[0.5 0.1 0.3]
526.954041,100,2234.084007,0.09039469766284336,False,False,[0.5 0.1 0.3]
604.165504,100,2234.304458,0.06407783741495594,False,False,[0.5 0.1 0.3]
520.277478,100,2234.524682,0.18790450258560298,False,False,[0.5 0.1 0.3]
555.437981,100,2234.779851,0.0854121849101363,False,False,[0.5 0.1 0.3]
462.454546,100,2235.472982,0.10979279275890855,False,False,[0.5 0.1 0.3]
571.892598,100,2235.69563,0.0590007962440145,False,False,[0.5 0.1 0.3]
537.941665,100,2235.917669,0.16691223912589048,False,False,[0.5 0.1 0.3]
522.296557,100,2236.144401,0.13586198316531758,False,False,[0.5 0.1 0.3]
744.5872,100,2236.400977,0.08028807831853478,False,False,[0.5 0.1 0.3]
523.728341,100,2236.622279,0.09722717985702992,False,False,[0.5 0.1 0.3]
515.133101,100,2236.842395,0.15348719149635373,False,False,[0.5 0.1 0.3]
300.950144,82,2237.054882,0.25949928096915614,True,False,[0.5 0.1 0.3]
573.067241,100,2237.266328,0.09398367682226856,False,False,[0.5 0.1 0.3]
486.913068,100,2237.516588,0.24339492647433458,False,False,[0.5 0.1 0.3]
434.908845,100,2237.74008,0.18001308990891063,False,False,[0.5 0.1 0.3]
537.885927,100,2237.965076,0.15906237384012534,False,False,[0.5 0.1 0.3]
544.872812,100,2238.188006,0.19712782840099685,False,False,[0.5 0.1 0.3]
511.881505,100,2238.422549,0.0578592185932268,False,False,[0.5 0.1 0.3]
549.14682,100,2238.638716,0.08480176051376498,False,False,[0.5 0.1 0.3]
369.542074,100,2238.887653,0.2326446665493042,False,False,[0.5 0.1 0.3]
549.860541,100,2239.107375,0.10298596757709104,False,False,[0.5 0.1 0.3]
297.044839,69,2239.29841,0.3420488742234856,True,False,[0.5 0.1 0.3]
535.656356,100,2239.519663,0.1428722270041638,False,False,[0.5 0.1 0.3]
517.208051,100,2239.737346,0.04292040832051652,False,False,[0.5 0.1 0.3]
608.804381,100,2239.990535,0.09102429901693271,False,False,[0.5 0.1 0.3]
555.876802,100,2240.682671,0.13482879898301897,False,False,[0.5 0.1 0.3]
489.351955,100,2240.915701,0.17600688590036245,False,False,[0.5 0.1 0.3]
544.940105,100,2241.231105,0.15000048981325045,False,False,[0.5 0.1 0.3]
538.18794,100,2241.449614,0.06300234900502107,False,False,[0.5 0.1 0.3]
571.426021,100,2241.703875,0.04975370460635425,False,False,[0.5 0.1 0.3]
447.531952,100,2241.921785,0.15996089784157325,False,False,[0.5 0.1 0.3]
426.735606,100,2242.151871,0.19002314298434683,False,False,[0.5 0.1 0.3]
511.091435,100,2242.371937,0.06962436825481763,False,False,[0.5 0.1 0.3]
538.894197,100,2242.593322,0.14655257890928067,False,False,[0.5 0.1 0.3]
570.239105,100,2242.853527,0.13024543295886173,False,False,[0.5 0.1 0.3]
549.897239,100,2243.172362,0.15092854374170211,False,False,[0.5 0.1 0.3]
554.576939,100,2243.391818,0.10685202039189765,False,False,[0.5 0.1 0.3]
579.901527,100,2243.622077,0.11609316484343747,False,False,[0.5 0.1 0.3]
579.612089,100,2243.839329,0.030096635983447157,False,False,[0.5 0.1 0.3]
550.496858,100,2244.060689,0.06556589561471443,False,False,[0.5 0.1 0.3]
451.680406,100,2244.277434,0.14754654877088916,False,False,[0.5 0.1 0.3]
626.580492,100,2244.528543,0.025180367562905686,False,False,[0.5 0.1 0.3]
541.990746,100,2244.745155,0.13409954367412547,False,False,[0.5 0.1 0.3]
487.3899,100,2244.968187,0.12980983252677386,False,False,[0.5 0.1 0.3]
523.420326,100,2245.19611,0.05099801191398801,False,False,[0.5 0.1 0.3]
571.687763,100,2245.881166,0.15807284138934713,False,False,[0.5 0.1 0.3]
534.295427,100,2246.150434,0.12603523812695006,False,False,[0.5 0.1 0.3]
530.928852,100,2246.373771,0.12038386566350874,False,False,[0.5 0.1 0.3]
644.26147,100,2246.596721,0.04935400713294066,False,False,[0.5 0.1 0.3]
457.075723,100,2246.819121,0.0847588344585703,False,False,[0.5 0.1 0.3]
539.095147,100,2247.038487,0.15560305762286553,False,False,[0.5 0.1 0.3]
377.636353,100,2247.263631,0.24414068327290495,False,False,[0.5 0.1 0.3]
549.624634,100,2247.515696,0.09996590406296753,False,False,[0.5 0.1 0.3]
370.677837,100,2247.728813,0.17844635153297136,False,False,[0.5 0.1 0.3]
474.688996,100,2247.954921,0.12619123869480714,False,False,[0.5 0.1 0.3]
559.927112,100,2248.192849,0.07481817152334967,False,False,[0.5 0.1 0.3]
400.712378,100,2248.413668,0.13343436967968828,False,False,[0.5 0.1 0.3]
544.04392,100,2248.634375,0.09721047878835468,False,False,[0.5 0.1 0.3]
476.749715,100,2248.875207,0.2262063636749282,False,False,[0.5 0.1 0.3]
547.733094,100,2249.094466,0.09664352251632348,False,False,[0.5 0.1 0.3]
420.548716,100,2249.329097,0.16179732158975996,False,False,[0.5 0.1 0.3]
448.265993,100,2249.560587,0.1274865775563924,False,False,[0.5 0.1 0.3]
539.380054,100,2249.782057,0.07091017530803377,False,False,[0.5 0.1 0.3]
557.281567,100,2250.034527,0.0673695510642183,False,False,[0.5 0.1 0.3]
449.543335,100,2250.257919,0.13085960634934052,False,False,[0.5 0.1 0.3]
544.804672,100,2250.480276,0.06995219918629444,False,False,[0.5 0.1 0.3]
508.74279,100,2251.148551,0.1490350668817912,False,False,[0.5 0.1 0.3]
524.326202,100,2251.371787,0.1610330003478215,False,False,[0.5 0.1 0.3]
460.960914,100,2251.711128,0.1424890481765205,False,False,[0.5 0.1 0.3]
370.462459,100,2251.932219,0.22199362929872682,False,False,[0.5 0.1 0.3]
553.747808,100,2252.155574,0.12436663450756998,False,False,[0.5 0.1 0.3]
501.014272,100,2252.379279,0.15587533695696845,False,False,[0.5 0.1 0.3]
518.456242,100,2252.613143,0.099118580874416,False,False,[0.5 0.1 0.3]
599.546482,100,2252.83446,0.048687177267167835,False,False,[0.5 0.1 0.3]
464.168568,100,2253.051815,0.1209341086001683,False,False,[0.5 0.1 0.3]
589.215088,100,2253.275231,0.04854612596251174,False,False,[0.5 0.1 0.3]
542.720528,100,2253.501197,0.05607847584282938,False,False,[0.5 0.1 0.3]
594.892981,100,2253.722424,0.06937152208926362,False,False,[0.5 0.1 0.3]
576.077716,100,2253.946673,0.05707745675847524,False,False,[0.5 0.1 0.3]
360.869764,100,2254.202107,0.11504171759935101,False,False,[0.5 0.1 0.3]
542.081936,100,2254.418756,0.10086382643296198,False,False,[0.5 0.1 0.3]
476.726456,100,2254.647857,0.1579493993322597,False,False,[0.5 0.1 0.3]
509.773375,100,2254.872013,0.10148228449821675,False,False,[0.5 0.1 0.3]
790.062485,100,2255.095948,0.060334875152642506,False,False,[0.5 0.1 0.3]
482.981137,100,2255.342962,0.13286082884172576,False,False,[0.5 0.1 0.3]
179.088919,65,2255.532901,0.23584566049702005,True,False,[0.5 0.1 0.3]
447.60477,100,2255.754566,0.1454812410446537,False,False,[0.5 0.1 0.3]
655.051819,100,2256.44015,0.05824786665843326,False,False,[0.5 0.1 0.3]
553.022219,100,2256.668867,0.14583235374338063,False,False,[0.5 0.1 0.3]
552.181373,100,2256.921458,0.10582779822991369,False,False,[0.5 0.1 0.3]
595.382236,100,2257.146322,0.1248456411408233,False,False,[0.5 0.1 0.3]
610.031813,100,2257.359162,0.07025912539585082,False,False,[0.5 0.1 0.3]
512.838667,100,2257.57307,0.09450452046539116,False,False,[0.5 0.1 0.3]
511.566579,100,2257.795554,0.15278970819361093,False,False,[0.5 0.1 0.3]
453.045337,100,2258.013444,0.11270680360464591,False,False,[0.5 0.1 0.3]
628.581411,100,2258.235642,0.053007545489748925,False,False,[0.5 0.1 0.3]
545.815567,100,2258.491924,0.11377918003099999,False,False,[0.5 0.1 0.3]
525.516177,100,2258.723663,0.0778136561085396,False,False,[0.5 0.1 0.3]
544.687651,100,2258.944061,0.13607970497728689,False,False,[0.5 0.1 0.3]
481.429796,100,2259.166857,0.04820363523419684,False,False,[0.5 0.1 0.3]
530.39335,100,2259.38833,0.06905599551213451,False,False,[0.5 0.1 0.3]
559.770994,100,2259.647305,0.07977006499461911,False,False,[0.5 0.1 0.3]
505.234667,100,2259.865997,0.05593585122409508,False,False,[0.5 0.1 0.3]
562.855186,100,2260.094319,0.1036888541385587,False,False,[0.5 0.1 0.3]
432.299349,100,2260.308667,0.1589360498859454,False,False,[0.5 0.1 0.3]
579.566984,100,2260.521661,0.04736455476763609,False,False,[0.5 0.1 0.3]
550.42221,100,2260.756796,0.08720356369752287,False,False,[0.5 0.1 0.3]
545.207826,100,2261.449188,0.13891608867250663,False,False,[0.5 0.1 0.3]
499.301525,100,2261.701339,0.10303279857920715,False,False,[0.5 0.1 0.3]
505.19809,100,2261.914335,0.13217629052048965,False,False,[0.5 0.1 0.3]
550.115519,100,2262.146562,0.08387532736965982,False,False,[0.5 0.1 0.3]
475.067538,100,2262.380237,0.1621119878836264,False,False,[0.5 0.1 0.3]
540.223053,100,2262.594533,0.09177950288881877,False,False,[0.5 0.1 0.3]
264.829195,92,2262.815689,0.27818901975073335,True,False,[0.5 0.1 0.3]
566.192928,100,2263.064139,0.12536602973747113,False,False,[0.5 0.1 0.3]
540.11576,100,2263.285181,0.13213675560727942,False,False,[0.5 0.1 0.3]
645.24321,100,2263.505125,0.05414846801577008,False,False,[0.5 0.1 0.3]
511.866701,100,2263.725433,0.10159549609902925,False,False,[0.5 0.1 0.3]
415.613255,100,2263.945308,0.15660579167800526,False,False,[0.5 0.1 0.3]
518.745455,100,2264.207279,0.09309984755537377,False,False,[0.5 0.1 0.3]
566.881855,100,2264.437262,0.02356760245849668,False,False,[0.5 0.1 0.3]
582.829087,100,2264.660721,0.03475940643091957,False,False,[0.5 0.1 0.3]
530.335151,100,2264.875996,0.14456989219723218,False,False,[0.5 0.1 0.3]
533.927287,100,2265.100772,0.04578501467548033,False,False,[0.5 0.1 0.3]
538.660327,100,2265.326155,0.12929746732299455,False,False,[0.5 0.1 0.3]
469.32447,100,2265.548706,0.08772967462234174,False,False,[0.5 0.1 0.3]
505.729976,100,2265.804762,0.11250665857462876,False,False,[0.5 0.1 0.3]
403.40604,100,2266.032505,0.1416782131128991,False,False,[0.5 0.1 0.3]
593.915321,100,2266.716704,0.05249731901775304,False,False,[0.5 0.1 0.3]
571.100376,100,2266.937847,0.05239938180421621,False,False,[0.5 0.1 0.3]
566.150794,100,2267.172364,0.08432332259292932,False,False,[0.5 0.1 0.3]
441.972255,100,2267.424368,0.1755753234241721,False,False,[0.5 0.1 0.3]
568.417726,100,2267.640966,0.0397795883195064,False,False,[0.5 0.1 0.3]
494.517649,100,2267.866441,0.1233971917934898,False,False,[0.5 0.1 0.3]
550.837917,100,2268.087962,0.08980656355628437,False,False,[0.5 0.1 0.3]
559.985463,100,2268.39017,0.09539564041264507,False,False,[0.5 0.1 0.3]
467.761086,100,2268.608447,0.1014991869831186,False,False,[0.5 0.1 0.3]
540.438989,100,2268.831421,0.019050502776545325,False,False,[0.5 0.1 0.3]
442.377544,100,2269.152896,0.149859371396636,False,False,[0.5 0.1 0.3]
519.35603,100,2269.373336,0.15114088484016283,False,False,[0.5 0.1 0.3]
551.365285,100,2269.607605,0.15886532252024813,False,False,[0.5 0.1 0.3]
518.523168,100,2269.830124,0.10569555745217375,False,False,[0.5 0.1 0.3]
537.552015,100,2270.05252,0.07426048295539606,False,False,[0.5 0.1 0.3]
493.365961,100,2270.277178,0.022790050173405203,False,False,[0.5 0.1 0.3]
502.898728,100,2270.506781,0.13141198384443442,False,False,[0.5 0.1 0.3]
513.683067,100,2270.728163,0.0672371763997474,False,False,[0.5 0.1 0.3]
456.108038,100,2270.980272,0.2341564636184901,False,False,[0.5 0.1 0.3]
541.463686,100,2271.209088,0.12395651226328182,False,False,[0.5 0.1 0.3]
465.80187,100,2271.896812,0.10453441208570335,False,False,[0.5 0.1 0.3]
594.044131,100,2272.118618,0.09953122055375214,False,False,[0.5 0.1 0.3]
492.079296,100,2272.337815,0.20326061979001353,False,False,[0.5 0.1 0.3]
102.292875,100,2272.567327,1.0223705162713972,False,False,[0.5 0.1 0.3]
473.910175,100,2272.818486,0.12310656277677073,False,False,[0.5 0.1 0.3]
472.121003,100,2273.032237,0.09114303137750608,False,False,[0.5 0.1 0.3]
539.563975,100,2273.251985,0.04546553564895735,False,False,[0.5 0.1 0.3]
446.186831,100,2273.469801,0.07798911790790602,False,False,[0.5 0.1 0.3]
564.172727,100,2273.692245,0.09579722847347612,False,False,[0.5 0.1 0.3]
488.436142,100,2273.92199,0.1030402064161961,False,False,[0.5 0.1 0.3]
819.729077,100,2274.151721,0.0580179905226541,False,False,[0.5 0.1 0.3]
492.955585,100,2274.370878,0.12508262774489606,False,False,[0.5 0.1 0.3]
503.480713,100,2274.623208,0.11232709500698934,False,False,[0.5 0.1 0.3]
511.495222,100,2274.847975,0.10817434518710531,False,False,[0.5 0.1 0.3]
603.199107,100,2275.06414,0.1266242594375263,False,False,[0.5 0.1 0.3]
493.638274,100,2275.281895,0.2419869644230452,False,False,[0.5 0.1 0.3]
579.944041,100,2275.507332,0.11847015291231988,False,False,[0.5 0.1 0.3]
442.014109,100,2275.760022,0.2219832417781849,False,False,[0.5 0.1 0.3]
559.203766,100,2275.985065,0.1439490812274709,False,False,[0.5 0.1 0.3]
495.661974,100,2276.200877,0.0814733253384599,False,False,[0.5 0.1 0.3]
533.34146,100,2276.423782,0.123965629436324,False,False,[0.5 0.1 0.3]
572.586597,100,2277.158328,0.05954708692508965,False,False,[0.5 0.1 0.3]
489.764146,100,2277.364208,0.050860796134205855,False,False,[0.5 0.1 0.3]
415.775069,100,2277.587095,0.22793697707836927,False,False,[0.5 0.1 0.3]
613.133007,100,2277.801986,0.034341048016438024,False,False,[0.5 0.1 0.3]
523.606509,100,2278.024497,0.032558325542360496,False,False,[0.5 0.1 0.3]
567.196853,100,2278.279522,0.09833150648684541,False,False,[0.5 0.1 0.3]
444.533572,100,2278.50701,0.11550376352816158,False,False,[0.5 0.1 0.3]
498.715104,100,2278.732003,0.19334536972186783,False,False,[0.5 0.1 0.3]
530.817374,100,2278.956627,0.09153474360339146,False,False,[0.5 0.1 0.3]
459.298513,100,2279.181786,0.06668042083525247,False,False,[0.5 0.1 0.3]
468.467106,100,2279.399429,0.14226567141483332,False,False,[0.5 0.1 0.3]
547.134831,100,2279.616076,0.14066605269681334,False,False,[0.5 0.1 0.3]
416.325518,100,2279.8409,0.21158819077339924,False,False,[0.5 0.1 0.3]
504.515946,100,2280.059965,0.05295078712189272,False,False,[0.5 0.1 0.3]
452.01047,100,2280.27813,0.23568206041088108,False,False,[0.5 0.1 0.3]
522.172855,100,2280.531079,0.10265253509169603,False,False,[0.5 0.1 0.3]
544.464554,100,2280.754822,0.16757873745976343,False,False,[0.5 0.1 0.3]
458.121165,100,2280.987498,0.03399753868357665,False,False,[0.5 0.1 0.3]
500.093668,100,2281.210087,0.21761836063565299,False,False,[0.5 0.1 0.3]
571.616931,100,2281.43297,0.0791226338612539,False,False,[0.5 0.1 0.3]
427.917881,100,2282.117252,0.15798614652390283,False,False,[0.5 0.1 0.3]
499.052873,100,2282.366629,0.1679743196859686,False,False,[0.5 0.1 0.3]
482.10463,100,2282.581098,0.22709836152308965,False,False,[0.5 0.1 0.3]
137.60194,100,2282.812868,0.9839291042000169,False,False,[0.5 0.1 0.3]
552.376739,100,2283.039472,0.06382981605865642,False,False,[0.5 0.1 0.3]
549.797384,100,2283.264874,0.20094145296944121,False,False,[0.5 0.1 0.3]
657.884361,100,2283.51508,0.05418727375449067,False,False,[0.5 0.1 0.3]
373.234923,100,2283.732575,0.17016502332124978,False,False,[0.5 0.1 0.3]
558.05887,100,2283.948016,0.07881941105932264,False,False,[0.5 0.1 0.3]
515.204162,100,2284.18103,0.02237574767848242,False,False,[0.5 0.1 0.3]
558.90949,100,2284.406625,0.10425478040040105,False,False,[0.5 0.1 0.3]
503.436534,100,2284.626947,0.16174550388936051,False,False,[0.5 0.1 0.3]
649.442945,100,2284.848924,0.04633933289745726,False,False,[0.5 0.1 0.3]
500.878137,100,2285.077675,0.2476672352343179,False,False,[0.5 0.1 0.3]
531.360751,100,2285.298303,0.10818521293835623,False,False,[0.5 0.1 0.3]
499.352992,100,2285.519962,0.11312928610652222,False,False,[0.5 0.1 0.3]
485.253184,100,2285.737648,0.26259223766393675,False,False,[0.5 0.1 0.3]
475.905484,100,2285.957712,0.1678023108983289,False,False,[0.5 0.1 0.3]
528.783828,100,2286.179084,0.050331739561762755,False,False,[0.5 0.1 0.3]
415.465916,100,2286.410838,0.20598158340808212,False,False,[0.5 0.1 0.3]
563.466253,100,2286.631434,0.1634388225695819,False,False,[0.5 0.1 0.3]
513.372113,100,2287.319751,0.106065145755918,False,False,[0.5 0.1 0.3]
618.36805,100,2287.540933,0.03960289452114719,False,False,[0.5 0.1 0.3]
530.644067,100,2287.751175,0.11445190612709027,False,False,[0.5 0.1 0.3]
610.029183,100,2287.969698,0.0546083453165172,False,False,[0.5 0.1 0.3]
538.252161,100,2288.206208,0.08001124672565439,False,False,[0.5 0.1 0.3]
542.376348,100,2288.463289,0.1505806678479574,False,False,[0.5 0.1 0.3]
584.079029,100,2288.68338,0.09149086692932144,False,False,[0.5 0.1 0.3]
490.475282,100,2288.905217,0.0792189248278332,False,False,[0.5 0.1 0.3]
548.151521,100,2289.13048,0.084814862538396,False,False,[0.5 0.1 0.3]
517.310827,100,2289.353997,0.08099815107667166,False,False,[0.5 0.1 0.3]
495.208714,100,2289.61002,0.2045482928011362,False,False,[0.5 0.1 0.3]
542.993969,100,2289.830137,0.0839921951084877,False,False,[0.5 0.1 0.3]
444.949595,100,2290.060507,0.1655407702391489,False,False,[0.5 0.1 0.3]
474.477257,100,2290.289619,0.1735048724393139,False,False,[0.5 0.1 0.3]
567.039604,100,2290.510234,0.09946993120004152,False,False,[0.5 0.1 0.3]
570.797973,100,2290.763362,0.13135328675248972,False,False,[0.5 0.1 0.3]
570.059227,100,2290.980877,0.11647357131606119,False,False,[0.5 0.1 0.3]
432.947369,100,2291.206795,0.2465394653069053,False,False,[0.5 0.1 0.3]
559.108655,100,2291.438417,0.13976561754128036,False,False,[0.5 0.1 0.3]
520.735327,100,2291.651802,0.22431920745768735,False,False,[0.5 0.1 0.3]
418.442293,100,2292.371946,0.20100510090724516,False,False,[0.5 0.1 0.3]
540.781373,100,2292.591595,0.1516461251851772,False,False,[0.5 0.1 0.3]
557.883911,100,2292.833153,0.2277758916736902,False,False,[0.5 0.1 0.3]
476.93143,100,2293.053685,0.0682311103846094,False,False,[0.5 0.1 0.3]
545.805466,100,2293.268895,0.05807049922714771,False,False,[0.5 0.1 0.3]
446.244364,100,2293.489915,0.25831299404160274,False,False,[0.5 0.1 0.3]
547.150028,100,2293.717,0.04412295084199423,False,False,[0.5 0.1 0.3]
448.055543,100,2293.930531,0.11851064938054251,False,False,[0.5 0.1 0.3]
547.855169,100,2294.159745,0.08206842764019262,False,False,[0.5 0.1 0.3]
522.653514,100,2294.378676,0.060461493139124745,False,False,[0.5 0.1 0.3]
570.996563,100,2294.591338,0.07244669613134742,False,False,[0.5 0.1 0.3]
575.267669,100,2294.810397,0.05185821157386852,False,False,[0.5 0.1 0.3]
501.111828,100,2295.034661,0.10540544381916049,False,False,[0.5 0.1 0.3]
446.678641,100,2295.291002,0.10808031957426682,False,False,[0.5 0.1 0.3]
569.76324,100,2295.509435,0.023822244201645842,False,False,[0.5 0.1 0.3]
579.223414,100,2295.72955,0.10681453270574688,False,False,[0.5 0.1 0.3]
533.164757,100,2295.951709,0.16127995684505247,False,False,[0.5 0.1 0.3]
628.070302,100,2296.174778,0.14730815126187738,False,False,[0.5 0.1 0.3]
538.386326,100,2296.441359,0.1678975287215745,False,False,[0.5 0.1 0.3]
596.093154,100,2296.660836,0.08629704484245074,False,False,[0.5 0.1 0.3]
496.424738,100,2296.889209,0.14032285492026186,False,False,[0.5 0.1 0.3]
596.132038,100,2297.570609,0.09119081328928769,False,False,[0.5 0.1 0.3]
565.383792,100,2297.78501,0.08535003735139025,False,False,[0.5 0.1 0.3]
502.831086,100,2298.038113,0.12237550577923824,False,False,[0.5 0.1 0.3]
480.942845,100,2298.263547,0.13002482926691847,False,False,[0.5 0.1 0.3]
340.276547,94,2298.486042,0.29529810560618447,True,False,[0.5 0.1 0.3]
72.196263,31,2298.631766,0.3536688218176384,True,False,[0.5 0.1 0.3]
595.794551,100,2298.847468,0.09311323410866101,False,False,[0.5 0.1 0.3]
483.314764,100,2299.062594,0.19716257774752186,False,False,[0.5 0.1 0.3]
544.388949,100,2299.283935,0.17550307291839137,False,False,[0.5 0.1 0.3]
387.299797,100,2299.544971,0.28274012131357945,False,False,[0.5 0.1 0.3]
597.393193,100,2299.764638,0.08411972341195892,False,False,[0.5 0.1 0.3]
549.975811,100,2299.982238,0.08800521674758649,False,False,[0.5 0.1 0.3]
462.862049,100,2300.197395,0.17975720508407153,False,False,[0.5 0.1 0.3]
635.05438,100,2300.417737,0.05539923317627635,False,False,[0.5 0.1 0.3]
413.694681,100,2300.634634,0.17414185080624617,False,False,[0.5 0.1 0.3]
558.141273,100,2300.849182,0.02805632218598671,False,False,[0.5 0.1 0.3]
485.04682,100,2301.073917,0.13347310735726892,False,False,[0.5 0.1 0.3]
594.091381,100,2301.299927,0.043806358206063746,False,False,[0.5 0.1 0.3]
531.981342,100,2301.560384,0.08697012790970625,False,False,[0.5 0.1 0.3]
482.991631,100,2301.782919,0.12216950258941162,False,False,[0.5 0.1 0.3]
258.040455,83,2301.992189,0.23327607585809992,True,False,[0.5 0.1 0.3]
477.343234,100,2302.672672,0.14676721732672582,False,False,[0.5 0.1 0.3]
540.274235,100,2302.889668,0.12491312154504021,False,False,[0.5 0.1 0.3]
523.845033,100,2303.137437,0.06827986252461815,False,False,[0.5 0.1 0.3]
501.847282,100,2303.360202,0.10960892510737377,False,False,[0.5 0.1 0.3]
428.60837,100,2303.58601,0.18278419595205403,False,False,[0.5 0.1 0.3]
529.228587,100,2303.808608,0.12332810210279005,False,False,[0.5 0.1 0.3]
398.679632,100,2304.032759,0.2232781230001085,False,False,[0.5 0.1 0.3]
517.923135,100,2304.25557,0.14337187058900583,False,False,[0.5 0.1 0.3]
433.702984,100,2304.471608,0.13707465754379325,False,False,[0.5 0.1 0.3]
437.356354,100,2304.6965,0.15766182649402768,False,False,[0.5 0.1 0.3]
512.29444,100,2304.953905,0.13953619818621502,False,False,[0.5 0.1 0.3]
551.571688,100,2305.17003,0.08109571119486758,False,False,[0.5 0.1 0.3]
475.828483,100,2305.387745,0.14226915533622778,False,False,[0.5 0.1 0.3]
541.313141,100,2305.6004,0.06699903742589634,False,False,[0.5 0.1 0.3]
487.375856,100,2305.818289,0.1735170954785202,False,False,[0.5 0.1 0.3]
555.257773,100,2306.073696,0.07695848790180869,False,False,[0.5 0.1 0.3]
394.187406,100,2306.310272,0.23780895664905105,False,False,[0.5 0.1 0.3]
501.201589,100,2306.53119,0.07936135422826437,False,False,[0.5 0.1 0.3]
549.171018,100,2306.746527,0.07831520747741735,False,False,[0.5 0.1 0.3]
470.77323,100,2306.962056,0.12472125268203726,False,False,[0.5 0.1 0.3]
366.807877,99,2307.1953,0.265226509255694,True,False,[0.5 0.1 0.3]
432.122849,100,2307.876163,0.20453047794218027,False,False,[0.5 0.1 0.3]
781.303143,100,2308.137245,0.07637882296444772,False,False,[0.5 0.1 0.3]
533.202264,100,2308.35357,0.07704970751294567,False,False,[0.5 0.1 0.3]
552.045651,100,2308.57355,0.0409856387035254,False,False,[0.5 0.1 0.3]
600.317964,100,2308.786361,0.029446260443944362,False,False,[0.5 0.1 0.3]
509.761093,100,2309.007284,0.08416165272025003,False,False,[0.5 0.1 0.3]
568.982206,100,2309.238709,0.046064487828945434,False,False,[0.5 0.1 0.3]
514.143416,100,2309.489653,0.06309071560373622,False,False,[0.5 0.1 0.3]
512.108995,100,2309.709252,0.10171832180207484,False,False,[0.5 0.1 0.3]
520.509084,100,2310.008118,0.20718541759002912,False,False,[0.5 0.1 0.3]
130.127474,100,2310.228334,1.034453965700999,False,False,[0.5 0.1 0.3]
524.445901,100,2310.450441,0.0627083254378574,False,False,[0.5 0.1 0.3]
529.674899,100,2310.668751,0.125737565775584,False,False,[0.5 0.1 0.3]
556.737801,100,2310.884669,0.05773660948967046,False,False,[0.5 0.1 0.3]
515.630292,100,2311.14179,0.09922326503639711,False,False,[0.5 0.1 0.3]
580.783492,100,2311.37705,0.0767096570758375,False,False,[0.5 0.1 0.3]
566.874016,100,2311.596212,0.06644645738028687,False,False,[0.5 0.1 0.3]
520.729708,100,2311.818868,0.1145059576296554,False,False,[0.5 0.1 0.3]
521.096742,100,2312.046716,0.10955730004071579,False,False,[0.5 0.1 0.3]
432.963229,100,2312.266485,0.2459274855963243,False,False,[0.5 0.1 0.3]
528.621544,100,2312.94414,0.07035544555631745,False,False,[0.5 0.1 0.3]
504.888044,100,2313.170439,0.09660401602448926,False,False,[0.5 0.1 0.3]
554.440671,100,2313.391704,0.08233761415277978,False,False,[0.5 0.1 0.3]
524.057031,100,2313.647648,0.14027472436355048,False,False,[0.5 0.1 0.3]
543.242741,100,2313.874284,0.053528577611794054,False,False,[0.5 0.1 0.3]
536.340914,100,2314.101599,0.1537497283581677,False,False,[0.5 0.1 0.3]
522.977946,100,2314.32815,0.06849924599610534,False,False,[0.5 0.1 0.3]
498.295141,100,2314.542865,0.2159206368961725,False,False,[0.5 0.1 0.3]
541.818968,100,2314.788752,0.09594596869358997,False,False,[0.5 0.1 0.3]
498.74361,100,2315.013611,0.10958807366801647,False,False,[0.5 0.1 0.3]
548.840751,100,2315.253734,0.1751289443046966,False,False,[0.5 0.1 0.3]
407.298734,100,2315.480317,0.17210821544866567,False,False,[0.5 0.1 0.3]
510.692381,100,2315.713711,0.11626989408767736,False,False,[0.5 0.1 0.3]
526.672407,100,2315.933927,0.12113878608438006,False,False,[0.5 0.1 0.3]
583.31689,100,2316.160492,0.0913982087970854,False,False,[0.5 0.1 0.3]
519.489338,100,2316.418588,0.11862696075353418,False,False,[0.5 0.1 0.3]
519.560696,100,2316.63716,0.11868674810431826,False,False,[0.5 0.1 0.3]
519.403649,100,2316.860676,0.1196389449644169,False,False,[0.5 0.1 0.3]
515.508383,100,2317.089752,0.13576136742268957,False,False,[0.5 0.1 0.3]
586.816716,100,2317.310704,0.04663771712516399,False,False,[0.5 0.1 0.3]
596.237043,100,2317.536606,0.11297242326735343,False,False,[0.5 0.1 0.3]
525.766977,100,2318.211336,0.12380462987607903,False,False,[0.5 0.1 0.3]
815.09993,100,2318.432429,0.043557533961931474,False,False,[0.5 0.1 0.3]
451.914341,100,2318.674408,0.122617058813946,False,False,[0.5 0.1 0.3]
498.567747,100,2318.893909,0.14229143723171764,False,False,[0.5 0.1 0.3]
512.168666,100,2319.128617,0.1299223850722202,False,False,[0.5 0.1 0.3]
535.501677,100,2319.353648,0.1761378951343451,False,False,[0.5 0.1 0.3]
472.058061,100,2319.581948,0.09531097750566932,False,False,[0.5 0.1 0.3]
569.055676,100,2319.807543,0.04724279217526796,False,False,[0.5 0.1 0.3]
528.157624,100,2320.028897,0.1474692928173026,False,False,[0.5 0.1 0.3]
597.531658,100,2320.351034,0.11568882973851233,False,False,[0.5 0.1 0.3]
538.13767,100,2320.575738,0.1887561334841864,False,False,[0.5 0.1 0.3]
561.917372,100,2320.794871,0.09535326290792374,False,False,[0.5 0.1 0.3]
483.583844,100,2321.013074,0.07399338291551877,False,False,[0.5 0.1 0.3]
772.923783,100,2321.236612,0.08906231811253348,False,False,[0.5 0.1 0.3]
496.446201,100,2321.503892,0.21667485221867802,False,False,[0.5 0.1 0.3]
559.488298,100,2321.735034,0.048379580225728844,False,False,[0.5 0.1 0.3]
546.785456,100,2321.95004,0.06688040598310104,False,False,[0.5 0.1 0.3]
494.894687,100,2322.184067,0.10762979539550445,False,False,[0.5 0.1 0.3]
604.976983,100,2322.402922,0.06439813417719278,False,False,[0.5 0.1 0.3]
522.721656,100,2322.657661,0.14299405913000265,False,False,[0.5 0.1 0.3]
509.579644,100,2323.332565,0.05515587165107953,False,False,[0.5 0.1 0.3]
491.562281,100,2323.558947,0.16538303173102312,False,False,[0.5 0.1 0.3]
509.177706,100,2323.778295,0.11703989062158628,False,False,[0.5 0.1 0.3]
660.999567,100,2324.001277,0.044387588107889696,False,False,[0.5 0.1 0.3]
535.272854,100,2324.228518,0.10589178879825241,False,False,[0.5 0.1 0.3]
603.546871,100,2324.454889,0.060494972145777724,False,False,[0.5 0.1 0.3]
532.644144,100,2324.678092,0.10058935348215901,False,False,[0.5 0.1 0.3]
545.287633,100,2324.904931,0.016319854022946667,False,False,[0.5 0.1 0.3]
454.657376,100,2325.12022,0.09648757907819187,False,False,[0.5 0.1 0.3]
521.022626,100,2325.351241,0.13188414636418108,False,False,[0.5 0.1 0.3]
474.43183,100,2325.573439,0.18614943890471428,False,False,[0.5 0.1 0.3]
569.422833,100,2325.819273,0.09997816151299402,False,False,[0.5 0.1 0.3]
493.736977,100,2326.05279,0.19153113402108582,False,False,[0.5 0.1 0.3]
532.339567,100,2326.269489,0.10566351189236561,False,False,[0.5 0.1 0.3]
572.93888,100,2326.484509,0.04753251623367961,False,False,[0.5 0.1 0.3]
510.998658,100,2326.701204,0.10721049176087176,False,False,[0.5 0.1 0.3]
513.943866,100,2326.917748,0.15010857019344848,False,False,[0.5 0.1 0.3]
551.433846,100,2327.177936,0.02139186211329823,False,False,[0.5 0.1 0.3]
579.999904,100,2327.398855,0.07631487962376202,False,False,[0.5 0.1 0.3]
429.011525,100,2327.622998,0.18876891228869186,False,False,[0.5 0.1 0.3]
641.561568,100,2327.83814,0.026888637860221314,False,False,[0.5 0.1 0.3]
537.553469,100,2328.512169,0.052951738801340624,False,False,[0.5 0.1 0.3]
599.153277,100,2328.739354,0.0889349872674318,False,False,[0.5 0.1 0.3]
506.80453,100,2328.959376,0.14274904321568305,False,False,[0.5 0.1 0.3]
589.22481,100,2329.18305,0.13247823659594177,False,False,[0.5 0.1 0.3]
474.857445,100,2329.407963,0.16776729123240433,False,False,[0.5 0.1 0.3]
544.015009,100,2329.637066,0.0713678778252472,False,False,[0.5 0.1 0.3]
589.728894,100,2329.892087,0.09228861356813696,False,False,[0.5 0.1 0.3]
479.980991,100,2330.111751,0.08734611146860684,False,False,[0.5 0.1 0.3]
550.017413,100,2330.338749,0.08728526051616711,False,False,[0.5 0.1 0.3]
564.852033,100,2330.559434,0.12126516557047987,False,False,[0.5 0.1 0.3]
468.079065,100,2330.773916,0.17877317539776652,False,False,[0.5 0.1 0.3]
466.916334,100,2330.994776,0.10690421073639265,False,False,[0.5 0.1 0.3]
507.983451,100,2331.218939,0.1208053562314702,False,False,[0.5 0.1 0.3]
487.864021,100,2331.451079,0.1433323152511218,False,False,[0.5 0.1 0.3]
542.025269,100,2331.698916,0.06615083545762586,False,False,[0.5 0.1 0.3]
549.514948,100,2331.911596,0.09079834008375996,False,False,[0.5 0.1 0.3]
576.598926,100,2332.136902,0.06458901507456478,False,False,[0.5 0.1 0.3]
463.845196,100,2332.369757,0.14883134778413565,False,False,[0.5 0.1 0.3]
482.030145,100,2332.592393,0.1662316156450572,False,False,[0.5 0.1 0.3]
533.820448,100,2332.809199,0.1232521005697743,False,False,[0.5 0.1 0.3]
566.413828,100,2333.519709,0.08026737390302362,False,False,[0.5 0.1 0.3]
531.306688,100,2333.74767,0.1142748151573311,False,False,[0.5 0.1 0.3]
461.401327,100,2334.006539,0.07562525018551132,False,False,[0.5 0.1 0.3]
553.964806,100,2334.227842,0.03844046517552595,False,False,[0.5 0.1 0.3]
431.652412,100,2334.453154,0.21842935049804849,False,False,[0.5 0.1 0.3]
436.162954,100,2334.67543,0.22333388966361387,False,False,[0.5 0.1 0.3]
481.238603,100,2334.885487,0.09826772259228796,False,False,[0.5 0.1 0.3]
456.356278,100,2335.110115,0.13145292462532784,False,False,[0.5 0.1 0.3]
580.01432,100,2335.330958,0.0683716720345874,False,False,[0.5 0.1 0.3]
558.695109,100,2335.555049,0.10578228529359582,False,False,[0.5 0.1 0.3]
575.737613,100,2335.810966,0.03518942490734194,False,False,[0.5 0.1 0.3]
474.092609,100,2336.039901,0.12306192306362886,False,False,[0.5 0.1 0.3]
582.798884,100,2336.263209,0.05379199665194414,False,False,[0.5 0.1 0.3]
447.472381,100,2336.484352,0.2612937568197281,False,False,[0.5 0.1 0.3]
582.638628,100,2336.707467,0.08082551591267295,False,False,[0.5 0.1 0.3]
578.085532,100,2336.924747,0.08420631557211278,False,False,[0.5 0.1 0.3]
547.416225,100,2337.153351,0.10744775979841119,False,False,[0.5 0.1 0.3]
457.813593,100,2337.372695,0.15676076424702198,False,False,[0.5 0.1 0.3]
563.804059,100,2337.628633,0.05321855626160809,False,False,[0.5 0.1 0.3]
520.091906,100,2337.85144,0.07539575295444956,False,False,[0.5 0.1 0.3]
574.658196,100,2338.539038,0.07043111880067962,False,False,[0.5 0.1 0.3]
478.705217,100,2338.753275,0.1482396623173737,False,False,[0.5 0.1 0.3]
554.75965,100,2338.978363,0.07239359658758851,False,False,[0.5 0.1 0.3]
481.999174,100,2339.218434,0.1766006070113839,False,False,[0.5 0.1 0.3]
581.122022,100,2339.443963,0.062433909889113466,False,False,[0.5 0.1 0.3]
551.760282,100,2339.665085,0.12060136475122565,False,False,[0.5 0.1 0.3]
559.415613,100,2339.884156,0.058175416902917144,False,False,[0.5 0.1 0.3]
606.246633,100,2340.118626,0.12956601719136043,False,False,[0.5 0.1 0.3]
548.847618,100,2340.339491,0.1684525834206598,False,False,[0.5 0.1 0.3]
518.037427,100,2340.559351,0.09589591124395014,False,False,[0.5 0.1 0.3]
541.729549,100,2340.783442,0.12892244377495124,False,False,[0.5 0.1 0.3]
601.217658,100,2340.999483,0.0900010168342321,False,False,[0.5 0.1 0.3]
542.62873,100,2341.222383,0.0773214586898263,False,False,[0.5 0.1 0.3]
545.910923,100,2341.438746,0.06160117574850633,False,False,[0.5 0.1 0.3]
612.278212,100,2341.664986,0.08107751434614062,False,False,[0.5 0.1 0.3]
515.156308,100,2341.892063,0.15524350545017382,False,False,[0.5 0.1 0.3]
555.549768,100,2342.115812,0.12111957425847514,False,False,[0.5 0.1 0.3]
493.941371,100,2342.334524,0.13798412034614466,False,False,[0.5 0.1 0.3]
579.727353,100,2342.586621,0.0476344130277638,False,False,[0.5 0.1 0.3]
440.972296,100,2342.817575,0.17584048868936983,False,False,[0.5 0.1 0.3]
612.839057,100,2343.045564,0.06685925652509513,False,False,[0.5 0.1 0.3]
37.468171,26,2343.188115,0.22873085330534287,True,False,[0.5 0.1 0.3]
482.853558,100,2343.902568,0.12057997741499962,False,False,[0.5 0.1 0.3]
435.468733,100,2344.116314,0.1407305460310509,False,False,[0.5 0.1 0.3]
517.598221,100,2344.340078,0.11023057805342261,False,False,[0.5 0.1 0.3]
467.50795,100,2344.56363,0.1787668222909805,False,False,[0.5 0.1 0.3]
612.23953,100,2344.779645,0.05908831950366892,False,False,[0.5 0.1 0.3]
434.465457,100,2345.028585,0.22357848611519784,False,False,[0.5 0.1 0.3]
542.968096,100,2345.245347,0.11946854262245836,False,False,[0.5 0.1 0.3]
371.532456,100,2345.467401,0.24199133265717426,False,False,[0.5 0.1 0.3]
589.610669,100,2345.695269,0.06853972986226586,False,False,[0.5 0.1 0.3]
252.607697,86,2345.978141,0.2604624200211826,True,False,[0.5 0.1 0.3]
505.95111,100,2346.231155,0.11888603307177477,False,False,[0.5 0.1 0.3]
494.504326,100,2346.449827,0.21173110273804452,False,False,[0.5 0.1 0.3]
523.832875,100,2346.665509,0.10335577184549324,False,False,[0.5 0.1 0.3]
481.760095,100,2346.883911,0.17569467574105052,False,False,[0.5 0.1 0.3]
471.148935,100,2347.143269,0.1205873178658072,False,False,[0.5 0.1 0.3]
416.40164,100,2347.363224,0.21714191267244728,False,False,[0.5 0.1 0.3]
526.53434,100,2347.576237,0.03541632237615575,False,False,[0.5 0.1 0.3]
620.645718,100,2347.790786,0.054377914373638286,False,False,[0.5 0.1 0.3]
513.740327,100,2348.016445,0.06159706401767201,False,False,[0.5 0.1 0.3]
519.167091,100,2348.238313,0.07858121044058138,False,False,[0.5 0.1 0.3]
535.218348,100,2348.914369,0.13140478896567048,False,False,[0.5 0.1 0.3]
324.85659,90,2349.13032,0.22538635156223036,True,False,[0.5 0.1 0.3]
521.585182,100,2349.347521,0.09141919219723915,False,False,[0.5 0.1 0.3]
607.03335,100,2349.597644,0.09026952117373294,False,False,[0.5 0.1 0.3]
477.835084,100,2349.815577,0.17465153053930677,False,False,[0.5 0.1 0.3]
558.99676,100,2350.036669,0.06608958783050634,False,False,[0.5 0.1 0.3]
373.546933,97,2350.253893,0.24406382156587839,True,False,[0.5 0.1 0.3]
484.367258,100,2350.479475,0.14231357008830955,False,False,[0.5 0.1 0.3]
483.888626,100,2350.734158,0.08608576520762146,False,False,[0.5 0.1 0.3]
532.644506,100,2350.958229,0.1030635345400393,False,False,[0.5 0.1 0.3]
546.515751,100,2351.180321,0.10027685943605588,False,False,[0.5 0.1 0.3]
320.258842,91,2351.392849,0.22177363755191426,True,False,[0.5 0.1 0.3]
509.099076,100,2351.615962,0.06158870041755532,False,False,[0.5 0.1 0.3]
448.110208,100,2351.838436,0.20110632393138891,False,False,[0.5 0.1 0.3]
542.311171,100,2352.062012,0.10734534651410324,False,False,[0.5 0.1 0.3]
453.922918,100,2352.286572,0.20502967531455218,False,False,[0.5 0.1 0.3]
538.678167,100,2352.506332,0.018022440152500083,False,False,[0.5 0.1 0.3]
575.217627,100,2352.719993,0.08408116865313606,False,False,[0.5 0.1 0.3]
458.857762,100,2352.98364,0.21726382842375971,False,False,[0.5 0.1 0.3]
606.537244,100,2353.194752,0.04099816319443667,False,False,[0.5 0.1 0.3]
542.553864,100,2353.415328,0.15109403018016374,False,False,[0.5 0.1 0.3]
472.467461,100,2354.108963,0.09172214236520417,False,False,[0.5 0.1 0.3]
645.296145,100,2354.327779,0.08086286797986346,False,False,[0.5 0.1 0.3]
549.752252,100,2354.544077,0.12875452221680178,False,False,[0.5 0.1 0.3]
530.449932,100,2354.800591,0.13506069124103484,False,False,[0.5 0.1 0.3]
472.00676,100,2355.023125,0.1782616612389857,False,False,[0.5 0.1 0.3]
536.415424,100,2355.239523,0.05628493327118219,False,False,[0.5 0.1 0.3]
392.095721,100,2355.466516,0.1840021959185238,False,False,[0.5 0.1 0.3]
579.536563,100,2355.688824,0.14279087217661743,False,False,[0.5 0.1 0.3]
527.286228,100,2355.945394,0.07818277887521262,False,False,[0.5 0.1 0.3]
509.828031,100,2356.172494,0.08593667557281533,False,False,[0.5 0.1 0.3]
526.034164,100,2356.39914,0.1573171057309656,False,False,[0.5 0.1 0.3]
569.796615,100,2356.618798,0.07210502690967124,False,False,[0.5 0.1 0.3]
463.079581,100,2356.84113,0.12611057183286462,False,False,[0.5 0.1 0.3]
511.639413,100,2357.064071,0.10904496527048387,False,False,[0.5 0.1 0.3]
408.617886,100,2357.280309,0.16029244588272415,False,False,[0.5 0.1 0.3]
527.438265,100,2357.498364,0.06628052374185021,False,False,[0.5 0.1 0.3]
398.003263,100,2357.755153,0.2280489165696032,False,False,[0.5 0.1 0.3]
522.505378,100,2357.98559,0.0698228920959955,False,False,[0.5 0.1 0.3]
558.902339,100,2358.207802,0.07698572358423322,False,False,[0.5 0.1 0.3]
486.530134,100,2358.434388,0.12552762470201081,False,False,[0.5 0.1 0.3]
530.92017,100,2359.113625,0.1465570775628473,False,False,[0.5 0.1 0.3]
525.301887,100,2359.332493,0.11929186789725768,False,False,[0.5 0.1 0.3]
640.222321,100,2359.55684,0.13079234698877362,False,False,[0.5 0.1 0.3]
556.40174,100,2359.812449,0.04576422342790479,False,False,[0.5 0.1 0.3]
444.04493,100,2360.042052,0.20737318873923216,False,False,[0.5 0.1 0.3]
586.665218,100,2360.251286,0.06719922779913146,False,False,[0.5 0.1 0.3]
463.687944,100,2360.473617,0.1346429063473352,False,False,[0.5 0.1 0.3]
523.54999,100,2360.698033,0.09393821472495784,False,False,[0.5 0.1 0.3]
566.670363,100,2360.920548,0.11252260239731565,False,False,[0.5 0.1 0.3]
480.800823,100,2361.150032,0.20700934854671288,False,False,[0.5 0.1 0.3]
546.309118,100,2361.365886,0.1393488693521413,False,False,[0.5 0.1 0.3]
516.736708,100,2361.624904,0.10577763993402949,False,False,[0.5 0.1 0.3]
493.407079,100,2361.846429,0.12602216722189405,False,False,[0.5 0.1 0.3]
507.187476,100,2362.083735,0.08599571811689462,False,False,[0.5 0.1 0.3]
540.792592,100,2362.304476,0.10569453697411585,False,False,[0.5 0.1 0.3]
581.261655,100,2362.528526,0.10568341378104078,False,False,[0.5 0.1 0.3]
584.927728,100,2362.779029,0.07800092508432496,False,False,[0.5 0.1 0.3]
566.077943,100,2363.005708,0.07089117521144857,False,False,[0.5 0.1 0.3]
380.582765,100,2363.234538,0.20782545004404315,False,False,[0.5 0.1 0.3]
517.872104,100,2363.455822,0.15669704024237194,False,False,[0.5 0.1 0.3]
636.090609,100,2363.668982,0.06813988336536345,False,False,[0.5 0.1 0.3]
554.26437,100,2364.368417,0.07762947778650227,False,False,[0.5 0.1 0.3]
548.00122,100,2364.590457,0.11005626133984713,False,False,[0.5 0.1 0.3]
428.241965,100,2364.842835,0.11389395885736685,False,False,[0.5 0.1 0.3]
561.770212,100,2365.15683,0.0593950188484918,False,False,[0.5 0.1 0.3]
557.476603,100,2365.377923,0.04509982353130605,False,False,[0.5 0.1 0.3]
579.603521,100,2365.601825,0.021229445826367006,False,False,[0.5 0.1 0.3]
582.643349,100,2365.822626,0.031047469255797752,False,False,[0.5 0.1 0.3]
548.549564,100,2366.052026,0.023322879896525928,False,False,[0.5 0.1 0.3]
576.094778,100,2366.274007,0.07844571610657486,False,False,[0.5 0.1 0.3]
431.068288,100,2366.498139,0.10836020753551838,False,False,[0.5 0.1 0.3]
534.615105,100,2366.7565,0.22764629337814685,False,False,[0.5 0.1 0.3]
545.035323,100,2366.976641,0.11443643127334907,False,False,[0.5 0.1 0.3]
554.782761,100,2367.204065,0.13344536108827443,False,False,[0.5 0.1 0.3]
525.763047,100,2367.422268,0.14853732892724653,False,False,[0.5 0.1 0.3]
615.26266,100,2367.638882,0.018286395710325726,False,False,[0.5 0.1 0.3]
508.907,100,2367.849221,0.098213962153795,False,False,[0.5 0.1 0.3]
521.122374,100,2368.079075,0.12246715880627333,False,False,[0.5 0.1 0.3]
471.073602,100,2368.301202,0.10057433402753192,False,False,[0.5 0.1 0.3]
541.098938,100,2368.547762,0.03627042971689629,False,False,[0.5 0.1 0.3]
532.63727,100,2368.762556,0.09535833842521614,False,False,[0.5 0.1 0.3]
481.163947,100,2369.455601,0.04668044517814353,False,False,[0.5 0.1 0.3]
510.037815,100,2369.670726,0.11226625364360146,False,False,[0.5 0.1 0.3]
599.477225,100,2369.894262,0.05930032686251337,False,False,[0.5 0.1 0.3]
418.303507,100,2370.119834,0.19363159515667017,False,False,[0.5 0.1 0.3]
585.224489,100,2370.339457,0.10204360764413482,False,False,[0.5 0.1 0.3]
495.3501,100,2370.562476,0.13928999123674682,False,False,[0.5 0.1 0.3]
584.542107,100,2370.77981,0.12771613008695484,False,False,[0.5 0.1 0.3]
568.784503,100,2371.001181,0.09242301307386314,False,False,[0.5 0.1 0.3]
525.545499,100,2371.227688,0.10297247691893004,False,False,[0.5 0.1 0.3]
423.078524,100,2371.458116,0.19928699178153908,False,False,[0.5 0.1 0.3]
493.729009,100,2371.670535,0.14131821319724816,False,False,[0.5 0.1 0.3]
490.872006,100,2371.925348,0.09292883895322757,False,False,[0.5 0.1 0.3]
923.990204,100,2372.153657,0.12841427339900294,False,False,[0.5 0.1 0.3]
445.398591,100,2372.372092,0.18088487823414853,False,False,[0.5 0.1 0.3]
485.01683,100,2372.599456,0.22575928301754974,False,False,[0.5 0.1 0.3]
515.044046,100,2372.818339,0.09160903050486675,False,False,[0.5 0.1 0.3]
538.802324,100,2373.079643,0.0882743759173202,False,False,[0.5 0.1 0.3]
463.387979,100,2373.297704,0.15683158759569582,False,False,[0.5 0.1 0.3]
561.646132,100,2373.526128,0.08959603388244844,False,False,[0.5 0.1 0.3]
459.783875,100,2373.750287,0.16676337271393327,False,False,[0.5 0.1 0.3]
618.521406,100,2373.972892,0.049156770385498205,False,False,[0.5 0.1 0.3]
493.873241,100,2374.689995,0.18892720210626227,False,False,[0.5 0.1 0.3]
489.480265,100,2374.908452,0.11771334256889233,False,False,[0.5 0.1 0.3]
540.795958,100,2375.13394,0.0688919119572565,False,False,[0.5 0.1 0.3]
524.704855,100,2375.369046,0.14877328132390297,False,False,[0.5 0.1 0.3]
568.232765,100,2375.59452,0.0937491272316282,False,False,[0.5 0.1 0.3]
494.038407,100,2375.838425,0.07248433932143014,False,False,[0.5 0.1 0.3]
552.465921,100,2376.075473,0.11740049600553525,False,False,[0.5 0.1 0.3]
515.417496,100,2376.294858,0.11088799809672624,False,False,[0.5 0.1 0.3]
491.764582,100,2376.511985,0.12745581821967158,False,False,[0.5 0.1 0.3]
541.413722,100,2376.766146,0.0820123517833591,False,False,[0.5 0.1 0.3]
496.211332,100,2376.983809,0.07805800767157757,False,False,[0.5 0.1 0.3]
492.707018,100,2377.210555,0.1809794815143995,False,False,[0.5 0.1 0.3]
468.430521,100,2377.427804,0.1681978867877773,False,False,[0.5 0.1 0.3]
466.141019,100,2377.652166,0.22544279346718266,False,False,[0.5 0.1 0.3]
441.440807,100,2377.872776,0.23749765407281753,False,False,[0.5 0.1 0.3]
554.284118,100,2378.132558,0.12077564304301706,False,False,[0.5 0.1 0.3]
548.248509,100,2378.354252,0.13439636695153476,False,False,[0.5 0.1 0.3]
452.220013,100,2378.572363,0.11525729962696105,False,False,[0.5 0.1 0.3]
742.29747,100,2378.793819,0.1397204570615174,False,False,[0.5 0.1 0.3]
451.995322,100,2379.019916,0.19983859301176116,False,False,[0.5 0.1 0.3]
460.343827,100,2379.741842,0.16975910308500283,False,False,[0.5 0.1 0.3]
565.017915,100,2379.96594,0.09153877608208491,False,False,[0.5 0.1 0.3]
519.229458,100,2380.202038,0.09721238464250072,False,False,[0.5 0.1 0.3]
505.527896,100,2380.422304,0.16600233671023742,False,False,[0.5 0.1 0.3]
547.368467,100,2380.673176,0.14994669327220345,False,False,[0.5 0.1 0.3]
574.974455,100,2380.89153,0.14062307608608687,False,False,[0.5 0.1 0.3]
530.09319,100,2381.114395,0.03511786164337614,False,False,[0.5 0.1 0.3]
520.017548,100,2381.333219,0.061357304816554346,False,False,[0.5 0.1 0.3]
577.420958,100,2381.54814,0.1264921091519397,False,False,[0.5 0.1 0.3]
509.273865,100,2381.769823,0.11002115770130601,False,False,[0.5 0.1 0.3]
559.624319,100,2381.989086,0.10716852397581562,False,False,[0.5 0.1 0.3]
476.024281,100,2382.21829,0.21720264073553075,False,False,[0.5 0.1 0.3]
477.775335,100,2382.434191,0.14161396285397285,False,False,[0.5 0.1 0.3]
566.646849,100,2382.690637,0.11790241666840694,False,False,[0.5 0.1 0.3]
502.054778,100,2382.90442,0.11744841257060837,False,False,[0.5 0.1 0.3]
558.10162,100,2383.124409,0.10451381607771121,False,False,[0.5 0.1 0.3]
592.352676,100,2383.344267,0.05318710498673426,False,False,[0.5 0.1 0.3]
477.204329,100,2383.574466,0.07830077379083332,False,False,[0.5 0.1 0.3]
509.539095,100,2383.79129,0.13619770887081212,False,False,[0.5 0.1 0.3]
478.858716,100,2384.009626,0.17697653153622792,False,False,[0.5 0.1 0.3]
545.140439,100,2384.240371,0.04538577692421188,False,False,[0.5 0.1 0.3]
466.20145,100,2384.922381,0.09135534633904781,False,False,[0.5 0.1 0.3]
489.628889,100,2385.150592,0.15773494940372992,False,False,[0.5 0.1 0.3]
435.668401,100,2385.371548,0.08737563452717392,False,False,[0.5 0.1 0.3]
600.585239,100,2385.582897,0.13389194596173085,False,False,[0.5 0.1 0.3]
532.731802,100,2385.802141,0.108379829125794,False,False,[0.5 0.1 0.3]
537.738613,100,2386.062238,0.11079771728274071,False,False,[0.5 0.1 0.3]
570.016907,100,2386.282274,0.07465093437052614,False,False,[0.5 0.1 0.3]
619.569464,100,2386.498448,0.09240305159892122,False,False,[0.5 0.1 0.3]
444.614787,100,2386.71503,0.1490965651270186,False,False,[0.5 0.1 0.3]
518.3284,100,2386.936209,0.08987481060999397,False,False,[0.5 0.1 0.3]
487.245969,100,2387.160755,0.19088019397083625,False,False,[0.5 0.1 0.3]
556.437307,100,2387.374796,0.04757332166412374,False,False,[0.5 0.1 0.3]
484.521238,100,2387.599195,0.09815858146359158,False,False,[0.5 0.1 0.3]
515.22829,100,2387.852234,0.06203369850408813,False,False,[0.5 0.1 0.3]
530.439306,100,2388.064646,0.15613006499730828,False,False,[0.5 0.1 0.3]
502.906313,100,2388.369274,0.11035337020263632,False,False,[0.5 0.1 0.3]
503.937404,100,2388.594019,0.13020916048286849,False,False,[0.5 0.1 0.3]
541.547757,100,2388.815871,0.061823305492446363,False,False,[0.5 0.1 0.3]
502.321606,100,2389.040369,0.14026491182396814,False,False,[0.5 0.1 0.3]
565.208601,100,2389.252301,0.08303389874454935,False,False,[0.5 0.1 0.3]
555.378247,100,2389.968591,0.06551751362103735,False,False,[0.5 0.1 0.3]
567.935551,100,2390.192843,0.1401866798696131,False,False,[0.5 0.1 0.3]
586.388001,100,2390.415041,0.050689230618877895,False,False,[0.5 0.1 0.3]
503.677305,100,2390.638123,0.017750743401141997,False,False,[0.5 0.1 0.3]
543.626027,100,2390.85789,0.05969151065811753,False,False,[0.5 0.1 0.3]
437.257781,100,2391.112169,0.0777783227904234,False,False,[0.5 0.1 0.3]
543.68163,100,2391.333205,0.1682475726008238,False,False,[0.5 0.1 0.3]
410.505234,100,2391.560812,0.1731984331001146,False,False,[0.5 0.1 0.3]
518.914939,100,2391.780456,0.1470080877667062,False,False,[0.5 0.1 0.3]
490.466731,100,2391.998019,0.1344585700878837,False,False,[0.5 0.1 0.3]
564.221815,100,2392.217532,0.04967776070780542,False,False,[0.5 0.1 0.3]
598.722932,100,2392.43065,0.05263154898341652,False,False,[0.5 0.1 0.3]
500.813249,100,2392.657196,0.11350990387699593,False,False,[0.5 0.1 0.3]
476.047731,100,2392.880054,0.11221255148703714,False,False,[0.5 0.1 0.3]
456.294829,100,2393.132169,0.12006716554445929,False,False,[0.5 0.1 0.3]
526.356286,100,2393.347752,0.10106521937479272,False,False,[0.5 0.1 0.3]
491.715999,100,2393.567383,0.2225600446240107,False,False,[0.5 0.1 0.3]
522.088205,100,2393.881552,0.0929279619731766,False,False,[0.5 0.1 0.3]
527.184585,100,2394.143713,0.19099207042124763,False,False,[0.5 0.1 0.3]
539.42242,100,2394.375144,0.09123455011507928,False,False,[0.5 0.1 0.3]
569.018664,100,2394.591635,0.04819116472999153,False,False,[0.5 0.1 0.3]
518.701499,100,2395.270312,0.07053011974890294,False,False,[0.5 0.1 0.3]
496.643949,100,2395.53015,0.16785752511297608,False,False,[0.5 0.1 0.3]
551.004601,100,2395.750237,0.05412582358106203,False,False,[0.5 0.1 0.3]
495.437341,100,2395.969194,0.14456529016297212,False,False,[0.5 0.1 0.3]
560.218567,100,2396.184402,0.022903365644088947,False,False,[0.5 0.1 0.3]
595.811548,100,2396.413155,0.08399581683441414,False,False,[0.5 0.1 0.3]
485.10369,100,2396.636742,0.1321010531712136,False,False,[0.5 0.1 0.3]
462.675325,100,2396.853552,0.1259104819445874,False,False,[0.5 0.1 0.3]
548.452648,100,2397.162772,0.11279242724431339,False,False,[0.5 0.1 0.3]
592.59793,100,2397.470204,0.05648650732708929,False,False,[0.5 0.1 0.3]
571.641084,100,2397.686447,0.10469335814219034,False,False,[0.5 0.1 0.3]
557.207405,100,2397.93794,0.11457567134806965,False,False,[0.5 0.1 0.3]
567.542381,100,2398.15681,0.05929460795045301,False,False,[0.5 0.1 0.3]
540.936657,100,2398.390608,0.07173722877487981,False,False,[0.5 0.1 0.3]
572.444364,100,2398.613169,0.09350179941949872,False,False,[0.5 0.1 0.3]
498.86648,100,2398.829769,0.148342500909346,False,False,[0.5 0.1 0.3]
464.931837,100,2399.04658,0.07293995683566859,False,False,[0.5 0.1 0.3]
535.961683,100,2399.273052,0.13764239499740186,False,False,[0.5 0.1 0.3]
507.293069,100,2399.495122,0.042086406716947126,False,False,[0.5 0.1 0.3]
513.31703,100,2399.748811,0.1836198826952256,False,False,[0.5 0.1 0.3]
515.703676,100,2400.451957,0.1277884144330668,False,False,[0.5 0.1 0.3]
530.198983,100,2400.674107,0.10144866890643632,False,False,[0.5 0.1 0.3]
525.026972,100,2400.899117,0.14638493685706358,False,False,[0.5 0.1 0.3]
413.682589,100,2401.123922,0.13571768089617725,False,False,[0.5 0.1 0.3]
520.962585,100,2401.376598,0.05480409235854264,False,False,[0.5 0.1 0.3]
557.228454,100,2401.595597,0.05188329167958602,False,False,[0.5 0.1 0.3]
530.923514,100,2401.824794,0.15984594679373038,False,False,[0.5 0.1 0.3]
608.979813,100,2402.059782,0.03421766030976378,False,False,[0.5 0.1 0.3]
592.831926,100,2402.278568,0.029658646734592148,False,False,[0.5 0.1 0.3]
508.419162,100,2402.508408,0.09900545193553643,False,False,[0.5 0.1 0.3]
569.937288,100,2402.730302,0.08092388904064587,False,False,[0.5 0.1 0.3]
443.347011,100,2402.95535,0.12587988245276305,False,False,[0.5 0.1 0.3]
451.194834,100,2403.209743,0.23000935623061539,False,False,[0.5 0.1 0.3]
455.487385,100,2403.432652,0.16356377128288047,False,False,[0.5 0.1 0.3]
525.569509,100,2403.648708,0.08794710916811298,False,False,[0.5 0.1 0.3]
561.978321,100,2403.868833,0.026855603365587292,False,False,[0.5 0.1 0.3]
513.201065,100,2404.099842,0.12624309254251653,False,False,[0.5 0.1 0.3]
492.063324,100,2404.327571,0.18466789100537126,False,False,[0.5 0.1 0.3]
618.181877,100,2404.55504,0.07325734747837502,False,False,[0.5 0.1 0.3]
525.72181,100,2404.771581,0.11561676861962998,False,False,[0.5 0.1 0.3]
592.076552,100,2405.000008,0.11960600298469784,False,False,[0.5 0.1 0.3]
497.891948,100,2405.680237,0.17589084582895662,False,False,[0.5 0.1 0.3]
90.366631,100,2405.9043,1.2161133286613224,False,False,[0.5 0.1 0.3]
621.99382,100,2406.132985,0.12557487991366456,False,False,[0.5 0.1 0.3]
485.032118,100,2406.353981,0.07920856037763171,False,False,[0.5 0.1 0.3]
530.272816,100,2406.57993,0.09807280169349049,False,False,[0.5 0.1 0.3]
421.874963,100,2406.796523,0.17829314521321082,False,False,[0.5 0.1 0.3]
630.580237,100,2407.050465,0.09665766927506843,False,False,[0.5 0.1 0.3]
508.094071,100,2407.270784,0.10428050907671357,False,False,[0.5 0.1 0.3]
496.073986,100,2407.494509,0.06260305086817564,False,False,[0.5 0.1 0.3]
470.671112,100,2407.717282,0.12145877072203494,False,False,[0.5 0.1 0.3]
562.257879,100,2407.974408,0.10370120965140073,False,False,[0.5 0.1 0.3]
505.223573,100,2408.195907,0.0914328448483834,False,False,[0.5 0.1 0.3]
552.57863,100,2408.415011,0.02255410418614226,False,False,[0.5 0.1 0.3]
497.107547,100,2408.634387,0.19077017903291504,False,False,[0.5 0.1 0.3]
590.500861,100,2408.849443,0.10180072722521233,False,False,[0.5 0.1 0.3]
477.84604,100,2409.076447,0.0794938616273773,False,False,[0.5 0.1 0.3]
635.218168,100,2409.298548,0.032573847917150095,False,False,[0.5 0.1 0.3]
529.656081,100,2409.518438,0.04055021560988897,False,False,[0.5 0.1 0.3]
575.483006,100,2409.734368,0.051645390551938265,False,False,[0.5 0.1 0.3]
523.75539,100,2409.976631,0.07080831494199813,False,False,[0.5 0.1 0.3]
612.452052,100,2410.655926,0.030302235118205085,False,False,[0.5 0.1 0.3]
505.130375,100,2410.879029,0.1452445134252381,False,False,[0.5 0.1 0.3]
516.390134,100,2411.106502,0.055161097976400515,False,False,[0.5 0.1 0.3]
477.403363,100,2411.331003,0.13023044061248312,False,False,[0.5 0.1 0.3]
496.642642,100,2411.585222,0.15160970303030216,False,False,[0.5 0.1 0.3]
569.345882,100,2411.805632,0.09463823694520265,False,False,[0.5 0.1 0.3]
515.780808,100,2412.029749,0.1001650712636174,False,False,[0.5 0.1 0.3]
555.613724,100,2412.259165,0.0883829863307355,False,False,[0.5 0.1 0.3]
716.836154,100,2412.482881,0.2005890365345131,False,False,[0.5 0.1 0.3]
498.734067,100,2412.718263,0.08044820964362671,False,False,[0.5 0.1 0.3]
548.165719,100,2412.933299,0.07807871497303252,False,False,[0.5 0.1 0.3]
535.767914,100,2413.185642,0.09683742213749777,False,False,[0.5 0.1 0.3]
548.477774,100,2413.405796,0.11511834830682378,False,False,[0.5 0.1 0.3]
498.197669,100,2413.620864,0.07778114399888493,False,False,[0.5 0.1 0.3]
500.261059,100,2413.837738,0.11129958030214715,False,False,[0.5 0.1 0.3]
589.550883,100,2414.05391,0.12081204706869765,False,False,[0.5 0.1 0.3]
536.325805,100,2414.272317,0.08008206181860371,False,False,[0.5 0.1 0.3]
543.527266,100,2414.500361,0.11900323912706459,False,False,[0.5 0.1 0.3]
477.924009,100,2414.727362,0.09630308064718861,False,False,[0.5 0.1 0.3]
543.642917,100,2414.951219,0.09402840726118655,False,False,[0.5 0.1 0.3]
442.329108,100,2415.175907,0.09267452648963401,False,False,[0.5 0.1 0.3]
668.41409,100,2415.854299,0.012747570012559965,False,False,[0.5 0.1 0.3]
572.225197,100,2416.08452,0.16232009790051902,False,False,[0.5 0.1 0.3]
498.864888,100,2416.302707,0.12342466963052143,False,False,[0.5 0.1 0.3]
548.060489,100,2416.525033,0.08057392298282624,False,False,[0.5 0.1 0.3]
479.312509,100,2416.779138,0.05694576139959222,False,False,[0.5 0.1 0.3]
487.602306,100,2416.999428,0.14844101707833793,False,False,[0.5 0.1 0.3]
550.309726,100,2417.218005,0.02968606460565392,False,False,[0.5 0.1 0.3]
610.294107,100,2417.439193,0.0490796877550872,False,False,[0.5 0.1 0.3]
468.865482,100,2417.653616,0.11764982353250172,False,False,[0.5 0.1 0.3]
520.120989,100,2417.874576,0.16504631314396861,False,False,[0.5 0.1 0.3]
593.491322,100,2418.096302,0.03198268751419071,False,False,[0.5 0.1 0.3]
533.78735,100,2418.318147,0.09379826210921277,False,False,[0.5 0.1 0.3]
753.052084,100,2418.538899,0.0559478752180302,False,False,[0.5 0.1 0.3]
414.142607,100,2418.804417,0.1387423526851002,False,False,[0.5 0.1 0.3]
607.386655,100,2419.02762,0.06258979255614561,False,False,[0.5 0.1 0.3]
536.714047,100,2419.251501,0.07676977446232272,False,False,[0.5 0.1 0.3]
538.128546,100,2419.479012,0.09637723367417736,False,False,[0.5 0.1 0.3]
539.916325,100,2419.689971,0.169922605304516,False,False,[0.5 0.1 0.3]
563.276152,100,2419.908095,0.10722977282199177,False,False,[0.5 0.1 0.3]
539.249873,100,2420.127291,0.05372314307158348,False,False,[0.5 0.1 0.3]
534.192911,100,2420.822198,0.16809548555126863,False,False,[0.5 0.1 0.3]
500.80206,100,2421.049171,0.1574444391209181,False,False,[0.5 0.1 0.3]
517.741135,100,2421.273026,0.12007098825326099,False,False,[0.5 0.1 0.3]
512.975353,100,2421.496829,0.08073203422336121,False,False,[0.5 0.1 0.3]
496.364262,100,2421.718737,0.12238526046224997,False,False,[0.5 0.1 0.3]
520.552057,100,2421.937726,0.07641467265987054,False,False,[0.5 0.1 0.3]
611.401158,100,2422.155895,0.08889171292181529,False,False,[0.5 0.1 0.3]
590.687041,100,2422.369659,0.05123765135776645,False,False,[0.5 0.1 0.3]
454.010646,100,2422.616465,0.15256078383828084,False,False,[0.5 0.1 0.3]
507.077738,100,2422.843215,0.14045138748270813,False,False,[0.5 0.1 0.3]
600.369938,100,2423.162033,0.07022208692668364,False,False,[0.5 0.1 0.3]
625.51855,100,2423.379964,0.09853284148124744,False,False,[0.5 0.1 0.3]
616.894802,100,2423.599178,0.08967105796393839,False,False,[0.5 0.1 0.3]
439.145043,100,2423.851313,0.1610106356988517,False,False,[0.5 0.1 0.3]
577.165982,100,2424.078235,0.0809817245587264,False,False,[0.5 0.1 0.3]
546.218232,100,2424.297795,0.10438484507289801,False,False,[0.5 0.1 0.3]
563.094154,100,2424.522212,0.07932918912431793,False,False,[0.5 0.1 0.3]
554.105461,100,2424.755072,0.08084535054650045,False,False,[0.5 0.1 0.3]
567.905625,100,2424.979836,0.1254420990371763,False,False,[0.5 0.1 0.3]
610.890033,100,2425.195229,0.08953967531271796,False,False,[0.5 0.1 0.3]
490.94748,100,2425.407183,0.09171649348484763,False,False,[0.5 0.1 0.3]
480.477376,100,2426.081407,0.21278417400342825,False,False,[0.5 0.1 0.3]
397.187745,100,2426.33683,0.27026809464121465,False,False,[0.5 0.1 0.3]
489.961634,100,2426.56071,0.1422232652824228,False,False,[0.5 0.1 0.3]
803.526049,100,2426.78638,0.07694292727704238,False,False,[0.5 0.1 0.3]
481.13309,100,2427.013605,0.220167705078854,False,False,[0.5 0.1 0.3]
544.955817,100,2427.242316,0.06954335285627793,False,False,[0.5 0.1 0.3]
582.524177,100,2427.494335,0.1285882049519361,False,False,[0.5 0.1 0.3]
651.133419,100,2427.711828,0.02648205799675656,False,False,[0.5 0.1 0.3]
481.404553,100,2427.936718,0.13394701184015864,False,False,[0.5 0.1 0.3]
572.122914,100,2428.158981,0.03392315779324439,False,False,[0.5 0.1 0.3]
555.818991,100,2428.378706,0.08296404482952958,False,False,[0.5 0.1 0.3]
603.589849,100,2428.601294,0.061615635485490754,False,False,[0.5 0.1 0.3]
479.879428,100,2428.859715,0.07399747492043006,False,False,[0.5 0.1 0.3]
465.11096,100,2429.090854,0.19837892990670367,False,False,[0.5 0.1 0.3]
551.109056,100,2429.315119,0.16938650466684269,False,False,[0.5 0.1 0.3]
435.863005,100,2429.536439,0.2417457699749929,False,False,[0.5 0.1 0.3]
556.020546,100,2429.805532,0.08157213088711539,False,False,[0.5 0.1 0.3]
523.429023,100,2430.027841,0.1162582968415443,False,False,[0.5 0.1 0.3]
562.844019,100,2430.241447,0.13056424433423325,False,False,[0.5 0.1 0.3]
497.376524,100,2430.455378,0.1521883097638176,False,False,[0.5 0.1 0.3]
548.777647,100,2431.139039,0.06547550677535159,False,False,[0.5 0.1 0.3]
535.697392,100,2431.357757,0.040871334818418904,False,False,[0.5 0.1 0.3]
464.564195,100,2431.611326,0.16856786009550948,False,False,[0.5 0.1 0.3]
519.907647,100,2431.835878,0.11142082024621537,False,False,[0.5 0.1 0.3]
636.052807,100,2432.057137,0.14463527250951216,False,False,[0.5 0.1 0.3]
599.0068,100,2432.273028,0.09917721840295424,False,False,[0.5 0.1 0.3]
540.632814,100,2432.497577,0.12185180261534198,False,False,[0.5 0.1 0.3]
710.18837,100,2432.719576,0.054023847398138064,False,False,[0.5 0.1 0.3]
581.325713,100,2432.948047,0.0553238612675817,False,False,[0.5 0.1 0.3]
577.671785,100,2433.197766,0.061807654364210096,False,False,[0.5 0.1 0.3]
491.504318,100,2433.421032,0.12485464552765692,False,False,[0.5 0.1 0.3]
501.50548,100,2433.645717,0.112439964928255,False,False,[0.5 0.1 0.3]
538.836547,100,2433.865169,0.10176132459467645,False,False,[0.5 0.1 0.3]
522.141894,100,2434.089823,0.04371296322976834,False,False,[0.5 0.1 0.3]
460.802901,100,2434.311942,0.18500576369081345,False,False,[0.5 0.1 0.3]
556.9789,100,2434.530745,0.03266961713086305,False,False,[0.5 0.1 0.3]
613.626183,100,2434.755678,0.0825967595397342,False,False,[0.5 0.1 0.3]
588.054819,100,2434.981758,0.13637203735389225,False,False,[0.5 0.1 0.3]
527.057585,100,2435.203788,0.02893706795451972,False,False,[0.5 0.1 0.3]
522.338611,100,2435.456137,0.04520427302109141,False,False,[0.5 0.1 0.3]
490.034988,100,2435.681314,0.11556948204823493,False,False,[0.5 0.1 0.3]
517.478682,100,2436.356378,0.15410978693363392,False,False,[0.5 0.1 0.3]
606.310729,100,2436.571385,0.08502759966823978,False,False,[0.5 0.1 0.3]
556.403796,100,2436.797941,0.1023117261735019,False,False,[0.5 0.1 0.3]
470.345386,100,2437.053862,0.20596320597648746,False,False,[0.5 0.1 0.3]
587.998804,100,2437.280107,0.049156080019558596,False,False,[0.5 0.1 0.3]
583.067912,100,2437.503618,0.05358540310956645,False,False,[0.5 0.1 0.3]
515.013347,100,2437.718407,0.12603154896599783,False,False,[0.5 0.1 0.3]
480.57015,100,2437.92715,0.1789902569463672,False,False,[0.5 0.1 0.3]
623.477396,100,2438.145554,0.07116332189729305,False,False,[0.5 0.1 0.3]
458.947153,100,2438.360732,0.10853865099442116,False,False,[0.5 0.1 0.3]
599.34308,100,2438.581683,0.035701152427383975,False,False,[0.5 0.1 0.3]
505.400107,100,2438.836215,0.16217241994073658,False,False,[0.5 0.1 0.3]
756.840353,100,2439.066083,0.07715973654205428,False,False,[0.5 0.1 0.3]
439.972174,100,2439.283032,0.08069437014444988,False,False,[0.5 0.1 0.3]
509.192463,100,2439.503712,0.14165476826249984,False,False,[0.5 0.1 0.3]
531.257012,100,2439.727555,0.1431537410607996,False,False,[0.5 0.1 0.3]
609.784574,100,2439.947511,0.02452722242715856,False,False,[0.5 0.1 0.3]
576.872466,100,2440.196492,0.10341805278838942,False,False,[0.5 0.1 0.3]
597.257278,100,2440.417596,0.10727489047580017,False,False,[0.5 0.1 0.3]
551.005286,100,2440.637442,0.08200832221652316,False,False,[0.5 0.1 0.3]
492.946586,100,2441.372364,0.0721492673685683,False,False,[0.5 0.1 0.3]
497.856798,100,2441.588845,0.14267785273081562,False,False,[0.5 0.1 0.3]
487.856583,100,2441.844599,0.12398587121328185,False,False,[0.5 0.1 0.3]
568.715207,100,2442.064992,0.09235392471043176,False,False,[0.5 0.1 0.3]
556.49742,100,2442.288603,0.08900733725482361,False,False,[0.5 0.1 0.3]
416.288238,100,2442.519336,0.275063482586989,False,False,[0.5 0.1 0.3]
576.309223,100,2442.749305,0.08642804368160942,False,False,[0.5 0.1 0.3]
531.476025,100,2442.965174,0.1311337087192316,False,False,[0.5 0.1 0.3]
597.43744,100,2443.186271,0.10442774843569301,False,False,[0.5 0.1 0.3]
602.782389,100,2443.411358,0.10503134087261816,False,False,[0.5 0.1 0.3]
530.437313,100,2443.636966,0.06455721882340656,False,False,[0.5 0.1 0.3]
580.561859,100,2443.880788,0.07911520050063686,False,False,[0.5 0.1 0.3]
542.7498,100,2444.104158,0.09747853507794574,False,False,[0.5 0.1 0.3]
500.577007,100,2444.320959,0.12290204701665049,False,False,[0.5 0.1 0.3]
559.935578,100,2444.542383,0.09301277527968954,False,False,[0.5 0.1 0.3]
535.096519,100,2444.749457,0.07455642085827105,False,False,[0.5 0.1 0.3]
555.824964,100,2444.964266,0.030373352530376773,False,False,[0.5 0.1 0.3]
558.675875,100,2445.183899,0.01501899560752109,False,False,[0.5 0.1 0.3]
472.745641,100,2445.42286,0.19710090411014058,False,False,[0.5 0.1 0.3]
546.025928,100,2445.636345,0.12520352300787105,False,False,[0.5 0.1 0.3]
501.822141,100,2445.892757,0.12155191831439005,False,False,[0.5 0.1 0.3]
513.514753,100,2446.567417,0.06414571118374869,False,False,[0.5 0.1 0.3]
471.453296,100,2446.777949,0.16207824155768574,False,False,[0.5 0.1 0.3]
601.179246,100,2447.012229,0.0656916140717229,False,False,[0.5 0.1 0.3]
574.856481,100,2447.253452,0.07522913308654364,False,False,[0.5 0.1 0.3]
571.818438,100,2447.476656,0.04627067650500058,False,False,[0.5 0.1 0.3]
581.065846,100,2447.697047,0.08921243533748048,False,False,[0.5 0.1 0.3]
498.962054,100,2447.911081,0.15102251734503422,False,False,[0.5 0.1 0.3]
547.677463,100,2448.158705,0.08841203828265783,False,False,[0.5 0.1 0.3]
553.361587,100,2448.398504,0.1095602827970429,False,False,[0.5 0.1 0.3]
516.789819,100,2448.617965,0.0912696149607037,False,False,[0.5 0.1 0.3]
560.442345,100,2448.839866,0.09328051278579397,False,False,[0.5 0.1 0.3]
455.701117,100,2449.058848,0.22807997701871302,False,False,[0.5 0.1 0.3]
538.816688,100,2449.285894,0.1566746876328189,False,False,[0.5 0.1 0.3]
567.640373,100,2449.508035,0.06671479583243817,False,False,[0.5 0.1 0.3]
475.845189,100,2449.726101,0.17649827973462834,False,False,[0.5 0.1 0.3]
549.891998,100,2449.944203,0.06985119943884405,False,False,[0.5 0.1 0.3]
500.595578,100,2450.199808,0.0637190557794822,False,False,[0.5 0.1 0.3]
507.522308,100,2450.420088,0.0988675228560212,False,False,[0.5 0.1 0.3]
556.722399,100,2450.636612,0.19713094897213096,False,False,[0.5 0.1 0.3]
500.758378,100,2450.858023,0.09009599581579195,False,False,[0.5 0.1 0.3]
586.126285,100,2451.549938,0.06771692162139208,False,False,[0.5 0.1 0.3]
508.693335,100,2451.768049,0.10772439992711441,False,False,[0.5 0.1 0.3]
489.346752,100,2452.011823,0.10726925023717342,False,False,[0.5 0.1 0.3]
533.016631,100,2452.23975,0.05780635960555622,False,False,[0.5 0.1 0.3]
516.40486,100,2452.462718,0.08613468016651273,False,False,[0.5 0.1 0.3]
454.686008,100,2452.681452,0.19160446187921676,False,False,[0.5 0.1 0.3]
423.022319,100,2452.902044,0.20416904589520313,False,False,[0.5 0.1 0.3]
600.246908,100,2453.124883,0.10150252273156628,False,False,[0.5 0.1 0.3]
557.608378,100,2453.350103,0.10419531040887389,False,False,[0.5 0.1 0.3]
514.865125,100,2453.567182,0.08323846090839035,False,False,[0.5 0.1 0.3]
470.122816,100,2453.782042,0.13474278072047025,False,False,[0.5 0.1 0.3]
556.813553,100,2454.040828,0.03946258666997446,False,False,[0.5 0.1 0.3]
492.155045,100,2454.26284,0.18183000928328127,False,False,[0.5 0.1 0.3]
561.580081,100,2454.488319,0.09364373151922066,False,False,[0.5 0.1 0.3]
483.651117,100,2454.706645,0.1652888310605266,False,False,[0.5 0.1 0.3]
567.529391,100,2454.922873,0.13837859009651285,False,False,[0.5 0.1 0.3]
525.657975,100,2455.140611,0.10893831471296653,False,False,[0.5 0.1 0.3]
578.260358,100,2455.363096,0.0827206175873345,False,False,[0.5 0.1 0.3]
515.473421,100,2455.581427,0.10676647356238002,False,False,[0.5 0.1 0.3]
583.899657,100,2455.80572,0.040298416999329525,False,False,[0.5 0.1 0.3]
542.261441,100,2456.063539,0.08171307957855667,False,False,[0.5 0.1 0.3]
542.856245,100,2456.826598,0.12663410160628374,False,False,[0.5 0.1 0.3]
509.078245,100,2457.045464,0.07281128679888718,False,False,[0.5 0.1 0.3]
546.36265,100,2457.283403,0.10095964269383571,False,False,[0.5 0.1 0.3]
90.739363,42,2457.464085,0.40874991097195734,True,False,[0.5 0.1 0.3]
588.173665,100,2457.685157,0.05115997451882529,False,False,[0.5 0.1 0.3]
574.298484,100,2457.902923,0.047784380829863284,False,False,[0.5 0.1 0.3]
520.360692,100,2458.123737,0.111663018798847,False,False,[0.5 0.1 0.3]
496.018643,100,2458.343144,0.039080428563726344,False,False,[0.5 0.1 0.3]
475.078576,100,2458.573093,0.09179129652000388,False,False,[0.5 0.1 0.3]
430.782489,100,2458.803276,0.2189360670085602,False,False,[0.5 0.1 0.3]
563.311636,100,2459.022364,0.18266596324198098,False,False,[0.5 0.1 0.3]
597.744999,100,2459.246786,0.14665334834540675,False,False,[0.5 0.1 0.3]
581.526459,100,2459.501254,0.14647522333308402,False,False,[0.5 0.1 0.3]
551.318624,100,2459.72686,0.039697576364568936,False,False,[0.5 0.1 0.3]
560.131179,100,2459.950759,0.15627178534703942,False,False,[0.5 0.1 0.3]
635.991193,100,2460.174117,0.0327776986265051,False,False,[0.5 0.1 0.3]
529.629241,100,2460.397326,0.08385651269061947,False,False,[0.5 0.1 0.3]
480.27908,100,2460.652099,0.07424106647717287,False,False,[0.5 0.1 0.3]
527.754995,100,2460.87159,0.0605163773538208,False,False,[0.5 0.1 0.3]
550.460912,100,2461.093323,0.11787374277600024,False,False,[0.5 0.1 0.3]
494.397802,100,2461.323973,0.17363908874965886,False,False,[0.5 0.1 0.3]
838.244261,100,2462.001035,0.0727960401704414,False,False,[0.5 0.1 0.3]
563.926251,100,2462.251766,0.1197197169340127,False,False,[0.5 0.1 0.3]
537.874819,100,2462.469781,0.13635627448321827,False,False,[0.5 0.1 0.3]
539.056434,100,2462.687743,0.132543261257164,False,False,[0.5 0.1 0.3]
518.8886,100,2462.913312,0.2325131488826462,False,False,[0.5 0.1 0.3]
622.539864,100,2463.139174,0.06778875123528585,False,False,[0.5 0.1 0.3]
566.78457,100,2463.387881,0.05096337071601261,False,False,[0.5 0.1 0.3]
574.375971,100,2463.607189,0.11777444846156847,False,False,[0.5 0.1 0.3]
569.29041,100,2463.834153,0.08174839598023492,False,False,[0.5 0.1 0.3]
558.60439,100,2464.058684,0.08148200247379034,False,False,[0.5 0.1 0.3]
525.068057,100,2464.290235,0.09066548340859236,False,False,[0.5 0.1 0.3]
598.164755,100,2464.587699,0.0916232487329077,False,False,[0.5 0.1 0.3]
494.546899,100,2464.807994,0.1387167687520985,False,False,[0.5 0.1 0.3]
497.499336,100,2465.026821,0.1467617067576357,False,False,[0.5 0.1 0.3]
507.304316,100,2465.249527,0.14749607525296285,False,False,[0.5 0.1 0.3]
581.986051,100,2465.509993,0.11266293559552706,False,False,[0.5 0.1 0.3]
543.105559,100,2465.728879,0.12423378203095388,False,False,[0.5 0.1 0.3]
569.10716,100,2465.955879,0.07950733094792779,False,False,[0.5 0.1 0.3]
529.780594,100,2466.179225,0.1566747620610497,False,False,[0.5 0.1 0.3]
524.572367,100,2466.408931,0.1330834021481655,False,False,[0.5 0.1 0.3]
561.838784,100,2467.106247,0.06967196330424923,False,False,[0.5 0.1 0.3]
538.36044,100,2467.334831,0.03551665117654011,False,False,[0.5 0.1 0.3]
485.07638,100,2467.565519,0.15405472838514714,False,False,[0.5 0.1 0.3]
522.329704,100,2467.817365,0.07884081282000492,False,False,[0.5 0.1 0.3]
496.073483,100,2468.040192,0.14044445759417643,False,False,[0.5 0.1 0.3]
787.791268,100,2468.262684,0.11647002330547473,False,False,[0.5 0.1 0.3]
470.864189,100,2468.482167,0.03657126427555615,False,False,[0.5 0.1 0.3]
590.934284,100,2468.709343,0.0688956196571292,False,False,[0.5 0.1 0.3]
576.496138,100,2468.927272,0.0417906749340523,False,False,[0.5 0.1 0.3]
502.918509,100,2469.152539,0.10430560847516895,False,False,[0.5 0.1 0.3]
527.992198,100,2469.37686,0.05111181146257486,False,False,[0.5 0.1 0.3]
449.885825,100,2469.631865,0.15403623255579635,False,False,[0.5 0.1 0.3]
831.723447,100,2469.847752,0.03391744774847172,False,False,[0.5 0.1 0.3]
544.836727,100,2470.069066,0.13061638662141578,False,False,[0.5 0.1 0.3]
436.958837,100,2470.294195,0.1589076577434451,False,False,[0.5 0.1 0.3]
577.953628,100,2470.518615,0.08623636209244506,False,False,[0.5 0.1 0.3]
551.972675,100,2470.748848,0.1841285912434112,False,False,[0.5 0.1 0.3]
589.762032,100,2470.962352,0.09978620759948054,False,False,[0.5 0.1 0.3]
604.059619,100,2471.182362,0.0682004608632985,False,False,[0.5 0.1 0.3]
502.5765,100,2471.402017,0.11824975640858042,False,False,[0.5 0.1 0.3]
538.446243,100,2471.62996,0.09977001558831686,False,False,[0.5 0.1 0.3]
589.758734,100,2472.335413,0.1118809745053982,False,False,[0.5 0.1 0.3]
541.561674,100,2472.563977,0.07822578851279333,False,False,[0.5 0.1 0.3]
510.011426,100,2472.7817,0.09513734531053454,False,False,[0.5 0.1 0.3]
525.452834,100,2473.007866,0.15752216468476432,False,False,[0.5 0.1 0.3]
510.81601,100,2473.254555,0.1148848667130817,False,False,[0.5 0.1 0.3]
523.544423,100,2473.486059,0.05988146304215553,False,False,[0.5 0.1 0.3]
543.744172,100,2473.702113,0.08424496120837041,False,False,[0.5 0.1 0.3]
804.241064,100,2473.923687,0.09484748053331063,False,False,[0.5 0.1 0.3]
587.680028,100,2474.146313,0.019811931988930966,False,False,[0.5 0.1 0.3]
560.324938,100,2474.367124,0.07842585729334667,False,False,[0.5 0.1 0.3]
520.845901,100,2474.585237,0.19078681978695375,False,False,[0.5 0.1 0.3]
614.093843,100,2474.796257,0.02672464341773818,False,False,[0.5 0.1 0.3]
523.554443,100,2475.011127,0.1260168498236443,False,False,[0.5 0.1 0.3]
785.037361,100,2475.269172,0.04712813891832722,False,False,[0.5 0.1 0.3]
453.949968,100,2475.497955,0.20473939779151737,False,False,[0.5 0.1 0.3]
553.15691,100,2475.720472,0.07035180834115012,False,False,[0.5 0.1 0.3]
592.113252,100,2475.939373,0.1249515774961314,False,False,[0.5 0.1 0.3]
778.685247,100,2476.170539,0.06050281499664634,False,False,[0.5 0.1 0.3]
511.940098,100,2476.422732,0.12137646548162376,False,False,[0.5 0.1 0.3]
509.913031,100,2476.644425,0.14989549808775568,False,False,[0.5 0.1 0.3]
583.108747,100,2477.326674,0.09243651632656925,False,False,[0.5 0.1 0.3]
460.525872,100,2477.569359,0.17430209607653693,False,False,[0.5 0.1 0.3]
629.123803,100,2477.784831,0.046073129637172666,False,False,[0.5 0.1 0.3]
500.345459,100,2478.029702,0.04407198062459992,False,False,[0.5 0.1 0.3]
639.816299,100,2478.253362,0.16261186702997302,False,False,[0.5 0.1 0.3]
771.182533,100,2478.474627,0.09449343999753973,False,False,[0.5 0.1 0.3]
590.493559,100,2478.693575,0.08361001694847768,False,False,[0.5 0.1 0.3]
495.532962,100,2478.915808,0.14042596195651466,False,False,[0.5 0.1 0.3]
488.394625,100,2479.142435,0.13535854238905165,False,False,[0.5 0.1 0.3]
532.429366,100,2479.366623,0.10161128841673055,False,False,[0.5 0.1 0.3]
543.240125,100,2479.594628,0.10316407490382676,False,False,[0.5 0.1 0.3]
557.399641,100,2479.815323,0.07733810113666635,False,False,[0.5 0.1 0.3]
156.371058,44,2480.004506,0.3309168050700102,True,False,[0.5 0.1 0.3]
536.174241,100,2480.225018,0.11323248755883518,False,False,[0.5 0.1 0.3]
533.743774,100,2480.446434,0.12003557176729256,False,False,[0.5 0.1 0.3]
563.268214,100,2480.672898,0.06228367227646613,False,False,[0.5 0.1 0.3]
486.48892,100,2480.89527,0.13220054674984633,False,False,[0.5 0.1 0.3]
473.657702,100,2481.111191,0.04993986186006898,False,False,[0.5 0.1 0.3]
454.760564,100,2481.334143,0.21538073175034894,False,False,[0.5 0.1 0.3]
436.888859,100,2481.593993,0.1618042148281568,False,False,[0.5 0.1 0.3]
507.814735,100,2481.821187,0.08447970865783573,False,False,[0.5 0.1 0.3]
499.553408,100,2482.523889,0.060440749754904155,False,False,[0.5 0.1 0.3]
514.863815,100,2482.833921,0.09661614785776652,False,False,[0.5 0.1 0.3]
432.796386,100,2483.053191,0.25057012675035273,False,False,[0.5 0.1 0.3]
553.818865,100,2483.271772,0.07995778402703978,False,False,[0.5 0.1 0.3]
534.881007,100,2483.524609,0.09613943362767655,False,False,[0.5 0.1 0.3]
474.845119,100,2483.751415,0.03431801504073038,False,False,[0.5 0.1 0.3]
495.603104,100,2483.969479,0.10605634714737734,False,False,[0.5 0.1 0.3]
525.534806,100,2484.191935,0.20088720519331082,False,False,[0.5 0.1 0.3]
564.917278,100,2484.496847,0.09071235819775551,False,False,[0.5 0.1 0.3]
360.068973,100,2484.717481,0.22147008701199322,False,False,[0.5 0.1 0.3]
510.13181,100,2484.972243,0.10655243105893887,False,False,[0.5 0.1 0.3]
543.900149,100,2485.195475,0.02054892822661086,False,False,[0.5 0.1 0.3]
494.188262,100,2485.41837,0.14496200509623733,False,False,[0.5 0.1 0.3]
497.442229,100,2485.638321,0.08141822198053594,False,False,[0.5 0.1 0.3]
536.116973,100,2485.858684,0.043206426287951114,False,False,[0.5 0.1 0.3]
471.719356,100,2486.093001,0.15876562535365782,False,False,[0.5 0.1 0.3]
610.713167,100,2486.396443,0.08034367830978059,False,False,[0.5 0.1 0.3]
610.704474,100,2486.607678,0.0885301451657621,False,False,[0.5 0.1 0.3]
572.858137,100,2486.831404,0.14454948451270452,False,False,[0.5 0.1 0.3]
459.198299,100,2487.100075,0.12111270875379954,False,False,[0.5 0.1 0.3]
511.241594,100,2487.32022,0.05661114621868399,False,False,[0.5 0.1 0.3]
572.869557,100,2488.01778,0.06296324790406047,False,False,[0.5 0.1 0.3]
614.732094,100,2488.235394,0.026024983053410184,False,False,[0.5 0.1 0.3]
532.470751,100,2488.491208,0.022031025153770385,False,False,[0.5 0.1 0.3]
564.99064,100,2488.713898,0.042099755232046406,False,False,[0.5 0.1 0.3]
520.091368,100,2488.940706,0.1201502801672031,False,False,[0.5 0.1 0.3]
780.456891,100,2489.165525,0.09461978604733505,False,False,[0.5 0.1 0.3]
532.467714,100,2489.390711,0.1527969392811056,False,False,[0.5 0.1 0.3]
526.999635,100,2489.640992,0.0689892271515034,False,False,[0.5 0.1 0.3]
559.117639,100,2489.867634,0.049427297953151095,False,False,[0.5 0.1 0.3]
533.063801,100,2490.09575,0.05981102302734416,False,False,[0.5 0.1 0.3]
491.209675,100,2490.319984,0.12155863722731516,False,False,[0.5 0.1 0.3]
539.078814,100,2490.540285,0.09304245358325841,False,False,[0.5 0.1 0.3]
503.681716,100,2490.764881,0.09376362399850748,False,False,[0.5 0.1 0.3]
431.440874,100,2490.977077,0.12720223497835,False,False,[0.5 0.1 0.3]
534.286201,100,2491.193647,0.0916012608330767,False,False,[0.5 0.1 0.3]
594.914806,100,2491.414586,0.042678691454562157,False,False,[0.5 0.1 0.3]
510.380792,100,2491.665967,0.12438588009677243,False,False,[0.5 0.1 0.3]
425.08055,100,2491.900477,0.1852383641684758,False,False,[0.5 0.1 0.3]
489.841261,100,2492.119978,0.14006314128772027,False,False,[0.5 0.1 0.3]
566.869174,100,2492.34196,0.10909211524101092,False,False,[0.5 0.1 0.3]
531.781534,100,2493.012067,0.1256670336425503,False,False,[0.5 0.1 0.3]
555.647917,100,2493.229637,0.08507031378440545,False,False,[0.5 0.1 0.3]
411.784959,100,2493.482628,0.1262697645093538,False,False,[0.5 0.1 0.3]
592.563032,100,2493.704423,0.06120598980349709,False,False,[0.5 0.1 0.3]
614.857256,100,2493.927836,0.08204506504539641,False,False,[0.5 0.1 0.3]
437.026483,100,2494.140807,0.10433103554195682,False,False,[0.5 0.1 0.3]
548.144745,100,2494.354013,0.07748743457276847,False,False,[0.5 0.1 0.3]
540.234636,100,2494.587255,0.14286235125905408,False,False,[0.5 0.1 0.3]
555.585794,100,2494.806805,0.062343532065600324,False,False,[0.5 0.1 0.3]
602.600508,100,2495.060516,0.07583296410455613,False,False,[0.5 0.1 0.3]
520.81604,100,2495.286343,0.07877803981102005,False,False,[0.5 0.1 0.3]
572.23474,100,2495.504663,0.11544324728702253,False,False,[0.5 0.1 0.3]
500.748789,100,2495.723958,0.047140538433658376,False,False,[0.5 0.1 0.3]
497.461561,100,2495.951382,0.08426801663548528,False,False,[0.5 0.1 0.3]
502.421289,100,2496.174452,0.12353460676793673,False,False,[0.5 0.1 0.3]
424.468243,100,2496.391605,0.22828831600934843,False,False,[0.5 0.1 0.3]
556.113514,100,2496.696707,0.0908397282350908,False,False,[0.5 0.1 0.3]
479.319049,100,2496.959215,0.10071141127217217,False,False,[0.5 0.1 0.3]
461.937511,100,2497.191422,0.1619644267572386,False,False,[0.5 0.1 0.3]
508.17016,100,2497.414527,0.045975395613490046,False,False,[0.5 0.1 0.3]
577.24648,100,2497.631248,0.06936535413489289,False,False,[0.5 0.1 0.3]
481.643558,100,2498.322932,0.07353831145587414,False,False,[0.5 0.1 0.3]
579.843522,100,2498.530571,0.06324608786375312,False,False,[0.5 0.1 0.3]
507.688378,100,2498.751633,0.09514914311411173,False,False,[0.5 0.1 0.3]
538.873159,100,2498.974599,0.07629254510484348,False,False,[0.5 0.1 0.3]
546.143548,100,2499.2275,0.050517022553748736,False,False,[0.5 0.1 0.3]
516.497105,100,2499.438707,0.06145806894372562,False,False,[0.5 0.1 0.3]
562.384688,100,2499.655381,0.11290050547981251,False,False,[0.5 0.1 0.3]
507.259553,100,2499.89309,0.09964228573549974,False,False,[0.5 0.1 0.3]
495.109329,100,2500.108422,0.09864242927937224,False,False,[0.5 0.1 0.3]
491.381379,100,2500.360727,0.1545506830423044,False,False,[0.5 0.1 0.3]
482.82806,100,2500.580536,0.1187903961963313,False,False,[0.5 0.1 0.3]
558.877412,100,2500.794137,0.11869162853242556,False,False,[0.5 0.1 0.3]
528.053743,100,2501.014213,0.10417469770436522,False,False,[0.5 0.1 0.3]
519.563237,100,2501.229919,0.1729748333277594,False,False,[0.5 0.1 0.3]
564.151346,100,2501.533594,0.11326742540845207,False,False,[0.5 0.1 0.3]
552.530926,100,2501.755087,0.06498236027289742,False,False,[0.5 0.1 0.3]
488.7971,100,2501.995846,0.05073323401700943,False,False,[0.5 0.1 0.3]
525.843538,100,2502.228366,0.13674885022615324,False,False,[0.5 0.1 0.3]
643.103778,100,2502.442635,0.05775291567206252,False,False,[0.5 0.1 0.3]
569.144896,100,2502.752608,0.08965880907743504,False,False,[0.5 0.1 0.3]
556.730823,100,2503.4408,0.05972123943431235,False,False,[0.5 0.1 0.3]
613.311083,100,2503.657424,0.06095531921947129,False,False,[0.5 0.1 0.3]
540.428887,100,2503.87756,0.14154272003445867,False,False,[0.5 0.1 0.3]
529.822799,100,2504.134209,0.08105256310761043,False,False,[0.5 0.1 0.3]
541.484142,100,2504.367438,0.0436770334587671,False,False,[0.5 0.1 0.3]
580.440911,100,2504.583828,0.1548408075924554,False,False,[0.5 0.1 0.3]
505.52792,100,2504.812997,0.11569324426935747,False,False,[0.5 0.1 0.3]
697.777017,100,2505.062928,0.1144589637214062,False,False,[0.5 0.1 0.3]
537.592014,100,2505.286473,0.13460950285209217,False,False,[0.5 0.1 0.3]
477.824581,100,2505.5115,0.13702359783582355,False,False,[0.5 0.1 0.3]
515.118542,100,2505.727992,0.081343492235967,False,False,[0.5 0.1 0.3]
579.256909,100,2505.947635,0.11664730218587459,False,False,[0.5 0.1 0.3]
477.91462,100,2506.171295,0.15095135651716515,False,False,[0.5 0.1 0.3]
555.885949,100,2506.389344,0.09189243608067152,False,False,[0.5 0.1 0.3]
498.385312,100,2506.610267,0.10142840803027917,False,False,[0.5 0.1 0.3]
562.289173,100,2506.832339,0.1398259113612563,False,False,[0.5 0.1 0.3]
564.202091,100,2507.056532,0.12159530109444566,False,False,[0.5 0.1 0.3]
566.634592,100,2507.275379,0.11867385482784167,False,False,[0.5 0.1 0.3]
448.545156,100,2507.493684,0.20697848601305602,False,False,[0.5 0.1 0.3]
615.574681,100,2507.712167,0.08992607501575536,False,False,[0.5 0.1 0.3]
570.257039,100,2507.961735,0.17763090268068218,False,False,[0.5 0.1 0.3]
541.060583,100,2508.646335,0.11925729772091587,False,False,[0.5 0.1 0.3]
580.91303,100,2508.85314,0.03633541168785707,False,False,[0.5 0.1 0.3]
545.450021,100,2509.072921,0.12339876383932435,False,False,[0.5 0.1 0.3]
519.454079,100,2509.330676,0.10891319380542024,False,False,[0.5 0.1 0.3]
521.756333,100,2509.554674,0.11408678220725983,False,False,[0.5 0.1 0.3]
566.773755,100,2509.771803,0.04799095095776,False,False,[0.5 0.1 0.3]
525.297352,100,2509.991662,0.07398875852209393,False,False,[0.5 0.1 0.3]
468.345254,100,2510.202507,0.15606585417422184,False,False,[0.5 0.1 0.3]
526.013662,100,2510.428248,0.07727207942054622,False,False,[0.5 0.1 0.3]
486.282497,100,2510.737859,0.13517105546458505,False,False,[0.5 0.1 0.3]
517.951553,100,2510.952127,0.10882507563926716,False,False,[0.5 0.1 0.3]
564.407655,100,2511.176329,0.06198612596855239,False,False,[0.5 0.1 0.3]
505.553162,100,2511.396911,0.11112355127050036,False,False,[0.5 0.1 0.3]
509.357222,100,2511.616101,0.12389320782302425,False,False,[0.5 0.1 0.3]
477.422739,100,2511.838357,0.14233415538082256,False,False,[0.5 0.1 0.3]
511.210126,100,2512.087772,0.1416398422648679,False,False,[0.5 0.1 0.3]
606.992561,100,2512.317373,0.08150973215397354,False,False,[0.5 0.1 0.3]
558.741286,100,2512.548739,0.12791029013547578,False,False,[0.5 0.1 0.3]
559.285185,100,2512.768327,0.08748627845220044,False,False,[0.5 0.1 0.3]
548.539255,100,2513.01959,0.08346093495242762,False,False,[0.5 0.1 0.3]
532.862835,100,2513.697373,0.1490851787406318,False,False,[0.5 0.1 0.3]
566.66801,100,2513.911067,0.1027384793160594,False,False,[0.5 0.1 0.3]
533.517254,100,2514.150566,0.14567712365308447,False,False,[0.5 0.1 0.3]
603.687126,100,2514.37506,0.10070675703605833,False,False,[0.5 0.1 0.3]
451.914242,100,2514.623098,0.1445558032845923,False,False,[0.5 0.1 0.3]
565.131034,100,2514.840924,0.10875470732471777,False,False,[0.5 0.1 0.3]
493.476129,100,2515.058075,0.13170852311266185,False,False,[0.5 0.1 0.3]
753.236729,100,2515.280352,0.13941916828253853,False,False,[0.5 0.1 0.3]
550.172431,100,2515.49908,0.07714538116306087,False,False,[0.5 0.1 0.3]
560.111609,100,2515.715529,0.039881971334211536,False,False,[0.5 0.1 0.3]
635.237669,100,2515.929317,0.0669511362897759,False,False,[0.5 0.1 0.3]
447.719169,100,2516.227532,0.11069347741522488,False,False,[0.5 0.1 0.3]
577.883595,100,2516.447176,0.020281311736194435,False,False,[0.5 0.1 0.3]
526.014868,100,2516.667056,0.1365918245616892,False,False,[0.5 0.1 0.3]
572.112597,100,2516.894208,0.19947991492419823,False,False,[0.5 0.1 0.3]
565.295197,100,2517.112416,0.05527350356335045,False,False,[0.5 0.1 0.3]
560.722647,100,2517.337378,0.06882378654989028,False,False,[0.5 0.1 0.3]
498.937737,100,2517.588427,0.07958623163285859,False,False,[0.5 0.1 0.3]
568.392756,100,2517.800977,0.09260958050556706,False,False,[0.5 0.1 0.3]
555.439311,100,2518.02942,0.09585539100495012,False,False,[0.5 0.1 0.3]
568.33119,100,2518.337242,0.1420986095954962,False,False,[0.5 0.1 0.3]
586.877291,100,2519.00194,0.10888916323557457,False,False,[0.5 0.1 0.3]
575.344846,100,2519.252081,0.08305011965942735,False,False,[0.5 0.1 0.3]
527.319996,100,2519.478781,0.10060986000530578,False,False,[0.5 0.1 0.3]
543.182065,100,2519.701285,0.07496634094713778,False,False,[0.5 0.1 0.3]
542.60839,100,2519.914201,0.03903632675033033,False,False,[0.5 0.1 0.3]
599.612433,100,2520.141053,0.024864903816952267,False,False,[0.5 0.1 0.3]
498.303789,100,2520.39728,0.07720724462456591,False,False,[0.5 0.1 0.3]
589.780715,100,2520.612891,0.0771295025610432,False,False,[0.5 0.1 0.3]
565.032758,100,2520.837672,0.09689718127372439,False,False,[0.5 0.1 0.3]
557.395152,100,2521.058495,0.07233362579652819,False,False,[0.5 0.1 0.3]
454.904235,100,2521.281386,0.11573776365048814,False,False,[0.5 0.1 0.3]
552.646322,100,2521.503845,0.10879581056016778,False,False,[0.5 0.1 0.3]
502.796616,100,2521.72008,0.14249340972388674,False,False,[0.5 0.1 0.3]
561.173593,100,2521.95435,0.11475103794557351,False,False,[0.5 0.1 0.3]
576.424723,100,2522.281117,0.0722441836942274,False,False,[0.5 0.1 0.3]
811.869051,100,2522.511065,0.12916303070646784,False,False,[0.5 0.1 0.3]
549.672364,100,2522.773221,0.1758020252346979,False,False,[0.5 0.1 0.3]
470.652131,100,2522.986232,0.10915804246428537,False,False,[0.5 0.1 0.3]
574.2713,100,2523.208839,0.0997992972107614,False,False,[0.5 0.1 0.3]
497.274018,100,2523.440177,0.19821394358312006,False,False,[0.5 0.1 0.3]
635.602183,100,2524.148489,0.055265229447537915,False,False,[0.5 0.1 0.3]
593.417872,100,2524.359787,0.1056266902452649,False,False,[0.5 0.1 0.3]
604.170527,100,2524.582225,0.08391209704192479,False,False,[0.5 0.1 0.3]
574.376079,100,2524.807639,0.04664061960150782,False,False,[0.5 0.1 0.3]
585.644369,100,2525.064497,0.07846752869854981,False,False,[0.5 0.1 0.3]
526.227146,100,2525.282977,0.04319148635400269,False,False,[0.5 0.1 0.3]
611.697731,100,2525.508997,0.09433105808860232,False,False,[0.5 0.1 0.3]
746.382883,100,2525.73417,0.024707981419897676,False,False,[0.5 0.1 0.3]
565.05684,100,2525.953193,0.11033861149485978,False,False,[0.5 0.1 0.3]
571.874832,100,2526.223398,0.0936083181289256,False,False,[0.5 0.1 0.3]
486.104679,100,2526.439021,0.12826357033509556,False,False,[0.5 0.1 0.3]
589.525081,100,2526.662146,0.043872629754441055,False,False,[0.5 0.1 0.3]
549.775267,100,2526.882131,0.07692426579314499,False,False,[0.5 0.1 0.3]
503.808469,100,2527.11487,0.1184995674081699,False,False,[0.5 0.1 0.3]
561.454637,100,2527.339719,0.09377216058209803,False,False,[0.5 0.1 0.3]
518.57847,100,2527.561435,0.09870113842786925,False,False,[0.5 0.1 0.3]
563.95534,100,2527.782885,0.07704768195675818,False,False,[0.5 0.1 0.3]
499.063446,100,2527.998526,0.16491492437825236,False,False,[0.5 0.1 0.3]
572.763893,100,2528.327275,0.06763531028075923,False,False,[0.5 0.1 0.3]
543.809361,100,2528.54783,0.10697352030161175,False,False,[0.5 0.1 0.3]
570.269161,100,2529.228195,0.07506293373725542,False,False,[0.5 0.1 0.3]
464.908487,100,2529.443019,0.0990195744749904,False,False,[0.5 0.1 0.3]
573.295772,100,2529.659752,0.06046432358692937,False,False,[0.5 0.1 0.3]
476.284015,100,2529.881134,0.1299836431150226,False,False,[0.5 0.1 0.3]
540.797655,100,2530.114334,0.08570893497183692,False,False,[0.5 0.1 0.3]
513.330987,100,2530.3455,0.08839194224881344,False,False,[0.5 0.1 0.3]
499.615109,100,2530.566574,0.1404773939876799,False,False,[0.5 0.1 0.3]
508.707575,100,2530.818399,0.137286961368264,False,False,[0.5 0.1 0.3]
554.040305,100,2531.040799,0.1453869900531766,False,False,[0.5 0.1 0.3]
513.57982,100,2531.254518,0.1643630945479732,False,False,[0.5 0.1 0.3]
549.645179,100,2531.484038,0.04113426240637085,False,False,[0.5 0.1 0.3]
511.769466,100,2531.702414,0.18345992238008946,False,False,[0.5 0.1 0.3]
506.585027,100,2531.929542,0.1322997964183065,False,False,[0.5 0.1 0.3]
414.59592,100,2532.158285,0.16694295347163643,False,False,[0.5 0.1 0.3]
543.656979,100,2532.397369,0.12179372150536023,False,False,[0.5 0.1 0.3]
466.496196,100,2532.618624,0.19458454635269834,False,False,[0.5 0.1 0.3]
623.224049,100,2532.833371,0.06133773262977534,False,False,[0.5 0.1 0.3]
544.095277,100,2533.05787,0.08783187750970721,False,False,[0.5 0.1 0.3]
456.592704,100,2533.270596,0.1961262191360587,False,False,[0.5 0.1 0.3]
524.994942,100,2533.493984,0.16174806549399934,False,False,[0.5 0.1 0.3]
599.545916,100,2533.798038,0.08770348549016396,False,False,[0.5 0.1 0.3]
378.775245,100,2534.488697,0.20905961594867117,False,False,[0.5 0.1 0.3]
561.55977,100,2534.711774,0.027756175163551444,False,False,[0.5 0.1 0.3]
519.948255,100,2534.934073,0.13088118369685878,False,False,[0.5 0.1 0.3]
787.210158,100,2535.155373,0.07320791322090396,False,False,[0.5 0.1 0.3]
547.291474,100,2535.386404,0.14105443822682873,False,False,[0.5 0.1 0.3]
597.237113,100,2535.606051,0.028624155229065883,False,False,[0.5 0.1 0.3]
565.469516,100,2535.85223,0.15453245988130024,False,False,[0.5 0.1 0.3]
614.137705,100,2536.080462,0.0672266043601974,False,False,[0.5 0.1 0.3]
513.150487,100,2536.301037,0.09658117994327321,False,False,[0.5 0.1 0.3]
781.658096,100,2536.523479,0.07971829313642129,False,False,[0.5 0.1 0.3]
549.096148,100,2536.749229,0.04601953608469905,False,False,[0.5 0.1 0.3]
584.841079,100,2536.973083,0.1015641200978812,False,False,[0.5 0.1 0.3]
564.747257,100,2537.203161,0.10927636525927854,False,False,[0.5 0.1 0.3]
796.110414,100,2537.427692,0.07797273416921308,False,False,[0.5 0.1 0.3]
582.012644,100,2537.650769,0.05488064750930667,False,False,[0.5 0.1 0.3]
470.975619,100,2537.871506,0.06397998802519177,False,False,[0.5 0.1 0.3]
531.490125,100,2538.130782,0.10130173358283774,False,False,[0.5 0.1 0.3]
512.346774,100,2538.352755,0.08592200351723876,False,False,[0.5 0.1 0.3]
582.595262,100,2538.572894,0.055920626699851046,False,False,[0.5 0.1 0.3]
468.616938,100,2538.786916,0.10813025155570002,False,False,[0.5 0.1 0.3]
450.938478,100,2539.466573,0.20908094852564924,False,False,[0.5 0.1 0.3]
473.783746,100,2539.721469,0.24720479367970724,False,False,[0.5 0.1 0.3]
523.409247,100,2539.945871,0.1699278359917717,False,False,[0.5 0.1 0.3]
556.993553,100,2540.16589,0.059815888740698764,False,False,[0.5 0.1 0.3]
547.537872,100,2540.390413,0.11921471957790901,False,False,[0.5 0.1 0.3]
514.256996,100,2540.611951,0.10489451420192113,False,False,[0.5 0.1 0.3]
542.410988,100,2540.870785,0.10600674932690533,False,False,[0.5 0.1 0.3]
561.01211,100,2541.101837,0.0669456780539895,False,False,[0.5 0.1 0.3]
518.07555,100,2541.328914,0.12032777795511072,False,False,[0.5 0.1 0.3]
521.780235,100,2541.558213,0.061508514672683576,False,False,[0.5 0.1 0.3]
599.097115,100,2541.780494,0.05800161260980245,False,False,[0.5 0.1 0.3]
723.686621,100,2541.99973,0.115897643622285,False,False,[0.5 0.1 0.3]
550.712948,100,2542.226458,0.08352018142912847,False,False,[0.5 0.1 0.3]
447.537776,100,2542.450061,0.14712092910207353,False,False,[0.5 0.1 0.3]
583.842353,100,2542.676263,0.14972620544098536,False,False,[0.5 0.1 0.3]
495.381074,100,2542.894532,0.10898147106114625,False,False,[0.5 0.1 0.3]
461.973837,100,2543.153972,0.144942000983971,False,False,[0.5 0.1 0.3]
525.456214,100,2543.368146,0.1020067989572724,False,False,[0.5 0.1 0.3]
455.716832,100,2543.588749,0.15472030211255083,False,False,[0.5 0.1 0.3]
495.397944,100,2543.811314,0.16013549209335778,False,False,[0.5 0.1 0.3]
455.004475,100,2544.130654,0.19600687934081995,False,False,[0.5 0.1 0.3]
507.614394,100,2544.849682,0.06019983816106771,False,False,[0.5 0.1 0.3]
568.25996,100,2545.076054,0.10593343181079547,False,False,[0.5 0.1 0.3]
516.822683,100,2545.302238,0.08653896039122579,False,False,[0.5 0.1 0.3]
583.661798,100,2545.51913,0.02390268173844793,False,False,[0.5 0.1 0.3]
550.75861,100,2545.74098,0.047598795835466216,False,False,[0.5 0.1 0.3]
503.941577,100,2545.995424,0.08462751570645774,False,False,[0.5 0.1 0.3]
483.647522,100,2546.222095,0.09331203833806508,False,False,[0.5 0.1 0.3]
535.219707,100,2546.447311,0.1161864407311591,False,False,[0.5 0.1 0.3]
541.99544,100,2546.669499,0.08169998888982982,False,False,[0.5 0.1 0.3]
518.353873,100,2546.894029,0.09595664877515998,False,False,[0.5 0.1 0.3]
447.031507,100,2547.116397,0.16078313553749574,False,False,[0.5 0.1 0.3]
585.032415,100,2547.332336,0.04263457119720551,False,False,[0.5 0.1 0.3]
556.679015,100,2547.549933,0.16252910503476495,False,False,[0.5 0.1 0.3]
548.293381,100,2547.805415,0.1543321781631115,False,False,[0.5 0.1 0.3]
495.501888,100,2548.0294,0.1125950995451183,False,False,[0.5 0.1 0.3]
619.318255,100,2548.252142,0.036495088689094,False,False,[0.5 0.1 0.3]
736.215237,100,2548.471453,0.06719008587094297,False,False,[0.5 0.1 0.3]
515.714904,100,2548.701599,0.17569107483902177,False,False,[0.5 0.1 0.3]
389.348255,100,2548.929436,0.13780117021075527,False,False,[0.5 0.1 0.3]
544.392487,100,2549.150266,0.09820969889701509,False,False,[0.5 0.1 0.3]
535.116459,100,2549.834982,0.15178570980306458,False,False,[0.5 0.1 0.3]
571.131047,100,2550.148284,0.20351151983603114,False,False,[0.5 0.1 0.3]
570.314252,100,2550.366932,0.12782033787946318,False,False,[0.5 0.1 0.3]
566.186588,100,2550.605337,0.05777311867066692,False,False,[0.5 0.1 0.3]
529.454286,100,2550.858958,0.13052156976643692,False,False,[0.5 0.1 0.3]
486.193,100,2551.086774,0.0690199282701846,False,False,[0.5 0.1 0.3]
545.738368,100,2551.315434,0.10748051357815797,False,False,[0.5 0.1 0.3]
581.215211,100,2551.529031,0.07844499662938052,False,False,[0.5 0.1 0.3]
513.324313,100,2551.755302,0.07238091230592242,False,False,[0.5 0.1 0.3]
551.682208,100,2551.987292,0.10112258328035341,False,False,[0.5 0.1 0.3]
535.534111,100,2552.205762,0.06782198816970783,False,False,[0.5 0.1 0.3]
526.532369,100,2552.433838,0.10329916788921677,False,False,[0.5 0.1 0.3]
523.181909,100,2552.670837,0.0749770399650896,False,False,[0.5 0.1 0.3]
558.119948,100,2552.892644,0.0888396786397987,False,False,[0.5 0.1 0.3]
613.503273,100,2553.143186,0.06792657271991799,False,False,[0.5 0.1 0.3]
487.217252,100,2553.365694,0.08162315961116592,False,False,[0.5 0.1 0.3]
557.736493,100,2553.585479,0.05442844209846956,False,False,[0.5 0.1 0.3]
557.429533,100,2553.811925,0.025512235953958184,False,False,[0.5 0.1 0.3]
540.592911,100,2554.038211,0.11543826096664468,False,False,[0.5 0.1 0.3]
504.303611,100,2554.261223,0.15479115428863335,False,False,[0.5 0.1 0.3]
536.029808,100,2554.479886,0.09395509358749386,False,False,[0.5 0.1 0.3]
