hyperparams/seed,hyperparams/ent_coef,hyperparams/gamma,hyperparams/learning_rate,hyperparams/batch_size,hyperparams/n_steps,hyperparams/clip_range,time/iterations,time/total_timesteps,rollout/ep_rew_mean,rollout/ep_len_mean,time/time_elapsed,time/fps,train/entropy_loss,train/value_loss,train/clip_range,train/std,train/approx_kl,train/n_updates,train/loss,train/learning_rate,train/explained_variance,train/policy_gradient_loss,train/clip_fraction
2,0.01,0.99,5e-05,512,2048,0.2,,,,,,,,,,,,,,,,,
,,,,,,,1,2048,278.71296442857147,93.66666666666667,10,193,,,,,,,,,,,
,,,,,,,2,4096,295.34473647727276,92.45454545454545,16,253,-8.513151550292969,2410.041296386719,0.2,0.9997765421867371,0.006671589,10,1156.036865234375,5e-05,0.001251518726348877,-0.004864826059201732,0.029736328125
,,,,,,,3,6144,318.32435676923075,94.33846153846154,21,280,-8.512126231193543,2748.2573303222657,0.2,0.9997816681861877,0.0018430528,20,1298.5966796875,5e-05,0.006806790828704834,-0.0015247532341163606,9.765625e-05
,,,,,,,4,8192,321.39257758620687,93.6896551724138,27,296,-8.512085151672363,3212.6611572265624,0.2,0.9996684193611145,0.0026929907,30,1730.960693359375,5e-05,-0.0010422468185424805,-0.002313592709833756,0.0009765625
,,,,,,,5,10240,328.54226181999996,93.13,33,308,-8.51127769947052,3045.324114990234,0.2,0.9995656609535217,0.004550089,40,1585.6427001953125,5e-05,0.002518296241760254,-0.002984389051562175,0.005126953125
,,,,,,,6,12288,329.60481082999996,93.17,38,315,-8.51118860244751,3038.637872314453,0.2,0.9996314644813538,0.004427896,50,1521.5430908203125,5e-05,0.003158092498779297,-0.002665686554973945,0.00546875
,,,,,,,7,14336,334.17149401999995,93.27,44,320,-8.511703634262085,2994.6919067382814,0.2,0.9997649788856506,0.0021704552,60,1512.2532958984375,5e-05,0.0026148557662963867,-0.0017797658336348831,0.000537109375
,,,,,,,8,16384,332.77323205,91.6,50,325,-8.512547469139099,3278.4124267578127,0.2,0.9998684525489807,0.004786618,70,1616.93505859375,5e-05,0.008571982383728027,-0.0034349971974734217,0.008203125
,,,,,,,9,18432,338.16128864999996,92.85,55,330,-8.512811160087585,3392.6725952148436,0.2,0.999845027923584,0.001371857,80,1734.1025390625,5e-05,0.0002034902572631836,-0.001492629514541477,0.00078125
,,,,,,,10,20480,347.95615920000006,94.28,61,334,-8.512943959236145,2992.3661987304686,0.2,0.9999611377716064,0.0013889002,90,1476.9637451171875,5e-05,0.0032519102096557617,-0.0016748903726693243,0.0
,,,,,,,11,22528,346.66988116,94.85,66,336,-8.51375138759613,2776.4397521972655,0.2,1.0000723600387573,0.0005986148,100,1299.9351806640625,5e-05,0.004977822303771973,-0.0006895755825098604,4.8828125e-05
,,,,,,,12,24576,356.80475605,96.09,72,340,-8.51403865814209,2738.3051696777343,0.2,1.0000454187393188,0.0037329476,110,1331.0863037109375,5e-05,0.0015105009078979492,-0.002527035539969802,0.00361328125
,,,,,,,13,26624,360.83469723,97.45,77,342,-8.514212775230408,3513.6758361816405,0.2,1.0001980066299438,0.0015340578,120,1724.4261474609375,5e-05,0.00030559301376342773,-0.0012506139319157228,0.0001953125
,,,,,,,14,28672,355.88929748000004,97.24,83,344,-8.515827631950378,2670.598699951172,0.2,1.0005607604980469,0.0028249777,130,1323.82568359375,5e-05,0.00047343969345092773,-0.002675552450818941,0.0013671875
,,,,,,,15,30720,354.68682723999996,97.3,88,346,-8.519477200508117,2662.797509765625,0.2,1.00150728225708,0.0018226053,140,1278.1121826171875,5e-05,0.00026679039001464844,-0.0017059561738278716,9.765625e-05
,,,,,,,16,32768,347.7869217199999,97.08,94,348,-8.525494384765626,2607.022296142578,0.2,1.0024504661560059,0.002620216,150,1311.520751953125,5e-05,0.0011244416236877441,-0.001614983956096694,0.00107421875
,,,,,,,17,34816,335.2341957700001,95.29,99,349,-8.530471158027648,2434.46669921875,0.2,1.0031344890594482,0.0056280796,160,1190.9139404296875,5e-05,0.0008803606033325195,-0.003854178806068376,0.01240234375
,,,,,,,18,36864,330.91654927999997,94.05,105,350,-8.533123326301574,3009.6213928222655,0.2,1.0033345222473145,0.0045456938,170,1426.32861328125,5e-05,0.0005979537963867188,-0.0030979123461293057,0.0109375
,,,,,,,19,38912,337.10218495000004,95.2,110,351,-8.533325433731079,2703.0363708496093,0.2,1.0031954050064087,0.0013951699,180,1304.2685546875,5e-05,0.0006281137466430664,-0.001384964506723918,0.0
,,,,,,,20,40960,341.04680022,94.86,115,353,-8.533453440666198,2641.2369018554687,0.2,1.0034891366958618,0.00739865,190,1339.7264404296875,5e-05,0.0019699931144714355,-0.005627673043636605,0.027880859375
,,,,,,,21,43008,348.99298144,94.4,121,353,-8.535773730278015,3421.092315673828,0.2,1.0039291381835938,0.0029317087,200,1826.21484375,5e-05,0.00019747018814086914,-0.002433401392772794,0.0017578125
,,,,,,,22,45056,357.4091475799999,96.04,126,354,-8.53829619884491,3293.5451171875,0.2,1.0043445825576782,0.00058696454,210,1654.6627197265625,5e-05,0.0005788207054138184,-0.0005858175281900913,0.0
,,,,,,,23,47104,361.64110544999994,96.53,132,354,-8.5392897605896,3140.597546386719,0.2,1.0041121244430542,0.0033928822,220,1565.3568115234375,5e-05,0.0003771185874938965,-0.0025405639957170934,0.0025390625
,,,,,,,24,49152,360.22914061000006,96.14,138,354,-8.53779845237732,2744.442236328125,0.2,1.0040003061294556,0.00207118,230,1342.824951171875,5e-05,0.0004788637161254883,-0.002004712767666206,0.00048828125
,,,,,,,25,51200,365.71720237,96.99,144,354,-8.538426423072815,2985.6748291015624,0.2,1.0043857097625732,0.0007870375,240,1499.275390625,5e-05,0.0009558796882629395,-0.000850987690500915,0.0
,,,,,,,26,53248,368.50266328000004,98.05,149,355,-8.540395832061767,2934.7329650878905,0.2,1.004517674446106,0.0029559885,250,1437.5904541015625,5e-05,0.00045990943908691406,-0.002248115016845986,0.001806640625
,,,,,,,27,55296,368.99871466,98.22,155,355,-8.541794037818908,2902.576220703125,0.2,1.0049686431884766,0.004592199,260,1373.2191162109375,5e-05,0.00030350685119628906,-0.003834972289041616,0.006005859375
,,,,,,,28,57344,364.68027375,97.46,161,355,-8.544197463989258,3171.2648498535154,0.2,1.0052279233932495,0.0045354757,270,1492.5733642578125,5e-05,0.0006718635559082031,-0.003762610862031579,0.006787109375
,,,,,,,29,59392,356.3654732100001,96.93,166,356,-8.545804333686828,2894.2722351074217,0.2,1.005558967590332,0.0059938654,280,1423.14599609375,5e-05,0.0003528594970703125,-0.004617283254629001,0.014697265625
,,,,,,,30,61440,353.37241271,96.93,172,357,-8.547291612625122,2421.696917724609,0.2,1.0056527853012085,0.005617986,290,1207.756103515625,5e-05,0.00022125244140625,-0.004210743549629114,0.013134765625
,,,,,,,31,63488,349.26066896,97.06,177,358,-8.548285484313965,2548.9998779296875,0.2,1.006022334098816,0.0041184593,300,1292.913818359375,5e-05,-6.16312026977539e-05,-0.002528181369416416,0.00556640625
,,,,,,,32,65536,353.22325802,97.91,182,358,-8.549739241600037,2449.7934326171876,0.2,1.0059670209884644,0.0032177074,310,1239.4488525390625,5e-05,8.481740951538086e-05,-0.0023652830830542372,0.002490234375
,,,,,,,33,67584,348.68235205,96.5,188,358,-8.54800283908844,2964.4409790039062,0.2,1.0054925680160522,0.0034795867,320,1504.26416015625,5e-05,0.00010561943054199219,-0.0025443031365284694,0.003564453125
,,,,,,,34,69632,355.70144249,97.19,194,358,-8.546250653266906,3022.7833557128906,0.2,1.0055336952209473,0.0065611796,330,1396.166748046875,5e-05,2.676248550415039e-05,-0.004331166061456315,0.016259765625
,,,,,,,35,71680,347.86103325000005,96.03,199,358,-8.547941827774048,2543.7937072753907,0.2,1.006021499633789,0.0031072884,340,1264.9114990234375,5e-05,0.0001042485237121582,-0.002307373541407287,0.001171875
,,,,,,,36,73728,350.02052165000003,95.4,205,358,-8.550952076911926,2733.4767333984373,0.2,1.006489634513855,0.0015026004,350,1433.264892578125,5e-05,5.6862831115722656e-05,-0.0012979846535017714,0.0
,,,,,,,37,75776,353.38307418,96.01,210,359,-8.553377628326416,2824.145648193359,0.2,1.0068069696426392,0.004602762,360,1388.0921630859375,5e-05,-1.1920928955078125e-05,-0.0034531264333054422,0.00703125
,,,,,,,38,77824,355.22531752,96.83,216,359,-8.554105830192565,2799.9385375976562,0.2,1.0066813230514526,0.004257934,370,1347.8175048828125,5e-05,6.103515625e-05,-0.0033961190783884376,0.00439453125
,,,,,,,39,79872,351.19686337999997,96.28,222,359,-8.553245449066162,2953.479168701172,0.2,1.006606936454773,0.004687241,380,1499.0946044921875,5e-05,0.00010788440704345703,-0.0035067616205196827,0.014404296875
,,,,,,,40,81920,358.01946920999995,96.79,227,359,-8.553593516349792,2418.8967041015626,0.2,1.0068330764770508,0.005170811,390,1228.119873046875,5e-05,2.658367156982422e-05,-0.003821511066053063,0.012353515625
,,,,,,,41,83968,346.71608721000007,94.93,233,359,-8.555045485496521,3290.4220703125,0.2,1.0070151090621948,0.004300821,400,1572.4910888671875,5e-05,4.8220157623291016e-05,-0.0032315332849975676,0.00830078125
,,,,,,,42,86016,349.34115368,94.05,238,360,-8.554790782928468,2753.1001037597657,0.2,1.0067335367202759,0.004770507,410,1311.011474609375,5e-05,8.64267349243164e-06,-0.0033640995097812265,0.011376953125
,,,,,,,43,88064,358.39434303,95.12,244,360,-8.55361294746399,3537.6259948730467,0.2,1.006718397140503,0.00071328157,420,1538.0623779296875,5e-05,0.00010097026824951172,-0.000638915246236138,0.0
,,,,,,,44,90112,362.51552377,95.22,249,360,-8.553436994552612,2732.9121337890624,0.2,1.0065622329711914,0.0042881323,430,1370.1580810546875,5e-05,-7.998943328857422e-05,-0.003645663626957685,0.007177734375
,,,,,,,45,92160,359.73716284,94.93,255,360,-8.553445172309875,2924.5492736816404,0.2,1.006903052330017,0.0013114878,440,1465.6419677734375,5e-05,1.6093254089355469e-06,-0.0011354528949595987,9.765625e-05
,,,,,,,46,94208,357.97604054000004,95.15,262,359,-8.555792593955994,3096.435223388672,0.2,1.0071992874145508,0.004922008,450,1564.18212890625,5e-05,5.924701690673828e-05,-0.0038109379180241375,0.010302734375
,,,,,,,47,96256,356.1374460300001,95.31,267,359,-8.557218527793884,3236.585174560547,0.2,1.0074535608291626,0.0060336567,460,1518.0606689453125,5e-05,8.207559585571289e-05,-0.004792207956779748,0.01826171875
,,,,,,,48,98304,355.17216312000005,94.11,273,359,-8.558444738388062,2872.160430908203,0.2,1.0075430870056152,0.0015156441,470,1425.21044921875,5e-05,8.285045623779297e-05,-0.0011154666426591575,0.0
,,,,,,,49,100352,357.72568081000003,94.83,278,359,-8.558442854881287,3195.1083435058595,0.2,1.0074883699417114,0.005532532,480,1534.220458984375,5e-05,4.947185516357422e-05,-0.004589066386688501,0.009765625
,,,,,,,50,102400,373.69009616999995,96.71,284,360,-8.558292651176453,2657.0924560546873,0.2,1.0075016021728516,0.0017981415,490,1293.25341796875,5e-05,8.541345596313477e-05,-0.0017069729219656438,0.0001953125
,,,,,,,51,104448,374.3368800499999,96.54,290,360,-8.558446216583253,3083.436804199219,0.2,1.0075592994689941,0.003655421,500,1506.390625,5e-05,4.750490188598633e-05,-0.0035461383289657534,0.00517578125
,,,,,,,52,106496,380.31414807,97.37,295,360,-8.559236407279968,2946.878033447266,0.2,1.0077871084213257,0.0035440768,510,1475.110595703125,5e-05,0.00010222196578979492,-0.0028522131440695377,0.003173828125
,,,,,,,53,108544,392.3970575299999,98.03,300,360,-8.560221529006958,2866.8114807128904,0.2,1.0078164339065552,0.0035342842,520,1401.7275390625,5e-05,-2.6226043701171875e-06,-0.0029563897114712745,0.005859375
,,,,,,,54,110592,389.1771724800001,97.73,306,360,-8.560587978363037,3689.0997802734373,0.2,1.008011817932129,0.0019358809,530,1954.8583984375,5e-05,5.716085433959961e-05,-0.0015368660970125347,0.000341796875
,,,,,,,55,112640,388.81569271000006,97.84,312,360,-8.561577796936035,2948.21044921875,0.2,1.0080634355545044,0.0024183951,540,1424.0950927734375,5e-05,4.124641418457031e-05,-0.0016097095991426612,0.001220703125
,,,,,,,56,114688,387.63896547999997,97.12,317,360,-8.562239122390746,3077.8642028808595,0.2,1.0083140134811401,0.0019819573,550,1580.459716796875,5e-05,6.371736526489258e-05,-0.0015340005862526595,0.000439453125
,,,,,,,57,116736,383.39816596000003,96.57,323,360,-8.563775062561035,2824.893585205078,0.2,1.0085190534591675,0.0019087,560,1365.0933837890625,5e-05,0.0001035928726196289,-0.0014422895503230393,0.000244140625
,,,,,,,58,118784,368.80690042000003,95.24,328,361,-8.564328527450561,3024.9365417480467,0.2,1.0084878206253052,0.004937914,570,1557.655029296875,5e-05,6.42538070678711e-05,-0.003838203032501042,0.00908203125
,,,,,,,59,120832,368.4915909800001,94.71,334,360,-8.56397910118103,2711.069775390625,0.2,1.0084260702133179,0.0022485447,580,1349.66259765625,5e-05,3.832578659057617e-05,-0.0014218343829270452,0.000537109375
,,,,,,,60,122880,371.9019663000001,95.78,340,361,-8.563409113883973,3004.2916931152345,0.2,1.0082945823669434,0.0018062476,590,1473.4677734375,5e-05,2.4557113647460938e-05,-0.0017678156145848334,0.0005859375
,,,,,,,61,124928,370.74864970000004,96.36,346,361,-8.563371920585633,2572.5300231933593,0.2,1.0084668397903442,0.00158658,600,1280.8797607421875,5e-05,2.5153160095214844e-05,-0.0015455265645869076,0.00107421875
,,,,,,,62,126976,368.77838620999995,96.22,351,360,-8.565226721763612,2450.602606201172,0.2,1.008912444114685,0.0052379407,610,1265.4873046875,5e-05,5.900859832763672e-06,-0.004212508111959323,0.011376953125
,,,,,,,63,129024,385.19620691000006,98.02,356,361,-8.568898725509644,3167.981793212891,0.2,1.0097732543945312,0.0044683157,620,1561.6673583984375,5e-05,1.811981201171875e-05,-0.0033055113977752625,0.00625
,,,,,,,64,131072,395.88557120999997,98.47,361,362,-8.572605228424072,2949.816131591797,0.2,1.0099687576293945,0.0052973456,630,1496.4940185546875,5e-05,-1.3113021850585938e-06,-0.00431017346563749,0.010107421875
,,,,,,,65,133120,410.58077112,98.55,367,362,-8.572956705093384,4257.054949951172,0.2,1.0100131034851074,0.000661371,640,2109.18408203125,5e-05,2.014636993408203e-05,-0.0006770782230887562,0.0
,,,,,,,66,135168,415.72902019,98.59,372,363,-8.573237991333007,3575.781640625,0.2,1.010034441947937,0.0026801694,650,1792.788818359375,5e-05,6.622076034545898e-05,-0.0023696917225606738,0.001025390625
,,,,,,,67,137216,420.66285669000007,98.67,377,363,-8.573541808128358,3115.7844970703127,0.2,1.0101317167282104,0.0031230794,660,1493.07421875,5e-05,7.748603820800781e-07,-0.002486899256473407,0.001904296875
,,,,,,,68,139264,413.11631175,97.69,382,363,-8.574416708946227,3348.516387939453,0.2,1.010344386100769,0.0024765735,670,1588.34228515625,5e-05,1.8835067749023438e-05,-0.002241628817864694,0.00283203125
,,,,,,,69,141312,400.82814286999985,97.69,387,364,-8.575425243377685,3239.128985595703,0.2,1.010438323020935,0.005890689,680,1519.603271484375,5e-05,1.3947486877441406e-05,-0.004747404670342803,0.016455078125
,,,,,,,70,143360,401.39846409999996,98.05,393,364,-8.577078676223755,2808.895556640625,0.2,1.0109877586364746,0.003028437,690,1420.8236083984375,5e-05,1.1682510375976562e-05,-0.0025992783601395788,0.00205078125
,,,,,,,71,145408,400.32976995999996,98.03,398,365,-8.579763913154602,3142.1293090820313,0.2,1.0111891031265259,0.00286397,700,1607.8465576171875,5e-05,5.8531761169433594e-05,-0.0024214220931753514,0.00341796875
,,,,,,,72,147456,401.98770303,98.49,403,365,-8.580784821510315,3029.0377868652345,0.2,1.0114331245422363,0.0030794474,710,1391.6019287109375,5e-05,2.759695053100586e-05,-0.002476184067199938,0.002294921875
,,,,,,,73,149504,409.99307629000003,99.31,408,365,-8.582731866836548,3222.2876892089844,0.2,1.0118366479873657,0.004158763,720,1564.2576904296875,5e-05,1.4841556549072266e-05,-0.003750907036010176,0.005908203125
,,,,,,,74,151552,414.06928228,99.26,413,366,-8.585425615310669,3385.6215393066404,0.2,1.0123591423034668,0.0030146833,730,1615.1424560546875,5e-05,4.315376281738281e-05,-0.002318346925312653,0.003515625
,,,,,,,75,153600,409.7708898199999,98.97,418,366,-8.587540769577027,3177.9667907714843,0.2,1.0124465227127075,0.0058973534,740,1538.157470703125,5e-05,7.212162017822266e-06,-0.0042337760329246524,0.015478515625
,,,,,,,76,155648,403.37247075999994,98.34,423,367,-8.587377524375915,3369.1521728515627,0.2,1.0123640298843384,0.0009575776,750,1779.2042236328125,5e-05,2.4318695068359375e-05,-0.0007607184554217384,0.0
,,,,,,,77,157696,405.56052176,98.63,428,367,-8.58726782798767,3122.34267578125,0.2,1.012442946434021,0.004998792,760,1469.4552001953125,5e-05,6.318092346191406e-06,-0.0030357703508343548,0.008251953125
,,,,,,,78,159744,397.77860947999994,98.3,433,368,-8.588534426689147,2910.1249267578123,0.2,1.0128268003463745,0.0046633976,770,1515.28076171875,5e-05,4.774332046508789e-05,-0.003977128304541111,0.007275390625
,,,,,,,79,161792,394.55331270000005,98.19,439,368,-8.591200256347657,2896.1495056152344,0.2,1.0132882595062256,0.0015289824,780,1383.4166259765625,5e-05,1.4603137969970703e-05,-0.0010182362981140613,0.0001953125
,,,,,,,80,163840,403.22224472999994,98.46,443,369,-8.594058966636657,3206.408343505859,0.2,1.0138300657272339,0.0036071667,790,1566.1275634765625,5e-05,1.0669231414794922e-05,-0.003862906835274771,0.009521484375
,,,,,,,81,165888,408.0664301,98.39,449,369,-8.596365475654602,3438.6130126953126,0.2,1.0139394998550415,0.0018748265,800,1697.8450927734375,5e-05,2.5391578674316406e-05,-0.0018848470877856015,9.765625e-05
,,,,,,,82,167936,403.0979641300001,97.98,454,369,-8.59562292098999,3005.4640869140626,0.2,1.013634443283081,0.0014895897,810,1444.63525390625,5e-05,3.653764724731445e-05,-0.0009753109232406131,0.0
,,,,,,,83,169984,408.62184457999996,98.11,459,370,-8.595201015472412,2855.1195861816404,0.2,1.013972282409668,0.0013892044,820,1397.139404296875,5e-05,-1.1086463928222656e-05,-0.0011189409822691232,4.8828125e-05
,,,,,,,84,172032,404.55201364,97.4,464,370,-8.597204542160034,3388.3535766601562,0.2,1.0141249895095825,0.0030105032,830,1671.58349609375,5e-05,-4.172325134277344e-06,-0.002053305524168536,0.002099609375
,,,,,,,85,174080,397.0197938900001,97.2,469,370,-8.597650241851806,3308.840167236328,0.2,1.0142009258270264,0.0060345884,840,1783.46484375,5e-05,2.7418136596679688e-06,-0.004569758160505444,0.015869140625
,,,,,,,86,176128,393.43567376999994,97.43,475,370,-8.597894096374512,3246.7462646484373,0.2,1.0141674280166626,0.0045342995,850,1554.691650390625,5e-05,-7.271766662597656e-06,-0.003337182939867489,0.013330078125
,,,,,,,87,178176,389.85727243,97.96,479,371,-8.598096251487732,2764.2421875,0.2,1.0142884254455566,0.0061767884,860,1323.6427001953125,5e-05,-8.106231689453125e-06,-0.004507361387368292,0.021826171875
,,,,,,,88,180224,383.0516774900001,98.08,484,371,-8.599185562133789,2154.7689056396484,0.2,1.014575481414795,0.0061646136,870,1079.0167236328125,5e-05,-3.4809112548828125e-05,-0.004170806863112375,0.01865234375
,,,,,,,89,182272,383.25542076000005,98.86,489,372,-8.601277470588684,2727.23701171875,0.2,1.0149425268173218,0.002752677,880,1235.89306640625,5e-05,-7.867813110351562e-06,-0.0016289043705910444,0.001611328125
,,,,,,,90,184320,396.6833090799999,99.09,495,372,-8.60344202518463,2828.5143310546873,0.2,1.0153218507766724,0.0027378164,890,1436.8038330078125,5e-05,-1.239776611328125e-05,-0.002409222413552925,0.00107421875
,,,,,,,91,186368,406.57382001000013,99.82,500,372,-8.605632424354553,3694.7460693359376,0.2,1.0156587362289429,0.0026953216,900,1861.196044921875,5e-05,-1.1920928955078125e-06,-0.0020638354733819144,0.000830078125
,,,,,,,92,188416,409.2375836499999,99.4,505,372,-8.608277487754822,2862.742529296875,0.2,1.016269564628601,0.0049560373,910,1396.208984375,5e-05,7.152557373046875e-07,-0.0037726436799857765,0.008544921875
,,,,,,,93,190464,411.70323003,99.01,510,372,-8.610985493659973,2847.5254516601562,0.2,1.0164930820465088,0.0012208042,920,1366.9453125,5e-05,4.935264587402344e-05,-0.001537948043551296,0.0
,,,,,,,94,192512,405.06355876000003,98.23,515,373,-8.61084258556366,2708.427838134766,0.2,1.0161970853805542,0.0025293715,930,1276.9139404296875,5e-05,2.294778823852539e-05,-0.0020481472805840895,0.001025390625
,,,,,,,95,194560,391.92935588999995,96.74,521,373,-8.61030547618866,2976.3289184570312,0.2,1.016525149345398,0.0039167544,940,1459.2266845703125,5e-05,2.0563602447509766e-05,-0.003074769687373191,0.004443359375
,,,,,,,96,196608,392.37914242999994,96.1,526,373,-8.613475656509399,3431.0397399902345,0.2,1.0171862840652466,0.006049584,950,1684.3846435546875,5e-05,-5.125999450683594e-06,-0.0038964658859185876,0.024755859375
,,,,,,,97,198656,404.62704692000005,96.88,531,373,-8.616580629348755,3257.5535583496094,0.2,1.0175034999847412,0.0050150054,960,1628.3836669921875,5e-05,-3.337860107421875e-06,-0.004643828692496754,0.01572265625
,,,,,,,98,200704,412.72624964999994,97.53,536,373,-8.618159747123718,3253.2939453125,0.2,1.0177470445632935,0.007829561,970,1587.1724853515625,5e-05,1.5020370483398438e-05,-0.006258645938942209,0.0271484375
,,,,,,,99,202752,411.34254460000005,97.72,541,374,-8.618676042556762,3130.401892089844,0.2,1.0176851749420166,0.0050026206,980,1511.766357421875,5e-05,-9.655952453613281e-06,-0.00413584143971093,0.0162109375
,,,,,,,100,204800,417.38130853000007,98.6,546,374,-8.618220257759095,2797.281072998047,0.2,1.0175896883010864,0.004746286,990,1357.771484375,5e-05,-4.172325134277344e-06,-0.0036131975357420743,0.0080078125
,,,,,,,101,206848,413.75323122000003,98.03,551,374,-8.618332457542419,3282.0614624023438,0.2,1.0178165435791016,0.0041782884,1000,1642.530517578125,5e-05,3.159046173095703e-06,-0.002538961503887549,0.00517578125
,,,,,,,102,208896,410.66600912000007,97.92,557,374,-8.620898270606995,3590.793243408203,0.2,1.0184721946716309,0.0027003707,1010,1692.2861328125,5e-05,1.9073486328125e-06,-0.0016189538990147411,0.000927734375
,,,,,,,103,210944,403.57713949,97.62,562,375,-8.624858808517455,2965.765240478516,0.2,1.019095778465271,0.0050164806,1020,1422.697998046875,5e-05,-1.1086463928222656e-05,-0.003969823510851711,0.020068359375
,,,,,,,104,212992,395.9182090900001,97.47,567,375,-8.627798318862915,2863.7280517578124,0.2,1.0194469690322876,0.0028649955,1030,1428.0706787109375,5e-05,-1.4066696166992188e-05,-0.002158029132988304,0.0048828125
,,,,,,,105,215040,400.87097929,98.27,572,375,-8.630166625976562,2059.1054595947267,0.2,1.0199798345565796,0.0061082756,1040,1009.1371459960938,5e-05,5.185604095458984e-06,-0.00475934112619143,0.014599609375
,,,,,,,106,217088,399.12276089,98.96,577,375,-8.63320083618164,3551.7220947265623,0.2,1.020412802696228,0.0035947268,1050,1668.9288330078125,5e-05,-1.0728836059570312e-06,-0.0022623053926508875,0.00302734375
,,,,,,,107,219136,405.81363922000014,99.19,582,376,-8.634998512268066,2511.160852050781,0.2,1.0206072330474854,0.0041511306,1060,1226.9495849609375,5e-05,-1.0013580322265625e-05,-0.002551701059564948,0.008447265625
,,,,,,,108,221184,408.9619281200001,99.25,587,376,-8.635928225517272,3220.9639892578125,0.2,1.0207339525222778,0.0045973123,1070,1627.4918212890625,5e-05,1.0788440704345703e-05,-0.0032510947552509607,0.01142578125
,,,,,,,109,223232,419.99923787000006,99.5,593,376,-8.636059021949768,3002.6875610351562,0.2,1.02064049243927,0.0035834233,1080,1513.89453125,5e-05,1.4126300811767578e-05,-0.0038162983022630216,0.003466796875
,,,,,,,110,225280,417.09478975999997,98.82,598,376,-8.63595507144928,2839.10263671875,0.2,1.0207725763320923,0.00289847,1090,1443.9241943359375,5e-05,-1.5497207641601562e-06,-0.0019889994990080597,0.002392578125
,,,,,,,111,227328,421.36536880000006,98.89,603,376,-8.63623948097229,3219.4702026367186,0.2,1.0206364393234253,0.0028025517,1100,1577.3619384765625,5e-05,5.066394805908203e-06,-0.002357283321907744,0.001611328125
,,,,,,,112,229376,414.76507927000006,98.08,608,376,-8.635198760032655,2747.7625366210937,0.2,1.0204802751541138,0.0049785017,1110,1361.061279296875,5e-05,3.0994415283203125e-06,-0.0034428598009981215,0.011328125
,,,,,,,113,231424,416.95337313999994,98.15,613,377,-8.634402894973755,3217.114337158203,0.2,1.0203622579574585,0.00481134,1120,1515.5103759765625,5e-05,-1.0251998901367188e-05,-0.0035982909786980597,0.011865234375
,,,,,,,114,233472,422.9178819300001,97.87,618,377,-8.633796286582946,3427.6315185546873,0.2,1.0202627182006836,0.0027780798,1130,1548.8817138671875,5e-05,1.537799835205078e-05,-0.002007546878303401,0.00185546875
,,,,,,,115,235520,426.59034673,98.55,623,377,-8.634135127067566,3488.94150390625,0.2,1.020559549331665,0.00385079,1140,1840.36328125,5e-05,7.212162017822266e-06,-0.0022795286116888747,0.00361328125
,,,,,,,116,237568,420.83745990999995,98.21,629,377,-8.635519123077392,2855.1104064941405,0.2,1.0206027030944824,0.0071778884,1150,1454.4959716796875,5e-05,-1.0848045349121094e-05,-0.004536958324024454,0.01826171875
,,,,,,,117,239616,422.58292564999994,98.5,634,377,-8.636358332633971,2748.0917358398438,0.2,1.0209482908248901,0.005472394,1160,1427.9173583984375,5e-05,-2.1457672119140625e-06,-0.003918588859960437,0.01279296875
,,,,,,,118,241664,420.60654173,98.22,639,377,-8.638029098510742,3312.937774658203,0.2,1.021090030670166,0.0027282406,1170,1715.681884765625,5e-05,2.9802322387695312e-06,-0.0027110285765957086,0.001318359375
,,,,,,,119,243712,416.62168905000004,98.55,644,378,-8.638785076141357,2889.537249755859,0.2,1.0212616920471191,0.003371812,1180,1428.5550537109375,5e-05,4.172325134277344e-07,-0.002079305303050205,0.00380859375
,,,,,,,120,245760,417.76890329,98.4,649,378,-8.640275812149047,3050.714031982422,0.2,1.0216264724731445,0.0062933606,1190,1448.038818359375,5e-05,1.0132789611816406e-06,-0.004903127159923315,0.01416015625
,,,,,,,121,247808,415.87697199,97.89,654,378,-8.642872190475464,2949.5517150878904,0.2,1.0221285820007324,0.0015829948,1200,1468.5511474609375,5e-05,7.987022399902344e-06,-0.001267230336088687,0.0001953125
,,,,,,,122,249856,418.35178439000003,97.77,659,378,-8.646346640586852,2986.6066040039063,0.2,1.022874116897583,0.0024804305,1210,1397.062744140625,5e-05,7.152557373046875e-07,-0.0018888320191763341,0.001025390625
,,,,,,,123,251904,422.63781903,98.24,664,378,-8.649549460411071,3355.7747497558594,0.2,1.0230916738510132,0.005489453,1220,1692.2259521484375,5e-05,-6.079673767089844e-06,-0.006043854908784852,0.019677734375
,,,,,,,124,253952,418.92933856999997,97.29,670,378,-8.649839949607848,2917.452258300781,0.2,1.0230047702789307,0.008046665,1230,1406.739013671875,5e-05,-7.033348083496094e-06,-0.00618889182806015,0.0310546875
,,,,,,,125,256000,425.4492745799999,97.7,675,379,-8.649750638008118,3068.6162658691405,0.2,1.0231468677520752,0.0017627646,1240,1517.9803466796875,5e-05,1.621246337890625e-05,-0.0017525169299915434,0.000244140625
,,,,,,,126,258048,426.13489546999995,97.83,680,379,-8.651714873313903,3184.8985595703125,0.2,1.0236819982528687,0.002995957,1250,1545.1727294921875,5e-05,4.231929779052734e-06,-0.002820560126565397,0.004052734375
,,,,,,,127,260096,430.94387076000004,98.55,685,379,-8.654623079299927,3219.346710205078,0.2,1.0240496397018433,0.00637679,1260,1637.26318359375,5e-05,-3.5762786865234375e-06,-0.005983604863286018,0.015771484375
,,,,,,,128,262144,412.76800923999997,96.86,691,379,-8.655753207206725,3205.2109191894533,0.2,1.024049997329712,0.0038398083,1270,1603.9354248046875,5e-05,-5.960464477539062e-07,-0.0024090949271339925,0.0046875
,,,,,,,129,264192,418.7620863500001,97.17,696,379,-8.654821538925171,3229.822650146484,0.2,1.0238361358642578,0.010035003,1280,1729.906982421875,5e-05,-3.337860107421875e-06,-0.007126555091235787,0.04248046875
,,,,,,,130,266240,413.04195738000004,96.72,701,379,-8.65407109260559,3303.0934448242188,0.2,1.0237520933151245,0.0052568065,1290,1651.8212890625,5e-05,5.662441253662109e-06,-0.004032643197569996,0.00859375
,,,,,,,131,268288,410.30437027999994,96.43,706,379,-8.65459053516388,2895.7089233398438,0.2,1.0241508483886719,0.0042533637,1300,1416.3514404296875,5e-05,1.1265277862548828e-05,-0.00291812321083853,0.00771484375
,,,,,,,132,270336,410.28700201999993,97.06,712,379,-8.65694682598114,3234.2433898925783,0.2,1.0244224071502686,0.0066323658,1310,1476.02294921875,5e-05,1.5437602996826172e-05,-0.004763944432488643,0.019140625
,,,,,,,133,272384,414.62974292000007,97.2,717,379,-8.658465337753295,3010.88056640625,0.2,1.02473783493042,0.0015784963,1320,1444.89599609375,5e-05,6.735324859619141e-06,-0.0016598727786913514,0.00107421875
,,,,,,,134,274432,406.66941411,97.43,722,379,-8.660247659683227,3060.3095581054686,0.2,1.0250096321105957,0.004109276,1330,1539.210693359375,5e-05,2.1457672119140625e-05,-0.0033518438765895555,0.00400390625
,,,,,,,135,276480,409.84910319999994,97.89,727,379,-8.662299275398254,2547.117401123047,0.2,1.0255086421966553,0.0045657316,1340,1286.0406494140625,5e-05,2.2530555725097656e-05,-0.0036337709665531293,0.017529296875
,,,,,,,136,278528,412.96251788999996,98.61,733,379,-8.664131617546081,2587.9945739746095,0.2,1.0254859924316406,0.0016569389,1350,1285.8214111328125,5e-05,3.737211227416992e-05,-0.0011679864779580384,0.000390625
,,,,,,,137,280576,414.56359721,98.56,738,380,-8.663431930541993,2619.3264099121093,0.2,1.0253947973251343,0.006037507,1360,1293.4736328125,5e-05,2.0205974578857422e-05,-0.005193245952250436,0.01640625
,,,,,,,138,282624,420.72337193,99.09,743,380,-8.663673520088196,3219.1664184570313,0.2,1.025562047958374,0.00405363,1370,1706.0875244140625,5e-05,1.2159347534179688e-05,-0.0034109188884031026,0.004736328125
,,,,,,,139,284672,430.44751203,99.54,748,380,-8.665032482147216,3096.8413269042967,0.2,1.0258527994155884,0.004072524,1380,1505.7850341796875,5e-05,2.4318695068359375e-05,-0.00326256436528638,0.005322265625
,,,,,,,140,286720,430.0970000600001,99.15,753,380,-8.666357946395873,2858.639794921875,0.2,1.0259579420089722,0.0037357742,1390,1424.29150390625,5e-05,6.496906280517578e-06,-0.003195709432475269,0.004736328125
,,,,,,,141,288768,427.15649972999995,99.15,758,380,-8.666017961502074,2757.233123779297,0.2,1.0257474184036255,0.0046279617,1400,1354.2548828125,5e-05,3.2782554626464844e-06,-0.003868357778992504,0.009326171875
,,,,,,,142,290816,431.96409205,99.59,763,380,-8.665913391113282,2674.0379943847656,0.2,1.0260124206542969,0.0033238234,1410,1344.827880859375,5e-05,1.1920928955078125e-06,-0.0034851791453547774,0.010302734375
,,,,,,,143,292864,430.0574649000001,99.29,768,380,-8.668562293052673,2842.5967712402344,0.2,1.0266292095184326,0.002533577,1420,1408.625732421875,5e-05,4.172325134277344e-07,-0.001479890802875161,0.001318359375
,,,,,,,144,294912,431.8543923600001,99.24,773,381,-8.671483755111694,3274.913262939453,0.2,1.0269283056259155,0.0037706757,1430,1608.6190185546875,5e-05,-2.384185791015625e-07,-0.002944046090124175,0.004638671875
,,,,,,,145,296960,432.67006444,99.18,778,381,-8.673365426063537,3089.1756103515627,0.2,1.0273839235305786,0.003847699,1440,1490.0987548828125,5e-05,-1.7881393432617188e-06,-0.003296146693173796,0.00458984375
,,,,,,,146,299008,429.61296374,98.75,783,381,-8.676592063903808,3346.963055419922,0.2,1.0279903411865234,0.004422717,1450,1693.6300048828125,5e-05,6.258487701416016e-06,-0.003049761732108891,0.00791015625
,,,,,,,147,301056,429.3169312999999,98.67,789,381,-8.679714465141297,3036.0116333007813,0.2,1.0284326076507568,0.0040808665,1460,1485.16015625,5e-05,-4.76837158203125e-07,-0.003561862718197517,0.00654296875
,,,,,,,148,303104,421.46200105,97.69,794,381,-8.681572556495667,2796.6576416015623,0.2,1.028591275215149,0.0074881334,1470,1365.279052734375,5e-05,8.821487426757812e-06,-0.004991343902656808,0.02568359375
,,,,,,,149,305152,416.96851548,97.67,799,381,-8.682016110420227,3472.4838256835938,0.2,1.028649926185608,0.0064402255,1480,1739.1541748046875,5e-05,-3.5762786865234375e-07,-0.003991776873590425,0.02197265625
,,,,,,,150,307200,423.8776512900001,97.91,804,381,-8.683825755119324,3052.508337402344,0.2,1.0292952060699463,0.0053026034,1490,1491.667236328125,5e-05,-1.0728836059570312e-06,-0.004051058914046735,0.011328125
,,,,,,,151,309248,427.1157477800001,98.38,809,381,-8.686218523979187,2942.1252014160154,0.2,1.0293067693710327,0.0029730322,1500,1475.1702880859375,5e-05,3.0994415283203125e-06,-0.004025591563549824,0.00673828125
,,,,,,,152,311296,430.39120841,98.43,814,381,-8.686073040962219,3002.782189941406,0.2,1.029403567314148,0.0025585394,1510,1567.1170654296875,5e-05,8.463859558105469e-06,-0.002228573843603954,0.0009765625
,,,,,,,153,313344,437.48091500999993,99.18,820,382,-8.686952376365662,3844.130584716797,0.2,1.0296204090118408,0.004575587,1520,2051.881103515625,5e-05,4.887580871582031e-06,-0.004119231115328148,0.011083984375
,,,,,,,154,315392,436.91920694,98.99,825,382,-8.687532210350037,3042.5984741210937,0.2,1.0294779539108276,0.0055787624,1530,1493.7259521484375,5e-05,3.6954879760742188e-06,-0.004363516402372624,0.017578125
,,,,,,,155,317440,430.51060146000003,97.89,830,382,-8.687185716629028,2887.559033203125,0.2,1.0296976566314697,0.0023854664,1540,1414.4239501953125,5e-05,1.6748905181884766e-05,-0.0013701981093618087,0.00087890625
,,,,,,,156,319488,431.02760961000007,97.64,835,382,-8.688430047035217,3273.9292419433596,0.2,1.029789924621582,0.008010095,1550,1577.48486328125,5e-05,1.9669532775878906e-06,-0.004903660682612099,0.0345703125
,,,,,,,157,321536,426.28649855,97.64,841,382,-8.688660645484925,2910.4710327148437,0.2,1.029786467552185,0.0042496393,1560,1440.4317626953125,5e-05,1.2099742889404297e-05,-0.0031707099464256317,0.004638671875
,,,,,,,158,323584,427.73256530000003,97.41,846,382,-8.687836909294129,2724.0398071289064,0.2,1.029505729675293,0.0036658533,1570,1340.5545654296875,5e-05,7.569789886474609e-06,-0.003387784259393811,0.003271484375
,,,,,,,159,325632,429.53001979,97.83,851,382,-8.686798405647277,3143.2531799316407,0.2,1.0295301675796509,0.003405877,1580,1540.941162109375,5e-05,5.304813385009766e-06,-0.0017999648116528988,0.0021484375
,,,,,,,160,327680,427.55018103000003,98.49,856,382,-8.687442564964295,2794.248406982422,0.2,1.029709815979004,0.0055294503,1590,1498.3360595703125,5e-05,7.867813110351562e-06,-0.0037120213091839105,0.010986328125
,,,,,,,161,329728,426.64736766999994,98.46,862,382,-8.688821601867676,2527.9574584960938,0.2,1.029999852180481,0.002556417,1600,1311.107421875,5e-05,9.47713851928711e-06,-0.0023084431479219346,0.002099609375
,,,,,,,162,331776,415.0784369199999,98.38,867,382,-8.690520286560059,2563.9926025390623,0.2,1.0302826166152954,0.0037467985,1610,1215.314208984375,5e-05,-1.1920928955078125e-07,-0.002886213539750315,0.00654296875
,,,,,,,163,333824,416.36863411999997,98.8,871,382,-8.692201113700866,2234.32119140625,0.2,1.0306452512741089,0.0062180785,1620,1189.5228271484375,5e-05,5.543231964111328e-06,-0.006106590351555497,0.03134765625
,,,,,,,164,335872,421.38974954,98.59,877,382,-8.692833185195923,2598.208947753906,0.2,1.0303733348846436,0.0016122422,1630,1351.4139404296875,5e-05,1.4603137969970703e-05,-0.0012746082502417266,0.000146484375
,,,,,,,165,337920,429.95618532000003,98.81,882,383,-8.691581296920777,3962.519696044922,0.2,1.0304368734359741,0.0035907854,1640,2034.4384765625,5e-05,1.7881393432617188e-06,-0.0033178339013829826,0.005712890625
,,,,,,,166,339968,433.8122346,99.2,887,383,-8.69301359653473,3427.88115234375,0.2,1.0307857990264893,0.0013426256,1650,1715.1397705078125,5e-05,2.86102294921875e-06,-0.0012851705672801473,0.00029296875
,,,,,,,167,342016,438.1849137499999,98.82,892,383,-8.693891716003417,2770.3149841308596,0.2,1.0306615829467773,0.005308284,1660,1410.46923828125,5e-05,-4.76837158203125e-07,-0.003496140771312639,0.014111328125
,,,,,,,168,344064,436.63848843,98.82,897,383,-8.693509960174561,2634.7996337890627,0.2,1.0307642221450806,0.0032912344,1670,1319.7919921875,5e-05,4.76837158203125e-07,-0.0027250707149505614,0.006201171875
,,,,,,,169,346112,438.8386064500001,99.17,902,383,-8.69491195678711,2553.8501892089844,0.2,1.0310922861099243,0.005795067,1680,1243.983642578125,5e-05,8.344650268554688e-06,-0.0036981484154239297,0.0154296875
,,,,,,,170,348160,438.23991748000003,99.15,908,383,-8.696447825431823,3152.484649658203,0.2,1.0313059091567993,0.002524403,1690,1632.483642578125,5e-05,3.2186508178710938e-06,-0.0013443229719996453,0.001025390625
,,,,,,,171,350208,439.70353305,99.12,913,383,-8.697415590286255,2916.312109375,0.2,1.0313953161239624,0.0040426394,1700,1516.776123046875,5e-05,4.589557647705078e-06,-0.002714560169260949,0.005126953125
,,,,,,,172,352256,432.53820725,98.56,918,383,-8.698750472068786,2903.160754394531,0.2,1.0318822860717773,0.0038258228,1710,1435.8646240234375,5e-05,3.039836883544922e-06,-0.00254496987327002,0.003955078125
,,,,,,,173,354304,441.49865812,98.56,923,383,-8.70110080242157,2624.427813720703,0.2,1.0320719480514526,0.0047178064,1720,1276.732421875,5e-05,5.364418029785156e-07,-0.0027762200334109366,0.009228515625
,,,,,,,174,356352,440.8054518999999,98.51,928,383,-8.702137327194214,3253.862371826172,0.2,1.032339334487915,0.008416221,1730,1647.42578125,5e-05,2.7418136596679688e-06,-0.006251613836502657,0.057177734375
,,,,,,,175,358400,435.47808682999994,97.56,933,383,-8.703165292739868,2947.3830139160154,0.2,1.0323891639709473,0.0018452536,1740,1424.9224853515625,5e-05,-1.430511474609375e-06,-0.0009652120585087687,0.000244140625
,,,,,,,176,360448,435.33584371999996,96.83,938,383,-8.703343749046326,3063.6031860351563,0.2,1.0324691534042358,0.00245565,1750,1509.1649169921875,5e-05,1.1920928955078125e-07,-0.0013421135314274578,0.0005859375
,,,,,,,177,362496,437.75979500999995,97.39,943,384,-8.704924058914184,3071.6003967285155,0.2,1.0329831838607788,0.0066148816,1760,1506.65234375,5e-05,-2.5033950805664062e-06,-0.005862972486647777,0.021142578125
,,,,,,,178,364544,435.92648813,97.06,948,384,-8.70729329586029,2555.1215576171876,0.2,1.0331056118011475,0.008124787,1770,1312.749267578125,5e-05,1.7881393432617188e-07,-0.005558089463738725,0.037841796875
,,,,,,,179,366592,434.80253732000006,97.08,953,384,-8.707641243934631,3123.9085998535156,0.2,1.0332320928573608,0.0037875199,1780,1473.4227294921875,5e-05,-2.384185791015625e-07,-0.0027068911178503184,0.004052734375
,,,,,,,180,368640,445.31777155,98.59,959,384,-8.708142232894897,2835.2927795410155,0.2,1.03325355052948,0.0019824808,1790,1360.981201171875,5e-05,-1.6689300537109375e-06,-0.001326603803317994,0.000927734375
,,,,,,,181,370688,443.04242305,98.53,964,384,-8.70805802345276,3315.7832153320314,0.2,1.0332379341125488,0.0020133797,1800,1650.1163330078125,5e-05,3.5762786865234375e-07,-0.0013031067792326212,9.765625e-05
,,,,,,,182,372736,445.3771318900001,98.55,969,384,-8.707791733741761,2932.798547363281,0.2,1.0331425666809082,0.0075322785,1810,1386.51416015625,5e-05,-1.7881393432617188e-06,-0.004663846746552736,0.031396484375
,,,,,,,183,374784,443.39230785,97.64,974,384,-8.708839702606202,2743.154992675781,0.2,1.0337225198745728,0.0018429827,1820,1385.9039306640625,5e-05,-2.1457672119140625e-06,-0.0017548578267451375,0.000390625
,,,,,,,184,376832,448.41313582000004,97.77,979,384,-8.711397314071656,3914.432861328125,0.2,1.033813714981079,0.001619627,1830,1912.186279296875,5e-05,-1.1920928955078125e-06,-0.0032594839547527956,0.005908203125
,,,,,,,185,378880,446.82599973000004,98.42,984,384,-8.71136178970337,2995.40244140625,0.2,1.0337936878204346,0.0028466643,1840,1524.218994140625,5e-05,-2.6226043701171875e-06,-0.0027357611164916308,0.001171875
,,,,,,,186,380928,452.55624043000006,98.72,989,384,-8.71160123348236,2491.2771606445312,0.2,1.0339806079864502,0.0025719118,1850,1236.1163330078125,5e-05,-2.9802322387695312e-06,-0.0024563513987232,0.0017578125
,,,,,,,187,382976,454.3170331200001,98.08,994,385,-8.713320636749268,3077.8640869140627,0.2,1.0343246459960938,0.0025136895,1860,1547.240234375,5e-05,-1.0728836059570312e-06,-0.0036255830666050313,0.00400390625
,,,,,,,188,385024,452.90350519,98.93,999,385,-8.715099191665649,3409.0673095703123,0.2,1.0346077680587769,0.004456722,1870,1712.19140625,5e-05,-1.0728836059570312e-06,-0.0033955481951124964,0.0087890625
,,,,,,,189,387072,450.8242243100001,98.93,1004,385,-8.71726884841919,2848.41494140625,0.2,1.0350947380065918,0.0044766357,1880,1355.225341796875,5e-05,-1.430511474609375e-06,-0.003351234516594559,0.00693359375
,,,,,,,190,389120,450.90244118000004,98.39,1009,385,-8.718554759025574,2750.114849853516,0.2,1.034942388534546,0.0039494787,1890,1393.2271728515625,5e-05,-1.3113021850585938e-06,-0.0027379710401874034,0.0060546875
,,,,,,,191,391168,454.40296083,98.79,1014,385,-8.718383812904358,2886.3799072265624,0.2,1.0352321863174438,0.0055167535,1900,1480.1796875,5e-05,-9.5367431640625e-07,-0.0043324152793502435,0.0134765625
,,,,,,,192,393216,459.59517746,99.03,1020,385,-8.718725442886353,3036.7074279785156,0.2,1.0348454713821411,0.0034751883,1910,1561.758544921875,5e-05,7.748603820800781e-07,-0.002024032914778218,0.00400390625
,,,,,,,193,395264,460.27378405999997,99.03,1025,385,-8.716361117362975,3421.4874877929688,0.2,1.0346451997756958,0.0044481936,1920,1678.3441162109375,5e-05,-7.152557373046875e-07,-0.005857686349190772,0.010302734375
,,,,,,,194,397312,459.37274184999995,99.03,1030,385,-8.71693434715271,2783.3160034179687,0.2,1.0349860191345215,0.0015178449,1930,1385.4136962890625,5e-05,2.6226043701171875e-06,-0.0013081031851470471,0.000341796875
,,,,,,,195,399360,462.74742088,99.57,1035,385,-8.718556332588197,2651.586004638672,0.2,1.0351239442825317,0.0042399643,1940,1322.9451904296875,5e-05,1.6689300537109375e-06,-0.0026699269190430643,0.006640625
,,,,,,,196,401408,451.87696987000004,98.8,1040,385,-8.719884443283082,2655.7872985839845,0.2,1.0356025695800781,0.0021966635,1950,1268.3316650390625,5e-05,-1.1920928955078125e-07,-0.0016461959108710288,0.000927734375
,,,,,,,197,403456,446.76582214,99.14,1045,385,-8.723348236083984,2761.936877441406,0.2,1.0363086462020874,0.0015807798,1960,1340.01416015625,5e-05,1.6093254089355469e-06,-0.0031329104909673332,0.000830078125
,,,,,,,198,405504,446.81527742,99.14,1050,385,-8.7265775680542,2782.115557861328,0.2,1.036597728729248,0.0073381923,1970,1288.7293701171875,5e-05,2.562999725341797e-06,-0.0043336429167538885,0.03193359375
,,,,,,,199,407552,447.82814999999994,99.14,1055,385,-8.727954292297364,2865.80439453125,0.2,1.036864161491394,0.0035482089,1980,1413.2603759765625,5e-05,5.0067901611328125e-06,-0.002384609094588086,0.003564453125
,,,,,,,200,409600,449.11113823,98.47,1061,386,-8.730178785324096,2878.105157470703,0.2,1.0374058485031128,0.0023171287,1990,1422.7000732421875,5e-05,2.8014183044433594e-06,-0.00199477284331806,0.001123046875
,,,,,,,201,411648,456.37007302,99.24,1066,386,-8.732430982589722,3247.828967285156,0.2,1.0375062227249146,0.0032612015,2000,1461.8076171875,5e-05,0.0,-0.0024783598026260735,0.002001953125
,,,,,,,202,413696,461.25139482,98.91,1071,386,-8.733031606674194,2588.63330078125,0.2,1.0376986265182495,0.0023204023,2010,1223.0244140625,5e-05,4.5299530029296875e-06,-0.0017063641280401498,0.00029296875
,,,,,,,203,415744,463.18260254999996,98.91,1076,386,-8.73345239162445,3029.203228759766,0.2,1.0376266241073608,0.0031967273,2020,1524.1510009765625,5e-05,1.1324882507324219e-06,-0.003698583197547123,0.011572265625
,,,,,,,204,417792,458.63871707,98.3,1082,386,-8.733454918861389,3078.681359863281,0.2,1.0377134084701538,0.004815079,2030,1528.0223388671875,5e-05,1.9669532775878906e-06,-0.0030132189160212873,0.0087890625
,,,,,,,205,419840,462.3239898300001,98.97,1087,386,-8.734768533706665,2895.0409545898438,0.2,1.0381584167480469,0.0050262497,2040,1504.43994140625,5e-05,3.039836883544922e-06,-0.003273258433910087,0.009423828125
,,,,,,,206,421888,459.5154007699999,98.86,1092,386,-8.737151312828065,2695.7211303710938,0.2,1.0384411811828613,0.0038264534,2050,1337.845947265625,5e-05,4.291534423828125e-06,-0.002835949318250641,0.005029296875
,,,,,,,207,423936,454.49599884,98.12,1098,386,-8.738504648208618,2772.868621826172,0.2,1.0386852025985718,0.0054048942,2060,1398.4947509765625,5e-05,0.0,-0.0038497382745845245,0.01162109375
,,,,,,,208,425984,454.1072468499999,97.87,1103,386,-8.739843201637267,3294.271856689453,0.2,1.0389292240142822,0.008955946,2070,1550.379638671875,5e-05,2.562999725341797e-06,-0.00529132021474652,0.041259765625
,,,,,,,209,428032,456.54290110000017,98.17,1108,386,-8.741329407691955,3406.7339294433596,0.2,1.039218783378601,0.00197936,2080,1725.76171875,5e-05,7.748603820800781e-07,-0.0015506345429457725,0.001171875
,,,,,,,210,430080,458.60764,98.17,1113,386,-8.742052364349366,3302.5993591308593,0.2,1.0390775203704834,0.0054071327,2090,1806.5137939453125,5e-05,1.9073486328125e-06,-0.0032949880114756525,0.0181640625
,,,,,,,211,432128,462.0398479399999,98.18,1118,386,-8.740753316879273,3054.28349609375,0.2,1.0388290882110596,0.005458585,2100,1642.1419677734375,5e-05,1.9073486328125e-06,-0.002419263470801525,0.013232421875
,,,,,,,212,434176,463.60642696999986,99.12,1123,386,-8.740505790710449,3670.6660339355467,0.2,1.0391243696212769,0.0016612632,2110,1668.0699462890625,5e-05,1.9669532775878906e-06,-0.0015574897755868734,0.0
,,,,,,,213,436224,456.9531433900001,98.85,1129,386,-8.742171382904052,2788.601916503906,0.2,1.0392245054244995,0.0076497467,2120,1390.8406982421875,5e-05,-5.960464477539062e-07,-0.003953798400470987,0.025
,,,,,,,214,438272,464.36201612000013,99.01,1134,386,-8.743075275421143,2700.1667663574217,0.2,1.0395971536636353,0.00321785,2130,1367.4725341796875,5e-05,-7.152557373046875e-07,-0.002262055827304721,0.00244140625
,,,,,,,215,440320,462.2369068699999,99.01,1139,386,-8.74386625289917,3304.5161010742186,0.2,1.0393298864364624,0.004936409,2140,1664.0477294921875,5e-05,9.5367431640625e-07,-0.003024060869938694,0.010400390625
,,,,,,,216,442368,455.24025631000006,98.25,1145,386,-8.742961525917053,2942.819958496094,0.2,1.0394521951675415,0.0051696757,2150,1551.6434326171875,5e-05,2.86102294921875e-06,-0.0033266845799516886,0.008935546875
,,,,,,,217,444416,449.20766131000005,97.22,1150,386,-8.743475461006165,3502.3203002929686,0.2,1.0394407510757446,0.005284045,2160,1808.87841796875,5e-05,1.7881393432617188e-06,-0.0049050499190343546,0.0244140625
,,,,,,,218,446464,444.55845070000004,97.17,1155,386,-8.743221473693847,2597.700128173828,0.2,1.0394114255905151,0.0055576563,2170,1304.2938232421875,5e-05,9.5367431640625e-07,-0.003455060441046953,0.01162109375
,,,,,,,219,448512,438.21011356,96.95,1160,386,-8.744579362869263,2568.3148498535156,0.2,1.0400182008743286,0.0050451416,2180,1224.5430908203125,5e-05,8.344650268554688e-07,-0.0042442514328286055,0.01357421875
,,,,,,,220,450560,442.19908068999996,97.42,1165,386,-8.748312520980836,2774.220330810547,0.2,1.0405864715576172,0.0038076038,2190,1344.947265625,5e-05,4.76837158203125e-07,-0.002902220084797591,0.005078125
,,,,,,,221,452608,446.8224026500001,98.47,1170,386,-8.750880980491639,2767.9760192871095,0.2,1.0408927202224731,0.002918744,2200,1391.8045654296875,5e-05,-1.0728836059570312e-06,-0.0021930397546384484,0.0015625
,,,,,,,222,454656,455.02060269000003,99.19,1175,386,-8.752528882026672,2504.809014892578,0.2,1.0412025451660156,0.004495587,2210,1190.959716796875,5e-05,3.039836883544922e-06,-0.0030552182375686242,0.00966796875
,,,,,,,223,456704,458.0115404,99.44,1180,386,-8.753101372718811,2711.9122680664063,0.2,1.0410202741622925,0.0019404634,2220,1303.5081787109375,5e-05,1.7881393432617188e-07,-0.0015654416638426483,0.0005859375
,,,,,,,224,458752,462.04918022,99.66,1185,386,-8.752907204627991,2732.650811767578,0.2,1.0413126945495605,0.0023301002,2230,1314.943359375,5e-05,-1.0728836059570312e-06,-0.0026048215047921987,0.003955078125
,,,,,,,225,460800,466.83901693,99.7,1190,386,-8.754182720184327,2678.413134765625,0.2,1.0413075685501099,0.0019781976,2240,1333.1785888671875,5e-05,1.7881393432617188e-07,-0.0010461587691679597,0.000390625
,,,,,,,226,462848,466.35371974999987,98.07,1196,386,-8.7546147108078,2781.30087890625,0.2,1.0416303873062134,0.0055799214,2250,1391.5184326171875,5e-05,1.8477439880371094e-06,-0.004308059549657628,0.014501953125
,,,,,,,227,464896,465.52463040999993,97.98,1201,386,-8.756853985786439,4061.615344238281,0.2,1.0420747995376587,0.011577096,2260,1807.7738037109375,5e-05,-1.1920928955078125e-07,-0.009732411499135197,0.09794921875
,,,,,,,228,466944,458.13731672,96.78,1206,387,-8.758242583274841,2933.135528564453,0.2,1.0419965982437134,0.0054482827,2270,1430.0421142578125,5e-05,-1.430511474609375e-06,-0.003853081112902146,0.012109375
,,,,,,,229,468992,455.33329159,96.78,1211,387,-8.75772566795349,3008.087567138672,0.2,1.0420598983764648,0.010414638,2280,1453.509521484375,5e-05,5.960464477539062e-07,-0.008053733583074063,0.081298828125
,,,,,,,230,471040,453.0744565,97.11,1216,387,-8.758087038993835,2623.482861328125,0.2,1.041965365409851,0.005728434,2290,1280.2725830078125,5e-05,2.562999725341797e-06,-0.003161789523437619,0.02177734375
,,,,,,,231,473088,457.17740718999994,98.23,1222,387,-8.757967233657837,2351.1454467773438,0.2,1.0421940088272095,0.0030236607,2300,1209.9378662109375,5e-05,1.9669532775878906e-06,-0.0020148015522863717,0.003955078125
,,,,,,,232,475136,450.53208388999997,98.23,1227,387,-8.759652042388916,2901.8608825683596,0.2,1.0424884557724,0.002680146,2310,1383.88134765625,5e-05,1.0728836059570312e-06,-0.0018519373319577427,0.0009765625
,,,,,,,233,477184,459.5298971399999,99.28,1232,387,-8.7623215675354,2295.5596130371096,0.2,1.0432308912277222,0.003218322,2320,1177.1297607421875,5e-05,-2.384185791015625e-07,-0.0024662217241711915,0.003857421875
,,,,,,,234,479232,461.59599681,99.28,1238,387,-8.765222668647766,3334.013562011719,0.2,1.0432971715927124,0.006797237,2330,1678.3408203125,5e-05,1.1920928955078125e-07,-0.003928188525605947,0.03408203125
,,,,,,,235,481280,464.57557034999996,99.11,1243,387,-8.764581751823425,2602.5322448730467,0.2,1.043143630027771,0.004205247,2340,1286.6302490234375,5e-05,3.0994415283203125e-06,-0.0029775027942378074,0.007421875
,,,,,,,236,483328,463.76572199,99.68,1248,387,-8.764441418647767,2850.122869873047,0.2,1.0433225631713867,0.0058839726,2350,1423.1407470703125,5e-05,7.152557373046875e-07,-0.0028996514301979914,0.029638671875
,,,,,,,237,485376,463.86722252,99.68,1253,387,-8.766301083564759,2550.3007751464843,0.2,1.0437278747558594,0.0033251517,2360,1284.3900146484375,5e-05,1.8477439880371094e-06,-0.0021134865673957393,0.00205078125
,,,,,,,238,487424,455.02106079000004,99.83,1258,387,-8.766898608207702,2275.059442138672,0.2,1.0434179306030273,0.006382744,2370,1093.28955078125,5e-05,2.562999725341797e-06,-0.0045346291619352995,0.019140625
,,,,,,,239,489472,456.6714364400001,99.83,1263,387,-8.766153979301453,2036.17685546875,0.2,1.0436819791793823,0.004830454,2380,1016.0685424804688,5e-05,2.5033950805664062e-06,-0.0027543894218979405,0.00859375
,,,,,,,240,491520,459.03175777,99.85,1269,387,-8.76798768043518,2745.0787841796873,0.2,1.043938159942627,0.006802059,2390,1365.869384765625,5e-05,5.960464477539063e-08,-0.0038912916788831353,0.024462890625
,,,,,,,241,493568,462.72956533,99.85,1274,387,-8.7692476272583,2916.125695800781,0.2,1.0442129373550415,0.0044078794,2400,1411.7486572265625,5e-05,-7.152557373046875e-07,-0.004508445435203612,0.01962890625
,,,,,,,242,495616,465.93301051,99.85,1279,387,-8.769599342346192,2592.074462890625,0.2,1.0439167022705078,0.0023384378,2410,1318.2493896484375,5e-05,-1.1920928955078125e-07,-0.001913476744084619,0.000244140625
,,,,,,,243,497664,480.70058705,99.85,1284,387,-8.768463397026062,2550.7976013183593,0.2,1.0440078973770142,0.0030591092,2420,1272.4158935546875,5e-05,0.0,-0.002026712772203609,0.001220703125
,,,,,,,244,499712,474.8148718999999,99.74,1289,387,-8.769671964645386,3245.7335205078125,0.2,1.0442041158676147,0.0024197265,2430,1462.1322021484375,5e-05,5.364418029785156e-07,-0.001203554030507803,0.001171875
,,,,,,,245,501760,470.4909892900001,99.87,1294,387,-8.771053051948547,2712.112335205078,0.2,1.0445482730865479,0.0020569393,2440,1221.7947998046875,5e-05,2.1457672119140625e-06,-0.0018891688610892742,0.000341796875
,,,,,,,246,503808,470.8760178999999,99.87,1299,387,-8.773890495300293,2638.128515625,0.2,1.0452262163162231,0.0038327894,2450,1337.6956787109375,5e-05,1.6093254089355469e-06,-0.003651894858921878,0.006689453125
,,,,,,,247,505856,468.3409175600001,99.66,1305,387,-8.777370882034301,2468.099224853516,0.2,1.045646071434021,0.0036304588,2460,1223.52734375,5e-05,5.245208740234375e-06,-0.0028058271971531214,0.00458984375
,,,,,,,248,507904,467.92094676,99.66,1310,387,-8.780009269714355,2778.6009826660156,0.2,1.0462726354599,0.0036787414,2470,1339.5032958984375,5e-05,1.1324882507324219e-06,-0.002214945567538962,0.0044921875
,,,,,,,249,509952,472.40492973000005,99.58,1315,387,-8.782728266716003,3091.7876892089844,0.2,1.0464555025100708,0.004415102,2480,1512.5458984375,5e-05,-1.1920928955078125e-07,-0.0030725335818715394,0.00615234375
,,,,,,,250,512000,474.18483108,99.58,1320,387,-8.78295111656189,2797.787762451172,0.2,1.04640531539917,0.0037768318,2490,1311.02685546875,5e-05,-1.0728836059570312e-06,-0.002761777967680246,0.012548828125
,,,,,,,251,514048,477.20003722999985,99.58,1325,387,-8.78321213722229,2759.390765380859,0.2,1.0466362237930298,0.0018547939,2500,1398.630859375,5e-05,-7.152557373046875e-07,-0.0015511791571043432,0.00029296875
,,,,,,,252,516096,476.19713862000003,99.79,1330,387,-8.785288977622987,2364.857080078125,0.2,1.0471022129058838,0.0035605193,2510,1156.087890625,5e-05,1.4901161193847656e-06,-0.0017180575188831427,0.00263671875
,,,,,,,253,518144,474.05264166000006,99.79,1335,387,-8.786386394500733,2488.8383850097657,0.2,1.0468896627426147,0.007722861,2520,1248.3409423828125,5e-05,0.0,-0.004428842308698222,0.0357421875
,,,,,,,254,520192,478.85168343,99.95,1340,387,-8.786047840118409,2731.0099853515626,0.2,1.047204613685608,0.004673148,2530,1295.496337890625,5e-05,-4.76837158203125e-07,-0.0028321970836259424,0.00869140625
,,,,,,,255,522240,479.05214570000004,99.3,1346,387,-8.789251279830932,3257.4314453125,0.2,1.0479512214660645,0.0035898047,2540,1523.8094482421875,5e-05,-2.384185791015625e-07,-0.0019104137434624135,0.002880859375
,,,,,,,256,524288,475.20171854999995,99.3,1351,388,-8.793313908576966,3248.583563232422,0.2,1.0485224723815918,0.0054483553,2550,1532.543212890625,5e-05,-1.1920928955078125e-07,-0.0033353244711179287,0.0173828125
,,,,,,,257,526336,474.16645925000006,99.3,1356,388,-8.79530484676361,2227.508685302734,0.2,1.048659324645996,0.004336774,2560,1078.1553955078125,5e-05,2.980232238769531e-07,-0.0018479801394278184,0.006591796875
,,,,,,,258,528384,469.76226783000004,99.3,1361,388,-8.796489667892455,2205.7549011230467,0.2,1.0490996837615967,0.005785336,2570,1049.0478515625,5e-05,4.76837158203125e-07,-0.002523387031396851,0.01484375
,,,,,,,259,530432,469.6152026100001,99.35,1366,388,-8.799219632148743,2398.1798706054688,0.2,1.0495178699493408,0.0055204923,2580,1173.1917724609375,5e-05,1.7881393432617188e-07,-0.002570994314737618,0.01884765625
,,,,,,,260,532480,470.89556667000005,99.54,1371,388,-8.802474665641785,2730.8412902832033,0.2,1.0504010915756226,0.0012658767,2590,1375.732666015625,5e-05,5.364418029785156e-07,-0.0009207707713358104,0.0
,,,,,,,261,534528,481.67209024,99.54,1376,388,-8.806142377853394,2857.8057067871096,0.2,1.0505701303482056,0.003196675,2600,1440.1773681640625,5e-05,0.0,-0.0014942128793336451,0.00224609375
,,,,,,,262,536576,476.6321241399999,99.07,1382,388,-8.806947469711304,3376.328240966797,0.2,1.0508942604064941,0.004607147,2610,1691.7518310546875,5e-05,-5.960464477539062e-07,-0.0024470210890285672,0.006640625
,,,,,,,263,538624,476.98379036,98.89,1387,388,-8.808139753341674,2605.3623779296877,0.2,1.050907850265503,0.004387821,2620,1350.978515625,5e-05,-3.5762786865234375e-07,-0.0024075351480860262,0.006298828125
,,,,,,,264,540672,474.3867959,97.99,1392,388,-8.808090758323669,2626.3954162597656,0.2,1.0509477853775024,0.0046770037,2630,1302.1070556640625,5e-05,-8.344650268554688e-07,-0.001820435668923892,0.00771484375
,,,,,,,265,542720,474.06919055,98.45,1397,388,-8.808673453330993,3545.6539001464844,0.2,1.0512114763259888,0.004377529,2640,1762.4730224609375,5e-05,-7.152557373046875e-07,-0.0051958321069832895,0.0189453125
,,,,,,,266,544768,476.21940451999996,98.46,1403,388,-8.811061716079712,2637.114697265625,0.2,1.051684021949768,0.0065663317,2650,1353.0816650390625,5e-05,-2.384185791015625e-07,-0.004578128841239959,0.03173828125
,,,,,,,267,546816,479.72562863999997,98.0,1408,388,-8.813751721382141,2901.6107543945313,0.2,1.052219271659851,0.0051979045,2660,1420.4967041015625,5e-05,-2.384185791015625e-07,-0.0026642029522918166,0.01494140625
,,,,,,,268,548864,486.92223691999993,98.18,1413,388,-8.816008901596069,3244.261572265625,0.2,1.0524269342422485,0.0071392795,2670,1313.379638671875,5e-05,-4.76837158203125e-07,-0.00610650050221011,0.01982421875
,,,,,,,269,550912,492.91119412999996,98.92,1418,388,-8.816785454750061,3109.364605712891,0.2,1.052547574043274,0.0038238985,2680,1659.7200927734375,5e-05,-1.430511474609375e-06,-0.0016198701589019038,0.003955078125
,,,,,,,270,552960,488.64986139000007,98.92,1423,388,-8.817224264144897,3630.5263854980467,0.2,1.05258309841156,0.006106502,2690,1633.468505859375,5e-05,0.0,-0.004502495528140571,0.02978515625
,,,,,,,271,555008,489.05058265,99.27,1428,388,-8.816471457481384,2185.1048217773437,0.2,1.0522505044937134,0.0037012247,2700,1055.73193359375,5e-05,-3.5762786865234375e-07,-0.0027512127096997576,0.00322265625
,,,,,,,272,557056,484.63835931999995,99.73,1434,388,-8.814543843269348,3332.5778259277345,0.2,1.051973819732666,0.0039821444,2710,1656.0474853515625,5e-05,6.556510925292969e-07,-0.0037061721726786346,0.00478515625
,,,,,,,273,559104,480.21365244000003,99.73,1439,388,-8.812500262260437,2220.216455078125,0.2,1.0514332056045532,0.006097233,2720,1113.1558837890625,5e-05,-5.960464477539062e-07,-0.0027822927106171845,0.017431640625
,,,,,,,274,561152,479.61836277999987,99.76,1444,388,-8.811118698120117,2522.0882080078127,0.2,1.0517128705978394,0.0044398485,2730,1225.8897705078125,5e-05,9.5367431640625e-07,-0.0028289593843510374,0.007958984375
,,,,,,,275,563200,481.44982866000004,99.76,1449,388,-8.812885403633118,3170.0602844238283,0.2,1.0518792867660522,0.004351343,2740,1664.1778564453125,5e-05,-5.960464477539062e-07,-0.0029996018623933197,0.005908203125
,,,,,,,276,565248,482.4282233700001,99.87,1454,388,-8.814094400405883,2416.3463928222654,0.2,1.0521787405014038,0.004801008,2750,1213.956298828125,5e-05,-1.6689300537109375e-06,-0.0030035611969651656,0.013330078125
,,,,,,,277,567296,486.79443617,99.7,1460,388,-8.814660692214966,2462.979461669922,0.2,1.0519071817398071,0.006048293,2760,1188.894775390625,5e-05,1.3709068298339844e-06,-0.004118957597529516,0.015234375
,,,,,,,278,569344,486.39666802,99.7,1465,388,-8.813322758674621,3059.7714233398438,0.2,1.0518708229064941,0.0024863144,2770,1515.448486328125,5e-05,1.1920928955078125e-06,-0.002417001553112641,0.00078125
,,,,,,,279,571392,479.0249957700001,99.83,1470,388,-8.814375233650207,2603.933837890625,0.2,1.0522677898406982,0.0028556776,2780,1279.948486328125,5e-05,-1.1920928955078125e-07,-0.002313545852666721,0.002099609375
,,,,,,,280,573440,485.15938628,99.83,1475,388,-8.815119123458862,2237.9682006835938,0.2,1.0519407987594604,0.0006856635,2790,1134.8988037109375,5e-05,2.205371856689453e-06,-0.0007656116038560867,0.0
,,,,,,,281,575488,490.7007464,99.83,1481,388,-8.814084720611572,3094.724755859375,0.2,1.0521708726882935,0.0024648483,2800,1624.5240478515625,5e-05,2.384185791015625e-07,-0.0017329592956230044,0.0005859375
,,,,,,,282,577536,488.57697346000003,99.85,1486,388,-8.816192364692688,2954.358984375,0.2,1.0525368452072144,0.0040589157,2810,1529.546142578125,5e-05,1.3709068298339844e-06,-0.0027497670263983308,0.005224609375
,,,,,,,283,579584,479.32874128000003,99.85,1491,388,-8.817415690422058,2682.8407348632813,0.2,1.0526148080825806,0.004705706,2820,1419.942138671875,5e-05,-3.5762786865234375e-07,-0.005672170431353152,0.016845703125
,,,,,,,284,581632,477.7944883100001,99.85,1496,388,-8.819358134269715,2080.2169189453125,0.2,1.053354024887085,0.0045488947,2830,1010.2848510742188,5e-05,3.5762786865234375e-06,-0.0035529636894352733,0.006982421875
,,,,,,,285,583680,469.61384064000003,99.85,1502,388,-8.822280764579773,2025.6100311279297,0.2,1.053393006324768,0.004810517,2840,1045.0694580078125,5e-05,2.205371856689453e-06,-0.0051914222713094205,0.009765625
,,,,,,,286,585728,463.4977029100001,99.64,1507,388,-8.822440052032471,2199.392852783203,0.2,1.05355703830719,0.0034152893,2850,1054.8858642578125,5e-05,2.384185791015625e-06,-0.002541699883295223,0.003662109375
,,,,,,,287,587776,468.91103126999997,99.79,1512,388,-8.82268466949463,3543.1752868652343,0.2,1.0533627271652222,0.007610589,2860,1769.1258544921875,5e-05,4.172325134277344e-07,-0.005407119129085913,0.039599609375
,,,,,,,288,589824,485.3733184,99.79,1518,388,-8.821404409408569,3303.2880676269533,0.2,1.0532417297363281,0.006249033,2870,1372.2694091796875,5e-05,2.384185791015625e-07,-0.003634563900413923,0.035498046875
,,,,,,,289,591872,487.5387084,99.35,1523,388,-8.820705890655518,2785.4174377441404,0.2,1.0530868768692017,0.002876223,2880,1448.90771484375,5e-05,-1.1920928955078125e-07,-0.0023580603126902135,0.0015625
,,,,,,,290,593920,491.40145879999994,99.35,1528,388,-8.81924057006836,3223.6496704101564,0.2,1.052810549736023,0.008339684,2890,1524.9420166015625,5e-05,-4.76837158203125e-07,-0.00838803286314942,0.081005859375
,,,,,,,291,595968,499.23391921,99.56,1533,388,-8.818741106987,2543.4488525390625,0.2,1.0528619289398193,0.007318556,2900,1323.3228759765625,5e-05,-2.384185791015625e-07,-0.00591484914184548,0.041796875
,,,,,,,292,598016,488.4045206,99.56,1539,388,-8.818326735496521,3230.911029052734,0.2,1.0526570081710815,0.00403435,2910,1768.28759765625,5e-05,-2.384185791015625e-07,-0.002334976347628981,0.007177734375
,,,,,,,293,600064,480.15221829999996,98.68,1544,388,-8.817626023292542,2114.549108886719,0.2,1.052720308303833,0.0033494316,2920,1067.745361328125,5e-05,-1.0728836059570312e-06,-0.002353940246393904,0.003173828125
,,,,,,,294,602112,484.0333605099999,99.09,1549,388,-8.81773407459259,3045.982214355469,0.2,1.052580714225769,0.0038370155,2930,1523.4981689453125,5e-05,-2.384185791015625e-07,-0.004306423867819831,0.0189453125
,,,,,,,295,604160,478.06672639,98.6,1554,388,-8.8167640209198,2785.4621520996093,0.2,1.0523810386657715,0.004682,2940,1445.10888671875,5e-05,-8.344650268554688e-07,-0.0036197006702423096,0.011865234375
,,,,,,,296,606208,477.68191701,98.6,1559,388,-8.816969013214111,2467.202496337891,0.2,1.0527549982070923,0.005379377,2950,1338.02587890625,5e-05,-8.344650268554688e-07,-0.0032068806525785477,0.025830078125
,,,,,,,297,608256,474.78413346,98.45,1564,388,-8.819859385490417,2543.7038513183593,0.2,1.0532771348953247,0.0046312576,2960,1295.720458984375,5e-05,-1.430511474609375e-06,-0.0027767472318373622,0.013525390625
,,,,,,,298,610304,480.16699354,99.33,1570,388,-8.822772288322449,2497.0112731933596,0.2,1.0538114309310913,0.0029979036,2970,1220.29833984375,5e-05,-7.152557373046875e-07,-0.0038643682724796235,0.0037109375
,,,,,,,299,612352,482.81975345,99.36,1575,388,-8.824445867538453,2386.582452392578,0.2,1.0537487268447876,0.0046786405,2980,1166.9442138671875,5e-05,-1.0728836059570312e-06,-0.002844096382614225,0.0080078125
,,,,,,,300,614400,481.33534607999997,99.85,1580,388,-8.824338150024413,2864.3473937988283,0.2,1.053938627243042,0.005138024,2990,1503.421875,5e-05,-3.5762786865234375e-07,-0.0028475709143094717,0.011767578125
,,,,,,,301,616448,479.84068310000004,99.85,1585,388,-8.826053071022034,2152.556753540039,0.2,1.0543323755264282,0.0051003043,3000,1020.7034301757812,5e-05,5.960464477539063e-08,-0.005184862751048058,0.0150390625
,,,,,,,302,618496,488.8844607700001,100.0,1590,388,-8.827676248550414,2293.2133056640623,0.2,1.0544012784957886,0.0058924113,3010,1160.213623046875,5e-05,-1.0728836059570312e-06,-0.004440655006328597,0.016552734375
,,,,,,,303,620544,485.51393429999996,98.63,1596,388,-8.82791006565094,2906.3210998535155,0.2,1.0545703172683716,0.0013673753,3020,1370.7484130859375,5e-05,2.384185791015625e-07,-0.0012620321882423013,4.8828125e-05
,,,,,,,304,622592,491.33283143,98.34,1601,388,-8.829388070106507,3358.8684143066407,0.2,1.054892659187317,0.0069790003,3030,1933.798828125,5e-05,0.0,-0.005195249879034236,0.066748046875
,,,,,,,305,624640,493.34779567999993,98.34,1606,388,-8.830874752998351,3579.546252441406,0.2,1.0550910234451294,0.005265246,3040,1694.385009765625,5e-05,-3.5762786865234375e-07,-0.005727864051004871,0.04609375
,,,,,,,306,626688,495.4429599199999,98.34,1611,388,-8.830997633934022,2234.699774169922,0.2,1.0548797845840454,0.00415712,3050,1099.6475830078125,5e-05,-1.3113021850585938e-06,-0.002970908972201869,0.010888671875
,,,,,,,307,628736,490.18604482,97.63,1616,388,-8.829584884643555,2596.149304199219,0.2,1.05467689037323,0.005087912,3060,1305.0992431640625,5e-05,-7.152557373046875e-07,-0.002783298387657851,0.010498046875
,,,,,,,308,630784,496.57450524,99.0,1621,388,-8.829562973976135,3070.04755859375,0.2,1.0550020933151245,0.0055882935,3070,1551.1910400390625,5e-05,-3.5762786865234375e-07,-0.002750215443666093,0.021484375
,,,,,,,309,632832,499.69274778999994,99.29,1626,389,-8.831647562980653,2555.072216796875,0.2,1.0552862882614136,0.0021773786,3080,1285.264404296875,5e-05,-8.344650268554688e-07,-0.0018541194905992598,0.000146484375
,,,,,,,310,634880,501.78117324,99.29,1631,389,-8.832161140441894,2864.188861083984,0.2,1.0551854372024536,0.006872703,3090,1398.7808837890625,5e-05,-5.960464477539062e-07,-0.004236549092456699,0.04873046875
,,,,,,,311,636928,505.1489166,99.29,1637,389,-8.831089639663697,2509.5367797851563,0.2,1.054965853691101,0.0018185043,3100,1257.212890625,5e-05,5.960464477539062e-07,-0.0008559071080526337,0.0
,,,,,,,312,638976,502.9699520800001,100.0,1642,389,-8.83007869720459,2721.3860717773437,0.2,1.0548659563064575,0.002151612,3110,1358.02099609375,5e-05,-2.384185791015625e-07,-0.0018229866196634247,0.000146484375
,,,,,,,313,641024,503.60605397,100.0,1647,389,-8.829782319068908,2342.3960876464844,0.2,1.054909586906433,0.0008925027,3120,1150.524658203125,5e-05,-2.384185791015625e-07,-0.0009039532393217087,0.0
,,,,,,,314,643072,495.1950189,99.22,1652,389,-8.831050682067872,2501.869989013672,0.2,1.0554255247116089,0.0032840907,3130,1275.312744140625,5e-05,-1.3113021850585938e-06,-0.0021894403325859457,0.006005859375
,,,,,,,315,645120,494.60482045,98.79,1657,389,-8.833754014968871,2632.8447143554686,0.2,1.0556753873825073,0.0061190575,3140,1356.077880859375,5e-05,-1.1920928955078125e-07,-0.0026613812777213754,0.019921875
,,,,,,,316,647168,495.80006157,98.7,1662,389,-8.836070919036866,2915.4529052734374,0.2,1.05638587474823,0.0043658796,3150,1408.8045654296875,5e-05,-2.384185791015625e-07,-0.001850291941082105,0.009619140625
,,,,,,,317,649216,491.45063974,98.7,1668,389,-8.83902850151062,2905.6662658691407,0.2,1.0565680265426636,0.0036418382,3160,1505.7945556640625,5e-05,-2.384185791015625e-07,-0.0021489200124051424,0.003271484375
,,,,,,,318,651264,493.69572036000005,98.7,1673,389,-8.838075494766235,2254.1576232910156,0.2,1.0560771226882935,0.004708072,3170,1102.87451171875,5e-05,-8.344650268554688e-07,-0.003842202352825552,0.033544921875
,,,,,,,319,653312,488.84384795,99.18,1678,389,-8.837353849411011,2609.884442138672,0.2,1.0565927028656006,0.004149769,3180,1325.9158935546875,5e-05,-1.0728836059570312e-06,-0.003288301586871967,0.00625
,,,,,,,320,655360,493.82204944999995,99.61,1683,389,-8.838483834266663,2504.89443359375,0.2,1.0562314987182617,0.0071497024,3190,1186.3487548828125,5e-05,-3.5762786865234375e-07,-0.005415436637122184,0.0314453125
,,,,,,,321,657408,489.1096153300001,99.16,1689,389,-8.836340880393982,2424.2138916015624,0.2,1.0559555292129517,0.0057606343,3200,1183.4010009765625,5e-05,-7.152557373046875e-07,-0.0030096284695900976,0.0220703125
,,,,,,,322,659456,490.14991933,99.16,1694,389,-8.834857320785522,2515.975061035156,0.2,1.055806279182434,0.0056031,3210,1303.73486328125,5e-05,-1.1920928955078125e-07,-0.0047507417679298666,0.055615234375
,,,,,,,323,661504,489.04774140000006,99.16,1699,389,-8.834006524085998,2239.5563354492188,0.2,1.0556682348251343,0.004147781,3220,1162.54736328125,5e-05,-7.152557373046875e-07,-0.0023621727304998785,0.01494140625
,,,,,,,324,663552,487.43971335000003,99.44,1704,389,-8.834220933914185,2439.4111328125,0.2,1.055975317955017,0.0044327388,3230,1251.0137939453125,5e-05,-7.152557373046875e-07,-0.0036131249973550437,0.035693359375
,,,,,,,325,665600,485.16819456999997,99.44,1709,389,-8.835961484909058,2106.2489318847656,0.2,1.056251049041748,0.0034976439,3240,976.974365234375,5e-05,2.980232238769531e-07,-0.002837969840038568,0.025390625
,,,,,,,326,667648,492.15481311,99.98,1714,389,-8.838311028480529,2291.413781738281,0.2,1.056879997253418,0.00538119,3250,1137.9456787109375,5e-05,-8.344650268554688e-07,-0.00384134107735008,0.0193359375
,,,,,,,327,669696,494.43727823,99.27,1719,389,-8.841589832305909,2668.6291015625,0.2,1.0573302507400513,0.00078891596,3260,1319.993408203125,5e-05,-8.344650268554688e-07,-0.0007793006036081352,4.8828125e-05
,,,,,,,328,671744,491.26668148,99.27,1725,389,-8.843712186813354,3019.287701416016,0.2,1.0576616525650024,0.0031626471,3270,1443.9439697265625,5e-05,-9.5367431640625e-07,-0.0025171661283820866,0.0095703125
,,,,,,,329,673792,502.7681123600001,99.29,1730,389,-8.845516228675843,2152.297039794922,0.2,1.057982325553894,0.004703527,3280,1039.39208984375,5e-05,-3.5762786865234375e-07,-0.003472135776246432,0.0228515625
,,,,,,,330,675840,513.2982409199999,99.29,1735,389,-8.847547626495361,2580.174755859375,0.2,1.0583492517471313,0.0048963786,3290,1267.8721923828125,5e-05,-8.344650268554688e-07,-0.0029376578226219864,0.012060546875
,,,,,,,331,677888,514.5668795500001,99.29,1740,389,-8.84873034954071,3300.6183898925783,0.2,1.0583878755569458,0.0018370431,3300,1638.3253173828125,5e-05,-2.384185791015625e-07,-0.00139133240445517,0.000244140625
,,,,,,,332,679936,516.7814352299999,100.0,1745,389,-8.848361539840699,2656.586981201172,0.2,1.0582541227340698,0.002343683,3310,1357.7615966796875,5e-05,4.172325134277344e-07,-0.0007439068605890498,0.000537109375
,,,,,,,333,681984,524.98718856,100.0,1750,389,-8.849273633956908,2688.65732421875,0.2,1.0588388442993164,0.004634223,3320,1302.93994140625,5e-05,1.0728836059570312e-06,-0.0023544858617242427,0.008740234375
,,,,,,,334,684032,519.9909337200002,100.0,1755,389,-8.850465679168702,3156.240130615234,0.2,1.0583049058914185,0.0046414165,3330,1484.5909423828125,5e-05,5.960464477539063e-08,-0.001590975176077336,0.00732421875
,,,,,,,335,686080,511.18878034,100.0,1760,389,-8.848760223388672,2103.226104736328,0.2,1.05865478515625,0.0033075293,3340,1077.41552734375,5e-05,5.960464477539062e-07,-0.0022413312166463585,0.0015625
,,,,,,,336,688128,507.0851904599999,99.53,1766,389,-8.8511479139328,2538.3923400878907,0.2,1.058929681777954,0.0023501408,3350,1286.0850830078125,5e-05,1.1324882507324219e-06,-0.0013364630198339001,0.00068359375
,,,,,,,337,690176,509.44862708000005,99.53,1771,389,-8.85096342563629,2931.430938720703,0.2,1.0585907697677612,0.004349936,3360,1364.15380859375,5e-05,1.1920928955078125e-07,-0.0031738938065245747,0.016015625
,,,,,,,338,692224,506.21315467,99.53,1776,389,-8.84996039867401,2673.2875793457033,0.2,1.0587527751922607,0.0044218134,3370,1323.65625,5e-05,3.5762786865234375e-07,-0.0014974050573073328,0.00712890625
,,,,,,,339,694272,507.80893611999994,99.53,1781,389,-8.851134848594665,2334.6418701171874,0.2,1.0589274168014526,0.0049925074,3380,1165.3895263671875,5e-05,0.0,-0.0029956071928609164,0.01083984375
,,,,,,,340,696320,503.728365,99.53,1786,389,-8.852076292037964,2147.293899536133,0.2,1.0590760707855225,0.0059490493,3390,1095.553466796875,5e-05,1.1324882507324219e-06,-0.0032562193082412705,0.01416015625
,,,,,,,341,698368,510.7534725,100.0,1791,389,-8.853345108032226,2308.439862060547,0.2,1.0593820810317993,0.004584914,3400,1138.5936279296875,5e-05,4.172325134277344e-07,-0.0037652357365004717,0.033984375
,,,,,,,342,700416,504.40468467000005,100.0,1797,389,-8.855085420608521,2814.888250732422,0.2,1.0597132444381714,0.0021182697,3410,1249.090087890625,5e-05,1.1920928955078125e-06,-0.001725275002536364,0.00048828125
,,,,,,,343,702464,504.92075381,100.0,1802,389,-8.85676748752594,2020.8399017333984,0.2,1.0599761009216309,0.0053845244,3420,996.52978515625,5e-05,1.3709068298339844e-06,-0.0035593876906204968,0.011962890625
,,,,,,,344,704512,503.82225574999995,99.74,1807,389,-8.85827910900116,2420.9540466308595,0.2,1.0602699518203735,0.0053553972,3430,1193.3929443359375,5e-05,1.1920928955078125e-07,-0.0043657035625074055,0.00966796875
,,,,,,,345,706560,506.3853531000001,99.74,1812,389,-8.859886622428894,2442.1699401855467,0.2,1.0605700016021729,0.0067825755,3440,1213.1470947265625,5e-05,-4.76837158203125e-07,-0.010117705259472132,0.070556640625
,,,,,,,346,708608,495.67681238,99.74,1818,389,-8.861052560806275,2325.874890136719,0.2,1.0606344938278198,0.006171507,3450,1138.9559326171875,5e-05,0.0,-0.0035605016280896963,0.017236328125
,,,,,,,347,710656,493.71324011,99.74,1823,389,-8.861918878555297,1990.6737121582032,0.2,1.0610127449035645,0.0052534547,3460,936.7857666015625,5e-05,2.4437904357910156e-06,-0.0052974019781686366,0.03173828125
,,,,,,,348,712704,495.18643408,100.0,1828,389,-8.863294410705567,2075.5091064453127,0.2,1.0609537363052368,0.0049743755,3470,1030.6942138671875,5e-05,2.384185791015625e-07,-0.0044147618697024885,0.0568359375
,,,,,,,349,714752,499.27059371999997,100.0,1833,389,-8.86345043182373,2761.563592529297,0.2,1.0612400770187378,0.0056821164,3480,1442.064697265625,5e-05,-1.1920928955078125e-07,-0.00292148882872425,0.017919921875
,,,,,,,350,716800,496.43923551,100.0,1838,389,-8.8657155752182,2639.8647583007814,0.2,1.0616796016693115,0.006343987,3490,1257.5006103515625,5e-05,4.172325134277344e-07,-0.003762324008857831,0.028955078125
,,,,,,,351,718848,502.71008415000006,99.88,1844,389,-8.868841099739075,2499.8098999023437,0.2,1.062343716621399,0.005576714,3500,1125.7281494140625,5e-05,0.0,-0.005032691732048988,0.061279296875
,,,,,,,352,720896,511.72909889999994,99.88,1849,389,-8.872797298431397,2757.369592285156,0.2,1.063055157661438,0.008826106,3510,1653.5177001953125,5e-05,-4.76837158203125e-07,-0.00596060655079782,0.0419921875
,,,,,,,353,722944,513.4756906899999,99.88,1854,389,-8.87465467453003,2450.363635253906,0.2,1.062911868095398,0.0060831895,3520,1234.0372314453125,5e-05,-4.76837158203125e-07,-0.005405809532385319,0.027392578125
,,,,,,,354,724992,502.5076176,99.21,1859,389,-8.873093962669373,2423.9348266601564,0.2,1.0627108812332153,0.00492575,3530,1210.7420654296875,5e-05,-4.76837158203125e-07,-0.004040362857631407,0.01416015625
,,,,,,,355,727040,502.8986066500001,99.21,1864,389,-8.873686599731446,2271.579946899414,0.2,1.0632821321487427,0.0019623777,3540,1140.224853515625,5e-05,0.0,-0.000785065203672275,0.000439453125
,,,,,,,356,729088,504.23844102,98.73,1869,389,-8.875486826896667,2322.824591064453,0.2,1.0630898475646973,0.0016812708,3550,1199.135986328125,5e-05,-3.5762786865234375e-07,-0.0016077104490250349,0.001025390625
,,,,,,,357,731136,499.80521798000007,98.73,1874,390,-8.87385311126709,2994.60224609375,0.2,1.0629078149795532,0.004195638,3560,1579.5716552734375,5e-05,-1.1920928955078125e-07,-0.0024736214632866903,0.022607421875
,,,,,,,358,733184,505.65069317999996,98.73,1879,390,-8.873402047157288,2058.7385345458983,0.2,1.0628758668899536,0.006582453,3570,1033.8057861328125,5e-05,-1.5497207641601562e-06,-0.004055936308577657,0.025634765625
,,,,,,,359,735232,516.03206367,99.4,1884,390,-8.873338961601258,2874.2955322265625,0.2,1.0629013776779175,0.0022011646,3580,1474.261474609375,5e-05,0.0,-0.0019246232754085214,0.000341796875
,,,,,,,360,737280,518.3613527,99.33,1890,390,-8.872769236564636,2606.4341796875,0.2,1.0626400709152222,0.004209678,3590,1288.471923828125,5e-05,-5.960464477539062e-07,-0.0029393372300546617,0.006689453125
,,,,,,,361,739328,519.9468428299999,99.33,1895,390,-8.871985387802123,2682.9884704589845,0.2,1.0627877712249756,0.0042224135,3600,1317.703125,5e-05,-1.1920928955078125e-07,-0.005216553690843284,0.0314453125
,,,,,,,362,741376,522.05467487,99.33,1900,390,-8.873493647575378,2882.9318969726564,0.2,1.0631145238876343,0.0009296703,3610,1566.8160400390625,5e-05,-1.1920928955078125e-07,-0.0009373020729981363,0.0
,,,,,,,363,743424,515.0270727700001,99.33,1905,390,-8.873626136779786,2179.348065185547,0.2,1.06268310546875,0.0048327534,3620,1069.63818359375,5e-05,-2.384185791015625e-07,-0.005306730861775577,0.044580078125
,,,,,,,364,745472,513.40191662,99.33,1910,390,-8.872167873382569,2067.764306640625,0.2,1.0628905296325684,0.0056556584,3630,1001.7010498046875,5e-05,-8.344650268554688e-07,-0.005927308276295662,0.0521484375
,,,,,,,365,747520,518.43594405,100.0,1915,390,-8.874728775024414,2357.8517578125,0.2,1.063478708267212,0.0012055996,3640,1159.79833984375,5e-05,-4.76837158203125e-07,-0.0009466669493122026,0.0
,,,,,,,366,749568,515.18391823,100.0,1920,390,-8.877166485786438,2644.9822387695312,0.2,1.0636194944381714,0.0053292434,3650,1316.240234375,5e-05,-4.76837158203125e-07,-0.004023089585825801,0.0470703125
,,,,,,,367,751616,515.95343645,100.0,1926,390,-8.878049755096436,2433.680584716797,0.2,1.0639551877975464,0.005605585,3660,1140.7781982421875,5e-05,-3.5762786865234375e-07,-0.003671805583871901,0.0158203125
,,,,,,,368,753664,515.70933733,100.0,1931,390,-8.879378986358642,2236.4086486816404,0.2,1.0639762878417969,0.0039779,3670,1079.8638916015625,5e-05,-4.76837158203125e-07,-0.002737879360211082,0.00615234375
,,,,,,,369,755712,510.7053421499999,99.43,1936,390,-8.879679489135743,2095.877560424805,0.2,1.0642201900482178,0.0027907495,3680,1073.7677001953125,5e-05,1.7881393432617188e-07,-0.002426438289694488,0.004296875
,,,,,,,370,757760,510.5941352299999,99.43,1941,390,-8.880551195144653,2838.233020019531,0.2,1.064145565032959,0.004905843,3690,1365.783203125,5e-05,-2.384185791015625e-07,-0.0032937279262114315,0.038427734375
,,,,,,,371,759808,505.45424997999993,99.43,1946,390,-8.880167388916016,2455.0304260253906,0.2,1.0642280578613281,0.005699639,3700,1246.59521484375,5e-05,-3.5762786865234375e-07,-0.003563199855852872,0.023828125
,,,,,,,372,761856,499.35913684,99.43,1951,390,-8.881694507598876,1929.4317291259765,0.2,1.0646843910217285,0.0041401857,3710,980.8667602539062,5e-05,0.0,-0.0031812394474400206,0.020703125
,,,,,,,373,763904,505.04507267,99.43,1956,390,-8.883923149108886,1919.362075805664,0.2,1.0649521350860596,0.0031057054,3720,914.3392333984375,5e-05,1.3113021850585938e-06,-0.0028191023273393514,0.01337890625
,,,,,,,374,765952,509.75692426999996,100.0,1961,390,-8.88420765399933,2246.2858459472654,0.2,1.0648412704467773,0.0049150838,3730,1109.3211669921875,5e-05,-7.152557373046875e-07,-0.002769102045567706,0.012646484375
,,,,,,,375,768000,512.18604557,100.0,1967,390,-8.883637595176697,2510.58271484375,0.2,1.0647956132888794,0.004543624,3740,1169.781005859375,5e-05,-1.1920928955078125e-07,-0.0026793923869263383,0.02978515625
,,,,,,,376,770048,518.87743943,99.31,1972,390,-8.883605098724365,2579.8606567382812,0.2,1.0648705959320068,0.0047572283,3750,1131.779296875,5e-05,1.1920928955078125e-07,-0.003683742054272443,0.010400390625
,,,,,,,377,772096,523.0538849899999,99.1,1977,390,-8.883884406089782,3312.1148010253905,0.2,1.0649051666259766,0.004429113,3760,1858.87255859375,5e-05,0.0,-0.001843189087230712,0.012060546875
,,,,,,,378,774144,523.1228946900001,99.1,1982,390,-8.884736013412475,2478.39140625,0.2,1.0652159452438354,0.0032278467,3770,1190.876953125,5e-05,-2.384185791015625e-07,-0.0011766545241698623,0.00439453125
,,,,,,,379,776192,514.55009645,98.54,1987,390,-8.885951924324036,2453.9662475585938,0.2,1.065307378768921,0.0023458719,3780,1226.8209228515625,5e-05,-1.1920928955078125e-07,-0.0011975101864663885,0.00390625
,,,,,,,380,778240,509.74008956000006,98.54,1992,390,-8.88670973777771,2308.7966735839846,0.2,1.065621256828308,0.005034554,3790,1088.0841064453125,5e-05,4.76837158203125e-07,-0.0035252906527603045,0.011083984375
,,,,,,,381,780288,509.91558421,98.86,1997,390,-8.889281368255615,2078.3197387695313,0.2,1.066167950630188,0.005224877,3800,1004.9260864257812,5e-05,-2.384185791015625e-07,-0.00332715708645992,0.012548828125
,,,,,,,382,782336,506.925739,98.86,2003,390,-8.891347312927246,2907.6224731445313,0.2,1.0663177967071533,0.0027313645,3810,1215.8016357421875,5e-05,-1.1920928955078125e-07,-0.0036691289220470934,0.015380859375
,,,,,,,383,784384,510.1148382,98.86,2008,390,-8.892386841773988,1980.4690673828125,0.2,1.0666202306747437,0.0046615303,3820,991.653564453125,5e-05,-1.1920928955078125e-07,-0.003531827958067879,0.01494140625
,,,,,,,384,786432,515.9877186000001,98.97,2013,390,-8.89424958229065,2757.763775634766,0.2,1.066968321800232,0.004457888,3830,1239.835205078125,5e-05,0.0,-0.0016553320398088544,0.010546875
,,,,,,,385,788480,523.6588661999999,99.55,2018,390,-8.895980930328369,2719.343341064453,0.2,1.0673003196716309,0.0042994884,3840,1301.9425048828125,5e-05,-1.1920928955078125e-07,-0.0036366629035910593,0.015576171875
,,,,,,,386,790528,525.4487819999999,99.55,2023,390,-8.898005986213684,2215.8793762207033,0.2,1.0676997900009155,0.0022413905,3850,1112.4910888671875,5e-05,-3.5762786865234375e-07,-0.002030282252235338,0.0041015625
,,,,,,,387,792576,530.18539936,99.55,2028,390,-8.899202871322633,2712.0661010742188,0.2,1.067630648612976,0.0021891135,3860,1283.465576171875,5e-05,-2.384185791015625e-07,-0.001382131309946999,0.00224609375
,,,,,,,388,794624,530.2280957999999,99.55,2033,390,-8.899889731407166,2220.657891845703,0.2,1.0681209564208984,0.0043214345,3870,1123.7281494140625,5e-05,-2.384185791015625e-07,-0.0015394690446555615,0.0119140625
,,,,,,,389,796672,522.5848131099999,99.22,2039,390,-8.9024498462677,2395.4203674316404,0.2,1.0683996677398682,0.0052926573,3880,1147.929931640625,5e-05,-2.384185791015625e-07,-0.0029929747455753387,0.0255859375
,,,,,,,390,798720,525.9229976700001,99.22,2044,390,-8.902716040611267,2716.6987121582033,0.2,1.0682510137557983,0.005436559,3890,1252.144775390625,5e-05,-2.384185791015625e-07,-0.0054777192999608815,0.0609375
,,,,,,,391,800768,519.2430177,99.22,2049,390,-8.90190258026123,2619.6451049804687,0.2,1.0681285858154297,0.004023782,3900,1262.1268310546875,5e-05,-1.1920928955078125e-07,-0.00188215053640306,0.009521484375
,,,,,,,392,802816,517.28773973,99.22,2054,390,-8.901876211166382,1948.151025390625,0.2,1.0682780742645264,0.0038620331,3910,963.9901733398438,5e-05,-5.960464477539062e-07,-0.0034777889435645194,0.013330078125
,,,,,,,393,804864,511.28166192,99.22,2059,390,-8.902189755439759,2344.297918701172,0.2,1.068203091621399,0.0043284143,3920,1151.892822265625,5e-05,-3.5762786865234375e-07,-0.0019387710723094641,0.01357421875
,,,,,,,394,806912,519.9404839599999,100.0,2064,390,-8.901193952560424,1882.858871459961,0.2,1.0679888725280762,0.0031236473,3930,910.3016357421875,5e-05,-7.152557373046875e-07,-0.0017919389880262314,0.010888671875
,,,,,,,395,808960,511.93162288999997,100.0,2069,390,-8.900016975402831,2365.9221099853517,0.2,1.06781005859375,0.0006200097,3940,1178.0792236328125,5e-05,-1.1920928955078125e-07,-0.00039457437233068047,0.0
,,,,,,,396,811008,517.04961163,100.0,2074,390,-8.898773980140685,1975.3448455810546,0.2,1.0675002336502075,0.006801104,3950,1003.2939453125,5e-05,-1.5497207641601562e-06,-0.004548491898458451,0.018603515625
,,,,,,,397,813056,520.05158581,100.0,2079,390,-8.897537899017333,2318.2433532714845,0.2,1.067407488822937,0.004292183,3960,1096.995849609375,5e-05,-1.1920928955078125e-07,-0.002363362943287939,0.016357421875
,,,,,,,398,815104,522.98355736,100.0,2085,390,-8.896131563186646,2291.894287109375,0.2,1.0669599771499634,0.004010041,3970,1093.089111328125,5e-05,-3.5762786865234375e-07,-0.00470299553417135,0.028515625
,,,,,,,399,817152,519.14489089,100.0,2090,390,-8.894441962242126,2123.678338623047,0.2,1.0670253038406372,0.0045586554,3980,1018.0138549804688,5e-05,-1.1920928955078125e-07,-0.0035282078315503895,0.017724609375
,,,,,,,400,819200,511.99428749000003,99.27,2095,390,-8.895285868644715,1964.3283660888671,0.2,1.067221760749817,0.004246714,3990,967.618408203125,5e-05,-2.384185791015625e-07,-0.0019810246711131187,0.0146484375
,,,,,,,401,821248,514.74418346,99.27,2100,390,-8.895765471458436,2084.8287109375,0.2,1.0671902894973755,0.0053541046,4000,1143.2947998046875,5e-05,-2.384185791015625e-07,-0.004478316218592226,0.045751953125
,,,,,,,402,823296,511.93685929000014,99.26,2105,390,-8.895499420166015,2558.925402832031,0.2,1.0671687126159668,0.0055301236,4010,1163.6092529296875,5e-05,-4.76837158203125e-07,-0.003109034214867279,0.021728515625
,,,,,,,403,825344,513.69879518,99.26,2110,391,-8.895150089263916,2689.0361572265624,0.2,1.0670413970947266,0.0037384117,4020,1218.8843994140625,5e-05,-1.1920928955078125e-07,-0.0027674420620314778,0.005029296875
,,,,,,,404,827392,517.94031358,99.26,2115,391,-8.895992064476014,2336.865588378906,0.2,1.067603588104248,0.0045713163,4030,1331.7744140625,5e-05,-5.960464477539062e-07,-0.002810667734593153,0.0158203125
,,,,,,,405,829440,527.52000628,99.96,2121,391,-8.897635555267334,2152.786340332031,0.2,1.0674347877502441,0.0030467897,4040,1069.8245849609375,5e-05,-5.960464477539062e-07,-0.0030813979159574957,0.022802734375
,,,,,,,406,831488,523.22013193,99.96,2126,391,-8.89640543460846,2197.235626220703,0.2,1.067313551902771,0.005385966,4050,1061.26904296875,5e-05,5.364418029785156e-07,-0.0043416284548584375,0.0431640625
,,,,,,,407,833536,526.5061899899999,99.97,2131,391,-8.897634077072144,1977.625033569336,0.2,1.067911982536316,0.0056863753,4060,979.5947265625,5e-05,-5.960464477539062e-07,-0.004353457415709272,0.024951171875
,,,,,,,408,835584,525.22855572,99.97,2136,391,-8.901650166511535,2558.39755859375,0.2,1.0686105489730835,0.0038873248,4070,1211.207275390625,5e-05,-4.76837158203125e-07,-0.0020948699093423784,0.011083984375
,,,,,,,409,837632,525.28902521,100.0,2141,391,-8.904266858100891,2416.9989624023438,0.2,1.0686979293823242,0.0056259613,4080,1228.0660400390625,5e-05,1.7881393432617188e-07,-0.006129185034660622,0.04990234375
,,,,,,,410,839680,525.00297569,100.0,2146,391,-8.904371428489686,2366.4034942626954,0.2,1.068801999092102,0.005294868,4090,1261.0599365234375,5e-05,-1.1920928955078125e-07,-0.003371181391412392,0.0205078125
,,,,,,,411,841728,531.5649720399999,100.0,2152,391,-8.904324007034301,2094.94567565918,0.2,1.0685667991638184,0.0036195808,4100,967.105712890625,5e-05,-2.384185791015625e-07,-0.0023165777587564663,0.013525390625
,,,,,,,412,843776,526.2688281899999,100.0,2157,391,-8.902664589881898,2934.242889404297,0.2,1.0682250261306763,0.003919567,4110,1266.9664306640625,5e-05,5.960464477539062e-07,-0.001711752259870991,0.01337890625
,,,,,,,413,845824,525.9641255199999,100.0,2162,391,-8.901487135887146,1969.6181060791016,0.2,1.068272590637207,0.0039470466,4120,960.1591796875,5e-05,-2.384185791015625e-07,-0.004062751738820225,0.034326171875
,,,,,,,414,847872,526.28635874,100.0,2167,391,-8.902043390274049,1853.5216857910157,0.2,1.0683704614639282,0.0037783037,4130,909.7996826171875,5e-05,2.384185791015625e-07,-0.0018974294827785343,0.003271484375
,,,,,,,415,849920,529.0253029200001,100.0,2172,391,-8.90196783542633,2175.226333618164,0.2,1.0682331323623657,0.0053020776,4140,1022.2925415039062,5e-05,-1.1920928955078125e-07,-0.003347040043445304,0.017724609375
,,,,,,,416,851968,516.8595891199999,99.55,2177,391,-8.902521276474,2427.1645629882814,0.2,1.068703055381775,0.0019007412,4150,1136.610595703125,5e-05,-2.384185791015625e-07,-0.0009703827381599694,0.000634765625
,,,,,,,417,854016,523.97869644,99.55,2182,391,-8.904884886741637,2474.02099609375,0.2,1.0688194036483765,0.0052454825,4160,1269.326171875,5e-05,-3.5762786865234375e-07,-0.0044305347080808135,0.03642578125
,,,,,,,418,856064,523.3359708200001,99.52,2187,391,-8.904888939857482,2368.8923461914064,0.2,1.0687459707260132,0.0016818484,4170,1206.2379150390625,5e-05,4.172325134277344e-07,-0.0012374683457892389,0.0001953125
,,,,,,,419,858112,525.0363348,99.52,2193,391,-8.905036282539367,2345.6503875732424,0.2,1.0689092874526978,0.0013849781,4180,1225.2362060546875,5e-05,1.1920928955078125e-07,-0.0006380033650202676,0.000146484375
,,,,,,,420,860160,523.48580197,99.52,2198,391,-8.905248355865478,2384.525244140625,0.2,1.0686912536621094,0.002758254,4190,1184.1212158203125,5e-05,-2.384185791015625e-07,-0.0014356308587593959,0.0013671875
,,,,,,,421,862208,526.23470259,99.97,2203,391,-8.904348802566528,2450.0273193359376,0.2,1.0687670707702637,0.002931248,4200,1254.6280517578125,5e-05,-3.5762786865234375e-07,-0.0010869411809835583,0.001904296875
,,,,,,,422,864256,526.02729197,99.97,2208,391,-8.906047582626343,1980.992498779297,0.2,1.0692435503005981,0.0044339676,4210,988.8161010742188,5e-05,1.6093254089355469e-06,-0.0055844203103333715,0.032958984375
,,,,,,,423,866304,524.1724621199999,100.0,2213,391,-8.907374787330628,2340.185418701172,0.2,1.0692003965377808,0.0071758246,4220,1296.911376953125,5e-05,0.0,-0.003667500294977799,0.02783203125
,,,,,,,424,868352,522.42881789,100.0,2218,391,-8.90588014125824,1661.123291015625,0.2,1.0687803030014038,0.006235827,4230,831.1204833984375,5e-05,-5.960464477539062e-07,-0.0045137417037039995,0.04814453125
,,,,,,,425,870400,521.4494878,100.0,2223,391,-8.904322981834412,2011.288558959961,0.2,1.0687623023986816,0.0046770945,4240,989.961181640625,5e-05,0.0,-0.0033677065453957765,0.00859375
,,,,,,,426,872448,529.94010023,100.0,2228,391,-8.905659604072572,2343.181677246094,0.2,1.0693026781082153,0.005577796,4250,1218.1102294921875,5e-05,-4.76837158203125e-07,-0.003454582890844904,0.01572265625
,,,,,,,427,874496,524.78217248,100.0,2234,391,-8.907280230522156,2259.607000732422,0.2,1.0691896677017212,0.0055406094,4260,1073.5228271484375,5e-05,0.0,-0.0025162000965792686,0.012158203125
,,,,,,,428,876544,526.6941131000001,99.51,2239,391,-8.906112456321717,1890.7053466796874,0.2,1.0690151453018188,0.0047857044,4270,958.4429321289062,5e-05,-4.76837158203125e-07,-0.005787034536479041,0.055615234375
,,,,,,,429,878592,528.3648546600001,99.51,2244,391,-8.906569766998292,3008.19892578125,0.2,1.0695019960403442,0.0058719236,4280,1432.902587890625,5e-05,-1.1920928955078125e-07,-0.004796248581260443,0.068603515625
,,,,,,,430,880640,521.1401699800001,99.51,2249,391,-8.90969784259796,2042.5175476074219,0.2,1.0700297355651855,0.0027529176,4290,989.4937133789062,5e-05,7.748603820800781e-07,-0.0014240419084671884,0.001220703125
,,,,,,,431,882688,513.1319113800001,99.16,2254,391,-8.910817408561707,1684.2873657226562,0.2,1.0698062181472778,0.004154111,4300,813.7193603515625,5e-05,-9.5367431640625e-07,-0.0029879604175221176,0.022900390625
,,,,,,,432,884736,517.85486478,99.16,2260,391,-8.910043096542358,2538.3830139160154,0.2,1.0699189901351929,0.00479922,4310,1208.480224609375,5e-05,-2.384185791015625e-07,-0.003915270633297041,0.03974609375
,,,,,,,433,886784,517.80644061,99.57,2265,391,-8.911208128929138,2189.5185455322267,0.2,1.0701535940170288,0.005296572,4320,1084.6766357421875,5e-05,2.384185791015625e-07,-0.004669796585221775,0.040234375
,,,,,,,434,888832,515.25870339,99.57,2270,391,-8.910132265090942,2229.227389526367,0.2,1.0695067644119263,0.0054964037,4330,1135.8094482421875,5e-05,-3.5762786865234375e-07,-0.006378690910059959,0.0578125
,,,,,,,435,890880,518.0306207000001,99.57,2275,391,-8.90793788433075,1866.925537109375,0.2,1.0695456266403198,0.0032826904,4340,941.2672119140625,5e-05,-7.152557373046875e-07,-0.0029793338908348233,0.011767578125
,,,,,,,436,892928,515.9584683399999,99.92,2280,391,-8.909465217590332,2095.3291748046877,0.2,1.0700304508209229,0.004485972,4350,966.1610107421875,5e-05,-3.5762786865234375e-07,-0.0029969118069857357,0.01982421875
,,,,,,,437,894976,508.3000932300001,99.92,2285,391,-8.912614941596985,1634.1894958496093,0.2,1.0706692934036255,0.0063881935,4360,835.5300903320312,5e-05,-5.960464477539062e-07,-0.0039408057782566175,0.021435546875
,,,,,,,438,897024,511.7726308999999,100.0,2290,391,-8.916553807258605,1828.8351287841797,0.2,1.0714377164840698,0.005127568,4370,899.1312255859375,5e-05,-2.384185791015625e-07,-0.006349057197803631,0.039599609375
,,,,,,,439,899072,514.45546115,100.0,2296,391,-8.919972848892211,2006.9059448242188,0.2,1.0717729330062866,0.0063014086,4380,976.822265625,5e-05,-3.5762786865234375e-07,-0.006876716000260785,0.051953125
,,,,,,,440,901120,509.83906895,99.08,2301,391,-8.921449756622314,1983.2327545166015,0.2,1.0720971822738647,0.0056585115,4390,1030.5948486328125,5e-05,-4.76837158203125e-07,-0.0043447131378343325,0.02744140625
,,,,,,,441,903168,510.0959694199999,99.07,2306,391,-8.92312707901001,3074.387139892578,0.2,1.072316288948059,0.0047413795,4400,1385.530517578125,5e-05,-2.384185791015625e-07,-0.003222623752662912,0.019482421875
,,,,,,,442,905216,508.31960978,99.07,2311,391,-8.924812459945679,1870.8524597167968,0.2,1.0727672576904297,0.0035943533,4410,970.408203125,5e-05,-3.5762786865234375e-07,-0.0036232634243788197,0.031396484375
,,,,,,,443,907264,509.16193528,99.07,2316,391,-8.928105688095092,2211.724444580078,0.2,1.0733273029327393,0.003255558,4420,1178.1356201171875,5e-05,2.980232238769531e-07,-0.002830717689357698,0.0080078125
,,,,,,,444,909312,512.46600203,99.07,2321,391,-8.929977989196777,1907.4198272705078,0.2,1.0734509229660034,0.003351892,4430,980.0254516601562,5e-05,1.1920928955078125e-07,-0.0031544061843305827,0.020947265625
,,,,,,,445,911360,524.6522112499999,99.99,2326,391,-8.930330276489258,2671.399450683594,0.2,1.0734504461288452,0.0038455094,4440,1364.2825927734375,5e-05,5.960464477539063e-08,-0.004166488192277029,0.031103515625
,,,,,,,446,913408,531.1353196199999,100.0,2332,391,-8.93107783794403,1997.8112579345702,0.2,1.0738517045974731,0.0022474336,4450,965.2034912109375,5e-05,-2.384185791015625e-07,-0.0019248167256591842,0.01240234375
,,,,,,,447,915456,532.7704590200001,100.0,2337,391,-8.933137679100037,1851.8825927734374,0.2,1.0740975141525269,0.0035183965,4460,891.229248046875,5e-05,-1.1920928955078125e-07,-0.0015477602486498655,0.007177734375
,,,,,,,448,917504,529.65481872,99.26,2342,391,-8.933328628540039,1784.4692077636719,0.2,1.0739649534225464,0.0051399916,4470,892.9006958007812,5e-05,-1.1920928955078125e-07,-0.004470490792300552,0.033349609375
,,,,,,,449,919552,519.40784006,99.12,2347,391,-8.932966065406799,2459.593817138672,0.2,1.0740832090377808,0.0074451705,4480,1238.719482421875,5e-05,-1.1920928955078125e-07,-0.0043837128207087515,0.02841796875
,,,,,,,450,921600,510.16057472,98.9,2352,391,-8.933939337730408,1995.2464324951172,0.2,1.0742497444152832,0.0055629425,4490,1094.247802734375,5e-05,-3.5762786865234375e-07,-0.004170802107546478,0.046875
,,,,,,,451,923648,507.7326278600001,98.9,2357,391,-8.936468982696534,2930.640740966797,0.2,1.0751434564590454,0.0072442507,4500,1296.29833984375,5e-05,-3.5762786865234375e-07,-0.005205180530901998,0.0533203125
,,,,,,,452,925696,510.44615799999997,98.9,2362,391,-8.94003677368164,1685.056948852539,0.2,1.0753427743911743,0.0042580436,4510,872.883056640625,5e-05,-8.344650268554688e-07,-0.0033117222134023904,0.00859375
,,,,,,,453,927744,513.9945646799999,99.64,2368,391,-8.941057634353637,1965.6790710449218,0.2,1.0757452249526978,0.0026962734,4520,1005.9619140625,5e-05,-5.960464477539062e-07,-0.003253362694522366,0.01865234375
,,,,,,,454,929792,523.4327993300001,99.88,2373,391,-8.943147277832031,1887.6911834716798,0.2,1.0759598016738892,0.005309331,4530,977.0516967773438,5e-05,-1.1920928955078125e-07,-0.0023429112683515997,0.016357421875
,,,,,,,455,931840,524.91304521,100.0,2378,391,-8.944532799720765,2487.4661193847655,0.2,1.076370358467102,0.0032080575,4540,920.1306762695312,5e-05,-3.5762786865234375e-07,-0.002058656618464738,0.013818359375
,,,,,,,456,933888,527.7753221,100.0,2383,391,-8.945546221733093,1811.4365814208984,0.2,1.0762442350387573,0.0056006317,4550,952.932373046875,5e-05,-2.384185791015625e-07,-0.005063195328693837,0.04697265625
,,,,,,,457,935936,525.8707757799999,100.0,2388,391,-8.945270681381226,1800.3350372314453,0.2,1.0765022039413452,0.004339439,4560,901.9075317382812,5e-05,-2.384185791015625e-07,-0.0019915356650017204,0.012890625
,,,,,,,458,937984,523.1037039200002,100.0,2393,391,-8.946619391441345,1725.8329986572267,0.2,1.076603651046753,0.0033925977,4570,877.6602783203125,5e-05,-4.76837158203125e-07,-0.002395794150652364,0.00751953125
,,,,,,,459,940032,523.66784843,100.0,2399,391,-8.946796822547913,1672.9060455322265,0.2,1.0765588283538818,0.0044285585,4580,834.6241455078125,5e-05,-2.384185791015625e-07,-0.002124765276676044,0.017041015625
,,,,,,,460,942080,525.3210045800001,100.0,2404,391,-8.94777295589447,1825.5063171386719,0.2,1.077102541923523,0.005992079,4590,890.4903564453125,5e-05,-4.76837158203125e-07,-0.0035367795615457,0.039599609375
,,,,,,,461,944128,522.7075018,100.0,2409,391,-8.950820279121398,1765.6560668945312,0.2,1.0774803161621094,0.0047973995,4600,853.54638671875,5e-05,-8.344650268554688e-07,-0.003995319455862045,0.02392578125
,,,,,,,462,946176,523.40500301,100.0,2414,391,-8.951380467414856,1880.25615234375,0.2,1.0773167610168457,0.005250048,4610,933.9776611328125,5e-05,4.76837158203125e-07,-0.006441441539209336,0.05390625
,,,,,,,463,948224,531.28353235,100.0,2419,391,-8.951743745803833,1934.6604766845703,0.2,1.077702522277832,0.0049773096,4620,895.0693969726562,5e-05,-1.1920928955078125e-07,-0.0035248944885097446,0.027294921875
,,,,,,,464,950272,533.74039625,100.0,2424,391,-8.954000782966613,2231.312432861328,0.2,1.0780560970306396,0.0074805534,4630,947.6928100585938,5e-05,-5.960464477539062e-07,-0.004378250605077483,0.0291015625
,,,,,,,465,952320,540.19462202,100.0,2429,391,-8.955616998672486,1996.9560485839843,0.2,1.078317403793335,0.0046543833,4640,1019.8389892578125,5e-05,1.1920928955078125e-07,-0.003179642267059535,0.026513671875
,,,,,,,466,954368,542.97976739,100.0,2434,391,-8.956602263450623,2086.3542510986326,0.2,1.078458547592163,0.0052139107,4650,1139.6385498046875,5e-05,-5.960464477539062e-07,-0.0038486460980493575,0.029345703125
,,,,,,,467,956416,545.39348837,100.0,2439,391,-8.95753104686737,2155.934750366211,0.2,1.0787070989608765,0.003459563,4660,1012.1306762695312,5e-05,-1.1920928955078125e-07,-0.0027987540408503262,0.020166015625
,,,,,,,468,958464,544.1665580800001,100.0,2445,391,-8.958167505264282,2275.142532348633,0.2,1.078613519668579,0.0066241384,4670,1027.4097900390625,5e-05,-2.384185791015625e-07,-0.0044572380604222415,0.031884765625
,,,,,,,469,960512,542.98282488,100.0,2450,392,-8.95862898826599,1826.2281402587892,0.2,1.0790289640426636,0.004130806,4680,933.7435302734375,5e-05,-3.5762786865234375e-07,-0.002571742166765034,0.010400390625
,,,,,,,470,962560,539.72861656,100.0,2455,392,-8.95960557460785,1814.7368286132812,0.2,1.0787897109985352,0.0034259807,4690,918.4035034179688,5e-05,-2.384185791015625e-07,-0.003300459124147892,0.019287109375
,,,,,,,471,964608,531.61295459,99.42,2460,392,-8.957495713233948,1659.1464233398438,0.2,1.0783427953720093,0.0054169167,4700,826.7545166015625,5e-05,-4.76837158203125e-07,-0.005619427165947854,0.0423828125
,,,,,,,472,966656,535.4701121500001,99.42,2465,392,-8.957338309288025,2247.887057495117,0.2,1.0789471864700317,0.008009896,4710,1104.0972900390625,5e-05,0.0,-0.0061764837359078225,0.073974609375
,,,,,,,473,968704,539.15756263,99.42,2470,392,-8.961753797531127,2351.300640869141,0.2,1.0798898935317993,0.002840454,4720,1089.073486328125,5e-05,0.0,-0.0015903399034868926,0.009033203125
,,,,,,,474,970752,548.13547187,99.42,2475,392,-8.965946769714355,2449.4696533203123,0.2,1.0803765058517456,0.004343076,4730,1256.9464111328125,5e-05,-2.384185791015625e-07,-0.0029030232690274715,0.005517578125
,,,,,,,475,972800,546.7875602099998,98.86,2481,392,-8.967690873146058,2815.649951171875,0.2,1.0806020498275757,0.004780937,4740,1373.12158203125,5e-05,-1.1920928955078125e-07,-0.0037859421514440327,0.01103515625
,,,,,,,476,974848,542.65809869,99.44,2486,392,-8.968674516677856,2476.465463256836,0.2,1.0807806253433228,0.003636759,4750,1220.5269775390625,5e-05,0.0,-0.0017299468949204312,0.029541015625
,,,,,,,477,976896,541.83902885,99.44,2491,392,-8.969408631324768,1497.2470489501952,0.2,1.0808998346328735,0.0062934337,4760,729.9037475585938,5e-05,-2.384185791015625e-07,-0.0054446524532977495,0.047607421875
,,,,,,,478,978944,534.30159985,99.44,2496,392,-8.970321154594421,1946.1898010253906,0.2,1.0811024904251099,0.00487982,4770,943.2381591796875,5e-05,-4.76837158203125e-07,-0.0020748550712596627,0.015234375
,,,,,,,479,980992,525.18026295,99.44,2501,392,-8.97194230556488,1618.4556762695313,0.2,1.08157217502594,0.0019668578,4780,758.2951049804688,5e-05,-1.1920928955078125e-07,-0.0011734873172827066,0.000634765625
,,,,,,,480,983040,533.3781429100001,100.0,2507,392,-8.973724222183227,1751.0237579345703,0.2,1.081658959388733,0.0054070083,4790,839.9674682617188,5e-05,-2.384185791015625e-07,-0.00534048302215524,0.042431640625
,,,,,,,481,985088,534.63136348,100.0,2512,392,-8.97505841255188,2097.1801727294924,0.2,1.0821689367294312,0.0034855998,4800,1048.8746337890625,5e-05,-2.384185791015625e-07,-0.0021327832830138503,0.00390625
,,,,,,,482,987136,540.14343771,100.0,2517,392,-8.977964401245117,1695.7271667480468,0.2,1.0825587511062622,0.00426076,4810,860.1446533203125,5e-05,0.0,-0.0027447024069260804,0.009130859375
,,,,,,,483,989184,545.98048649,100.0,2522,392,-8.979452419281007,2143.855224609375,0.2,1.0826832056045532,0.0057788067,4820,995.1881103515625,5e-05,0.0,-0.002164055482717231,0.018310546875
,,,,,,,484,991232,552.33064673,100.0,2527,392,-8.98022494316101,2294.2834350585936,0.2,1.082926630973816,0.0051397723,4830,1117.1668701171875,5e-05,-4.76837158203125e-07,-0.0039544195111375306,0.028955078125
,,,,,,,485,993280,547.02159266,100.0,2533,392,-8.98002667427063,2363.6630981445314,0.2,1.0825270414352417,0.004973644,4840,1113.519775390625,5e-05,0.0,-0.0013078544288873672,0.01591796875
,,,,,,,486,995328,555.93064803,100.0,2538,392,-8.977963542938232,1548.4706115722656,0.2,1.0823508501052856,0.007298274,4850,769.8870239257812,5e-05,-9.5367431640625e-07,-0.006845866033108905,0.062353515625
,,,,,,,487,997376,548.4751534,100.0,2543,392,-8.977929854393006,2740.77548828125,0.2,1.0824484825134277,0.005804094,4860,1413.0091552734375,5e-05,-1.1920928955078125e-07,-0.0041787742695305495,0.037060546875
,,,,,,,488,999424,543.9137854199998,100.0,2548,392,-8.977685141563416,1778.8359771728515,0.2,1.0822185277938843,0.006251084,4870,795.2024536132812,5e-05,5.960464477539063e-08,-0.005791332758963108,0.05751953125
,,,,,,,489,1001472,539.99173022,100.0,2553,392,-8.977683091163636,1929.3019134521485,0.2,1.0826343297958374,0.0055440506,4880,976.0972290039062,5e-05,-2.384185791015625e-07,-0.0026785985071910547,0.023486328125
