#{"t_start": 1742467723.7243075, "env_id": "None"}
r,l,t,distance_to_target,collision,reached_goal,target
1311.143288,200,1.339331,0.02233983921878817,False,False,[ 0.44879592 -0.07925901  0.53972998]
1404.074908,200,1.671355,0.04973090208096391,False,False,[0.44825791 0.23629424 0.36426786]
1532.391415,200,2.021258,0.04634102158333204,False,False,[0.26371891 0.39541677 0.33972374]
1010.487329,200,2.331727,0.09035106395889192,False,False,[0.31346182 0.39690707 0.52331368]
1240.076966,200,2.652058,0.040772053388664825,False,False,[0.20766396 0.3108625  0.24755189]
1111.558722,200,2.96607,0.06329151896341284,False,False,[0.1522292  0.24249786 0.17722473]
1324.914396,200,3.281007,0.06156458226589895,False,False,[0.20172798 0.37739625 0.2808096 ]
1048.399685,200,3.603522,0.08172725939418866,False,False,[0.18555655 0.07624497 0.37986103]
1403.314612,200,3.933146,0.02981099495959213,False,False,[0.47422999 0.06139458 0.61232538]
1418.205568,200,4.250264,0.024244602514513717,False,False,[0.48645587 0.30418938 0.40951412]
1166.430117,200,5.14494,0.025039771594863463,False,False,[0.16567594 0.19307392 0.7806804 ]
973.626323,200,5.468655,0.1068909880452207,False,False,[ 0.17151312 -0.09476257  0.50050217]
1408.055103,200,5.82059,0.07111903956732538,False,False,[0.28476162 0.23198485 0.48931811]
1295.983545,200,6.132864,0.05789821522535109,False,False,[0.76041843 0.06668948 0.32172522]
1134.649456,200,6.437291,0.05681396547280117,False,False,[0.21637732 0.67364265 0.22712196]
1240.085069,200,6.744694,0.048117006805212185,False,False,[0.56711673 0.35760112 0.13282995]
3.518058,40,6.891266,0.46735011945346244,True,False,[0.16940227 0.02384106 0.64344054]
1490.712361,200,7.210058,0.08312576427878715,False,False,[0.7339736  0.17007116 0.38948521]
1250.417592,200,7.51352,0.037630017463386865,False,False,[0.18466353 0.46802418 0.48777128]
1331.415333,200,7.821451,0.05541367458027079,False,False,[0.5354328  0.11711203 0.1733118 ]
1417.819719,200,8.123538,0.029081218159169187,False,False,[0.50003558 0.10855917 0.49735917]
1306.929832,200,8.904504,0.024676357956542043,False,False,[0.64528005 0.2421593  0.21226367]
351.617877,200,9.215152,0.05397175057202451,False,False,[0.45608179 0.22003881 0.35645493]
1336.113536,200,9.57733,0.017172242344680004,False,False,[0.29614711 0.31106639 0.68595069]
1636.285946,200,9.879944,0.04209688508834654,False,False,[0.26669967 0.3849832  0.32931808]
1162.160926,200,10.250776,0.09128575436291979,False,False,[0.30588947 0.05879036 0.68751831]
1321.406678,200,10.555623,0.046068585178732614,False,False,[0.42268796 0.25415564 0.31293706]
901.709018,200,10.91769,0.12606437403654447,False,False,[0.10791179 0.62078569 0.54295834]
1383.048303,200,11.241361,0.03496183299616133,False,False,[0.53186915 0.24899406 0.3339528 ]
1230.677341,200,11.544527,0.05629074672710433,False,False,[0.16224876 0.21794926 0.4878952 ]
962.783172,200,11.860183,0.11992424298832817,False,False,[0.73918673 0.08859573 0.10134929]
1172.594716,200,12.630877,0.04205933982220555,False,False,[0.43788084 0.67971587 0.21686296]
1110.569957,200,12.938317,0.06101665636426753,False,False,[0.67459428 0.47252597 0.1712958 ]
1246.987205,200,13.345054,0.07884003234752832,False,False,[0.13774166 0.24764491 0.46919725]
1355.002852,200,13.646845,0.028383171564802304,False,False,[0.49762729 0.30787266 0.23967517]
1290.894748,200,13.959023,0.025593829887755846,False,False,[0.20959641 0.04048663 0.24061085]
1126.677083,200,14.278496,0.04673954464110105,False,False,[ 0.29183802 -0.04142907  0.18411302]
1754.140864,200,14.588526,0.07172668365678457,False,False,[ 0.40595676 -0.01562178  0.56956078]
1210.486251,200,14.89736,0.06407915132911983,False,False,[0.75240146 0.25846732 0.14494172]
1111.888426,200,15.201783,0.052253143578291424,False,False,[0.28631677 0.00594138 0.79061297]
1686.732488,200,15.507154,0.030162100677278526,False,False,[0.5904238  0.1136139  0.44322062]
1383.528195,200,16.292527,0.0470405444208223,False,False,[ 0.64089343 -0.06533085  0.26983231]
535.637734,200,16.610113,0.04494079708297581,False,False,[0.42456827 0.17874657 0.485604  ]
1334.828658,200,16.906286,0.06031804480433616,False,False,[0.68913275 0.09333266 0.45437047]
1326.272753,200,17.20503,0.03544971423099452,False,False,[ 0.50595674 -0.00958123  0.29185647]
1253.84071,200,17.60234,0.049806773090686,False,False,[0.55448196 0.36062716 0.17647341]
1452.624461,200,17.902893,0.01564860703807656,False,False,[0.46002835 0.25618975 0.3807637 ]
1418.539587,200,18.202115,0.0294488562508362,False,False,[0.6439188  0.09907348 0.51258565]
1469.406557,148,18.463036,0.040311498175442835,False,True,[0.3056649  0.37936741 0.19680174]
873.579858,200,18.770416,0.1415066154056196,False,False,[0.26009294 0.04075951 0.69009333]
1125.562489,200,19.085031,0.044379609553269646,False,False,[0.15093808 0.47025073 0.17404802]
1425.721959,200,19.382534,0.007057417253714847,False,False,[0.45928155 0.23231171 0.30726529]
875.751068,200,20.162867,0.126661022588552,False,False,[ 0.12530438 -0.01216563  0.55123635]
1274.713672,148,20.418943,0.0451213996259834,False,True,[0.46802359 0.36974009 0.18337431]
1352.632201,200,20.72803,0.04659625425293495,False,False,[0.35163594 0.24441887 0.27305981]
1325.147928,200,21.035146,0.04557033572336291,False,False,[0.40794037 0.05755886 0.2803214 ]
1411.037945,200,21.341875,0.03804445812871864,False,False,[0.58368288 0.14170999 0.54259573]
1346.475637,200,21.654554,0.0752616540978419,False,False,[0.45336902 0.0059709  0.27310975]
1477.534391,200,21.966834,0.026675973578442563,False,False,[0.47993118 0.52996096 0.20120208]
1307.30269,200,22.268915,0.0336553493134565,False,False,[0.39727633 0.12057559 0.30861915]
1130.508934,200,22.582687,0.06630429052844469,False,False,[0.1590955  0.04741946 0.3539568 ]
1228.431015,200,22.869509,0.03501629651848755,False,False,[0.28170833 0.16639664 0.19298549]
1532.874694,200,23.639046,0.018762571904321335,False,False,[0.29369886 0.39732178 0.34539163]
1523.132476,200,23.935939,0.05520749768848942,False,False,[ 0.68341916 -0.07037302  0.49306197]
1260.231265,200,24.356615,0.0556931799388602,False,False,[0.11295238 0.30160181 0.68119824]
1225.893909,200,24.667109,0.017595282599052884,False,False,[0.16627186 0.4270511  0.25479138]
1146.996148,200,24.984194,0.06507031596150864,False,False,[ 0.34058456 -0.08389137  0.20041039]
1165.767362,200,25.287755,0.05299503017567893,False,False,[0.40741507 0.06854391 0.14372473]
1338.007293,200,25.577765,0.03871691585700721,False,False,[0.71781965 0.2174114  0.2078245 ]
1736.630261,200,25.888483,0.047806294604362226,False,False,[0.59265689 0.23511062 0.26879048]
1356.550901,200,26.29608,0.05935329035255723,False,False,[0.37390291 0.31172351 0.48313151]
1012.429739,200,26.60673,0.07400618021052202,False,False,[0.23281018 0.33967168 0.10264871]
1549.053875,200,26.91716,0.027049949536454523,False,False,[0.40254049 0.01083204 0.32974714]
1463.77644,200,27.68772,0.02896383863956055,False,False,[0.51680087 0.09960575 0.5468698 ]
1684.486042,200,27.991012,0.02537936175105951,False,False,[0.40110302 0.25581105 0.51148292]
-31.469388,23,28.129425,0.12050511246701276,True,False,[ 0.79596364 -0.043061    0.11075059]
-24.879551,38,28.275377,0.5314983528073058,True,False,[0.17516433 0.38938548 0.42799733]
1514.184767,200,28.585418,0.05388439114560892,False,False,[ 0.29294031 -0.03495057  0.3814412 ]
1379.322082,200,28.888381,0.02109526374617348,False,False,[0.66307551 0.0239363  0.28390597]
1347.465344,200,29.194603,0.06929108645865867,False,False,[0.67079377 0.15784772 0.35007178]
1417.746034,200,29.496703,0.007949795375139155,False,False,[0.38052558 0.2258465  0.541405  ]
966.204594,200,29.802794,0.08160196275984008,False,False,[0.20820295 0.42540798 0.28943868]
1307.780054,200,30.10952,0.05980807632185291,False,False,[ 0.60169567 -0.0241598   0.37285778]
1306.170037,200,30.515034,0.031079408063681552,False,False,[0.49603888 0.0740632  0.32759671]
1301.275694,200,31.308867,0.02734507415875746,False,False,[0.5252804  0.43756516 0.25001611]
1399.756029,200,31.714318,0.021202094751936195,False,False,[0.55119088 0.09755946 0.5860791 ]
1277.17574,200,32.028826,0.047137162071690844,False,False,[0.42733609 0.08132039 0.31227702]
1318.729278,200,32.343453,0.06062541918035204,False,False,[0.58693461 0.08318895 0.28358273]
1425.328816,200,32.648381,0.03139671453065448,False,False,[0.21447365 0.2892187  0.4417172 ]
1064.355585,200,32.956856,0.11748144565815605,False,False,[ 0.68044134 -0.02109514  0.47095168]
984.451535,181,33.347541,0.06266052534712997,True,False,[0.32514427 0.58953437 0.13174748]
1203.601303,200,33.66135,0.028199466456485054,False,False,[0.21731936 0.48733349 0.41663024]
1333.005949,200,33.958265,0.03202048371477552,False,False,[ 0.762311   -0.00907849  0.17910263]
-22.277162,38,34.103726,0.4837109398631468,True,False,[0.13738081 0.35418414 0.42473114]
1261.189399,200,34.401058,0.05327872421107122,False,False,[0.47022505 0.63270132 0.26992452]
1264.247994,200,34.691744,0.056158785212369895,False,False,[0.19753133 0.29733275 0.25445778]
1298.698262,200,35.463228,0.035836307708354824,False,False,[0.34387953 0.12042265 0.43506298]
1368.777207,200,35.763834,0.05576585005339057,False,False,[ 0.45324207 -0.04692084  0.62543368]
1424.63128,200,36.069879,0.023095396520864554,False,False,[0.40680056 0.06790009 0.32953726]
1358.562622,200,36.387378,0.04353986546062437,False,False,[0.55162885 0.14314054 0.32873343]
59.622191,45,36.538757,0.08000114085642905,True,False,[0.31152914 0.69795484 0.12705934]
1459.963303,200,36.852071,0.022274711731961844,False,False,[0.4162617  0.21233425 0.55295733]
1326.97606,200,37.151073,0.05831558846481443,False,False,[0.56393065 0.41900741 0.25941198]
1302.22122,200,37.461535,0.05069119517308601,False,False,[0.25557425 0.35768837 0.21443232]
69.043102,41,37.615747,0.04458153874457137,True,False,[0.80742468 0.21341352 0.1043047 ]
1364.957355,200,37.926354,0.019328939144927587,False,False,[0.62072037 0.10647473 0.44527039]
1258.651601,200,38.237112,0.03773824164017312,False,False,[0.67341823 0.40283431 0.24308945]
1069.510851,89,38.536864,0.036936013627146734,False,True,[0.47005217 0.38238973 0.5649651 ]
1145.095051,200,39.303812,0.05620756282982769,False,False,[0.21669638 0.34262579 0.55988661]
1338.661287,200,39.60966,0.04255481284077764,False,False,[0.65262545 0.10047741 0.36106599]
1136.685409,200,39.91588,0.10615389600316721,False,False,[0.22763436 0.64063312 0.18921312]
634.636038,200,40.219253,0.17371293082336353,False,False,[ 0.13511329 -0.09963929  0.82336818]
1344.281884,200,40.542385,0.04073702440688789,False,False,[0.25093248 0.38253832 0.3699747 ]
1185.802321,200,40.848322,0.06071046975019839,False,False,[0.28379178 0.51074202 0.14517739]
1207.897979,200,41.164404,0.025831422868509098,False,False,[0.38066503 0.69305979 0.24358004]
1378.885904,200,41.47472,0.02361327925855663,False,False,[0.44129899 0.13893609 0.28575918]
1022.653796,200,41.780737,0.08096267497361562,False,False,[0.15628481 0.05957298 0.66797248]
1711.524614,198,42.10438,0.016575558859705672,False,True,[0.24815072 0.64060348 0.14062533]
953.32995,200,42.906322,0.0714086062988302,False,False,[ 0.21030254 -0.02513402  0.64506249]
1268.918346,200,43.211285,0.05801343936215405,False,False,[0.13292864 0.08354788 0.7075999 ]
1339.695554,200,43.531838,0.07110237952565815,False,False,[ 0.52938279 -0.09939588  0.33608647]
633.416204,123,43.862446,0.057496825754739585,True,False,[0.75896554 0.0046649  0.13659584]
1300.814947,200,44.163693,0.042683893101824626,False,False,[0.28785702 0.61123035 0.38074783]
600.966344,18,44.290333,0.025117974250630008,False,True,[0.47363523 0.22753797 0.22149798]
1126.678308,200,44.598221,0.06195793021347202,False,False,[0.74741829 0.1487141  0.27687789]
1241.920977,200,44.8975,0.02864420949714063,False,False,[0.34238807 0.51206392 0.44488353]
1364.025291,200,45.197883,0.0765040777054188,False,False,[0.35927549 0.41726604 0.28298128]
1248.541127,200,45.508047,0.07355604471816214,False,False,[0.59743772 0.40363387 0.24272953]
972.096784,79,45.69486,0.029430608168599742,False,True,[0.26835344 0.5527579  0.48588155]
1427.727839,200,46.010199,0.015359609099921526,False,False,[0.44521985 0.37440466 0.44184475]
1270.009883,200,46.788758,0.04062525633033194,False,False,[0.31412677 0.56581737 0.38638747]
1596.04092,200,47.099851,0.025228676722203393,False,False,[0.56854101 0.34182212 0.5144042 ]
1411.00702,200,47.405703,0.027880126350970185,False,False,[0.11981881 0.39833554 0.40208279]
1344.074963,200,47.71416,0.023005543688753807,False,False,[0.48468809 0.13981128 0.67588901]
1302.730224,200,48.017503,0.019927684035679537,False,False,[0.49112476 0.43196401 0.18298244]
1610.737208,200,48.315708,0.03487949191066075,False,False,[0.25620371 0.25282558 0.69970545]
1018.319332,200,48.622937,0.11767889998467922,False,False,[0.12783902 0.47199835 0.1948517 ]
1312.638381,200,48.940884,0.08004020649433169,False,False,[ 0.49764043 -0.08966272  0.26994332]
1176.562447,200,49.347264,0.042215154532209705,False,False,[0.17799415 0.16246407 0.77827533]
1557.585805,200,49.659572,0.04067176873842789,False,False,[0.41009539 0.43399368 0.37041866]
1239.975819,200,49.969239,0.06762264698856135,False,False,[ 0.43171508 -0.09565232  0.54314936]
1288.178967,200,50.734339,0.048431466627600936,False,False,[ 0.50847688 -0.07942615  0.23752642]
1398.054722,200,51.132077,0.03359558306480642,False,False,[ 0.64543843 -0.08053795  0.21225659]
1390.068957,200,51.53663,0.036875922240243365,False,False,[0.21354287 0.18820867 0.68021612]
1313.720847,200,51.843037,0.03531225698727796,False,False,[ 0.27587429 -0.029856    0.52366004]
1371.876696,200,52.159594,0.09075688849081204,False,False,[0.23496072 0.06311751 0.14884577]
1254.424337,200,52.461745,0.041447849295363964,False,False,[0.43191697 0.46975684 0.43669763]
1147.645377,200,52.781227,0.07555438928542292,False,False,[0.20055234 0.08534149 0.43808166]
1088.987422,200,53.089676,0.08244999261270923,False,False,[0.16526731 0.00974843 0.49697866]
1179.596696,200,53.388469,0.04368842733691739,False,False,[0.54641955 0.16149971 0.33851969]
1556.935561,200,53.728366,0.04369521689244246,False,False,[ 0.35863217 -0.0692369   0.34052083]
1179.801897,200,54.496858,0.04491337100308304,False,False,[ 0.57270388 -0.05203687  0.17996282]
1298.857063,200,54.906557,0.09765295187495546,False,False,[0.37100378 0.33756375 0.12641403]
1554.568259,200,55.226371,0.06734145114414453,False,False,[0.57215684 0.40800896 0.40138935]
1203.165876,200,55.539026,0.07046500717951842,False,False,[0.33355975 0.24019724 0.15408916]
1326.874771,200,55.834819,0.012640311368854,False,False,[0.42605413 0.01761402 0.40964324]
1344.780609,200,56.136331,0.05128692004106383,False,False,[0.40593237 0.58351203 0.42617926]
1154.168126,200,56.44519,0.028777906385613988,False,False,[0.12720689 0.08460685 0.21379077]
1305.348771,200,56.753393,0.0468091269867945,False,False,[0.30170695 0.68301166 0.33984626]
1333.965191,200,57.064147,0.05173592117014333,False,False,[0.23888585 0.26685506 0.50281717]
1410.933365,200,57.369155,0.033522032075151434,False,False,[0.31001248 0.18627295 0.18367003]
765.565095,200,58.134121,0.13800864038999844,False,False,[ 0.11001031 -0.02111497  0.73264067]
1603.489146,200,58.430174,0.06762508112147786,False,False,[0.49833197 0.10624012 0.35338219]
1340.907424,200,58.729102,0.031005161415973845,False,False,[0.2949563  0.56611479 0.28570655]
1101.481797,200,59.053653,0.037476359845902855,False,False,[0.13596626 0.54541903 0.55233065]
1300.064406,200,59.357592,0.0723897500856782,False,False,[ 0.40978155 -0.03910017  0.22849838]
862.803805,158,59.624847,0.0666387013494435,True,False,[0.48865109 0.50664164 0.14878327]
1570.652302,200,59.949292,0.0431304886725769,False,False,[0.68745912 0.04859228 0.29841819]
1531.464075,200,60.257752,0.05898714007217623,False,False,[0.4655747  0.57407539 0.35036084]
1245.86596,200,60.568642,0.033430141471896664,False,False,[0.2914995  0.68305363 0.37056915]
1109.838052,200,60.874405,0.07956201725642074,False,False,[0.13628818 0.11189398 0.35226943]
1261.184716,200,61.175196,0.016534912509854113,False,False,[0.31908706 0.55428542 0.2381248 ]
1094.027196,200,61.940595,0.050861616701729624,False,False,[ 0.14705249 -0.00699731  0.47049461]
1372.959634,200,62.237977,0.03428773809198364,False,False,[0.37095316 0.03218026 0.65906455]
1015.486094,200,62.55342,0.093796843908993,False,False,[ 0.14261888 -0.03101979  0.18551622]
1346.84237,200,62.856438,0.036120208876805955,False,False,[0.63237545 0.18075688 0.25286185]
1207.011573,200,63.165367,0.06341708571154762,False,False,[0.41408805 0.36274259 0.43379769]
1345.691619,200,63.468416,0.02068593033817323,False,False,[0.17220423 0.27343866 0.75780868]
1392.637404,200,63.770894,0.028047559849538512,False,False,[0.65334465 0.0670452  0.46183005]
1322.291408,200,64.069194,0.05909591638207576,False,False,[0.25760292 0.41355685 0.36541357]
1308.47714,200,64.384877,0.0297695499499774,False,False,[0.16507436 0.26673753 0.70768588]
1166.314277,200,64.698868,0.05157236370568773,False,False,[0.54349615 0.17541167 0.33598835]
1335.893855,200,65.481262,0.03128426755159238,False,False,[ 0.64023744 -0.07853471  0.41971395]
1356.819915,200,65.885054,0.058342702612875885,False,False,[0.38963363 0.03023188 0.270261  ]
1511.025667,200,66.188298,0.04536572013148211,False,False,[0.37641073 0.52440134 0.26499617]
1244.794456,200,66.49617,0.06630411495346039,False,False,[0.15956011 0.58735921 0.42162605]
1373.659987,200,66.806439,0.04379489626061826,False,False,[0.74634528 0.05108224 0.37576702]
1257.982593,200,67.129649,0.06285500082952504,False,False,[0.57159363 0.34415136 0.17346813]
1231.51459,200,67.532712,0.04291770301693161,False,False,[0.14326096 0.38537152 0.6849194 ]
1234.924749,200,67.84861,0.052801790156620364,False,False,[0.22913705 0.24038724 0.42346217]
1259.658639,200,68.153592,0.047475499344890607,False,False,[0.48546881 0.45273583 0.17627635]
1318.604086,200,68.46068,0.0544673799179014,False,False,[0.19311509 0.1251443  0.49041161]
1302.335372,200,69.236175,0.02767534095416865,False,False,[0.45515826 0.64454579 0.23688857]
1238.906731,200,69.53396,0.08042440124649122,False,False,[0.45012859 0.41685811 0.14540151]
1370.694079,200,69.82774,0.013608283197826624,False,False,[0.26366237 0.42047669 0.44444915]
1045.303136,200,70.127657,0.07911375797007074,False,False,[ 0.13893825 -0.00117385  0.45018999]
1271.473295,200,70.439075,0.04130621138282413,False,False,[0.2424108  0.33173914 0.30808108]
1457.847224,200,70.765507,0.03211117637747542,False,False,[0.21970503 0.654894   0.31801817]
1345.787944,200,71.107705,0.019650048035909643,False,False,[0.18757211 0.25498723 0.71465332]
1531.856262,200,71.427251,0.03407047147552032,False,False,[0.26743693 0.03617522 0.64225056]
1359.36607,200,71.735481,0.04025654755737229,False,False,[0.66134492 0.00850888 0.25284112]
1262.776465,200,72.150857,0.07105197619286016,False,False,[0.28726299 0.66545841 0.3141141 ]
1541.667029,200,72.944503,0.027494070390278458,False,False,[0.2878164  0.09741996 0.55833096]
1553.764659,200,73.248385,0.02364781754016352,False,False,[ 0.32232731 -0.08157413  0.3888623 ]
1717.903317,200,73.551177,0.08798238560779234,False,False,[0.10516604 0.40462063 0.4189617 ]
1416.866948,200,73.857458,0.05543603457170492,False,False,[0.59742945 0.24235836 0.31250915]
1126.782879,200,74.171187,0.059562718011985316,False,False,[0.15228904 0.64350516 0.44962586]
1272.663305,200,74.469644,0.05171086884865055,False,False,[0.32671765 0.03148726 0.72102188]
44.050274,46,74.620495,0.052887101222836526,True,False,[0.2366068  0.65802862 0.10051868]
1300.24503,200,74.932913,0.03875754151764497,False,False,[ 0.74939333 -0.06857068  0.2102817 ]
397.574398,85,75.225012,0.0646429350589878,True,False,[0.43037599 0.59094313 0.1376276 ]
1569.878475,200,75.540052,0.01881960863218908,False,False,[ 0.43780872 -0.03838293  0.43928852]
1374.392619,200,75.842897,0.027399918136918357,False,False,[0.41271516 0.18634966 0.56592322]
1125.326222,200,76.154005,0.06927154432512203,False,False,[0.15180758 0.26253191 0.18174835]
1569.080621,200,76.957002,0.03261346425391362,False,False,[0.68277945 0.03507854 0.20065877]
1101.544945,103,77.1628,0.027693298193428955,False,True,[0.19997755 0.41430887 0.1735636 ]
1205.792839,200,77.481038,0.04269461316459755,False,False,[0.46445808 0.08868307 0.12193372]
1214.848217,200,77.787855,0.03828328589535974,False,False,[ 0.21644569 -0.06040449  0.34551401]
860.947156,200,78.094215,0.1108595672328135,False,False,[ 0.11759714 -0.0374617   0.32891512]
1136.546435,200,78.395811,0.04991901616443532,False,False,[0.16978615 0.15522133 0.14110371]
1123.67924,200,78.703265,0.08586831383517263,False,False,[0.62125107 0.26951131 0.29183295]
158.9863,48,78.868689,0.040529848121892954,True,False,[0.49644785 0.50906561 0.11257911]
1311.059056,200,79.276837,0.03919302157078858,False,False,[0.37756521 0.17122938 0.16613575]
895.250559,200,79.586276,0.09413494986542459,False,False,[ 0.14666839 -0.09026406  0.21265419]
1320.994386,200,79.885469,0.04667326766908515,False,False,[ 0.60416728 -0.02841972  0.53921869]
1286.553723,200,80.764912,0.03835234414318827,False,False,[ 0.68785632 -0.07822898  0.21170815]
1228.369317,200,81.181655,0.04882229323127818,False,False,[0.24410889 0.09232954 0.42345278]
1347.914799,200,81.4863,0.0492226192214526,False,False,[0.38497687 0.39618689 0.36716767]
1249.751964,200,81.79403,0.046618929321002096,False,False,[0.3918976  0.12466818 0.17442663]
1561.701824,200,82.104813,0.036769212641332524,False,False,[0.41419897 0.286987   0.27915496]
1056.789701,200,82.407595,0.07413014593491792,False,False,[0.10751903 0.51450681 0.15584264]
1408.912769,200,82.712654,0.04019272339877246,False,False,[0.37232993 0.27580845 0.46232692]
1319.40353,200,83.024475,0.0617647295652117,False,False,[0.36019468 0.23307015 0.36658357]
1352.959332,200,83.330626,0.040713718976096436,False,False,[0.6715394  0.01058578 0.42155176]
1286.892363,200,83.635098,0.06765665679638166,False,False,[0.3601697  0.36685332 0.24759488]
1551.346457,200,83.936925,0.05031820624851671,False,False,[ 0.33477365 -0.04879438  0.33200866]
1240.944212,200,84.705739,0.0637686171668371,False,False,[ 0.77231336 -0.08090992  0.3428147 ]
1107.826026,200,85.12724,0.06999025783173864,False,False,[ 0.29463649 -0.00828602  0.73164338]
1493.71467,200,85.434209,0.09860531375594915,False,False,[0.13069792 0.26906304 0.49801336]
1630.730311,200,85.73383,0.023370399894930883,False,False,[0.42185997 0.11477711 0.61641285]
1285.720278,200,86.042082,0.05439575684223488,False,False,[0.2482616  0.45293275 0.64756926]
1631.043315,179,86.328677,0.03964330674894579,False,True,[0.15556053 0.39228245 0.53978494]
1363.977097,200,86.640374,0.06257317739409127,False,False,[0.7325787  0.02248916 0.29910955]
1116.92548,90,86.845166,0.006485480023308243,False,True,[ 0.46502711 -0.0320896   0.25833471]
1252.550376,200,87.26661,0.024258140352655357,False,False,[0.4525258  0.42848886 0.20090612]
-29.238671,24,87.403761,0.13822027379878196,True,False,[0.83005604 0.07776688 0.11970805]
1203.933305,200,87.705676,0.03803554612282618,False,False,[0.10886087 0.20067522 0.37730458]
1237.874675,200,88.479271,0.029469990947168193,False,False,[0.2714638  0.03268628 0.76014536]
792.841216,200,88.781188,0.17186560032793743,False,False,[ 0.16376534 -0.0739538   0.34986415]
855.131065,160,89.062668,0.05858383328782538,True,False,[0.5701939  0.44009672 0.13009762]
1249.860049,200,89.474804,0.04658336771413688,False,False,[ 0.41768432 -0.09335547  0.58362874]
1594.596958,200,89.776993,0.03658848142354113,False,False,[0.63833575 0.04877059 0.49776247]
1246.465158,200,90.077452,0.06204088482219884,False,False,[0.39135871 0.48221497 0.14301751]
1660.971757,200,90.397076,0.02238179853332931,False,False,[0.48033309 0.11249593 0.53841979]
1137.990992,200,90.69886,0.08484717600398868,False,False,[0.17799152 0.46163619 0.5990219 ]
1132.681302,200,91.012249,0.039840349271190394,False,False,[ 0.22327506 -0.03711611  0.28841577]
1312.980085,200,91.312916,0.03783131786312084,False,False,[ 0.52224174 -0.03707851  0.21638996]
1487.185222,200,91.616139,0.06466830993842682,False,False,[ 0.26253921 -0.08490348  0.45609132]
1268.315938,200,92.39881,0.04517168150816775,False,False,[0.4039348  0.41898591 0.24378152]
1311.162122,200,92.70299,0.06879709997911959,False,False,[0.31433278 0.15806876 0.52795732]
1257.640225,200,93.009922,0.038498998144224555,False,False,[ 0.609018   -0.06381945  0.30444569]
1465.611775,200,93.398106,0.0785564805624674,False,False,[0.45116107 0.17285142 0.53403741]
1254.462886,200,93.698844,0.06294680609626482,False,False,[0.24969467 0.52890444 0.34232328]
1203.019531,200,93.992193,0.08107330006497222,False,False,[0.59308188 0.5241877  0.18649701]
1557.636376,200,94.406504,0.08307671498203612,False,False,[ 0.40874953 -0.08490912  0.58138466]
1323.816589,200,94.703366,0.02491464617096334,False,False,[ 0.68515914 -0.07180983  0.30316416]
1326.010783,200,95.130752,0.04439047350496119,False,False,[ 0.57653937 -0.05361194  0.16667444]
1374.073436,200,95.446681,0.049514771595804204,False,False,[ 0.67618752 -0.06021897  0.43680116]
1333.994557,200,96.321201,0.06652473566682993,False,False,[0.36816138 0.11217321 0.61841566]
975.32604,200,96.61824,0.07731518450838067,False,False,[ 0.18175823 -0.08015651  0.54885797]
1392.634754,200,96.914181,0.022092442281945224,False,False,[0.17391264 0.28606528 0.36036937]
1142.650291,200,97.232874,0.06300703607194405,False,False,[ 0.15356516 -0.01311236  0.27797781]
673.402408,92,97.435179,0.09412967060648905,True,False,[ 0.77074104 -0.05989947  0.16713285]
1213.089391,200,97.832561,0.05988135003818915,False,False,[0.58339344 0.46476601 0.2219076 ]
1314.378247,200,98.227636,0.01141774121463832,False,False,[0.2190413  0.44623423 0.50132162]
1084.415026,200,98.544944,0.05090334653924841,False,False,[0.11178654 0.58429134 0.24487843]
1506.420181,200,98.852998,0.06332074509868858,False,False,[ 0.38799562 -0.04430817  0.26389295]
1361.941589,200,99.158788,0.052581097093640644,False,False,[0.58128323 0.1671426  0.58421407]
1401.30244,200,99.456214,0.066237330135845,False,False,[0.43579762 0.12313115 0.38137663]
1581.736844,200,100.219059,0.09280950835775412,False,False,[0.40725362 0.02952746 0.35325366]
1005.241875,200,100.525836,0.04343459724326139,False,False,[0.18711176 0.57848715 0.26474773]
1291.152052,200,100.826892,0.038462695291165014,False,False,[ 0.70383106 -0.02251699  0.36996129]
1268.322668,200,101.131917,0.03065824261252137,False,False,[0.50993319 0.18687212 0.1803451 ]
1465.278104,200,101.445422,0.016186484601893293,False,False,[0.52727246 0.0966448  0.43386839]
1173.947872,200,101.754123,0.03229412086752075,False,False,[0.22324014 0.3289001  0.22324921]
1238.564466,200,102.070279,0.06533135136943503,False,False,[ 0.39379569 -0.0008811   0.19718587]
1198.153618,200,102.374563,0.07076634445469385,False,False,[0.6528398  0.47785485 0.24445522]
1284.168219,200,102.764621,0.043830892519949635,False,False,[0.36971717 0.19881577 0.18703966]
1685.021868,200,103.084396,0.023799198721347847,False,False,[0.61274935 0.14966049 0.47940015]
1351.282964,200,103.857278,0.03587133100849053,False,False,[0.38578379 0.07871105 0.55968068]
1346.827083,200,104.158799,0.022541243657687702,False,False,[0.5371925  0.35054482 0.4838929 ]
823.456138,200,104.469761,0.10877365315921711,False,False,[0.3537597  0.49999564 0.15744585]
1530.341079,200,104.772574,0.06684138402148575,False,False,[0.6748653  0.21514777 0.21321158]
1293.019666,200,105.075165,0.026306588426641204,False,False,[0.35427086 0.43824674 0.22448345]
1396.18092,200,105.416162,0.06677635082340454,False,False,[0.49049088 0.28015288 0.59959019]
1383.745839,200,105.718775,0.031993575704914894,False,False,[0.33505185 0.2777715  0.47283538]
1381.536831,200,106.028295,0.025020872540741528,False,False,[0.19019728 0.22307472 0.67528909]
1314.02892,200,106.335991,0.08591926183933721,False,False,[0.22617967 0.29991573 0.5120033 ]
1324.423246,200,106.64693,0.1589805773490661,False,False,[0.26913202 0.20520261 0.51664405]
1263.377066,200,107.424476,0.03763600713134077,False,False,[ 0.76070774 -0.08371915  0.29128095]
1700.303459,200,107.826089,0.04492589826044965,False,False,[ 0.34503873 -0.06944046  0.62811025]
543.390252,105,108.036988,0.03748553637430091,True,False,[ 0.62220447 -0.06451113  0.12435298]
1365.947722,200,108.44715,0.028518428261457254,False,False,[0.24333981 0.06022486 0.28100365]
1236.333282,200,108.756773,0.029582197135234644,False,False,[0.16272565 0.30544836 0.6511755 ]
1290.694256,200,109.05918,0.05970215843351829,False,False,[0.59870667 0.24475883 0.11822121]
1849.102006,200,109.378073,0.019400095622111608,False,False,[0.5635744  0.03886536 0.49586306]
1290.29539,200,109.68487,0.04762052118299262,False,False,[0.43209138 0.53056991 0.48278839]
1401.228406,200,109.989426,0.034122611633583516,False,False,[0.43067901 0.02728927 0.28238508]
1187.382533,200,110.285864,0.06653099110161245,False,False,[ 0.37497124 -0.05116028  0.39097673]
1300.565916,200,110.579487,0.004571932014746716,False,False,[0.74536083 0.18705942 0.31549594]
1286.781404,200,111.381793,0.09500224752616747,False,False,[0.10587061 0.16986387 0.57089569]
1227.78727,200,111.689023,0.03414948242775572,False,False,[0.1595988  0.48848962 0.22445335]
1267.851897,200,111.995146,0.07027503401058995,False,False,[0.22040306 0.48146869 0.4631978 ]
1049.868036,200,112.296283,0.0600653146774622,False,False,[0.32947533 0.61492148 0.17936106]
1312.770007,200,112.600977,0.0520338512707152,False,False,[0.37391553 0.47657667 0.35326975]
1573.852174,200,112.894275,0.016306731936161407,False,False,[0.1057202  0.44667037 0.65861083]
1144.582317,200,113.206047,0.07190270141705297,False,False,[0.13423364 0.06085781 0.51294861]
1323.835465,200,113.501861,0.03381158755998335,False,False,[0.63580977 0.09124259 0.17797943]
968.149938,200,113.812912,0.11217103475423923,False,False,[0.32391715 0.26089265 0.11019316]
1370.886808,200,114.122937,0.04336094655446046,False,False,[0.29517368 0.15069835 0.51593202]
1243.494292,200,114.904848,0.047890102260655,False,False,[0.24629639 0.61702981 0.30015878]
1289.684562,200,115.207594,0.02459696296863641,False,False,[0.27275441 0.54424808 0.57263798]
1094.721973,200,115.512744,0.06148521018952579,False,False,[0.11581709 0.04840389 0.4568092 ]
1818.239937,200,115.815282,0.030624072719770277,False,False,[ 0.54853444 -0.0694287   0.45345902]
7.285072,32,116.05346,0.08632118214133384,True,False,[0.73644324 0.38133827 0.11968443]
1317.321861,200,116.347688,0.03688026885930533,False,False,[0.33209065 0.16588763 0.71221983]
1357.597685,200,116.659582,0.04959442554892767,False,False,[0.58246747 0.34832642 0.39612747]
1379.752798,200,116.968318,0.032571728148711315,False,False,[0.3503094  0.11682662 0.61710677]
1566.893039,200,117.273732,0.046507308379435806,False,False,[0.56673205 0.34623982 0.28078977]
1314.297524,200,117.578467,0.08786043153274652,False,False,[0.40882422 0.32595859 0.49659818]
1397.304104,200,117.891012,0.06267481610631336,False,False,[0.35709949 0.11999065 0.52164924]
1589.916576,200,118.677727,0.05582495436344395,False,False,[0.50036363 0.32218109 0.28323036]
18.712404,26,118.809247,0.03614665266551705,True,False,[0.52586838 0.10905143 0.10628599]
1065.794069,200,119.111417,0.06003243665267266,False,False,[0.1468342 0.2840792 0.1276727]
1531.913387,200,119.425159,0.06428995804232182,False,False,[0.44246795 0.44726677 0.28722832]
1049.627084,200,119.730288,0.035575195348393304,False,False,[ 0.28145092 -0.04752287  0.17508616]
1353.980917,200,120.039089,0.01723405672949046,False,False,[0.69121989 0.17714397 0.41432339]
1352.94636,200,120.341839,0.05605367192643178,False,False,[0.34875071 0.08703219 0.38912191]
604.795199,163,120.613333,0.18522871223575785,True,False,[ 0.12442131 -0.08987595  0.29107215]
1222.511027,200,120.92638,0.03959960799342539,False,False,[0.13603645 0.61928531 0.24740436]
1381.66275,200,121.232079,0.024766726351423896,False,False,[0.36169508 0.3316407  0.64879657]
1534.988994,200,121.55781,0.02302920686122656,False,False,[0.24151956 0.1280818  0.58816732]
1479.351041,200,121.855725,0.05195281862544242,False,False,[0.45021458 0.17503326 0.16403353]
1021.182427,200,122.661207,0.08950355411713473,False,False,[0.10232523 0.54749581 0.40529461]
1386.623731,200,122.964987,0.01578472863457437,False,False,[ 0.663078   -0.00096333  0.27694616]
1165.587526,200,123.26484,0.06837726154295501,False,False,[0.18207203 0.11790001 0.18281087]
1333.074674,200,123.585662,0.03034119527303936,False,False,[0.39445498 0.16763489 0.33671054]
1095.167679,200,123.890895,0.06865184962798725,False,False,[0.22392854 0.30678749 0.25931195]
1365.52872,200,124.203927,0.045743200220838866,False,False,[0.35272836 0.22107695 0.45942993]
1231.397556,200,124.519452,0.04506801224100012,False,False,[0.43157917 0.66795421 0.23181733]
1362.241625,200,124.830553,0.025645388949235452,False,False,[0.60651603 0.24563734 0.21617976]
1425.954401,200,125.13735,0.03740763765315397,False,False,[0.34645195 0.03144605 0.46880258]
1366.581114,200,125.443001,0.05003352113403706,False,False,[0.22092126 0.17679933 0.60476589]
1069.070233,200,126.222772,0.07836969315849085,False,False,[ 0.4177498  -0.06913976  0.72508453]
1320.087333,200,126.513879,0.030006455280805276,False,False,[0.58068999 0.38688411 0.21432261]
1241.069636,200,126.929553,0.04837808636795562,False,False,[0.4673405  0.52571841 0.18629113]
1524.739749,200,127.327988,0.019430631390879714,False,False,[0.19768043 0.51465828 0.5334593 ]
1036.94339,200,127.629339,0.07463591885950127,False,False,[0.10294592 0.02309414 0.66357334]
1323.297556,200,127.927097,0.005910438645810608,False,False,[0.23697217 0.42005708 0.5840225 ]
1362.989302,200,128.226964,0.027693245260733843,False,False,[0.50683104 0.195018   0.15139365]
1252.212392,200,128.62326,0.028673685867501734,False,False,[0.18439926 0.55625168 0.30569703]
917.27997,200,128.931813,0.08309311460720474,False,False,[ 0.33024528 -0.05576398  0.11935784]
1389.358338,200,129.251837,0.04743518033637377,False,False,[0.4549848  0.03841262 0.50368167]
1406.928706,200,130.051055,0.031348302721686594,False,False,[0.33388666 0.10644168 0.48873116]
-24.136296,24,130.185848,0.13022491318148977,True,False,[ 0.73481138 -0.05166635  0.1244506 ]
-9.825067,32,130.32862,0.33789536299869644,True,False,[0.20459119 0.20042504 0.35930951]
803.853527,200,130.638679,0.1782663698848374,False,False,[ 0.11738643 -0.04832742  0.61066486]
1348.946817,200,130.939103,0.048635794453996316,False,False,[0.24117132 0.435784   0.5602988 ]
1526.293664,200,131.241042,0.02374935773460849,False,False,[0.17467197 0.42970729 0.27040076]
1544.074352,200,131.551244,0.05927945028854626,False,False,[0.27418531 0.26319772 0.21762366]
1029.941198,200,131.851882,0.09234850666621308,False,False,[ 0.35823823 -0.04266551  0.16226435]
1294.877467,200,132.162965,0.020769285897015394,False,False,[0.5061159  0.2921247  0.16990281]
1171.201179,200,132.562845,0.051296868039795024,False,False,[ 0.23330644 -0.03681746  0.28720991]
1324.159789,200,132.857723,0.04051432313568906,False,False,[0.4167045  0.19337317 0.61009339]
1203.476295,200,133.156241,0.041650138668317994,False,False,[0.27393462 0.57092159 0.20637045]
1387.595633,200,133.969822,0.06550934879956195,False,False,[0.56020388 0.40121359 0.29897813]
1138.029196,200,134.283305,0.06425404774457531,False,False,[0.23814819 0.02081222 0.68909955]
1376.715653,200,134.590124,0.025358705384243205,False,False,[0.58822071 0.19511482 0.25876378]
1419.328438,200,134.891217,0.05452691151898117,False,False,[0.52233771 0.24925933 0.60168738]
1269.153151,200,135.205151,0.01896691888636905,False,False,[0.32568186 0.18305554 0.74807452]
1346.876225,200,135.504443,0.040266552233868484,False,False,[0.35235564 0.00280972 0.36477493]
1342.745016,200,135.805327,0.08971259334664078,False,False,[ 0.41522656 -0.09089456  0.70542877]
1333.487841,200,136.122478,0.052102755394669645,False,False,[0.40334229 0.40568828 0.31647484]
1392.199584,200,136.437975,0.047356706060545296,False,False,[0.32407498 0.25367055 0.64851519]
1356.956162,200,136.738628,0.013778001185254227,False,False,[0.47489988 0.08451205 0.30622192]
-22.401974,25,136.871979,0.13638105253656063,True,False,[0.7713032  0.16975755 0.11093444]
1273.071998,200,137.659487,0.048364002246763696,False,False,[0.57276599 0.151828   0.57860299]
1190.35299,200,137.979448,0.08813169608389189,False,False,[0.38223501 0.40959808 0.18092202]
1335.540161,200,138.287532,0.061186507032730424,False,False,[0.55191207 0.01443611 0.4613992 ]
1291.308076,200,138.592728,0.04974923653197743,False,False,[0.71500826 0.18866412 0.13687191]
795.601879,200,138.903994,0.11771462053904058,False,False,[0.2280489  0.69446971 0.40110061]
1128.570548,200,139.212672,0.06243825504333075,False,False,[0.13137209 0.22115033 0.16483338]
1557.150365,200,139.523341,0.028881057858349737,False,False,[ 0.61698134 -0.0394953   0.31211878]
947.813675,200,139.925859,0.09408683478351133,False,False,[ 0.30389612 -0.03323406  0.77895282]
76.936407,53,140.089797,0.06644165684704402,True,False,[0.21475379 0.68446557 0.10795187]
1467.966928,200,140.397995,0.03152502241083812,False,False,[0.43550217 0.25638247 0.47086739]
1251.699333,200,140.697868,0.03814925024995104,False,False,[ 0.37196079 -0.07332929  0.56698761]
1306.310819,200,141.493696,0.033478058162625605,False,False,[0.29859951 0.49900242 0.4946952 ]
1354.139351,200,141.81162,0.023582864176180093,False,False,[0.35925559 0.00834775 0.63411177]
1416.011928,200,142.123045,0.03156743629881488,False,False,[0.26913929 0.12819308 0.60251515]
1261.093174,200,142.42834,0.05584830991566545,False,False,[0.25556427 0.5457087  0.47675466]
1586.148881,200,142.738699,0.06053459084657107,False,False,[0.58984162 0.23424036 0.20602501]
1022.715046,200,143.039255,0.06236701266828895,False,False,[ 0.38311766 -0.06357146  0.14438949]
1082.83158,200,143.353817,0.08350099034322281,False,False,[1.86498882e-01 1.32806079e-04 4.05493108e-01]
1370.496489,200,143.65387,0.03428489551693264,False,False,[0.32606497 0.46853322 0.60313401]
1625.24585,200,143.959109,0.030113182998783856,False,False,[0.47868702 0.35158605 0.5667837 ]
1364.633993,200,144.27378,0.049990463976076385,False,False,[0.15915185 0.21357142 0.50737006]
1357.044511,200,145.044016,0.007142008531035835,False,False,[0.56738335 0.25003979 0.23488978]
1209.505819,200,145.445186,0.05940086488778923,False,False,[0.37830888 0.57852013 0.17851261]
1339.716687,200,145.756773,0.03372506127501551,False,False,[0.42664112 0.46332515 0.37956858]
1373.185281,200,146.06728,0.00874028989031011,False,False,[0.43729767 0.45127775 0.40758204]
1283.633927,200,146.372568,0.050759483552682935,False,False,[0.4319073  0.24865314 0.1295711 ]
1232.477491,200,146.682467,0.014921816729791043,False,False,[0.1491771  0.36217175 0.62023433]
1071.962171,200,146.989978,0.06815383621781068,False,False,[0.10217127 0.65148569 0.14796009]
1251.721523,200,147.295433,0.027366931442060986,False,False,[0.21146632 0.21464321 0.68694889]
441.242629,60,147.465652,0.06296671705795646,True,False,[0.57225823 0.33329584 0.11237286]
1523.866419,200,147.878361,0.045313188285779925,False,False,[ 0.71670396 -0.01221718  0.22144349]
1361.540219,200,148.280234,0.025157838671367668,False,False,[0.40703764 0.40270605 0.46807789]
1604.170338,200,149.060665,0.043478695804636855,False,False,[0.32902721 0.03499721 0.30445538]
1479.714051,200,149.36476,0.036151087557206085,False,False,[0.35225389 0.59118293 0.40244026]
907.916545,65,149.540153,0.04976974634070419,False,True,[0.31193784 0.00705246 0.4146257 ]
778.758029,52,149.698904,0.013801898004955435,False,True,[0.43022727 0.53607801 0.49602289]
1386.197923,200,150.004285,0.05389189306017931,False,False,[0.59544203 0.18788199 0.19000457]
1230.66033,200,150.30171,0.09046176906280305,False,False,[0.11033145 0.34248157 0.6513642 ]
1234.23953,200,150.605152,0.021537509755387315,False,False,[0.21063495 0.48449903 0.13073958]
1086.119292,200,150.916681,0.10010478223193761,False,False,[0.3019911  0.07389657 0.78416562]
1464.180561,200,151.222103,0.009845455919949614,False,False,[0.51285021 0.19961114 0.41899069]
783.765054,200,151.540038,0.16140952269349892,False,False,[ 0.12739175 -0.05327304  0.65637678]
1330.905883,200,151.849634,0.04863562564966259,False,False,[0.24100333 0.01901801 0.49844952]
1368.23106,200,152.157571,0.03851849974487724,False,False,[0.17459288 0.25236485 0.63559628]
1367.799692,200,152.927785,0.012423789619539933,False,False,[0.18985403 0.33134035 0.40941306]
931.420102,200,153.239873,0.10001639435802401,False,False,[0.49352936 0.45449376 0.30802172]
1373.03195,200,153.53853,0.02958976817434677,False,False,[0.22186239 0.32010674 0.53556434]
16.904227,25,153.670294,0.07662557428068148,True,False,[0.55061101 0.23592466 0.14613058]
1317.740224,200,154.078204,0.033500488696967035,False,False,[0.25933329 0.48800493 0.21836303]
1367.751902,200,154.368163,0.06291130590153925,False,False,[0.30654491 0.34985709 0.26576622]
1305.057774,200,154.676566,0.021326039280768934,False,False,[0.32891321 0.59982024 0.19713972]
931.639767,200,154.979737,0.14701530034167581,False,False,[0.1506098  0.48330462 0.39634782]
1280.037126,200,155.293639,0.05659708183354498,False,False,[0.14461522 0.36116015 0.59096095]
914.612694,200,155.599777,0.11388924386615507,False,False,[0.58948231 0.29884157 0.30697605]
1251.270831,200,156.018721,0.025249653215760805,False,False,[0.23472376 0.45846872 0.46216197]
1755.326597,200,156.810731,0.02426285207217208,False,False,[0.33393122 0.56730183 0.42789957]
1309.630651,200,157.126902,0.05968965995548423,False,False,[0.39713019 0.59145425 0.40444593]
1478.961426,200,157.42197,0.022658848149516474,False,False,[0.42396997 0.08758042 0.37618613]
1273.642092,200,157.720742,0.027015015216707187,False,False,[0.12072928 0.21185648 0.21383181]
1329.783954,200,158.031538,0.03531657396523531,False,False,[0.45336607 0.23733369 0.17103202]
1755.496098,200,158.338472,0.048114859599446315,False,False,[0.32606109 0.36219484 0.67338963]
1238.410684,200,158.643307,0.053590860614639094,False,False,[0.497636   0.60473071 0.24649686]
1396.572159,200,158.963832,0.041719927913028705,False,False,[0.46249302 0.40599448 0.4033695 ]
1125.454285,200,159.278004,0.04084593054728102,False,False,[0.25781704 0.5354583  0.34869177]
1458.362275,200,159.586588,0.034998629231273566,False,False,[0.49173196 0.23470302 0.50256807]
1647.036272,200,160.372271,0.04590045520160194,False,False,[0.50595798 0.19829112 0.38041398]
1203.386889,200,160.691373,0.059754078418714746,False,False,[0.37811714 0.49364142 0.16239812]
1129.865648,200,160.999499,0.02357762644982226,False,False,[0.45468529 0.65665104 0.20725077]
1441.975556,200,161.3067,0.036868304207470094,False,False,[0.41906166 0.02957591 0.55097322]
1255.304722,200,161.594541,0.023652806525263886,False,False,[0.24547675 0.20574761 0.2718614 ]
1257.81191,200,161.91374,0.0552220722238642,False,False,[0.23510892 0.1379082  0.4022523 ]
1324.296369,200,162.227932,0.02468070761997673,False,False,[0.48513055 0.28033118 0.62187015]
1305.085816,200,162.535254,0.02608983307149126,False,False,[ 0.7583727  -0.08248385  0.20790173]
276.742359,200,162.850398,0.08817334527722191,False,False,[0.5286276  0.00593386 0.59953001]
1538.5032,172,163.12843,0.03418533962052097,False,True,[0.10060781 0.41824933 0.62804208]
693.073675,115,163.354961,0.17597060386098076,True,False,[0.16159373 0.21319549 0.35444526]
1204.945247,200,164.153359,0.04986123309188522,False,False,[0.20951211 0.55920375 0.21612861]
754.609033,48,164.310574,0.021221354048057778,False,True,[0.23873183 0.41736161 0.19428198]
1317.572552,200,164.622466,0.026785766088475226,False,False,[ 0.49729546 -0.04133748  0.23642621]
1235.103899,200,165.013187,0.07663530790611556,False,False,[0.49694873 0.60253053 0.29446273]
1312.057423,140,165.256113,0.032911280240800755,False,True,[ 0.35446185 -0.05262854  0.29165019]
1281.260279,200,165.561963,0.03819335840010319,False,False,[0.52246386 0.44223942 0.2058421 ]
1385.685176,200,165.874399,0.05368254119233792,False,False,[0.33076326 0.16257124 0.71630955]
189.939377,53,166.050013,0.08374861359435154,True,False,[0.77888895 0.1130106  0.15558223]
1381.119395,200,166.347212,0.050105315527223526,False,False,[0.23270732 0.30922297 0.72112936]
1379.217132,200,166.645285,0.03568069810387618,False,False,[0.35987739 0.18756348 0.28348629]
1255.234737,200,166.9593,0.01424001494348508,False,False,[ 0.37387132 -0.04464806  0.64378768]
1310.105868,200,167.270696,0.05245052348645971,False,False,[0.20259365 0.06532157 0.33819833]
1381.937549,200,168.055977,0.026312775280639578,False,False,[0.55885695 0.0732702  0.6185903 ]
43.858073,37,168.197276,0.06199622937246402,True,False,[0.53271246 0.47177225 0.10245273]
877.778563,54,168.367035,0.010798400915175636,False,True,[0.34375649 0.14515383 0.37165014]
1280.063505,200,168.675902,0.03303284973262053,False,False,[0.65148578 0.42599848 0.28897262]
1436.598417,200,169.078039,0.06726047130063721,False,False,[0.46494586 0.26555356 0.53295863]
1174.516952,200,169.38153,0.08435043206143501,False,False,[0.53626795 0.50006508 0.18368288]
1378.96676,200,169.685403,0.03832729385751549,False,False,[0.55481812 0.36116934 0.5026853 ]
1257.689027,200,169.985358,0.07219356074939907,False,False,[0.326967   0.53749863 0.25988281]
1349.942334,200,170.290529,0.03444000695665881,False,False,[0.54859243 0.08395211 0.20913202]
949.919285,200,170.594886,0.09685552998838681,False,False,[ 0.11214752 -0.02900333  0.43216371]
1473.957455,200,170.890808,0.04017696493547972,False,False,[0.18784745 0.52088909 0.43374221]
1025.778318,200,171.204536,0.08483277866890657,False,False,[0.24445255 0.02365701 0.63588427]
1382.995509,200,171.997938,0.03748421315280019,False,False,[0.42532076 0.39969926 0.57432658]
1206.150527,200,172.2999,0.06908128625801184,False,False,[0.67195692 0.05887806 0.2513749 ]
1628.798418,200,172.596721,0.023258832680822992,False,False,[0.48512202 0.23810561 0.55665303]
1440.454361,200,172.90803,0.03305044302288286,False,False,[0.54806284 0.02157717 0.33538706]
1441.329428,200,173.214669,0.01168345196373956,False,False,[0.52116137 0.31099875 0.34042869]
1471.446717,200,173.52343,0.029171090491257573,False,False,[0.29834459 0.2303617  0.57335141]
1480.072382,200,173.819087,0.0681347068691688,False,False,[0.29468642 0.6961195  0.32061974]
1415.307944,200,174.139093,0.027629670948216053,False,False,[0.48528762 0.13816348 0.23133632]
866.88697,200,174.437716,0.13284589025506507,False,False,[ 0.23518294 -0.0737363   0.15167317]
1320.150914,200,174.754941,0.043767141951317916,False,False,[ 0.58234948 -0.0340183   0.56895565]
1243.943302,200,175.555956,0.006607727423345776,False,False,[0.18041305 0.13102253 0.47486003]
1373.875091,200,175.860493,0.017286004770623094,False,False,[0.63478508 0.08492276 0.45237751]
1315.262744,200,176.18183,0.023429678092556673,False,False,[0.23674149 0.46369005 0.2765258 ]
1407.314929,200,176.484447,0.061121441127625874,False,False,[0.33448726 0.45020859 0.58489928]
1609.828806,200,176.789211,0.0653511064585204,False,False,[0.21766575 0.0356492  0.29856913]
847.143378,200,177.10079,0.14553426467494696,False,False,[ 0.15108817 -0.05030723  0.70562219]
1344.316295,200,177.394788,0.06403682146332446,False,False,[0.31526018 0.13672465 0.69253059]
803.256608,200,177.704256,0.1131175217049621,False,False,[ 0.11997048 -0.03095543  0.76295574]
1268.309393,200,178.021662,0.018894947882588723,False,False,[0.33247705 0.07865019 0.24307913]
1083.213592,200,178.33454,0.09548085100470377,False,False,[0.58636473 0.18907375 0.1195213 ]
1234.510318,200,179.138058,0.03905084126817653,False,False,[0.20444107 0.15823827 0.28823016]
891.074903,200,179.447023,0.07020060731405592,False,False,[0.26738313 0.64070034 0.46333033]
87.102161,50,179.60837,0.10940341141907639,True,False,[ 0.1300488  -0.05486929  0.19005615]
1371.967625,200,179.916964,0.05519583229647292,False,False,[0.26273402 0.40279309 0.59835256]
1340.428562,200,180.22256,0.029839700783677526,False,False,[0.26230989 0.2405393  0.21392784]
1033.484007,200,180.534614,0.059637761923409166,False,False,[0.55592097 0.27904305 0.18700476]
1578.87612,200,180.94068,0.06420047801067368,False,False,[0.3155243  0.03905074 0.41710187]
1330.936536,200,181.242102,0.056209591477088115,False,False,[0.35162198 0.1947577  0.74321045]
1423.042848,200,181.559656,0.028333100597763547,False,False,[0.28842566 0.13336712 0.6714767 ]
1321.065251,200,181.864647,0.04637112129291097,False,False,[0.28680735 0.22845435 0.68812173]
1384.24634,200,182.161755,0.02927642745746435,False,False,[0.32375212 0.45036351 0.25237936]
1392.011039,200,182.960522,0.029235397416516016,False,False,[0.23823243 0.14656405 0.54558137]
1434.323936,200,183.275214,0.02274779296970246,False,False,[0.28219542 0.36600685 0.19929348]
1192.211189,200,183.581368,0.05348040067489338,False,False,[0.18202591 0.67581324 0.44827515]
1277.746204,200,183.890447,0.035181040907699114,False,False,[0.25714268 0.28001839 0.20078865]
1296.605617,200,184.203681,0.028692719543658773,False,False,[0.19945028 0.11913362 0.78713546]
1327.983882,200,184.522172,0.008068957684727575,False,False,[0.33125335 0.39756057 0.56870093]
1132.841488,200,184.835864,0.04791360778883514,False,False,[0.373245   0.34344878 0.51526702]
1452.48179,200,185.140953,0.03481825118855152,False,False,[0.29969342 0.30283499 0.3432113 ]
552.366152,160,185.405329,0.10543859736890795,True,False,[0.16916835 0.04506957 0.14921651]
1566.421237,200,185.714318,0.039702773011727366,False,False,[0.25777399 0.39616646 0.52310266]
1399.633119,200,186.033122,0.022850095749301316,False,False,[0.38633793 0.43740157 0.57565114]
1176.564529,200,186.828175,0.05133999899561063,False,False,[0.41316729 0.05271878 0.13968064]
1317.197858,200,187.135612,0.05340070024603704,False,False,[0.26250448 0.12773622 0.7596499 ]
1108.750231,200,187.446943,0.05825315897857871,False,False,[0.16405944 0.02252956 0.53806658]
1520.897555,200,187.745673,0.00599582781644422,False,False,[0.39863684 0.25539735 0.2004563 ]
1370.090291,200,188.048318,0.02626454162093593,False,False,[0.56657373 0.24126936 0.20821718]
1283.634438,81,188.344229,0.017078601176477567,False,True,[0.37539953 0.09922789 0.39101455]
1429.07019,200,188.649076,0.012446900151546016,False,False,[0.37355132 0.37428976 0.3567626 ]
1109.094609,200,188.960618,0.06630883625485255,False,False,[0.14368488 0.12370423 0.14068767]
1232.877027,200,189.272144,0.044100527994664886,False,False,[0.10025984 0.09932024 0.78080575]
1061.137248,200,189.585346,0.1140198788578544,False,False,[0.46228853 0.26157766 0.17158998]
1031.811394,200,189.893757,0.03727767381497697,False,False,[0.11167261 0.66989292 0.4580341 ]
1405.991336,200,190.685061,0.041860855077371396,False,False,[0.64518757 0.14978848 0.5033037 ]
1421.828844,200,190.993628,0.02462230287683608,False,False,[0.18273599 0.11091495 0.54489023]
1144.277001,200,191.295846,0.04394098462449768,False,False,[0.16064542 0.58715386 0.48922219]
1361.822785,200,191.612835,0.03466070666671315,False,False,[0.34639373 0.36218217 0.32944452]
1295.006816,200,191.929715,0.012391433314164806,False,False,[0.13398596 0.47860812 0.3335027 ]
953.590049,200,192.239595,0.09031245082428221,False,False,[0.10073005 0.00298173 0.40264853]
1331.878358,200,192.555401,0.04741104278139783,False,False,[0.5775071  0.37917174 0.19773368]
1432.282184,200,192.95612,0.03550218826983958,False,False,[0.30079282 0.28029876 0.51252012]
1415.393057,200,193.259374,0.015200834002813607,False,False,[0.16613946 0.16324259 0.61958144]
1003.466695,73,193.44121,0.020502236320979972,False,True,[0.56053123 0.17891375 0.44389763]
1251.081938,200,193.738664,0.04397329300696687,False,False,[0.16801183 0.5203079  0.58138361]
1421.547704,200,194.515838,0.017259980446114515,False,False,[0.4496782  0.17441201 0.43868983]
1415.419157,200,194.8276,0.05197892483160659,False,False,[0.53038048 0.38564608 0.30655566]
1381.037691,200,195.135975,0.0441173607026166,False,False,[ 0.48563299 -0.07615501  0.36121668]
0.058284,34,195.277218,0.1092397137094178,True,False,[0.26605791 0.57983527 0.10371309]
1377.83703,200,195.585605,0.05515093097433068,False,False,[0.154591  0.3307686 0.4210324]
1406.221074,200,195.883832,0.06556223780172037,False,False,[0.5666623  0.07885427 0.39515171]
1217.041344,200,196.196518,0.0447957984428013,False,False,[0.19229797 0.38193306 0.186325  ]
701.119641,189,196.517531,0.29991719475922174,True,False,[ 0.13489027 -0.07474006  0.41305603]
1296.371675,200,196.819677,0.058980523272033056,False,False,[0.37314282 0.04931956 0.69829284]
1391.639226,200,197.132844,0.01869303000282389,False,False,[0.51033506 0.12652036 0.62072592]
1364.759986,200,197.443075,0.01462750083558738,False,False,[0.16506551 0.28951306 0.56803371]
1487.817713,200,198.23189,0.05120565277719695,False,False,[0.58955175 0.02168255 0.21380514]
35.964393,41,198.38404,0.1163027222880018,True,False,[ 0.13246635 -0.00831683  0.14390982]
1295.470902,200,198.687145,0.030359646752816164,False,False,[0.53885728 0.05358978 0.20613578]
1477.470045,200,199.002674,0.026747441251668443,False,False,[0.74647716 0.20203795 0.31290338]
957.675851,200,199.303468,0.06979662580454986,False,False,[0.15330105 0.43731264 0.59797623]
1458.569894,200,199.610855,0.006706497808000016,False,False,[0.38004665 0.19968862 0.31205013]
1479.993515,200,199.924304,0.0206528141588111,False,False,[0.7234351  0.14812716 0.23047973]
1390.490902,200,200.231272,0.08180149046746653,False,False,[0.15382529 0.24674698 0.73395952]
30.383306,47,200.386045,0.17027060300704092,True,False,[ 0.11182115 -0.06985262  0.10615026]
1288.040276,200,200.697556,0.09329215730088423,False,False,[0.56972567 0.45876358 0.2884389 ]
1167.593498,200,201.114308,0.026473524648661206,False,False,[0.3083884  0.01559301 0.21620643]
1351.454166,200,201.904382,0.06448550829780675,False,False,[0.7201123  0.10579982 0.37469467]
1403.581506,200,202.215187,0.02508121487214508,False,False,[0.64917468 0.30919379 0.42736159]
1415.7912,200,202.631559,0.023489107606836958,False,False,[0.38768487 0.04969512 0.49862999]
1369.659331,200,202.951698,0.0417913678034334,False,False,[0.44155309 0.13315494 0.68017461]
1314.239934,200,203.260913,0.028621651338681872,False,False,[0.31830126 0.02758724 0.25942238]
1362.761605,200,203.56258,0.024709677796565063,False,False,[0.23528421 0.27167862 0.53346786]
1593.672877,200,203.862298,0.04702998070800232,False,False,[0.3934861  0.10224883 0.6983896 ]
1442.621358,200,204.174389,0.031020105765540668,False,False,[0.55922073 0.05218802 0.49399928]
15.484098,39,204.323524,0.13131281592143354,True,False,[ 0.10998239 -0.03562382  0.11526363]
1353.811056,200,204.628142,0.053005950341600036,False,False,[ 0.30560177 -0.05154752  0.5239135 ]
1331.129982,200,204.948382,0.017838726888396647,False,False,[0.41876289 0.50040996 0.358885  ]
1412.336632,200,205.262908,0.015832357763334196,False,False,[0.11971107 0.48712218 0.65206773]
1375.555507,200,206.050682,0.012502392629653686,False,False,[0.26555601 0.19227293 0.64828921]
1188.303477,200,206.363692,0.052829825950152426,False,False,[0.17151545 0.6423971  0.3726999 ]
1252.817901,200,206.680574,0.04373713008950997,False,False,[0.10783257 0.24869076 0.30560085]
1433.184446,200,206.989858,0.040691985938516556,False,False,[0.33502961 0.07756463 0.5483481 ]
1816.333718,200,207.307915,0.019036921624772746,False,False,[0.4431167  0.11605819 0.28050755]
1385.549107,200,207.609719,0.03374969128270506,False,False,[0.29807497 0.11631788 0.71735493]
1411.727441,200,207.931969,0.034754338165791404,False,False,[ 0.32841665 -0.02208722  0.33238746]
1101.009915,200,208.250095,0.05058862995709471,False,False,[0.23869643 0.01945853 0.17772779]
1302.368488,200,208.549665,0.011835810969064324,False,False,[0.29331313 0.61156975 0.45021715]
1128.255866,200,208.844322,0.06315422648304651,False,False,[0.19451858 0.59034442 0.30199717]
1334.251999,200,209.642864,0.030054326820101545,False,False,[0.36461031 0.33760367 0.62253331]
1106.087494,200,209.943365,0.056648547664342866,False,False,[ 0.26340985 -0.01089962  0.40094115]
1443.140322,200,210.256104,0.0019282975226196512,False,False,[0.41241351 0.12771409 0.29682291]
111.311642,52,210.415875,0.0787878473766664,True,False,[0.52192592 0.64289498 0.1109959 ]
1423.190165,200,210.722998,0.02076284030132405,False,False,[ 0.49354144 -0.05311059  0.3992538 ]
971.140606,200,211.135118,0.08301198024778672,False,False,[ 0.27483265 -0.06592501  0.17053398]
1312.85995,200,211.444787,0.02868605076800358,False,False,[0.27062518 0.18067669 0.69188388]
1357.201542,200,211.750888,0.032609028248429824,False,False,[0.20174556 0.24413779 0.50074875]
1539.888659,200,212.065755,0.019034266069616643,False,False,[0.65601277 0.28709411 0.24644019]
431.548984,200,212.376358,0.06380024874658263,False,False,[0.239438   0.28006815 0.72133699]
1193.939266,200,212.694221,0.04231158370391985,False,False,[0.11403829 0.33203631 0.23673048]
1507.088416,200,213.485225,0.07592680533314378,False,False,[0.38647632 0.20645568 0.17602966]
1092.110286,200,213.780513,0.07168749075990753,False,False,[0.14175028 0.34880613 0.309095  ]
1322.28903,200,214.099276,0.05364662168600749,False,False,[0.61592879 0.48206985 0.28910414]
648.475254,24,214.233492,0.006951229770068646,False,True,[0.49172432 0.07219265 0.26722663]
1257.391168,200,214.537129,0.05603350875882859,False,False,[0.5853834  0.09194119 0.16870865]
1561.540914,200,214.848049,0.020686172327655097,False,False,[0.5318017  0.22231293 0.37536856]
1497.269923,200,215.15558,0.021866315513593845,False,False,[0.32849091 0.16092471 0.60526006]
1106.433959,200,215.46196,0.051891999927928485,False,False,[0.10708489 0.36000764 0.1656176 ]
950.031059,200,215.779603,0.09087706179126924,False,False,[ 0.27909236 -0.05972836  0.13533475]
1321.183366,200,216.096936,0.03382489545592915,False,False,[0.46234787 0.31032371 0.51412092]
1509.777848,200,216.39726,0.023403791502673254,False,False,[0.17415781 0.47057808 0.38057249]
1238.123898,200,217.193103,0.03989322981903411,False,False,[0.18737461 0.17857    0.78484118]
1536.234215,200,217.498729,0.03851793626589148,False,False,[0.64424184 0.38378601 0.29462298]
1252.135342,200,217.791018,0.034694091263075835,False,False,[0.27382003 0.66847926 0.37562309]
1029.962129,200,218.106059,0.09575685302498106,False,False,[0.53804002 0.39957062 0.17897871]
1418.956565,200,218.514104,0.023953134824194706,False,False,[0.55787165 0.27904186 0.52398454]
1358.837104,200,218.836178,0.03729210597719815,False,False,[0.13949255 0.42415487 0.58302806]
1454.87178,200,219.146044,0.04160519832324901,False,False,[ 0.61491608 -0.04941057  0.21488401]
-4.370485,46,219.30338,0.6328853776433407,True,False,[ 0.38265224 -0.05264263  0.74803166]
1565.339389,200,219.605357,0.029840641073680986,False,False,[0.24204209 0.38382529 0.28826722]
1438.268326,200,219.913779,0.05148330388563102,False,False,[0.39276784 0.19451662 0.11803138]
1362.105942,200,220.235353,0.06596770054448137,False,False,[0.6585265  0.05724991 0.40976801]
1263.094486,200,221.040433,0.07045732356824363,False,False,[0.44359629 0.62505684 0.17881804]
112.47426,44,221.193017,0.039190519024643114,True,False,[0.26236839 0.42815968 0.11791313]
1417.586758,200,221.50461,0.011099599983968336,False,False,[0.2977573  0.01322121 0.47797691]
1595.97603,200,221.810138,0.0357631625250783,False,False,[0.68198277 0.12492689 0.46212841]
1285.446508,200,222.123232,0.04732390221425551,False,False,[0.44029897 0.34891909 0.6151947 ]
1365.51241,200,222.425049,0.05005515023206074,False,False,[0.58846599 0.12864942 0.37143447]
1267.039752,200,222.73227,0.052252370727486314,False,False,[0.13677055 0.26134644 0.38080428]
1199.321385,200,223.042917,0.018542110321456622,False,False,[0.35055264 0.17005399 0.15455937]
343.091044,74,223.232444,0.054122047201426667,True,False,[0.51257059 0.49450235 0.12663593]
-3.262826,41,223.380387,0.47174884250465465,True,False,[0.44258507 0.26536344 0.19811752]
1369.573203,200,223.690469,0.009072870826544397,False,False,[ 0.50470262 -0.09598009  0.41364064]
1546.98633,200,224.096814,0.03766323052953108,False,False,[0.74382545 0.2712746  0.21882864]
755.657168,200,224.904334,0.17827525956458462,False,False,[ 0.10639268 -0.05179679  0.79053461]
1390.348723,200,225.208153,0.036658750184690794,False,False,[0.5507363  0.24763393 0.42070632]
1345.629681,200,225.513016,0.04300129697560397,False,False,[0.50451146 0.4479596  0.23523209]
1545.796353,200,225.828925,0.06703900469029697,False,False,[0.54682065 0.06352359 0.25109834]
1326.395889,200,226.144304,0.03724479752962884,False,False,[0.22747217 0.1311733  0.34042839]
1087.100686,200,226.454958,0.07672623987319113,False,False,[0.32675164 0.26201896 0.13953328]
1235.008655,200,226.754379,0.029495467102422835,False,False,[0.45046635 0.05335071 0.14067095]
1363.460937,200,227.065145,0.02497037318971355,False,False,[0.41860834 0.40284874 0.58759309]
1570.288055,200,227.377582,0.04435461158651127,False,False,[ 0.44066334 -0.02826261  0.5370457 ]
17.485965,31,227.523718,0.08797594362810011,True,False,[0.74629516 0.00826347 0.1218957 ]
1083.91895,200,227.824986,0.06772693179423256,False,False,[0.10403666 0.58533431 0.31495449]
1203.504665,200,228.613223,0.02393761691983437,False,False,[0.10436639 0.4284849  0.6333112 ]
1192.270536,200,228.93039,0.05052130393563471,False,False,[ 0.19731264 -0.04384456  0.27672091]
1370.750873,200,229.243571,0.039001718434613177,False,False,[ 0.48494605 -0.08571615  0.32432891]
1362.642095,200,229.563272,0.06179964905032203,False,False,[0.4114833  0.04057249 0.43439404]
1272.838111,200,229.87599,0.0595564627294957,False,False,[0.78027532 0.09423797 0.27912689]
1334.779673,200,230.198282,0.042234885737335505,False,False,[0.2739106  0.47751824 0.4588499 ]
1287.126119,200,230.501211,0.0698507308256405,False,False,[ 0.5273678  -0.05784706  0.31521592]
1410.71879,200,230.932803,0.018483700360988512,False,False,[0.30611987 0.23302649 0.52148016]
1446.806165,200,231.260575,0.04027350255166054,False,False,[0.30544999 0.67579617 0.36572985]
1239.837494,200,231.568533,0.02800154251401351,False,False,[0.28865862 0.67697555 0.23298875]
1020.961664,200,231.880346,0.10739416177860538,False,False,[ 0.13394385 -0.02525665  0.48467293]
918.615498,200,232.676854,0.0490281211450207,False,False,[ 0.27613549 -0.09094206  0.18115134]
1275.864162,200,232.996174,0.02205393930936379,False,False,[0.39073029 0.63603411 0.37348692]
1333.774878,200,233.312036,0.06842842315759257,False,False,[0.26972332 0.03092495 0.28094519]
1384.392051,200,233.622793,0.017878466616745102,False,False,[0.38012951 0.3390714  0.39231339]
1399.170013,200,233.927144,0.032061627356275435,False,False,[ 0.35063475 -0.05142575  0.37793893]
1219.483371,200,234.236551,0.05477380280433826,False,False,[0.3039664  0.1892749  0.76690153]
1473.549728,200,234.542146,0.025797244809369464,False,False,[0.24370503 0.53470933 0.22929649]
1438.089539,200,234.844894,0.03490894482128892,False,False,[0.44993326 0.22796022 0.52700707]
1592.612569,200,235.154295,0.06584512979177709,False,False,[0.5897621  0.10803209 0.56461297]
1221.043,200,235.458342,0.04726579672466848,False,False,[ 0.55245959 -0.05574739  0.58643513]
1343.941201,200,236.251689,0.02481471566567922,False,False,[0.25960707 0.01068288 0.32884524]
1403.034833,200,236.561114,0.022563031904584217,False,False,[0.32560759 0.42470005 0.41740941]
1352.72399,200,236.874645,0.055570726020655895,False,False,[ 0.62104183 -0.04891226  0.4484104 ]
905.452512,200,237.188022,0.11967756867944372,False,False,[ 0.21899412 -0.00290749  0.12151787]
1327.674846,200,237.492992,0.038234927101927614,False,False,[0.18539238 0.45284951 0.44043898]
1105.166882,200,237.80425,0.04318536621340145,False,False,[0.41573817 0.17434034 0.29800985]
1626.11284,200,238.121359,0.01888115967158123,False,False,[ 0.40931261 -0.01264798  0.38653209]
1499.153894,200,238.431124,0.029061393217338877,False,False,[0.21888126 0.46925444 0.62374587]
1588.987895,200,238.735186,0.014696085538527633,False,False,[0.58831747 0.19126196 0.25959609]
1392.585406,200,239.043504,0.018631476886148607,False,False,[0.5059911  0.10806522 0.67025837]
1325.427942,200,239.856908,0.01609251796685406,False,False,[0.6218148  0.03870996 0.26868824]
1499.447041,200,240.163084,0.031072240211459927,False,False,[0.30464852 0.08262573 0.27896946]
872.852455,200,240.489975,0.13786731605453817,False,False,[ 0.1848804  -0.07050597  0.70987603]
1380.32083,200,240.792337,0.017323650615943174,False,False,[0.1767644  0.29425141 0.73772419]
1353.537661,200,241.15099,0.04126969351390319,False,False,[0.30989739 0.46028542 0.38436725]
1064.194713,200,241.461674,0.06533304363276957,False,False,[0.17474341 0.0324106  0.22467786]
1262.104891,200,241.772221,0.05994402548466787,False,False,[0.18475496 0.37078038 0.41308002]
98.900927,43,241.923036,0.06853119034944767,True,False,[ 0.69827083 -0.02810773  0.1174708 ]
1464.144376,200,242.23077,0.023751764803824977,False,False,[0.20851763 0.59839657 0.50312092]
1372.400922,200,242.542486,0.022884288262717455,False,False,[0.34957239 0.44240081 0.54552488]
1160.627693,200,242.856199,0.04533039697528134,False,False,[0.1396551  0.12063798 0.36683814]
1337.08188,200,243.651448,0.040162881671638076,False,False,[0.16012687 0.32586187 0.51441141]
1392.180309,200,243.965728,0.04882534421122842,False,False,[0.39223166 0.0374929  0.52242874]
1471.350657,200,244.271385,0.015091224165800273,False,False,[0.43471436 0.23080031 0.38535719]
1674.232048,200,244.57248,0.01797196985314888,False,False,[0.48968898 0.07298574 0.35157908]
1406.100089,200,244.870414,0.050445002051214695,False,False,[0.47694983 0.31873785 0.5736429 ]
1422.155318,200,245.18233,0.029381213852058545,False,False,[0.34552289 0.07500407 0.55953311]
1350.021791,200,245.488562,0.024715602061076702,False,False,[0.35374243 0.52752899 0.53121633]
1441.343821,200,245.788162,0.04587901899703291,False,False,[ 0.47042053 -0.03795127  0.5198694 ]
1376.557984,200,246.1086,0.007898522033950396,False,False,[0.10675603 0.31686014 0.47563476]
797.698808,167,246.37439,0.12254974946041569,True,False,[0.78601011 0.23596749 0.1462445 ]
1332.208432,200,246.690119,0.020102464027837587,False,False,[0.30117983 0.43011134 0.40621659]
1555.001168,200,247.475788,0.03868630817669247,False,False,[0.19468302 0.10401374 0.63468872]
1642.207072,200,247.779587,0.028892225848710484,False,False,[0.51187176 0.09899239 0.48493843]
1337.126239,200,248.080433,0.02986912751233492,False,False,[ 0.63799727 -0.07650602  0.30645722]
1294.031567,200,248.391699,0.07097394737992847,False,False,[0.18757616 0.47977255 0.31964844]
1346.611425,200,248.704111,0.04430335800076393,False,False,[0.46442455 0.41941938 0.54858358]
1268.158187,200,249.011788,0.07515455557543274,False,False,[0.58130181 0.48830283 0.22613168]
-35.686444,30,249.158866,0.3726863411470551,True,False,[0.18359018 0.30651905 0.20127888]
1361.766052,200,249.486099,0.039407837780511816,False,False,[0.37475527 0.49740747 0.32000995]
1341.451914,200,249.78705,0.053673197101065884,False,False,[0.64115531 0.01650172 0.54386356]
1194.97601,200,250.108057,0.0871139209579785,False,False,[0.58944316 0.0829593  0.13167611]
1269.954704,200,250.434319,0.060235154495056925,False,False,[0.35283553 0.46152086 0.35380457]
1474.782369,200,251.223889,0.05195171167065966,False,False,[0.44503717 0.10254991 0.53606207]
1304.450725,200,251.532081,0.039210709377702074,False,False,[0.26934789 0.02293106 0.37433834]
1124.980718,200,251.851229,0.0827901675583857,False,False,[0.12470643 0.1090476  0.48516573]
1287.422191,200,252.152567,0.037290268717132195,False,False,[0.77941102 0.1467253  0.22270895]
1099.909329,200,252.458488,0.06789653288835093,False,False,[0.19699226 0.02405839 0.21008928]
1381.250159,200,252.760959,0.02712656546360526,False,False,[0.38989968 0.17507262 0.48325316]
1349.882535,200,253.073863,0.04857339243821725,False,False,[0.42633806 0.27054967 0.13888876]
1376.93192,200,253.386781,0.036961367168566676,False,False,[0.56720673 0.00371546 0.30415098]
1440.207614,200,253.703629,0.031749216601630055,False,False,[0.5698855  0.10780818 0.51293795]
918.4289,200,254.013128,0.1303991192845735,False,False,[ 0.19411517 -0.08195782  0.31848215]
1113.227649,200,254.801695,0.04291704887535033,False,False,[0.1572959  0.67656171 0.40174386]
1091.333357,200,255.111061,0.0636892466298475,False,False,[0.23488928 0.21546658 0.16484264]
1282.613506,200,255.424772,0.041099986236139946,False,False,[0.25633277 0.56338253 0.29088949]
1397.030937,200,255.730331,0.0600737095286583,False,False,[0.39158489 0.58285077 0.20291816]
1285.99591,200,256.044525,0.05643712973329639,False,False,[0.23923456 0.58779135 0.29567035]
1316.091207,200,256.35254,0.04623805004824712,False,False,[0.21297309 0.40947022 0.30719366]
1371.857893,200,256.6572,0.016781112210857575,False,False,[0.26556726 0.2090132  0.44907757]
1037.642608,200,256.965053,0.10628448651473828,False,False,[ 0.18839932 -0.00969768  0.70612637]
1317.481722,200,257.268932,0.034817383331848285,False,False,[0.27273955 0.04078907 0.35106861]
1569.800169,200,257.582193,0.051435638947309556,False,False,[0.28276262 0.28543395 0.55821933]
1047.412764,200,258.370243,0.062195843364178306,False,False,[0.19179397 0.36982374 0.34815436]
1330.853194,200,258.682391,0.026382931325729858,False,False,[0.50640344 0.52085085 0.31861786]
1324.011591,200,258.99043,0.03448546554479383,False,False,[0.2609699  0.5050226  0.39825463]
1355.34871,200,259.316475,0.07252367067155302,False,False,[0.55769744 0.1503204  0.62120434]
1226.608629,200,259.635072,0.07746883537878935,False,False,[0.18165309 0.10921767 0.72697962]
-15.645584,29,259.770988,0.15508802570726676,True,False,[ 0.82810376 -0.00711075  0.10478229]
-0.563299,102,259.983257,1.2982411276142347,True,False,[0.43320921 0.37550739 0.15409037]
1411.307601,200,260.284007,0.03694999414472911,False,False,[0.3999336  0.44254864 0.56253744]
1407.791483,200,260.600449,0.04316649108787131,False,False,[0.52175715 0.22480744 0.49664346]
963.457151,200,260.904534,0.06367229568773222,False,False,[0.28597798 0.04028528 0.1122946 ]
1287.728887,200,261.213941,0.06725934493608608,False,False,[0.24366089 0.57487056 0.52805707]
1290.391841,200,261.534299,0.024944790511007266,False,False,[0.32494392 0.49393994 0.37279637]
1168.929423,200,262.316097,0.08037730716156591,False,False,[0.12175281 0.19230283 0.77158677]
1192.129043,200,262.610287,0.021835287507230166,False,False,[0.55101336 0.45964213 0.15559483]
-18.429565,41,262.762509,0.5704266112702383,True,False,[0.5493083  0.21106671 0.13463783]
1450.554884,200,263.066053,0.020415117945666722,False,False,[ 0.42121181 -0.02823771  0.3662231 ]
1303.058193,200,263.383791,0.009982108052991674,False,False,[0.21246247 0.05987464 0.61529489]
1180.009036,200,263.69316,0.05249576731779726,False,False,[0.19612287 0.56747441 0.14853396]
361.64779,84,263.891124,0.07151367334674925,True,False,[0.3769158  0.68537687 0.14650859]
1386.787269,200,264.216907,0.026794174150366532,False,False,[0.33152028 0.33923688 0.56497315]
1396.0489,200,264.530593,0.02781203477086112,False,False,[0.23211826 0.30585388 0.46701981]
1377.592337,200,264.848958,0.05871218883633954,False,False,[ 0.62588952 -0.09599237  0.47114418]
986.908461,200,265.272095,0.09009606272815888,False,False,[ 0.23335968 -0.06931733  0.64545062]
1400.801794,200,266.076162,0.046597843654120744,False,False,[0.48396459 0.01646654 0.57417779]
1798.024992,200,266.386035,0.020550713806256102,False,False,[0.27447957 0.2241501  0.73685419]
1197.848198,200,266.691346,0.046211778949341795,False,False,[0.23465369 0.38693309 0.35084494]
1401.055643,200,266.99026,0.05122582107397925,False,False,[ 0.65486625 -0.06469137  0.38462769]
1532.557645,200,267.399682,0.05377138525543099,False,False,[0.37599298 0.18660268 0.37045648]
1303.961367,200,267.702935,0.01993520864271156,False,False,[ 0.71025909 -0.02192845  0.39014133]
1601.43632,200,268.11481,0.06702707724557623,False,False,[0.28206115 0.12179335 0.70300419]
1019.679603,200,268.433288,0.10001152767151086,False,False,[ 0.16036912 -0.03359743  0.38588357]
1645.63651,200,268.733693,0.04048010466195335,False,False,[0.58405879 0.01053407 0.37841308]
1777.841744,200,269.139529,0.06439235936291124,False,False,[ 0.53639209 -0.04338165  0.36262186]
1226.768335,200,269.541563,0.03620048502704863,False,False,[0.62268978 0.51192267 0.21252176]
1385.052484,200,270.431392,0.028415416823191958,False,False,[0.51558228 0.26027914 0.25209577]
1086.028588,200,270.842302,0.06643121056465845,False,False,[0.16550578 0.04504869 0.6425739 ]
1685.668445,200,271.148907,0.030061033563619582,False,False,[0.40155768 0.31842162 0.61198944]
1418.640604,200,271.469728,0.05650521727259048,False,False,[0.40119543 0.19850821 0.47054648]
1311.231718,200,271.779432,0.01756112640086415,False,False,[0.71960341 0.30096239 0.22682156]
1257.156975,200,272.186952,0.04696469707276885,False,False,[0.36046673 0.11818003 0.18862192]
1448.308151,200,272.504443,0.01781067732542247,False,False,[0.28362406 0.2020795  0.44759629]
954.775487,200,272.806023,0.1392659956649298,False,False,[ 0.2197377  -0.0933396   0.61481369]
1037.730473,200,273.112628,0.06443471631983462,False,False,[0.13616106 0.63503183 0.14426   ]
1388.786361,200,273.412972,0.042347660485723755,False,False,[0.5453637  0.2361094  0.39464911]
1330.675649,200,274.207281,0.08280008315581178,False,False,[0.36475835 0.55486892 0.25920417]
2.094965,27,274.3403,0.08404060571492467,True,False,[0.65760805 0.15700358 0.10530896]
1542.707346,200,274.65714,0.058866245752866975,False,False,[0.23243848 0.18621079 0.39045866]
1406.031191,200,274.959126,0.039850449211085694,False,False,[0.70671529 0.19524687 0.28457577]
1635.219408,200,275.261869,0.018479065480148837,False,False,[0.53420072 0.31311784 0.58214114]
1168.839478,200,275.5762,0.07570455009014335,False,False,[0.16884261 0.11005198 0.39321782]
1063.061846,200,275.873527,0.09212438738022284,False,False,[0.32290044 0.04420176 0.75934387]
1290.790924,200,276.176982,0.03649091814883216,False,False,[0.18353107 0.41376371 0.24361996]
933.812606,200,276.488196,0.08889945369846843,False,False,[0.21789846 0.12327325 0.10805197]
1104.781187,200,276.787914,0.07869614649596234,False,False,[ 0.23372522 -0.00707732  0.70685138]
1335.219729,200,277.10143,0.05205846189047641,False,False,[ 0.67552158 -0.05171593  0.25775083]
1576.136288,200,277.897806,0.040942787583999406,False,False,[0.64811424 0.20612555 0.42218554]
1226.066499,200,278.19914,0.07710594972377798,False,False,[0.27547495 0.08863845 0.36811667]
1431.518264,200,278.502882,0.034862713653370646,False,False,[ 0.60086161 -0.03364877  0.37584673]
352.013636,200,278.815041,0.04149343912693784,False,False,[0.38027284 0.21649242 0.54408993]
1463.735586,200,279.125208,0.03330331094412241,False,False,[ 0.60816585 -0.02660128  0.37316155]
230.930856,73,279.403295,0.1288072821965561,True,False,[ 0.81355988 -0.09254391  0.21229088]
1225.389993,200,279.816175,0.04945268960995304,False,False,[0.11834841 0.290483   0.22911553]
1361.580362,200,280.118326,0.04417442255818202,False,False,[0.57323919 0.2359803  0.13749772]
1379.658385,200,280.427552,0.06155278648461519,False,False,[0.29479982 0.19202347 0.56937095]
1254.012652,200,280.732051,0.03507628736262964,False,False,[0.10092054 0.1705258  0.19929071]
1204.897832,200,281.043395,0.044149630856277516,False,False,[0.15083057 0.63327796 0.32545078]
1460.332427,200,281.831607,0.061624448010044436,False,False,[0.38122938 0.39878174 0.41242444]
1335.815872,200,282.154812,0.005578880868324032,False,False,[0.29972922 0.44473981 0.52067782]
1243.829759,200,282.472237,0.04688605051115969,False,False,[0.10306436 0.45804676 0.66516807]
1333.105103,200,282.779969,0.026035089058315777,False,False,[0.121241   0.24381331 0.57045011]
1418.1197,200,283.093098,0.0601640275248218,False,False,[0.27080173 0.34805802 0.46036466]
218.663821,60,283.264315,0.04860734558607508,True,False,[0.41630415 0.43709053 0.10208919]
1255.895208,200,283.570721,0.07387260379160548,False,False,[0.59750123 0.50049182 0.24260802]
1461.745365,200,283.878621,0.040543156710775324,False,False,[0.40359886 0.22466474 0.5721671 ]
1223.329982,200,284.186185,0.06320431176478,False,False,[ 0.70788021 -0.06390794  0.38613525]
1368.229746,200,284.593873,0.0358530648046413,False,False,[0.41444863 0.46962558 0.28815353]
1316.473298,200,284.894494,0.019849730516628507,False,False,[0.3314698  0.58708341 0.29289033]
1515.481841,200,285.696136,0.017098223357794883,False,False,[ 0.32018881 -0.05723409  0.27374505]
1192.505328,200,286.008577,0.04495212403901004,False,False,[0.1950544  0.04402592 0.7111556 ]
1246.566311,200,286.318742,0.051136534307521186,False,False,[0.14168481 0.53905816 0.53395788]
1421.568819,200,286.634851,0.009899536828804956,False,False,[0.56010206 0.00660392 0.38627712]
1447.833334,200,286.941015,0.034318725379019054,False,False,[0.55276648 0.12647392 0.58658388]
1430.804911,200,287.26152,0.030608408988361088,False,False,[0.5110534  0.04769863 0.38180638]
1365.790085,200,287.605255,0.006926062372782036,False,False,[0.35384316 0.009552   0.28882195]
1547.066647,200,287.920221,0.05394800669729113,False,False,[0.2735018  0.32468638 0.41427569]
1171.025011,200,288.22787,0.06158015474488504,False,False,[0.25266829 0.06710703 0.67809868]
493.269272,64,288.39511,0.2614876295722872,True,False,[0.21335043 0.08511186 0.39590359]
1508.4548,200,288.694819,0.04547918706994529,False,False,[0.19362827 0.05124899 0.52414205]
1296.627701,200,289.482106,0.046282509479725266,False,False,[0.4537775  0.54056694 0.35247132]
1415.901144,200,289.800983,0.024531078461180866,False,False,[0.59883303 0.11790256 0.52758615]
128.077995,66,289.977177,0.13526544047604605,True,False,[ 0.10786933 -0.03397339  0.1533773 ]
1427.059305,200,290.296276,0.05022522779965405,False,False,[0.28858431 0.31484859 0.41092651]
1410.970506,200,290.617244,0.0456519444307907,False,False,[0.59129066 0.01556268 0.38283978]
1099.345438,200,290.929191,0.08885551606104457,False,False,[0.11668379 0.4216306  0.12218376]
1414.099709,200,291.230622,0.04224940014424626,False,False,[0.23908461 0.35724251 0.44117795]
528.485975,122,291.46586,0.02427411693474781,True,False,[0.3421268  0.44900814 0.11351403]
-12.315109,29,291.601938,0.117367992011812,True,False,[0.81512916 0.20141888 0.10844301]
1414.796533,200,291.920828,0.021564202900567504,False,False,[ 0.65369194 -0.05547445  0.32384673]
1346.991619,200,292.319763,0.02625219570083235,False,False,[0.30195393 0.14418108 0.41185725]
1635.78818,200,292.637653,0.007138130754398856,False,False,[0.3959613  0.18995951 0.46222286]
1468.767652,200,293.419143,0.017643758395622294,False,False,[0.38080712 0.22037387 0.61028241]
1290.8538,200,293.727057,0.04058928230578706,False,False,[0.22227106 0.20005507 0.76290116]
529.620015,108,293.954236,0.2303678215137287,True,False,[ 0.53418448 -0.0669503   0.18047524]
484.678101,75,294.13759,0.08228858393001691,True,False,[0.63271533 0.53069019 0.14827053]
1264.278273,200,294.539313,0.04057724460254059,False,False,[0.13846534 0.55432967 0.32214522]
1400.633394,200,294.841531,0.030360965519211615,False,False,[0.25812134 0.33876639 0.65573852]
1296.215478,200,295.161957,0.03867127639082934,False,False,[0.18947638 0.09177175 0.53995453]
621.304391,139,295.414593,0.11768996042796655,True,False,[0.10955827 0.0462095  0.27405983]
1284.739996,200,295.724405,0.01898922836280412,False,False,[0.18946153 0.15203302 0.25623011]
1425.133864,200,296.037925,0.03396674887254903,False,False,[0.3421049  0.21162923 0.68322043]
100.51726,47,296.198231,0.10283798315116176,True,False,[0.81263636 0.1164096  0.15236037]
1620.443521,200,296.510517,0.0353094529489415,False,False,[0.42431053 0.38136535 0.27436546]
1337.971922,200,297.303557,0.03294724231838038,False,False,[0.50360792 0.09689747 0.25419911]
1398.747,200,297.614975,0.023389134206453374,False,False,[0.57548783 0.26029799 0.44446595]
1386.354821,200,297.943539,0.01731110902252842,False,False,[0.35055874 0.24223185 0.49193668]
1081.569469,200,298.239575,0.06519260764114329,False,False,[0.24944548 0.19612982 0.12550085]
1417.854216,200,298.546655,0.019503543064248497,False,False,[0.37228273 0.2784576  0.32030817]
1448.408305,200,298.850876,0.055441750736451786,False,False,[0.24728408 0.67034233 0.33875374]
1318.916031,200,299.15497,0.02362245448068871,False,False,[0.36390017 0.09220978 0.21814966]
1402.887269,200,299.468017,0.04667876718349675,False,False,[0.36830019 0.25426404 0.39925065]
1317.371171,200,299.775539,0.022263520791187732,False,False,[0.65655162 0.28410493 0.35294852]
1193.289898,200,300.182709,0.04794847927756298,False,False,[0.14786399 0.08445681 0.17575766]
1242.20685,200,300.978539,0.04707566255362659,False,False,[0.37086174 0.22399195 0.12890019]
1151.062528,200,301.297331,0.06370968886069728,False,False,[0.22188132 0.01579583 0.48642213]
1375.25599,200,301.597865,0.01851633354803279,False,False,[0.371277   0.16067163 0.73983383]
1290.516158,200,301.92709,0.051633374229905105,False,False,[0.43993622 0.17654464 0.18390439]
1426.792831,200,302.245338,0.04272815434373774,False,False,[0.59209702 0.09262623 0.5835253 ]
1168.931455,200,302.558157,0.05416877298609429,False,False,[0.19759912 0.03072713 0.59252631]
1418.194082,200,302.860988,0.04255225909165637,False,False,[ 0.26445936 -0.05955524  0.28035484]
1836.925699,194,303.1619,0.04160699104345367,False,True,[ 0.37593171 -0.06048905  0.60446382]
1283.637663,125,303.398198,0.01952935400220644,False,True,[0.21297424 0.35872044 0.21176736]
798.649445,200,303.710855,0.11336284709735,False,False,[ 0.13505262 -0.06637915  0.66150522]
1073.628805,85,303.914662,0.025482358020540965,False,True,[ 0.44020022 -0.07900765  0.44942935]
1333.01378,200,304.218443,0.0420272478857792,False,False,[0.47775929 0.52494097 0.31748405]
1183.634179,200,305.034999,0.07381537334001728,False,False,[0.30905127 0.37298939 0.27061449]
1313.276362,200,305.342266,0.0186904750004254,False,False,[0.38192559 0.34955525 0.23154828]
1300.946741,200,305.653832,0.058871251448760736,False,False,[0.6575062  0.43351164 0.30628363]
1634.968144,200,305.971623,0.04041113106100125,False,False,[0.42572047 0.19835636 0.68225146]
1343.21119,200,306.278816,0.04965408725625162,False,False,[ 0.31677498 -0.00466845  0.68899198]
1349.871493,200,306.580332,0.029766416418149786,False,False,[0.19329502 0.24467433 0.58916338]
1966.976373,200,306.885606,0.039025383607243946,False,False,[0.54113468 0.15212881 0.60070619]
1352.173664,200,307.189903,0.024251289117819208,False,False,[0.52234416 0.20857855 0.36791778]
1295.962762,200,307.488125,0.03492809174933098,False,False,[0.27931949 0.5494487  0.2264264 ]
1389.584218,200,307.794271,0.04188452890798229,False,False,[0.26827482 0.12920258 0.18358786]
1236.009333,200,308.585408,0.009988029538889338,False,False,[0.27123473 0.50876016 0.29836723]
940.693435,62,308.75541,0.023007078606923182,False,True,[0.59484129 0.00347605 0.37384862]
1407.036452,200,309.07448,0.059972191554997716,False,False,[0.47185147 0.24014545 0.51404033]
183.867291,89,309.275907,0.16083285814232529,True,False,[ 0.10208896 -0.03450788  0.10007227]
1343.900923,200,309.578149,0.04702039674376663,False,False,[0.47442799 0.00847476 0.68525558]
1096.063807,100,309.784178,0.009797594587101006,False,True,[0.28770902 0.00433407 0.22545613]
1402.301725,200,310.100251,0.03449427865702585,False,False,[0.62610432 0.1121649  0.53154372]
1111.057197,200,310.41086,0.05825260237291949,False,False,[0.16252016 0.01047833 0.46326318]
1367.078406,200,310.715693,0.046586983245653135,False,False,[ 0.38529324 -0.02219101  0.47186491]
1489.441649,200,311.028736,0.029074839014305468,False,False,[0.43466352 0.19146312 0.5775621 ]
1037.19948,200,311.336473,0.07640833369914798,False,False,[0.17256236 0.49020375 0.58298682]
1407.798962,200,311.646354,0.0180723230378275,False,False,[0.25272531 0.32237946 0.44120979]
1556.05034,200,312.445528,0.029011158717444935,False,False,[0.56415347 0.27807815 0.25606547]
1454.647245,200,312.756766,0.03861138696348143,False,False,[0.56007684 0.44792724 0.15743081]
1297.649644,200,313.167991,0.04613423106790941,False,False,[0.2545812  0.50349495 0.52137064]
1352.220635,200,313.478427,0.04090994462811472,False,False,[0.68603892 0.17022575 0.36405864]
1374.80382,200,313.786355,0.03226957125847521,False,False,[ 0.46686631 -0.07878814  0.52428211]
1516.750088,200,314.102715,0.026569951499733745,False,False,[0.2736052  0.39606295 0.2928931 ]
1589.318905,200,314.42795,0.03945589037245856,False,False,[0.29424355 0.36879427 0.40860064]
1362.806823,200,314.739689,0.03508815246274046,False,False,[0.36178351 0.44905306 0.5104181 ]
1141.269061,200,315.042996,0.05325386086539373,False,False,[0.29541863 0.24028623 0.11227524]
1202.25333,200,315.34348,0.05834911911102307,False,False,[0.18222831 0.12320539 0.80934541]
1371.921005,200,316.151982,0.034310031527461905,False,False,[0.52139687 0.4218829  0.36761852]
1280.530945,200,316.457037,0.04362319864400361,False,False,[ 0.73276433 -0.03863996  0.23837432]
1315.814229,200,316.849561,0.03771396355139862,False,False,[ 0.30308734 -0.02642542  0.58453463]
1213.414649,200,317.169368,0.020176876030098274,False,False,[0.11894844 0.49586252 0.47763445]
1334.663863,200,317.489457,0.019004958794567615,False,False,[0.727992   0.05578118 0.28760407]
1437.647137,200,317.791252,0.028279300874449884,False,False,[0.49091381 0.35487    0.56390724]
1355.753221,200,318.104043,0.045996867503191506,False,False,[0.20694384 0.41781393 0.61900462]
1299.320501,200,318.416952,0.03530725871038094,False,False,[0.13520329 0.48978965 0.52128632]
1349.48996,200,318.723806,0.01997117303493903,False,False,[ 0.60983715 -0.06573344  0.41259451]
1402.085142,200,319.119169,0.03782951963489786,False,False,[0.50704294 0.44287765 0.51841446]
1296.854294,200,319.910118,0.026687071798816738,False,False,[0.41885445 0.36960626 0.26797579]
1663.531559,200,320.219217,0.030571749182814283,False,False,[0.44689739 0.29826292 0.56998406]
1343.964913,200,320.524374,0.040448346973492456,False,False,[0.74529096 0.24660804 0.2492694 ]
1165.345311,200,320.839577,0.0533490558357133,False,False,[0.1006304  0.54736891 0.50576229]
1264.898601,200,321.146942,0.01814444961946612,False,False,[0.10093838 0.36256108 0.26923816]
1199.13197,200,321.448244,0.08519158037018221,False,False,[ 0.37951708 -0.09208624  0.29376305]
1405.596614,200,321.786429,0.005627392776455591,False,False,[0.38654319 0.11077535 0.24314415]
1440.85405,200,322.096329,0.04603532745371333,False,False,[0.55487664 0.05556871 0.60718804]
1164.398839,200,322.407894,0.04885421399073888,False,False,[0.10458875 0.5080689  0.37411199]
1374.369748,200,322.7142,0.07373368124895018,False,False,[0.32204381 0.38506862 0.55950494]
815.216491,157,322.97986,0.026670242672196882,True,False,[0.30338613 0.49714472 0.11062114]
956.98051,200,323.770366,0.11819659305771191,False,False,[ 0.17828649 -0.09224561  0.24268542]
1033.351583,200,324.077881,0.09578444790880718,False,False,[ 0.16508889 -0.02060726  0.36219289]
1213.660657,200,324.401134,0.05649851383563626,False,False,[0.10391778 0.50197917 0.35253782]
993.037604,200,324.712409,0.05993036199430963,False,False,[0.20214364 0.1060769  0.10493489]
1412.417902,200,325.023295,0.05522309220480597,False,False,[0.49370726 0.3135618  0.37222795]
1586.14394,200,325.320641,0.0547146025317109,False,False,[0.23269029 0.56672197 0.32145604]
1301.535464,200,325.629438,0.013578446422824358,False,False,[0.2426823  0.43472187 0.25587947]
1165.232336,200,325.939948,0.03487124271575946,False,False,[0.16586769 0.41784844 0.22284364]
1333.511599,200,326.251689,0.020018405972518374,False,False,[0.24485017 0.49626003 0.48034562]
1092.186794,190,326.558256,0.06567577231604757,True,False,[0.52482625 0.56979977 0.14845995]
1367.245738,200,327.457444,0.037408063862064835,False,False,[0.38811922 0.11286913 0.66958237]
1291.390035,200,327.76628,0.06260929675452553,False,False,[0.40036707 0.44833993 0.35431005]
1365.172165,200,328.08247,0.032839004135057956,False,False,[ 0.53267555 -0.09874475  0.62789605]
1224.209858,200,328.408173,0.06352467604153225,False,False,[ 0.24569745 -0.07350404  0.40271512]
1308.924507,200,328.706316,0.039405317546499355,False,False,[ 0.28893177 -0.01482716  0.62294216]
1148.675731,200,329.020775,0.03799687183787881,False,False,[0.13215922 0.57210051 0.38927378]
1138.42164,200,329.335015,0.09275925800051112,False,False,[0.10688732 0.43669758 0.22506666]
1426.441118,200,329.638099,0.04537216556307047,False,False,[0.34255344 0.24595902 0.31431574]
1751.376407,200,329.954422,0.041196980457356,False,False,[0.60481919 0.25927904 0.23963782]
1386.34606,200,330.379153,0.04436184094777781,False,False,[0.51566109 0.23399716 0.29946646]
1261.38763,200,331.184798,0.04797318166361858,False,False,[0.1319515  0.49798324 0.49180275]
1371.231162,200,331.484505,0.037397183505426326,False,False,[ 0.29333385 -0.00565796  0.49564095]
1406.207859,200,331.795148,0.014274782666868761,False,False,[0.56402177 0.12133098 0.22430328]
1403.522461,200,332.102455,0.025332615541078032,False,False,[0.20690499 0.27313836 0.3352686 ]
1292.768043,200,332.41168,0.03860122641728002,False,False,[0.33741346 0.26318504 0.19984826]
1389.410197,200,332.718435,0.03275517430372276,False,False,[0.23155389 0.39886592 0.68668346]
1344.728772,200,333.020618,0.03484796102311537,False,False,[0.32713008 0.10504426 0.19923264]
1277.513523,200,333.335197,0.06450073408748111,False,False,[0.55259277 0.3327653  0.25722231]
1442.679961,200,333.740446,0.077120925185875,False,False,[0.60360092 0.06361986 0.53184268]
1253.2175,200,334.040255,0.07986538583310504,False,False,[0.24905627 0.49742243 0.49171069]
1452.568854,200,334.35847,0.015614930446416443,False,False,[0.55485017 0.16337054 0.50056424]
1315.235635,200,335.154432,0.014658405189171343,False,False,[0.2358216  0.39612706 0.50749189]
1360.947922,200,335.461936,0.03835805213788001,False,False,[0.42400936 0.46056715 0.3080913 ]
791.306396,200,335.767617,0.15903590798061762,False,False,[ 0.10102948 -0.06898259  0.45482331]
1322.653185,200,336.085075,0.02371504720520237,False,False,[0.31834885 0.23110134 0.3596487 ]
1193.742797,200,336.413772,0.05311805082856477,False,False,[0.13960083 0.16119988 0.43668909]
1249.212508,200,336.718815,0.0229053211205501,False,False,[0.16482674 0.47165317 0.30084415]
30.921493,39,336.865267,0.12096107614897925,True,False,[0.71608266 0.37234558 0.13488449]
1309.979167,200,337.2782,0.09555409389702733,False,False,[ 0.47776928 -0.04563774  0.17149522]
1289.534185,200,337.588165,0.05132166860547133,False,False,[0.33545692 0.52217086 0.53810877]
882.486918,200,337.899953,0.11436458088763775,False,False,[ 0.14359549 -0.05803753  0.16186316]
1539.131698,200,338.218446,0.04190833575162525,False,False,[ 0.53738905 -0.04959975  0.19327438]
1446.873534,200,339.008809,0.019472012410652707,False,False,[0.47350471 0.26824726 0.60671385]
1434.113544,200,339.345682,0.02831379430239093,False,False,[0.61347921 0.09467328 0.47644884]
1255.772293,200,339.64639,0.039310583359089026,False,False,[0.22440104 0.0224953  0.60347888]
1636.76198,200,339.963947,0.03613513327070533,False,False,[0.22651349 0.22212823 0.47493426]
1297.556205,200,340.263355,0.045550725895217734,False,False,[0.26717728 0.53130906 0.2889417 ]
1352.051999,200,340.569513,0.03522913251320513,False,False,[0.61249472 0.35555452 0.25735447]
1667.294805,200,340.980362,0.03159461270136801,False,False,[0.16078113 0.22189392 0.66193417]
1093.449831,200,341.285105,0.06287024878772812,False,False,[0.14450213 0.03540957 0.50418239]
1294.510976,200,341.593927,0.0824383357578029,False,False,[ 0.3425005  -0.0701771   0.53678291]
1074.182679,200,341.894275,0.02196654878944556,False,False,[0.10664657 0.11133161 0.15381925]
1245.500741,200,342.692328,0.06250446087100685,False,False,[0.27974984 0.10921199 0.36460404]
1304.761957,200,342.989415,0.021303799589693216,False,False,[0.302821   0.43461374 0.1215651 ]
1363.63359,200,343.299708,0.022339135292060403,False,False,[0.39119133 0.49891403 0.50988195]
1386.148508,200,343.604635,0.05489131888210557,False,False,[0.40244722 0.21138439 0.23350328]
1216.770504,200,343.919269,0.04644904146496529,False,False,[0.18979474 0.42735979 0.20673371]
1302.955883,200,344.224946,0.0799170922698678,False,False,[0.5708459  0.48295645 0.28244305]
1379.761774,200,344.540268,0.07023005760609838,False,False,[0.1610846  0.04379215 0.66030986]
1323.265832,200,344.849498,0.043356435964148336,False,False,[0.6904358  0.0467361  0.19638513]
1264.805758,200,345.166852,0.06909069017450828,False,False,[0.42525853 0.61935141 0.19179397]
1414.792542,200,345.476576,0.04096841738803624,False,False,[ 0.52657565 -0.09776131  0.21929848]
1194.16832,200,346.373546,0.014956764274908869,False,False,[0.22042561 0.62751803 0.43269418]
1169.82599,200,346.692443,0.04606358579491324,False,False,[0.14619011 0.38990238 0.40480522]
1312.561914,200,347.007404,0.044031493706346576,False,False,[0.23858844 0.58100549 0.54828626]
1362.876785,200,347.327446,0.01745335568675669,False,False,[0.55392348 0.12342568 0.5042594 ]
1239.416279,200,347.633868,0.030089240621984245,False,False,[0.22857328 0.40712575 0.28742753]
1170.532756,200,347.945106,0.05951752386851034,False,False,[0.17058713 0.16765922 0.30768251]
1296.965,200,348.257122,0.035164337221469985,False,False,[0.3632927  0.17766448 0.17918394]
1207.801808,200,348.578794,0.05476404913532807,False,False,[0.41272316 0.38951454 0.45248595]
1248.364386,200,348.882992,0.010320319977992463,False,False,[0.33772801 0.63129494 0.2138329 ]
1.055667,30,349.020008,0.10417492751440367,True,False,[0.77351848 0.07476182 0.10121839]
1592.062906,200,349.328888,0.02146788608272816,False,False,[ 0.58250498 -0.00736203  0.34043412]
4.874705,41,349.477934,0.31052547267063385,True,False,[0.28498006 0.23462688 0.18848938]
1137.269935,200,350.285799,0.07029118667605204,False,False,[ 0.22222855 -0.09322992  0.42479021]
1367.516293,200,350.594773,0.02009065908468914,False,False,[0.24745319 0.30123126 0.29510601]
1226.97533,200,350.91121,0.060289287578386516,False,False,[0.67907781 0.17719597 0.16904249]
1424.49937,200,351.219296,0.017301762926299993,False,False,[0.4961132  0.14869104 0.25402282]
1432.613377,200,351.523737,0.06071555772391144,False,False,[ 0.33161198 -0.05996784  0.5280911 ]
1302.938451,200,351.835096,0.05615757012529104,False,False,[0.10939292 0.16250527 0.6354845 ]
1308.555707,200,352.158117,0.04690605942952701,False,False,[ 0.37984209 -0.03368329  0.5010977 ]
1275.859369,200,352.463305,0.0638531420903943,False,False,[ 0.59699635 -0.01011295  0.37602883]
1404.504065,200,352.855621,0.029614301785362406,False,False,[0.41746159 0.28354296 0.19953903]
1464.803442,200,353.160263,0.04000693551871295,False,False,[0.51101974 0.14457179 0.60422472]
1285.496447,200,353.948961,0.05999232029159547,False,False,[0.30409545 0.07096819 0.49064619]
1293.965344,200,354.25919,0.0563450838993683,False,False,[0.36511637 0.00223421 0.35642209]
-39.967973,19,354.38584,0.13614531451595493,True,False,[ 0.67250703 -0.01729237  0.10278252]
1629.840648,200,354.817502,0.05113656363516903,False,False,[0.41020517 0.08210008 0.5807186 ]
1003.150117,200,355.117695,0.06789980702602752,False,False,[ 0.13344073 -0.02371712  0.42022272]
1544.200777,200,355.44116,0.03048030289842279,False,False,[0.3144421  0.20308889 0.20555255]
1255.093025,200,355.748038,0.04782182116809869,False,False,[0.62781374 0.43296053 0.30783594]
1522.401309,200,356.162076,0.059919207633699165,False,False,[ 0.54285457 -0.099932    0.55398655]
1390.063047,200,356.476473,0.044802622453986134,False,False,[0.56187392 0.071549   0.43459585]
1360.238812,200,356.789765,0.04192007856542084,False,False,[0.17841376 0.38411899 0.27002385]
1414.386372,200,357.103611,0.037148882961020306,False,False,[0.18060111 0.04677605 0.56404109]
1627.648118,200,357.89142,0.05478371209589713,False,False,[0.34491693 0.16640174 0.70471484]
1330.529699,200,358.203381,0.025336604145163324,False,False,[0.29394365 0.26059416 0.17591696]
1419.621644,200,358.503452,0.029893916471392005,False,False,[0.38228066 0.17534266 0.68544974]
-16.844141,25,358.638333,0.09718805434527641,True,False,[0.78991313 0.03318842 0.10412981]
1027.207366,200,359.046835,0.05286918440603813,False,False,[0.12615282 0.06004134 0.39204279]
1339.720173,200,359.345255,0.038704251751534004,False,False,[0.68386731 0.17374938 0.3134195 ]
1229.724932,200,359.658827,0.05042010111339011,False,False,[0.136401   0.42398383 0.17402244]
1435.037412,200,359.966195,0.03949963143076761,False,False,[0.55937876 0.25505604 0.49353173]
1303.784257,200,360.262378,0.021894467865712905,False,False,[0.1402961  0.41135002 0.29831746]
1329.534368,200,360.57532,0.03542059706767444,False,False,[0.22582331 0.13528726 0.58994755]
1384.612385,200,360.892676,0.005576892518698495,False,False,[0.43421579 0.17904966 0.22268635]
1288.09172,200,361.689219,0.046690545392447526,False,False,[ 0.27625764 -0.02698595  0.59926694]
1070.171661,200,361.992197,0.07563345487628255,False,False,[0.10918299 0.11212539 0.46575727]
1506.347772,200,362.301911,0.014657786041190595,False,False,[0.51420867 0.19010235 0.61882673]
1379.828064,200,362.609797,0.031780315417711376,False,False,[0.30314662 0.28711718 0.51926512]
891.18241,200,362.91856,0.14065583495997788,False,False,[ 0.16709531 -0.02480861  0.79344731]
1354.692621,200,363.221112,0.03434366607504204,False,False,[0.4343574  0.3039743  0.47788886]
1355.694627,200,363.52294,0.07532768338306671,False,False,[0.40397335 0.01918242 0.44132065]
1400.339345,200,363.811167,0.04750325170584717,False,False,[0.4956568  0.05403993 0.50139015]
1234.984358,200,364.124571,0.07174729579666454,False,False,[ 0.23954323 -0.04751652  0.38791898]
1080.204367,200,364.41981,0.04974350521178833,False,False,[0.11021129 0.0813214  0.23196169]
1333.143559,200,364.745125,0.027883643297169122,False,False,[0.38197397 0.4673619  0.35759703]
1123.290697,200,365.524837,0.03725524815333388,False,False,[0.51468559 0.59217222 0.23069447]
1380.170682,200,365.832474,0.015962518559780984,False,False,[0.68406964 0.20480367 0.45187473]
1009.266752,200,366.140575,0.06493184685585228,False,False,[ 0.21206494 -0.00237424  0.11350376]
1349.354222,200,366.446509,0.04103596670455619,False,False,[ 0.55837429 -0.0076121   0.51738014]
1581.32437,200,366.76223,0.05861375479961693,False,False,[0.28283548 0.34065413 0.27148875]
1364.315162,200,367.064882,0.02104159680829521,False,False,[0.33792452 0.12561417 0.22514384]
1366.159557,200,367.385131,0.02644312919338804,False,False,[0.32567786 0.40582943 0.31583255]
1042.449101,200,367.681519,0.06688578701690473,False,False,[ 0.16514616 -0.02141064  0.2824073 ]
1351.189898,200,367.989855,0.06946664030515899,False,False,[ 0.32946072 -0.05294862  0.57680923]
1505.407308,200,368.291778,0.05532933392431948,False,False,[0.1623822  0.18112592 0.50436313]
1487.616883,200,369.110719,0.05079088007808813,False,False,[0.39016189 0.41072894 0.33163696]
1228.455334,200,369.413457,0.03609075730563703,False,False,[0.17897418 0.40443957 0.51152381]
1330.493512,200,369.72791,0.03221890985131446,False,False,[0.12882113 0.29670654 0.74103905]
1225.850683,200,370.034839,0.03736952862812771,False,False,[0.14956846 0.21203983 0.36779195]
948.496565,200,370.339368,0.0938434935073723,False,False,[ 0.21831895 -0.03828442  0.6697929 ]
1054.825054,200,370.649888,0.07566910948325208,False,False,[ 0.80028337 -0.07743598  0.23128207]
1352.674643,200,371.055894,0.04132194490983114,False,False,[0.7041076  0.15915771 0.1852601 ]
974.585986,200,371.358074,0.08430163089602632,False,False,[ 0.13983815 -0.04086123  0.39949727]
1390.076263,200,371.710604,0.012014136040902602,False,False,[0.55441917 0.34949042 0.39819911]
1203.499122,200,372.015427,0.060140898281703756,False,False,[0.4298394  0.60262386 0.39498699]
953.90344,200,372.826878,0.1269923192838088,False,False,[ 0.13825734 -0.02989892  0.68891408]
54.883763,46,372.97773,0.09754329188979345,True,False,[0.15431534 0.57842722 0.10361185]
1400.855787,200,373.29331,0.035533229115107944,False,False,[0.37144387 0.21814204 0.47878537]
1312.725583,200,373.592233,0.025687864892441622,False,False,[0.61274771 0.47149501 0.27352973]
-10.548187,44,373.750604,0.5981768577500934,True,False,[0.61703403 0.10353292 0.14632408]
793.684972,200,374.0592,0.13227120573642423,False,False,[ 0.14326683 -0.05469643  0.18066416]
1319.42213,200,374.368497,0.062410248824090866,False,False,[0.21547142 0.40305141 0.35388448]
1168.593254,200,374.673799,0.08680751556224427,False,False,[ 0.600709   -0.07260272  0.43471334]
1405.097792,200,375.083408,0.024079787895378485,False,False,[0.51454176 0.24173609 0.22847387]
1529.564637,200,375.389194,0.0467978901173434,False,False,[0.50906374 0.37044173 0.5157991 ]
1177.037338,200,375.699955,0.04740550533324829,False,False,[0.35859628 0.45378676 0.41189158]
1346.044679,200,376.013615,0.025486353576005264,False,False,[0.36649256 0.50507755 0.41684261]
1582.939188,200,376.816226,0.026012453896886646,False,False,[0.20331275 0.36229282 0.65288398]
1521.547356,200,377.121582,0.020895529123336237,False,False,[0.28932371 0.5679036  0.37378404]
906.795529,200,377.425965,0.1560756268044571,False,False,[ 0.17389883 -0.01552778  0.79533828]
1413.150739,200,377.738842,0.033418688371069455,False,False,[0.43377299 0.15808454 0.28890394]
1311.823108,200,378.04179,0.03958609800751588,False,False,[0.37486436 0.01403453 0.74592768]
1304.871815,200,378.35058,0.03224624836197355,False,False,[0.36876914 0.59576503 0.47202151]
-16.53278,25,378.48457,0.10705960490814175,True,False,[0.7415857  0.04356346 0.11208114]
1308.760893,200,378.89126,0.049603656879134005,False,False,[0.27824378 0.33116536 0.15853725]
1195.053708,200,379.200522,0.08574689805532253,False,False,[0.49193087 0.60396286 0.31091624]
1631.333793,200,379.511646,0.048633523599670554,False,False,[0.51947052 0.30579977 0.59780128]
1254.714765,200,379.819877,0.10462096294343406,False,False,[ 0.52754948 -0.09540584  0.35149859]
1386.485233,200,380.722029,0.017238851230980907,False,False,[0.65714295 0.0324053  0.42182002]
1235.833221,200,381.036421,0.0583346616424112,False,False,[ 0.25314436 -0.00818629  0.16695523]
1315.08605,200,381.341148,0.08473875867317572,False,False,[0.27541512 0.46752937 0.51215915]
1371.38929,200,381.650775,0.017987854762186124,False,False,[0.64535713 0.29984305 0.35881814]
1279.730091,200,382.066059,0.058577203937177046,False,False,[0.33057402 0.4531078  0.14611076]
1322.672117,200,382.374485,0.02786172486568247,False,False,[0.26335349 0.48144539 0.26413154]
1499.018479,200,382.684626,0.04888338815902461,False,False,[0.13540768 0.21798741 0.26137922]
1184.549995,200,382.995069,0.02178607343587969,False,False,[ 0.34591404 -0.03557224  0.24393532]
1960.455507,200,383.298506,0.027419249814658465,False,False,[0.1956551  0.30086635 0.40446243]
-19.122266,22,383.429025,0.06821739111010054,True,False,[0.44467227 0.3874514  0.10661229]
1399.410604,200,383.728892,0.023070091032737525,False,False,[0.11023684 0.5988283  0.19855825]
1262.025621,200,384.526941,0.06125015571129892,False,False,[0.42208143 0.51308351 0.42632187]
751.503007,48,384.687968,0.03968124456408685,False,True,[0.11043644 0.27799365 0.24220162]
1434.099951,200,384.997527,0.05966138239337971,False,False,[0.70869404 0.0924705  0.43549113]
1259.550954,200,385.302666,0.05020719509683967,False,False,[0.25309467 0.46564949 0.22545531]
1025.068125,73,385.48987,0.026131022994733657,False,True,[0.59203817 0.01896219 0.56272345]
1300.798313,200,385.796153,0.050709793125524816,False,False,[0.28662392 0.33625759 0.31502918]
1320.820956,200,386.112551,0.053254572663402944,False,False,[0.26122744 0.46127528 0.41072816]
1287.559505,120,386.348041,0.0315716268861296,False,True,[ 0.35217252 -0.0018449   0.37769482]
1377.043146,200,386.684622,0.04221693355095776,False,False,[0.66899688 0.18165558 0.402752  ]
1386.929261,200,386.997381,0.02689705794521859,False,False,[0.28999634 0.0971299  0.70852079]
849.558286,56,387.160156,0.04127399240235336,False,True,[0.29043889 0.1993713  0.54775219]
1355.959236,200,387.465265,0.038276941319846554,False,False,[0.69081732 0.27381176 0.27091462]
1626.549816,175,387.749228,0.023430281854018922,False,True,[0.3004071  0.19103942 0.22495112]
1219.708312,200,388.548086,0.08340925901549176,False,False,[ 0.51555745 -0.0876882   0.15709547]
1291.662026,200,388.857843,0.042356432621583485,False,False,[0.30019825 0.14507377 0.43385729]
1343.957072,125,389.094314,0.03445757320489601,False,True,[ 0.48540377 -0.01345228  0.63625892]
1366.794035,200,389.400974,0.03610195331252282,False,False,[0.6390043  0.26371432 0.20709597]
1412.584261,200,389.809251,0.022691336946867032,False,False,[0.66558147 0.1185698  0.51443572]
1029.324753,81,389.999545,0.04027882297088923,False,True,[ 0.42976999 -0.00915965  0.51144826]
752.671463,55,390.16063,0.028927070122191735,False,True,[0.12637105 0.44451409 0.18754892]
864.574547,161,390.437013,0.1450847608823859,True,False,[0.14426025 0.08692426 0.21991439]
1164.992556,111,390.656297,0.03194215877314246,False,True,[0.41964543 0.59042697 0.1831958 ]
1192.30674,200,390.97305,0.04100611823517667,False,False,[0.52177842 0.55599239 0.18508802]
667.579468,121,391.201717,0.028453412124219094,True,False,[0.66830483 0.25990592 0.10781746]
1316.608012,200,391.496301,0.041165438416083486,False,False,[0.19711641 0.3896055  0.20043401]
780.669506,200,391.802678,0.16331201541399532,False,False,[0.11236832 0.07436622 0.21079115]
1343.324889,200,392.596321,0.03227468604098181,False,False,[0.47976667 0.03649925 0.41856896]
1320.048559,200,392.903824,0.073555173733202,False,False,[0.49257322 0.29160419 0.17273822]
1287.776866,200,393.310812,0.021774796420551003,False,False,[0.12114471 0.57950842 0.31343441]
1402.931495,200,393.614189,0.06155512676102295,False,False,[ 0.50401686 -0.01523384  0.34417011]
1307.529532,200,394.009832,0.03175842767529541,False,False,[0.54668621 0.07559379 0.15556369]
1342.803334,200,394.322478,0.04006302456182016,False,False,[0.51017809 0.14510702 0.17675816]
1290.329326,200,394.637202,0.041085975842056574,False,False,[0.30778485 0.14165021 0.36732454]
879.601181,62,394.80872,0.027592098311605532,False,True,[0.19193609 0.21857613 0.51174974]
1097.269908,200,395.109477,0.13497121152411845,False,False,[0.25787096 0.0535473  0.61799486]
1239.342589,200,395.423242,0.05799242796587242,False,False,[0.11127421 0.51857802 0.25747612]
1069.598075,200,395.739002,0.08402694304478851,False,False,[0.68099212 0.26309011 0.24524121]
1643.206066,200,396.632729,0.009641723616004067,False,False,[0.64849656 0.17083881 0.40544332]
1292.493959,200,396.945011,0.05798402483348492,False,False,[0.2933657  0.17899754 0.45697474]
1451.397729,200,397.259124,0.024286368166652004,False,False,[0.54732828 0.22253375 0.48291791]
1254.1755,200,397.572578,0.03272609304541043,False,False,[0.48980191 0.31156892 0.25651205]
1354.507304,200,397.877463,0.028360598935753517,False,False,[ 0.43558511 -0.0599391   0.3020209 ]
446.213361,200,398.191308,0.06345285647433183,False,False,[0.23052006 0.20065101 0.75033467]
1269.844581,200,398.49996,0.05423165358339899,False,False,[0.52462188 0.33292392 0.12983457]
1425.129405,200,398.912962,0.05234778894956269,False,False,[0.41263165 0.67552831 0.17867361]
1423.610168,200,399.232002,0.05366925661700536,False,False,[0.37858605 0.64288948 0.23423046]
1339.177785,200,399.554495,0.04752924189947463,False,False,[0.2728417  0.18384783 0.20727588]
1270.947032,200,400.344399,0.0682066621320313,False,False,[0.18906782 0.17720243 0.29111078]
1555.392683,200,400.654294,0.028370643863459014,False,False,[0.67759328 0.05088919 0.46120217]
1206.345928,200,400.967874,0.03851113510781827,False,False,[0.15631536 0.24915845 0.4515572 ]
1518.991306,200,401.303424,0.06629540788545796,False,False,[0.38977188 0.38503523 0.18842886]
1305.644773,200,401.620494,0.040433628985296406,False,False,[0.19366755 0.11828206 0.75890324]
1326.403233,200,401.935923,0.03347566543986728,False,False,[0.37209258 0.08883147 0.2765559 ]
1306.385784,200,402.247394,0.026371952616032233,False,False,[0.38946924 0.561767   0.42716145]
1240.946411,200,402.549782,0.05012279864055321,False,False,[0.43587509 0.15555923 0.15293905]
1378.511445,200,402.863579,0.04648384060710401,False,False,[0.27069466 0.11900193 0.763856  ]
1238.374093,200,403.175018,0.03730258771910424,False,False,[0.18655207 0.60906234 0.27691906]
1340.002552,200,403.465468,0.03415681760393642,False,False,[0.15100918 0.23073235 0.27861898]
1367.020555,200,404.25304,0.033973379634913606,False,False,[0.21373185 0.12348364 0.75430577]
1431.625419,200,404.561941,0.046919056540209704,False,False,[0.55849981 0.26896477 0.39076253]
1265.967607,200,404.868018,0.04741913858950544,False,False,[ 0.49028377 -0.07814646  0.30078997]
1260.677547,200,405.281125,0.03737856589648992,False,False,[0.53888835 0.53678855 0.234211  ]
1287.029095,200,405.580988,0.023717368607143394,False,False,[0.63901209 0.36420421 0.17432015]
1243.409599,200,405.99047,0.06970482121467417,False,False,[0.14874466 0.1411294  0.20590033]
1382.83302,200,406.293858,0.023988554771269165,False,False,[0.24511954 0.16972893 0.42253416]
1293.705712,200,406.602594,0.02667796961454096,False,False,[ 0.40028161 -0.09123111  0.39077334]
1351.786018,200,406.908928,0.026169379126555172,False,False,[0.17217386 0.34862606 0.31744623]
1154.138483,200,407.217638,0.03630083774795966,False,False,[0.16581425 0.27840399 0.12719443]
1311.09966,200,408.023764,0.05132652624894474,False,False,[0.66952666 0.39330781 0.20396124]
20.303544,42,408.270947,0.11902603977942215,True,False,[0.14713838 0.64318043 0.12324249]
1352.715767,200,408.572742,0.01884153654113614,False,False,[ 0.41167064 -0.04691532  0.45533235]
1478.612792,200,408.870645,0.0345430960310026,False,False,[0.53148879 0.06663722 0.58263096]
1563.512409,200,409.186074,0.06659172680582012,False,False,[0.39295479 0.05550699 0.66717572]
1439.350077,200,409.495818,0.07946738408668257,False,False,[0.51067792 0.59015417 0.19258322]
1449.677632,200,409.800163,0.02141837149485952,False,False,[0.45390599 0.1601351  0.53338843]
1328.893293,200,410.111547,0.05485099654991457,False,False,[0.73146951 0.06890146 0.15785278]
1279.300717,200,410.425283,0.03384934293770797,False,False,[0.31951955 0.08572738 0.24853155]
1191.565994,200,410.734435,0.050433259392542555,False,False,[0.39910278 0.19962258 0.17433657]
1381.486535,200,411.03555,0.05283103579348783,False,False,[ 0.65999571 -0.00166667  0.4209327 ]
1266.569627,200,411.819155,0.042576426586756755,False,False,[0.46855889 0.50681094 0.24138749]
1428.784817,200,412.132729,0.036512874674375397,False,False,[0.46028292 0.08575733 0.7060513 ]
1396.037286,200,412.443302,0.023364225376121463,False,False,[0.31940211 0.36231239 0.38264313]
1259.409743,200,412.752831,0.022329791055603586,False,False,[0.32577481 0.59380405 0.44518651]
1444.455168,200,413.05552,0.03289542254997997,False,False,[0.45386588 0.23859699 0.48410551]
1041.973982,200,413.356304,0.04432746590516453,False,False,[0.77121266 0.14343094 0.22887773]
1279.15573,200,413.663596,0.035081236333080204,False,False,[0.34447524 0.05507531 0.54989206]
1581.54188,200,413.972948,0.03833648748495802,False,False,[ 0.39947603 -0.00155235  0.67384686]
1149.847025,200,414.268298,0.08385017516707048,False,False,[0.50008349 0.01311637 0.11137059]
1307.529887,200,414.567425,0.04088973376457468,False,False,[0.11623932 0.2941821  0.62758054]
1509.941947,200,415.37863,0.049551869928859515,False,False,[0.20702953 0.06630732 0.3120109 ]
999.691619,200,415.689168,0.09739078434630923,False,False,[ 0.24397349 -0.05679406  0.75776304]
1441.10488,200,416.008117,0.0212075226825168,False,False,[0.49443482 0.02100154 0.38453239]
1268.689904,200,416.426153,0.020597461689717246,False,False,[0.18025387 0.1066067  0.19498674]
1642.354299,200,416.72422,0.020276023846215654,False,False,[0.34175428 0.34003883 0.42605676]
1480.891562,200,417.034481,0.03989306946612999,False,False,[0.44986172 0.42971672 0.14362287]
1200.599186,200,417.333304,0.07634187630107002,False,False,[0.23594143 0.49112964 0.57063848]
1027.206465,200,417.65767,0.07239586734405618,False,False,[ 0.40010409 -0.06747547  0.11803741]
1144.927579,200,417.976701,0.048230212895419254,False,False,[0.53005536 0.02747637 0.10067254]
1439.207383,200,418.29322,0.04287234143897542,False,False,[0.30200249 0.08960365 0.43768839]
1150.171644,200,419.093151,0.04775816114741702,False,False,[0.18239946 0.39601796 0.14020559]
1535.173775,200,419.398619,0.026218260161926934,False,False,[0.18553733 0.4607874  0.47623898]
1192.551424,200,419.704899,0.14649012719237697,False,False,[0.59526138 0.01957317 0.1370009 ]
1347.665425,200,420.018209,0.01664058694793217,False,False,[ 0.58739925 -0.07874974  0.26859695]
1547.653142,200,420.321839,0.012941908037303138,False,False,[ 0.65643503 -0.00815268  0.22189872]
-12.475191,23,420.453024,0.062245912842748614,True,False,[0.63403575 0.24384891 0.10402554]
1331.345755,200,420.759771,0.019434962669078265,False,False,[ 0.74779822 -0.06198877  0.22298415]
1429.424084,200,421.164691,0.014968980618490928,False,False,[0.59532722 0.11689334 0.37685657]
1798.112657,200,421.484104,0.038796976194496444,False,False,[0.38896321 0.13863441 0.3960953 ]
1258.484672,200,421.775412,0.061486302870202666,False,False,[0.20391246 0.15538465 0.42769566]
1451.967209,160,422.046982,0.04148374905126675,False,True,[ 0.39248302 -0.09919692  0.22336421]
1340.568141,200,422.35648,0.01651173688488195,False,False,[0.42850518 0.1034946  0.18848488]
-37.891236,22,422.975347,0.14563917878843347,True,False,[0.53272482 0.57034268 0.11173535]
1370.76692,200,423.272674,0.03912392266223626,False,False,[0.33802753 0.00632473 0.45666182]
1220.162015,200,423.583433,0.029597886857853827,False,False,[0.17149179 0.54610932 0.62228213]
1366.102816,200,423.888726,0.029695733868287097,False,False,[0.5639881  0.15087216 0.18107687]
1189.200917,200,424.198423,0.07000401231727847,False,False,[0.23931071 0.42454202 0.43131927]
1443.234762,200,424.511608,0.0712925686673625,False,False,[0.33283772 0.03501069 0.65183541]
580.270398,14,424.634855,0.026172872365437708,False,True,[0.42254669 0.03348242 0.67793536]
1253.428534,200,424.945306,0.05793511965017716,False,False,[0.17550859 0.58075522 0.33941469]
1362.525372,200,425.249693,0.027609786732657217,False,False,[0.25273849 0.44638429 0.24011898]
1316.147366,200,425.555381,0.04662424279371855,False,False,[0.23670627 0.51890741 0.45914604]
635.451925,24,425.689485,0.00796289081277335,False,True,[0.313741   0.13908846 0.3596192 ]
1342.498414,200,426.007202,0.04182086900019205,False,False,[0.19792573 0.45403875 0.67813042]
1195.466173,200,426.316809,0.06585847405252007,False,False,[0.19720744 0.15334568 0.36692557]
891.059628,75,426.979242,0.04414052345728076,False,True,[0.14589036 0.12779261 0.2463187 ]
1396.253446,200,427.296304,0.025797229452037,False,False,[0.43713192 0.08196971 0.54606187]
1385.574698,200,427.615648,0.03946966136506651,False,False,[0.42515312 0.22958448 0.6767745 ]
1266.106452,200,427.91873,0.05691310034723088,False,False,[0.23751819 0.11566209 0.78603882]
1168.996542,101,428.121945,0.03385506741015819,False,True,[0.20965981 0.44225921 0.42700412]
1258.827036,200,428.426557,0.03487105747311302,False,False,[0.21566333 0.60360587 0.49546294]
1294.821641,200,428.732566,0.0320179750478682,False,False,[ 0.47268151 -0.07794755  0.67237189]
1135.523699,200,429.036796,0.05373864578768027,False,False,[0.11806587 0.0875644  0.25195816]
1313.47717,200,429.34621,0.028897352602229344,False,False,[0.53772179 0.28657159 0.17120471]
1303.462717,200,429.755332,0.05852537657419702,False,False,[0.28008729 0.17776697 0.44709784]
1327.871428,200,430.068074,0.038713406415619184,False,False,[ 0.44374927 -0.05790174  0.63970418]
68.914929,41,430.223446,0.09102330190961555,True,False,[0.34473374 0.6312037  0.15965839]
1114.511544,200,431.025394,0.06018670789936277,False,False,[0.18241695 0.50705918 0.38941416]
814.652475,42,431.17475,0.017320775181031443,False,True,[0.58485923 0.07022858 0.53859635]
1285.547896,200,431.482968,0.10561218029199813,False,False,[0.65656471 0.2714555  0.19888416]
1395.979366,200,431.896721,0.024615543956571347,False,False,[0.69572301 0.10120864 0.43092447]
775.774386,52,432.062889,0.04286347684100185,False,True,[0.19171603 0.08996835 0.47723496]
1457.453641,200,432.370458,0.04956285672613057,False,False,[0.46247369 0.09247268 0.27790641]
1261.821012,200,432.676592,0.03464118669015108,False,False,[0.19423706 0.3884733  0.17817886]
801.381762,200,432.979606,0.14131083975872974,False,False,[1.92783568e-01 2.30767605e-04 8.04299701e-01]
52.487734,48,433.138484,0.11913498461136535,True,False,[ 0.12554844 -0.08376265  0.1477925 ]
1289.229626,200,433.448903,0.09673294660124303,False,False,[0.30303163 0.53124562 0.49569894]
1865.789017,192,433.774649,0.03135427861771975,False,True,[ 0.36762726 -0.01696346  0.53895365]
244.065276,63,433.950675,0.08064906418575593,True,False,[0.65201634 0.26705008 0.14526043]
1365.628147,200,434.368192,0.03913353429772567,False,False,[0.18742617 0.36133623 0.39654981]
1455.621721,200,435.182884,0.018560463858337768,False,False,[0.35904927 0.21534808 0.67898154]
1384.327381,200,435.486353,0.06696374892502327,False,False,[0.44570083 0.20352631 0.3219782 ]
1323.973491,200,435.812677,0.023140988719357013,False,False,[0.46879197 0.52686792 0.27877984]
1241.520093,200,436.136217,0.06267631321030437,False,False,[0.71065645 0.18196143 0.16192315]
958.862437,200,436.437952,0.12416961509185982,False,False,[0.17043    0.05947549 0.70321068]
1612.316556,200,436.745456,0.03528828637464004,False,False,[0.44809743 0.29624986 0.2103788 ]
1125.510005,200,437.06476,0.07212628767401152,False,False,[ 0.17919854 -0.03231938  0.33706679]
1019.037724,200,437.365585,0.06697893046544477,False,False,[0.23272352 0.0104878  0.7924355 ]
1396.8014,200,437.672701,0.07805267643092374,False,False,[0.30641486 0.5866229  0.40907433]
1488.188382,200,438.002292,0.032039397283687605,False,False,[0.18504072 0.07958019 0.5186522 ]
1379.477832,200,438.79965,0.022466713370850423,False,False,[ 0.40016391 -0.03202348  0.42363851]
1398.937586,200,439.102455,0.026420444245546935,False,False,[0.25774017 0.37433013 0.50438412]
1392.480742,200,439.414643,0.011429089603944027,False,False,[0.55391182 0.25962846 0.37464479]
1153.376225,200,439.720557,0.06471415528666657,False,False,[0.47281354 0.04782326 0.10485181]
1325.295866,200,440.031682,0.02931718978959391,False,False,[0.22545748 0.04907492 0.59755216]
1368.304868,200,440.333947,0.013294422700602939,False,False,[ 0.42826305 -0.02259237  0.46209706]
1235.627613,200,440.640013,0.030895237777061407,False,False,[0.20087885 0.16165468 0.34042877]
1319.032658,200,440.951415,0.07544598547718893,False,False,[0.53752714 0.38167864 0.40882451]
1129.664436,200,441.255821,0.047374935692810524,False,False,[0.1737709  0.45407012 0.43569485]
1591.356619,200,441.55001,0.016524880974371426,False,False,[0.24254403 0.35084919 0.64674929]
911.326032,200,442.335243,0.11302109148041835,False,False,[0.10706057 0.54667655 0.43438566]
1568.463253,200,442.638266,0.015297172066641437,False,False,[ 0.44698754 -0.02892397  0.33432294]
1284.731738,200,442.93933,0.034565652074156676,False,False,[0.13015464 0.2529242  0.18970904]
1278.213422,200,443.241009,0.04031361719641006,False,False,[0.577374   0.03362607 0.61063926]
1368.044588,200,443.553967,0.05685971747158885,False,False,[0.55851445 0.26000008 0.20628671]
1387.39231,200,443.97055,0.06469107317956953,False,False,[0.66144477 0.18522256 0.3496645 ]
1542.344317,200,444.282074,0.07697164367388425,False,False,[0.64772445 0.32798162 0.42184348]
1379.49329,200,444.696533,0.030743416426834078,False,False,[0.12582099 0.20377975 0.70881668]
1630.695596,200,445.001482,0.03750666216918094,False,False,[0.44528567 0.37522915 0.42442906]
1391.210466,200,445.297763,0.029670114175554336,False,False,[0.47655962 0.42507969 0.46677774]
1580.790487,200,445.596673,0.05001737003350696,False,False,[0.13100333 0.42976382 0.44606642]
1335.562809,200,446.409681,0.043565763670761495,False,False,[0.30185105 0.28818125 0.25869612]
1051.9513,200,446.725316,0.09963880454315364,False,False,[0.1213781  0.04631976 0.41864862]
1245.356668,200,447.038429,0.04950445605340919,False,False,[0.13351623 0.48807831 0.17496823]
834.953116,200,447.345729,0.1678554227707173,False,False,[ 0.10685015 -0.05176998  0.55726424]
1261.873775,200,447.656379,0.034614759380965615,False,False,[0.37337362 0.02847341 0.1731273 ]
1346.832004,200,447.970376,0.025887575351302407,False,False,[ 0.72062205 -0.0552204   0.35784034]
1167.986816,200,448.383662,0.03213162633531028,False,False,[0.23456536 0.65085878 0.3194285 ]
1200.118371,200,448.69266,0.039648407962375024,False,False,[0.4591063  0.35671196 0.13573311]
1318.484675,200,448.997255,0.008082552334348582,False,False,[0.11964442 0.42883979 0.4816543 ]
1820.570841,200,449.306022,0.01943060649040461,False,False,[0.22651257 0.22353529 0.47878919]
1665.259004,200,450.112667,0.055469959329279526,False,False,[0.17843891 0.49720131 0.30407916]
1327.59706,200,450.414592,0.04259055512224689,False,False,[0.76293088 0.1405798  0.24719619]
1077.439603,200,450.724346,0.07069457894749433,False,False,[ 0.25510595 -0.07770254  0.61795533]
1492.196532,200,451.036749,0.046474589492040426,False,False,[0.1795502  0.49471099 0.48903442]
1395.7315,200,451.336524,0.034860589979614956,False,False,[0.68574113 0.1058931  0.20816148]
1408.442573,200,451.643898,0.03850388038417819,False,False,[0.35915638 0.13566344 0.51369485]
1331.834847,200,451.965773,0.04897660160689871,False,False,[0.5889608  0.42621566 0.26002843]
718.975862,33,452.208118,0.03700652407960837,False,True,[0.45016074 0.26121905 0.36195573]
1254.775411,200,452.512214,0.06210353459250048,False,False,[ 0.35672239 -0.00577944  0.74677515]
1335.045837,200,452.857211,0.04570860557281661,False,False,[ 0.68248463 -0.02131     0.2987388 ]
1333.317111,200,453.274338,0.07086988263094492,False,False,[0.42216496 0.19227136 0.26151874]
1318.99513,200,454.075102,0.016445368339364743,False,False,[0.24407833 0.4472159  0.43747397]
68.403784,45,454.228744,0.07866057065302715,True,False,[ 0.79597443 -0.03999591  0.11515442]
1059.76773,200,454.63367,0.04493439915710322,False,False,[0.10093317 0.6276164  0.1577644 ]
1288.062238,200,454.941157,0.02218238773196063,False,False,[0.73411188 0.24291781 0.16840998]
1354.253381,200,455.246353,0.08362793839118438,False,False,[0.32491274 0.22478661 0.44905326]
1179.457876,95,455.459203,0.024669207478965133,False,True,[0.53724609 0.20934705 0.59314446]
1193.444686,200,455.764531,0.009344651769862603,False,False,[0.12951109 0.61865986 0.45199905]
1839.3515,195,456.084747,0.04561070326595831,False,True,[0.33496466 0.23781302 0.53960191]
4.5183,28,456.221147,0.12565239658609656,True,False,[0.56944646 0.20146804 0.10892289]
1349.868774,200,456.523999,0.05358070299246005,False,False,[ 0.51911562 -0.06163286  0.47703441]
1349.253079,200,456.938675,0.04822759537713237,False,False,[0.60271185 0.27171917 0.14373956]
676.572491,44,457.194468,0.03431309001242544,False,True,[0.10477864 0.54752264 0.63327661]
1345.579521,200,457.50738,0.014624808083829677,False,False,[0.35165193 0.36543262 0.2030177 ]
1099.742405,200,458.306046,0.035629453993352544,False,False,[0.28867583 0.63803793 0.28478391]
1547.232571,200,458.625642,0.03497127507728536,False,False,[ 0.42656973 -0.03235424  0.28338757]
1246.95216,200,458.932133,0.034431689354254245,False,False,[0.10735835 0.48038656 0.52881547]
1386.625841,200,459.242061,0.020173572735958482,False,False,[0.64113799 0.18031053 0.40422058]
1392.01961,200,459.54986,0.06284247358059332,False,False,[0.15004797 0.36353846 0.30493454]
1130.270049,200,459.852059,0.05514143113180423,False,False,[ 0.20223612 -0.00840061  0.66035022]
1204.09736,200,460.16438,0.0724808387684061,False,False,[0.57345234 0.51849974 0.15095434]
843.444367,200,460.575925,0.12600663474308565,False,False,[ 0.13415945 -0.09052438  0.33123212]
1317.186348,200,460.892074,0.02444470911267792,False,False,[0.25095917 0.37876824 0.33539618]
1304.940399,200,461.190235,0.034130304658468884,False,False,[0.72746181 0.28683341 0.33162853]
1317.819992,200,462.08152,0.040574453690556525,False,False,[0.4368824  0.5921894  0.32773487]
1491.148541,200,462.380546,0.04242727714830128,False,False,[0.21803925 0.00908782 0.29987903]
1389.872082,200,462.697459,0.03311963365766314,False,False,[0.51890369 0.192834   0.3776472 ]
3.064808,27,462.831368,0.06273564801824885,True,False,[0.50949908 0.4496794  0.10314583]
554.728743,114,463.15548,0.05522351723692003,True,False,[0.16469518 0.07182581 0.2179827 ]
1299.465667,200,463.473934,0.04097032834124029,False,False,[0.19761348 0.40729659 0.26199234]
1419.265407,200,463.784946,0.030966878913779923,False,False,[0.36912081 0.17772078 0.61251673]
1328.554367,200,464.100563,0.04886726651777534,False,False,[0.36339965 0.13795195 0.44573805]
1763.357579,200,464.421628,0.04602978463384161,False,False,[ 0.30458682 -0.0059843   0.66519417]
1425.913883,200,464.7288,0.04178060312430324,False,False,[ 0.28214359 -0.02473832  0.32700815]
1400.421798,200,465.035611,0.02439312333716921,False,False,[ 0.47625932 -0.03956567  0.53209449]
1293.984119,200,465.340821,0.029209964887998117,False,False,[0.12398159 0.37691857 0.49608238]
1349.173649,200,466.154464,0.06193131392810934,False,False,[0.60569045 0.21787981 0.20941035]
1766.861107,200,466.456096,0.0459796214454646,False,False,[0.68841533 0.21327157 0.4259811 ]
1343.403689,200,466.763643,0.036589671615681586,False,False,[0.52455015 0.39269108 0.18125049]
1605.511473,200,467.175466,0.030162537522425495,False,False,[0.22047609 0.27288403 0.35800771]
1209.41571,200,467.48634,0.03243856148312063,False,False,[0.64066934 0.18337119 0.16306426]
1199.899356,200,467.794442,0.06488784582291808,False,False,[0.13174591 0.45633536 0.18644126]
1266.116301,200,468.127192,0.0747997226433502,False,False,[0.34752649 0.52910021 0.51397761]
1549.992508,200,468.433111,0.029032171296827104,False,False,[ 0.26683917 -0.04734309  0.44237035]
1319.33067,200,468.742461,0.03303433336021487,False,False,[ 0.31728992 -0.07254807  0.27866635]
232.396762,64,468.917763,0.03281356856408558,True,False,[0.48167991 0.42048658 0.11254169]
1369.162882,200,469.213089,0.02102155714403468,False,False,[0.27229492 0.34963241 0.25253718]
1418.378354,200,470.006293,0.019605093990870435,False,False,[0.54379785 0.04444452 0.32181529]
1374.817853,200,470.316951,0.07564103008761898,False,False,[0.40137684 0.44235048 0.56419799]
1149.643913,200,470.632087,0.0526520530438389,False,False,[0.11250015 0.65095324 0.51502963]
1206.009029,200,470.951778,0.038597360345867096,False,False,[0.26814841 0.05280938 0.62259435]
1355.244729,200,471.251486,0.01946355226719776,False,False,[ 0.53785977 -0.0943763   0.59802173]
784.13919,200,471.567597,0.19256023293752697,False,False,[ 0.13610188 -0.06800801  0.68175054]
800.743134,200,471.874191,0.15795063034424395,False,False,[ 0.17787745 -0.09318715  0.70101702]
1339.021061,200,472.194177,0.032581658353278385,False,False,[0.17284705 0.07503237 0.61248803]
1328.264392,200,472.50258,0.017181114883292856,False,False,[0.58653395 0.31853942 0.19785461]
1382.059689,200,472.90136,0.021617927948957817,False,False,[0.14165434 0.31330535 0.27747284]
1667.618132,200,473.680769,0.03906949201661389,False,False,[0.30318466 0.03058224 0.59426259]
1390.942576,200,474.004841,0.03492482070403571,False,False,[0.31791454 0.12021894 0.40016871]
1329.948879,200,474.317717,0.032106165290561074,False,False,[0.16728631 0.3788038  0.33847845]
1267.725466,200,474.627384,0.04816876582542715,False,False,[ 0.6419301  -0.07744676  0.55170444]
378.283233,200,474.947725,0.054790815116680484,False,False,[0.37143808 0.26275097 0.58433948]
1146.18539,200,475.23861,0.07550572686756607,False,False,[0.22896957 0.55079959 0.46607609]
1291.694269,200,475.54264,0.053790296694560695,False,False,[0.71036473 0.07600747 0.29225699]
1277.457464,200,475.847371,0.03600454874290258,False,False,[0.230015   0.3149218  0.56433378]
939.041641,200,476.169602,0.12953918142118917,False,False,[ 0.17744009 -0.02092603  0.5901052 ]
1576.937138,200,476.477603,0.014803091271934311,False,False,[0.42393806 0.19501336 0.19599851]
1323.518316,200,477.275699,0.06876495456433959,False,False,[0.21709391 0.30423883 0.35132507]
1334.146771,200,477.591429,0.02730624163444259,False,False,[0.36990062 0.36913228 0.63841611]
1519.560937,200,477.899479,0.102271690977947,False,False,[ 0.25043434 -0.01016623  0.20243112]
1262.580658,200,478.209182,0.026372308923987984,False,False,[0.21062913 0.38384456 0.24581096]
1113.712102,200,478.528588,0.08242601177995779,False,False,[0.6801593  0.39837931 0.27419985]
1124.128098,200,478.924738,0.059939902668914004,False,False,[0.19714348 0.20419987 0.1312595 ]
1193.485018,200,479.238549,0.028280547477523628,False,False,[0.19176241 0.46067182 0.62643295]
1245.327295,200,479.551372,0.04739588932789097,False,False,[0.44337683 0.64399491 0.25466468]
1407.514284,200,479.880558,0.03185053188395232,False,False,[0.41514777 0.06977197 0.71138284]
365.130798,97,480.087087,0.14520778970987377,True,False,[ 0.19455344 -0.02943927  0.1756493 ]
1412.307066,200,480.412253,0.031140342709958597,False,False,[0.49620392 0.19956428 0.41969077]
1289.64162,200,481.215128,0.033084106161286826,False,False,[0.37737755 0.4836299  0.5807591 ]
1302.344524,200,481.522115,0.07125411665892384,False,False,[0.62319844 0.38603115 0.19060728]
1447.259404,200,481.961233,0.043107125680986236,False,False,[0.47715385 0.12971846 0.58003554]
1389.5027,200,482.26952,0.039921514955172606,False,False,[0.21909698 0.16124114 0.23930576]
1111.613532,200,482.572275,0.06588822157554043,False,False,[0.25910874 0.0547127  0.57196525]
1455.2684,200,482.879788,0.024010185935263433,False,False,[0.36771503 0.03045415 0.65826025]
1750.844515,200,483.216719,0.0517092990421077,False,False,[0.31776925 0.16141754 0.72053256]
1068.3102,200,483.526681,0.08928673016180928,False,False,[0.10265349 0.06662975 0.56041051]
1389.691979,200,483.836052,0.007854371761438005,False,False,[ 0.61687316 -0.01855922  0.4280285 ]
1348.142937,200,484.255414,0.04401660353083326,False,False,[0.4797935  0.44374722 0.51040511]
1476.381006,200,485.048835,0.04371556700315991,False,False,[0.66135048 0.31325395 0.22244769]
1594.725713,200,485.452029,0.03684863178632023,False,False,[0.71995198 0.11303988 0.3728922 ]
1838.942853,200,485.765064,0.03379707929363996,False,False,[0.52487884 0.0497536  0.23507279]
1336.698393,200,486.072465,0.028976687438239338,False,False,[ 0.59545537 -0.09034902  0.5516276 ]
1359.742399,200,486.380045,0.04813124469712336,False,False,[0.13648208 0.35164977 0.49169532]
1332.689219,200,486.700275,0.04708872052041325,False,False,[0.27478795 0.26217862 0.34747713]
536.580366,6,486.813991,0.03694831804795168,False,True,[0.52688514 0.18481199 0.32318388]
1307.754298,200,487.123162,0.03890338156808184,False,False,[ 0.51184531 -0.08548406  0.19276336]
1329.821564,200,487.532828,0.046324690495732145,False,False,[0.23307317 0.52562085 0.52209533]
1325.403392,200,487.846116,0.04048062237560803,False,False,[0.43496973 0.33200658 0.21494832]
1406.829396,200,488.16152,0.04769724858434846,False,False,[0.55423267 0.18431083 0.4513646 ]
1332.797226,200,488.471646,0.02646751286850882,False,False,[0.27012592 0.28840133 0.73707468]
1471.490915,200,489.261313,0.008746874894849611,False,False,[0.3715867  0.12889792 0.66564082]
1372.124043,200,489.561471,0.028914108986372106,False,False,[0.61403249 0.29921082 0.46326226]
1496.846197,200,489.852209,0.024646903681312622,False,False,[0.21355826 0.27674404 0.6756286 ]
448.595506,98,490.058091,0.1338898818137222,True,False,[ 0.79990203 -0.02414803  0.17742567]
39.589642,45,490.305013,0.15234873842610516,True,False,[ 0.12266661 -0.09596025  0.1794829 ]
1651.730228,200,490.618391,0.04248470635097531,False,False,[0.51575419 0.05347884 0.30130012]
1325.453661,200,490.93703,0.04100303375119314,False,False,[0.52566203 0.13493858 0.16588348]
1421.603546,200,491.245015,0.035677263621204755,False,False,[0.52748095 0.13909206 0.50049043]
274.783531,68,491.421506,0.10133460247012602,True,False,[0.82670059 0.06777855 0.18127309]
1329.05235,200,491.728639,0.040670579888548046,False,False,[0.45763675 0.50715475 0.39819013]
1183.495439,200,492.055523,0.02801889975260289,False,False,[0.1666491  0.27489395 0.16382498]
1312.469574,200,492.372695,0.04413716788114814,False,False,[0.39234222 0.52794167 0.28430376]
1536.716603,200,493.1842,0.04384721380308561,False,False,[0.32653072 0.0647202  0.20997456]
1272.068034,200,493.492667,0.015295072998166901,False,False,[0.73209115 0.07335607 0.23304166]
1385.966386,200,493.795549,0.05682854790948141,False,False,[0.6943103  0.04790236 0.40509395]
1369.959966,200,494.098802,0.06246618032949393,False,False,[0.45933731 0.32108023 0.28444084]
543.061248,107,494.312391,0.0755560168647019,True,False,[0.66636741 0.34929274 0.1514597 ]
182.014679,69,494.585401,0.0713277445040796,True,False,[ 0.13437511 -0.0083657   0.13544062]
1320.975071,200,494.891188,0.05589166259839506,False,False,[0.25735328 0.22352053 0.48702311]
1240.256196,200,495.213933,0.03542437511008089,False,False,[0.15974216 0.5783738  0.50243885]
1330.285326,200,495.508738,0.03175136806712577,False,False,[ 0.44598544 -0.03984969  0.6810857 ]
866.796904,176,495.786233,0.05025894319481724,True,False,[0.17857735 0.57211235 0.10964985]
1300.473475,200,496.105675,0.048892349321925446,False,False,[0.63488767 0.06004692 0.13594386]
1526.62994,200,496.903345,0.016685189440628603,False,False,[0.52970855 0.31509015 0.39021246]
1546.597024,200,497.216074,0.040881709747117335,False,False,[0.34931531 0.39904706 0.24786987]
980.069353,200,497.522187,0.09832165182715405,False,False,[ 0.27866155 -0.06083057  0.76814518]
1335.820576,200,497.843936,0.04002881852937672,False,False,[0.10751236 0.38112099 0.42813685]
307.871159,82,498.036811,0.04209300253730503,True,False,[0.10641544 0.05821165 0.16734585]
1388.056928,200,498.33816,0.03281676333939282,False,False,[0.29055771 0.14832665 0.2684427 ]
1562.523076,200,498.663942,0.07176130935501332,False,False,[0.30517765 0.17067431 0.45229116]
1331.071715,200,498.974692,0.05500529179214951,False,False,[0.38051711 0.54254098 0.20219663]
1355.731062,200,499.289523,0.0336356832317369,False,False,[0.23138745 0.09824687 0.46953421]
1037.32651,200,499.591907,0.048752976304209335,False,False,[ 0.21497951 -0.09957201  0.31304473]
1423.910414,200,499.919436,0.06306188452551804,False,False,[0.58138307 0.14881712 0.57528179]
1280.357274,200,500.714744,0.04573437780890665,False,False,[0.3843911  0.52291149 0.29744484]
1259.994825,200,501.051667,0.042748326270184996,False,False,[0.28555977 0.67274621 0.24087328]
1177.801543,200,501.356113,0.06710182171098744,False,False,[0.38669062 0.19311082 0.12032018]
1254.657908,200,501.657355,0.052122614145840566,False,False,[0.44732296 0.28317052 0.11903772]
1184.081539,200,501.964346,0.04132927307843401,False,False,[0.30994457 0.14784831 0.13713629]
1397.111737,200,502.275776,0.05386156996395599,False,False,[0.68309703 0.15210698 0.42245556]
1082.105516,200,502.581984,0.06362367066174529,False,False,[0.19816184 0.64714582 0.19659747]
1402.018756,200,502.89883,0.1117030311636306,False,False,[0.58528874 0.41705464 0.42397554]
1366.921278,200,503.206295,0.03743201712699339,False,False,[0.22562209 0.11446491 0.48637873]
1542.886109,200,503.525957,0.054437757953574396,False,False,[0.4178577  0.35806604 0.15203523]
1396.231618,200,504.306716,0.0743665626317732,False,False,[0.38760299 0.30000592 0.57143111]
1293.14799,200,504.613062,0.05842746628001388,False,False,[0.53922724 0.366452   0.12538513]
1276.646277,200,505.021339,0.08085512783603054,False,False,[0.17595108 0.27667561 0.31492332]
1216.312338,200,505.340208,0.07264637687699475,False,False,[0.59072903 0.41282813 0.15204628]
1216.240841,200,505.752984,0.03230347247847913,False,False,[0.40079579 0.58923736 0.16592999]
1347.610078,200,506.067693,0.042776815956611855,False,False,[0.4616592  0.39341564 0.17480141]
1305.789724,200,506.384038,0.0153812550038318,False,False,[0.26299955 0.01719103 0.39706827]
1263.620208,200,506.706861,0.05184657082006838,False,False,[0.56125138 0.42346419 0.30396022]
1416.190559,200,507.021865,0.028101462883669617,False,False,[0.59341442 0.29365516 0.49886846]
1356.318132,200,507.335711,0.02479445948559009,False,False,[ 0.53967209 -0.0554686   0.54618627]
1496.895849,200,507.641829,0.044704007436321386,False,False,[0.66769849 0.39880301 0.32235171]
1263.151075,200,508.540996,0.0599685641257578,False,False,[0.56409312 0.28648307 0.42673753]
142.634377,46,508.698713,0.08433359246994906,True,False,[0.59154498 0.18018719 0.12026681]
1374.166422,200,509.01733,0.03734817339585362,False,False,[ 0.62219163 -0.00871985  0.47854049]
949.741312,200,509.414888,0.09396755400782056,False,False,[ 0.29973828 -0.07284473  0.162312  ]
996.989965,200,509.721289,0.07603283685481087,False,False,[ 0.31936602 -0.0706788   0.11020292]
935.556683,200,510.03663,0.13966742160671433,False,False,[0.22126564 0.01295192 0.79648415]
1199.050846,200,510.354633,0.048579919720025316,False,False,[0.56372549 0.30625565 0.23198651]
1383.647545,200,510.652886,0.0716358807465123,False,False,[ 0.37415686 -0.03107802  0.42205634]
920.720419,191,510.958708,0.04966806107686247,True,False,[0.16932298 0.10297499 0.14071431]
1296.390841,200,511.264765,0.06573385794989192,False,False,[0.46988253 0.55035586 0.18317092]
1347.297721,200,511.579284,0.027821719464598382,False,False,[0.3021501  0.42079753 0.47192556]
1468.212196,200,512.350229,0.014401451787500089,False,False,[0.47132829 0.47345282 0.41055407]
1565.360963,200,512.651799,0.06919608815128053,False,False,[0.73339264 0.15500301 0.30977306]
1224.958613,200,512.981819,0.07934684483540184,False,False,[0.44162555 0.68115446 0.2122579 ]
1363.786285,200,513.268145,0.010018300556930539,False,False,[0.22041121 0.4815516  0.62840195]
1377.01382,200,513.580153,0.06616483356619636,False,False,[0.32442006 0.17571242 0.47654923]
1359.250322,200,513.885117,0.023989954562030957,False,False,[0.32522522 0.41568161 0.40416913]
1352.592359,200,514.183754,0.03517466970168668,False,False,[0.47785136 0.57049785 0.33975099]
1324.599504,200,514.49736,0.04714170329421762,False,False,[0.20977903 0.43480932 0.59994684]
1306.28179,200,514.821412,0.07791859760562271,False,False,[ 0.5427611  -0.06117845  0.56604327]
1351.0063,200,515.124414,0.025521858396398162,False,False,[0.12427325 0.31070159 0.71695432]
1255.644575,200,515.916341,0.02405741490679778,False,False,[0.33231907 0.55135389 0.51246874]
1448.685692,200,516.23929,0.015018735034360502,False,False,[0.45421614 0.23245017 0.66036854]
1328.029034,200,516.544934,0.03955137614077323,False,False,[0.29353984 0.36766449 0.32340614]
1147.52068,200,516.861121,0.08054964933175258,False,False,[0.1506834  0.41383355 0.36694457]
1286.615634,200,517.177085,0.035954776166443346,False,False,[0.56997863 0.3569191  0.17506534]
1314.768338,200,517.595049,0.06012830631781271,False,False,[0.24800508 0.07544752 0.50752594]
1261.630969,200,517.903936,0.039648969974159974,False,False,[0.25637855 0.58450968 0.18734377]
1386.766051,200,518.217513,0.010921169987360098,False,False,[0.21523075 0.16353752 0.63386266]
-21.787987,22,518.351078,0.09389554128662543,True,False,[0.69671714 0.09646845 0.11214819]
286.256851,73,518.550458,0.06581294375794709,True,False,[0.2817113  0.54440621 0.16258476]
64.809412,42,518.703783,0.07703614071206487,True,False,[0.72570674 0.41904272 0.10959455]
1231.827647,200,519.116428,0.042417734890516784,False,False,[0.10809782 0.18574688 0.30668411]
1272.33356,200,519.915692,0.053003525372627834,False,False,[ 0.53617736 -0.05032108  0.15868538]
1297.629831,200,520.220363,0.07459260247567327,False,False,[0.50319549 0.03800234 0.34432724]
1454.881384,200,520.524057,0.05947489934754007,False,False,[0.22801349 0.64233706 0.24731386]
1145.593063,200,520.821318,0.05791801431300135,False,False,[ 0.20128722 -0.00949256  0.26373968]
1207.404143,200,521.135186,0.011324537088914096,False,False,[0.36919632 0.40481976 0.29492189]
1380.37158,200,521.448204,0.06287474961162672,False,False,[0.64650158 0.11956593 0.52065385]
1404.149467,200,521.757594,0.04287718245396221,False,False,[0.26237622 0.22176519 0.51525564]
1276.358709,200,522.065299,0.022805879261589543,False,False,[0.19126867 0.14170869 0.33996419]
1327.423648,200,522.372032,0.04632378572543053,False,False,[0.2669534  0.37180466 0.18725748]
1571.812777,200,522.681608,0.04276605703478968,False,False,[0.35156501 0.61888984 0.4601308 ]
1224.888526,200,523.011267,0.07090042243786437,False,False,[0.31871966 0.40109893 0.33237647]
1310.675766,200,523.792467,0.037589907252909546,False,False,[0.27729697 0.22097476 0.22309498]
1531.615067,200,524.100016,0.03910594964623466,False,False,[0.27170739 0.13025877 0.32107375]
1381.248982,200,524.404711,0.016507685078375075,False,False,[0.65101499 0.17245903 0.24581341]
1380.542602,200,524.710963,0.04740094784802434,False,False,[0.24154499 0.0777086  0.56983292]
1276.414862,200,525.022856,0.03610340319429191,False,False,[0.23807759 0.43662424 0.41654279]
1002.37277,200,525.332733,0.10786996664566109,False,False,[0.23583516 0.13295596 0.78211826]
1105.337331,200,525.63461,0.1005626020023618,False,False,[0.43233513 0.29177955 0.16727991]
298.457989,75,525.821433,0.374443049178459,True,False,[0.17907444 0.13141888 0.55229378]
1149.612395,200,526.135654,0.060360332086047276,False,False,[0.24488739 0.52477992 0.33319157]
1346.042994,200,526.436999,0.03076996553121079,False,False,[0.16526665 0.39801083 0.19563656]
1421.793862,200,527.241952,0.01872154715944796,False,False,[0.45102471 0.19470227 0.3654453 ]
1370.886535,200,527.540998,0.03790170351056976,False,False,[0.50338933 0.25861431 0.44362129]
980.602368,200,527.850317,0.0718509273352997,False,False,[0.1185773  0.66569864 0.18410425]
1245.660655,200,528.158591,0.0570253020211277,False,False,[0.44696464 0.58545578 0.21318878]
1279.228028,200,528.466634,0.050962300470821655,False,False,[0.33525644 0.0062248  0.489848  ]
1241.21671,200,528.783333,0.04587058977052963,False,False,[0.20889186 0.12183996 0.36413005]
678.756765,136,529.035695,0.07765843004380647,True,False,[ 0.54582714 -0.06872702  0.10452915]
1339.185902,200,529.353284,0.031477260639074044,False,False,[0.25683177 0.43741821 0.26971914]
1349.992075,200,529.66071,0.05572111500226963,False,False,[0.48350182 0.32523718 0.18319148]
-3.952498,36,529.804774,0.39821116002272294,True,False,[0.23493598 0.18831231 0.47145998]
1475.604841,200,530.119346,0.02336385199479854,False,False,[0.42638329 0.09323139 0.49851428]
1560.042196,200,530.438978,0.06623030452881318,False,False,[0.18384473 0.33480362 0.24677323]
1307.591214,200,531.239502,0.06356441522531042,False,False,[0.21468021 0.41248235 0.61179168]
330.280209,72,531.425556,0.049483077349404214,True,False,[0.66118394 0.10983951 0.14297926]
245.221459,65,531.603615,0.32371716678146634,True,False,[ 0.29435404 -0.04284559  0.23500261]
1367.042116,200,531.914054,0.06083707854622053,False,False,[0.27717733 0.43309746 0.56365545]
1350.093791,200,532.227355,0.03043335609075906,False,False,[0.55901334 0.14833249 0.30290296]
1293.991044,200,532.531459,0.07511623497626392,False,False,[0.27309938 0.12777387 0.35552104]
1325.736506,200,532.832927,0.03992112016907354,False,False,[0.42761294 0.64694388 0.25769517]
1324.139476,200,533.144319,0.039777577932710625,False,False,[0.42904052 0.39413861 0.16202181]
1336.705688,200,533.456967,0.04221443253374807,False,False,[0.28255294 0.11074779 0.4669485 ]
1378.571647,200,533.798107,0.07155820775464919,False,False,[0.39693882 0.26008451 0.36118593]
1188.387614,200,534.096648,0.03770531429579433,False,False,[0.21375046 0.00415542 0.22253735]
1258.637947,200,534.902147,0.02010347392045674,False,False,[0.32614502 0.56748806 0.45753842]
1695.260576,200,535.217651,0.04543619748468892,False,False,[0.18289913 0.54209439 0.56938633]
1295.465542,200,535.527837,0.030988634263612643,False,False,[0.53584183 0.39773197 0.25511344]
1492.795781,200,535.840791,0.01934563636661223,False,False,[0.49038298 0.06733299 0.56502441]
1289.731444,200,536.150418,0.031150634147824978,False,False,[0.27654836 0.42613145 0.15235306]
1390.78195,200,536.454117,0.03321782715647,False,False,[0.65827638 0.13537724 0.30476957]
1709.356306,200,536.776433,0.04292451404736587,False,False,[0.21616476 0.00481566 0.26318157]
1104.157513,200,537.082372,0.05970263074612478,False,False,[0.21121829 0.63729884 0.17854738]
1553.211509,200,537.38627,0.0215446042281625,False,False,[0.57666264 0.25635406 0.20007764]
1355.822447,200,537.791093,0.030809351363281497,False,False,[0.38845764 0.02995506 0.2075443 ]
1318.739501,200,538.103587,0.02914004740550199,False,False,[0.11392221 0.31034551 0.31131466]
1187.509571,200,538.886331,0.043149907885756775,False,False,[0.30243925 0.09534227 0.1364915 ]
1418.614035,200,539.200887,0.011722779994021878,False,False,[0.25820946 0.31741944 0.48878288]
1106.414981,200,539.513851,0.0822870812042459,False,False,[0.19812807 0.66462595 0.19416113]
1278.339796,200,539.824573,0.044128943209437665,False,False,[0.13704054 0.43108426 0.32348589]
1336.704425,200,540.133618,0.05164770257896352,False,False,[0.4863296  0.54824437 0.3835491 ]
1250.1247,200,540.434183,0.04333494582790389,False,False,[0.56118331 0.33162373 0.37320265]
1309.78596,200,540.744863,0.04061196615204638,False,False,[0.12295452 0.25979945 0.46246567]
682.399893,33,540.8889,0.006983161090273757,False,True,[ 0.33845334 -0.04512493  0.6188449 ]
1440.815898,200,541.202802,0.032078563392782866,False,False,[0.53880051 0.30878419 0.54464388]
1427.339264,130,541.447226,0.025639176753503384,False,True,[0.44004279 0.20997544 0.65168671]
1429.195604,200,541.76439,0.031948951559490464,False,False,[0.38651206 0.22797491 0.26311026]
1086.943565,200,542.550853,0.10966727343408958,False,False,[0.50965275 0.01312699 0.1526575 ]
1359.538513,200,542.857024,0.038458772932244034,False,False,[ 0.44954778 -0.00336262  0.416476  ]
1264.695473,200,543.160678,0.012130656440302761,False,False,[0.23718399 0.2851182  0.16606126]
1358.176657,200,543.461418,0.049102388835291604,False,False,[0.23612258 0.23187506 0.39054482]
1303.767845,200,543.763511,0.07223869413748024,False,False,[0.52545866 0.33787787 0.43246329]
1286.183616,200,544.074701,0.046198697685581644,False,False,[0.39191341 0.09671636 0.18494726]
1387.80201,200,544.379751,0.045453819781545717,False,False,[0.24600392 0.04029302 0.33409213]
38.431521,37,544.524212,0.10783371516118574,True,False,[0.7994896  0.14598592 0.15753789]
1887.642433,199,544.833016,0.031235098550132283,False,True,[ 0.62944573 -0.06448217  0.37798265]
-52.55238,79,545.020801,1.4031883030849062,True,False,[0.39939547 0.57726368 0.22829221]
1305.183012,200,545.346664,0.01703867695174429,False,False,[0.55122555 0.42313514 0.24053639]
1643.85384,200,545.657634,0.02497720292872224,False,False,[ 0.33192226 -0.02298932  0.53075047]
1253.362822,200,546.464673,0.05703967809285853,False,False,[0.43248794 0.55330229 0.46501739]
1330.434747,200,546.776323,0.049302581745269,False,False,[0.60007183 0.01097878 0.17031115]
326.702308,79,546.967493,0.0742538299461705,True,False,[0.23690889 0.6771906  0.15483699]
1374.918478,200,547.288357,0.026151235907414173,False,False,[0.32116127 0.10730633 0.60918613]
1078.92067,200,547.605719,0.04798596990717476,False,False,[0.19137589 0.18838445 0.13637449]
1751.695638,200,547.911433,0.01327867384511858,False,False,[0.35263461 0.4611133  0.60334799]
1582.985699,200,548.248935,0.01723074309119919,False,False,[0.5554819  0.26145408 0.50524697]
1400.320978,200,548.562258,0.023667848033727953,False,False,[ 0.58918637 -0.02285396  0.19224621]
1374.478099,200,548.86877,0.03018790794651557,False,False,[ 0.28923559 -0.02874906  0.52220159]
1648.073563,200,549.175209,0.034153332297880534,False,False,[0.39804676 0.05239378 0.58147991]
1511.581528,200,549.478726,0.03424134190413267,False,False,[0.45206477 0.6405806  0.31840704]
1284.625542,200,550.263521,0.07589614752817292,False,False,[0.42881102 0.53530475 0.46231989]
1407.996454,200,550.607413,0.024761009632129894,False,False,[0.43236604 0.18353193 0.3164704 ]
901.72708,62,550.781512,0.04901573870098122,False,True,[0.27111477 0.2919147  0.3060241 ]
1293.9311,200,551.089282,0.05784944853538748,False,False,[0.58046619 0.20568157 0.53890372]
1699.973717,182,551.401871,0.016998518368616346,False,True,[0.57096057 0.08173164 0.27694663]
1376.861601,200,551.71088,0.028125101982777637,False,False,[0.71502669 0.17782325 0.26516241]
425.935043,122,551.945418,0.11574435011330213,True,False,[ 0.11790883 -0.03186889  0.20829462]
1077.277319,200,552.262143,0.06601018825297246,False,False,[0.10083629 0.08446136 0.31153774]
1085.984386,200,552.576608,0.03072610710256111,False,False,[0.10290573 0.67745849 0.41430138]
1394.383062,200,552.875554,0.02563366194103202,False,False,[0.50977728 0.42409781 0.29115731]
1247.943133,200,553.178021,0.05157593773467001,False,False,[0.12962159 0.48961121 0.29257629]
1283.842884,200,553.968531,0.061882244155176694,False,False,[0.72779361 0.33859313 0.18033671]
878.840396,200,554.369816,0.14803407074028718,False,False,[ 0.13970238 -0.02548474  0.71545601]
794.896069,200,554.690066,0.1919340331429203,False,False,[ 0.16620814 -0.06258061  0.79994532]
1589.700828,200,555.005821,0.013892921290022354,False,False,[0.43435021 0.13026319 0.24346665]
791.271378,200,555.305829,0.1521170246878302,False,False,[ 0.10453099 -0.0519085   0.55443972]
1267.245925,200,555.616062,0.056505289294891965,False,False,[0.52438016 0.58696845 0.26544069]
1442.784835,200,556.033267,0.06061422207397852,False,False,[0.38806602 0.03965565 0.29002951]
1482.48222,200,556.346084,0.059921655405907354,False,False,[0.17032588 0.45656827 0.60270323]
1705.544629,200,556.655274,0.0439351287553032,False,False,[0.54499177 0.5069247  0.1924417 ]
1323.968066,200,557.065369,0.030414121934068415,False,False,[0.33815319 0.28472235 0.4833819 ]
1403.305561,200,557.85939,0.04798706191325631,False,False,[0.32714437 0.29312255 0.23065857]
1327.074253,200,558.171498,0.039286329282055915,False,False,[0.23299299 0.56415195 0.57610839]
918.954713,200,558.481014,0.09579972171995177,False,False,[ 0.13286801 -0.08061371  0.29279441]
1271.06661,200,558.787625,0.01891579934651245,False,False,[ 0.30210328 -0.02172509  0.4901643 ]
1630.749715,200,559.096271,0.03850047872655795,False,False,[0.26567885 0.16164326 0.41384528]
1631.658393,200,559.404305,0.06265528341675179,False,False,[0.36491386 0.32227948 0.61042215]
1350.989929,200,559.713958,0.010915388733265563,False,False,[ 0.60727954 -0.01612257  0.22589156]
1064.710859,200,560.033165,0.055513015919075245,False,False,[ 0.41077315 -0.01316387  0.10900479]
1433.284068,200,560.337021,0.04456755716365368,False,False,[0.3707767  0.0140424  0.51365057]
226.80683,58,560.503499,0.047001803427250494,True,False,[0.57741636 0.03692743 0.13017146]
169.913755,50,560.669347,0.08058319888454049,True,False,[0.7383145  0.22828577 0.17586873]
1234.999943,200,560.979954,0.04780188970199911,False,False,[0.16343162 0.23270781 0.37210135]
1224.13504,200,561.775207,0.022194115732377735,False,False,[0.11666559 0.49211582 0.66152425]
1374.552052,200,562.080832,0.05185304830385549,False,False,[0.59015877 0.1810254  0.36676417]
1270.119444,200,562.383948,0.05272678758682519,False,False,[0.1619874  0.03865592 0.22623866]
1253.630947,200,562.697023,0.020649541991515995,False,False,[0.28981489 0.61112001 0.20382105]
1249.287229,200,563.003937,0.03666352322811529,False,False,[0.10870057 0.42541814 0.21181751]
1366.729537,200,563.318771,0.034257953807286814,False,False,[0.49315007 0.08398968 0.20345698]
963.284445,200,563.64177,0.10879872558733428,False,False,[ 0.17085425 -0.04601336  0.65025753]
1300.668063,200,563.949636,0.02681164528513901,False,False,[0.16427617 0.48884151 0.43273372]
1352.295512,200,564.253109,0.026424137805866547,False,False,[0.48247061 0.4664902  0.37236219]
1423.700491,200,564.573112,0.028903077032804328,False,False,[0.37040534 0.06158746 0.40184845]
1542.132793,200,565.349053,0.05125875325623668,False,False,[0.61150852 0.24485403 0.23386617]
1405.038514,200,565.755281,0.0395164320764687,False,False,[0.64762622 0.15892148 0.27762616]
1262.26542,200,566.06492,0.05430961988681463,False,False,[0.5003347  0.55255966 0.33851732]
1397.335494,200,566.375954,0.042324811710808485,False,False,[0.28504621 0.17660104 0.28399854]
1201.602222,200,566.692452,0.07331242158470254,False,False,[ 0.34629938 -0.08917827  0.58283105]
1352.985197,200,567.004879,0.017094597069058817,False,False,[0.3728496  0.17729153 0.71719257]
1278.393279,200,567.302286,0.019913676545353275,False,False,[0.10090842 0.53778642 0.25362261]
1390.590619,200,567.615475,0.05459467343166523,False,False,[ 0.46473266 -0.00333601  0.57589751]
1094.14092,200,567.929338,0.04030776824730848,False,False,[0.13450326 0.52263323 0.36612171]
1131.311945,200,568.243861,0.11196751260495978,False,False,[0.40162713 0.41608331 0.26047036]
1589.291259,200,569.039604,0.029397961279627776,False,False,[0.43196299 0.19655739 0.21148027]
1233.024478,200,569.349766,0.08327887183392021,False,False,[0.23712144 0.02127906 0.59950075]
10.702534,34,569.494024,0.12027002989248854,True,False,[0.40893139 0.68391891 0.16444072]
1280.462139,200,569.804492,0.02989891734196338,False,False,[ 0.40446613 -0.03088466  0.65863217]
1328.3735,200,570.114674,0.04042059551662722,False,False,[0.45954828 0.44389363 0.15344982]
1426.964841,200,570.408135,0.058590070246953445,False,False,[0.36651262 0.48206221 0.57084134]
1314.238023,200,570.71095,0.01904571157125511,False,False,[ 0.44231876 -0.0363856   0.24545659]
1321.798471,200,571.020497,0.06484156738592299,False,False,[0.30559356 0.22812075 0.28640556]
1245.929086,200,571.330109,0.054810672887470935,False,False,[0.61505859 0.18775429 0.25745474]
0.018698,54,571.492345,0.7411969925812518,True,False,[0.71194824 0.04317209 0.23042484]
1424.515178,200,571.811698,0.04951690957186903,False,False,[0.40649215 0.05678376 0.60065168]
1484.843968,200,572.127016,0.0432206392835514,False,False,[0.3670633  0.57570188 0.45043103]
956.817664,184,572.916047,0.05584603390855168,True,False,[0.15623677 0.02291616 0.18331978]
1416.874177,200,573.221203,0.024887455125348495,False,False,[0.39579791 0.2027637  0.55233648]
1329.462393,200,573.518698,0.028013797697276126,False,False,[0.38145734 0.54406137 0.36452085]
1811.947932,200,573.826249,0.01814041373510289,False,False,[0.2422209 0.2324388 0.2697288]
1342.163907,200,574.132567,0.030188969342392447,False,False,[0.32879903 0.41770778 0.1501666 ]
1283.770513,200,574.432507,0.03025068657309964,False,False,[0.14642917 0.07676552 0.49904014]
1383.108937,200,574.738434,0.07309395030412705,False,False,[0.60885833 0.33024233 0.32563216]
1054.039884,200,575.154924,0.12003735390112241,False,False,[ 0.23043084 -0.04727537  0.55994463]
1114.191107,200,575.462862,0.03915018114384635,False,False,[0.11932728 0.46821635 0.11786242]
154.794796,49,575.628682,0.0813750600599279,True,False,[0.51600643 0.46695642 0.12821664]
1358.001833,200,575.939631,0.030512892566848433,False,False,[0.16370893 0.42415029 0.64752476]
1419.822941,200,576.724588,0.07802560737516999,False,False,[0.55741585 0.13210381 0.30878467]
-50.082549,14,576.868521,0.09232967523534728,True,False,[0.59617105 0.30785309 0.13718594]
1204.035559,200,577.275592,0.05979040206362328,False,False,[0.40632712 0.17906993 0.11146138]
1028.318064,200,577.584258,0.08687615768155797,False,False,[ 0.29644064 -0.00296269  0.66763733]
1327.102689,200,577.891691,0.04760718139501587,False,False,[0.55465389 0.26277609 0.26336504]
1144.979844,200,578.304128,0.01317279596151585,False,False,[0.23364277 0.01393235 0.31402334]
1427.255883,200,578.606104,0.03776634669831286,False,False,[0.32008495 0.29415583 0.44932255]
1586.138209,200,578.919377,0.041671166008526196,False,False,[ 0.30845082 -0.07105389  0.31795504]
1252.854487,200,579.213313,0.03164714668430563,False,False,[0.20341997 0.62159189 0.41445099]
1323.224203,200,579.515834,0.05853989043950597,False,False,[0.38956411 0.17663457 0.40042774]
1419.157496,200,579.834745,0.02970094065891413,False,False,[0.55425407 0.16753183 0.55210637]
1728.533236,200,580.633742,0.020295999659907037,False,False,[0.26912584 0.53719501 0.30845108]
107.549654,54,580.795239,0.12692051522741862,True,False,[0.78889516 0.07461452 0.12546419]
1536.912935,200,581.114896,0.012870150454734957,False,False,[0.39474736 0.48024705 0.2643968 ]
1141.447339,200,581.427294,0.06946252384973212,False,False,[ 0.16066724 -0.01025809  0.2105358 ]
1237.581491,200,581.739575,0.05099454042101758,False,False,[0.3833608  0.59835065 0.27929074]
1530.487478,200,582.057461,0.05503151587428639,False,False,[0.28190961 0.42042676 0.47101331]
1260.646703,200,582.370589,0.017576352367084238,False,False,[0.19234478 0.61470484 0.23821033]
899.766316,200,582.678065,0.15149935461713415,False,False,[ 0.20682512 -0.04051295  0.74063725]
1370.568957,200,582.996821,0.0510209174893108,False,False,[0.11316567 0.21639125 0.67508485]
1601.829461,200,583.304231,0.046804410142818956,False,False,[0.66152287 0.2991238  0.29685996]
1211.199703,200,583.606779,0.06895747071201845,False,False,[0.10284011 0.59592328 0.32471105]
1449.470604,200,584.416254,0.042170940618832385,False,False,[0.44506876 0.16827527 0.36746831]
1164.726127,200,584.717146,0.06407131547320237,False,False,[ 0.51443186 -0.04836192  0.41352034]
977.402999,200,585.125539,0.11377147529467492,False,False,[ 0.16726069 -0.05680542  0.46857934]
1202.636304,200,585.434157,0.07539112868604532,False,False,[0.27882798 0.06311129 0.77596949]
1435.664955,200,585.737133,0.006514817571591545,False,False,[0.45205338 0.23055362 0.42749092]
1377.191197,200,586.046208,0.03225280391437755,False,False,[0.45338985 0.08799434 0.48762725]
1395.339051,200,586.352169,0.017211481973149357,False,False,[0.56452375 0.1213479  0.19398122]
1189.867814,200,586.661242,0.05622270247975705,False,False,[0.45520845 0.1172587  0.35560798]
1281.331765,200,586.965317,0.03979777888222335,False,False,[ 0.5613076  -0.05805904  0.19352362]
1442.42105,200,587.275032,0.031304779309551285,False,False,[0.39496822 0.21105043 0.64450952]
1116.170085,200,587.583436,0.049072448731095744,False,False,[ 0.25517902 -0.05074069  0.50703397]
1160.797886,200,588.383866,0.08061899993562444,False,False,[0.17413987 0.04457243 0.56519422]
1383.343658,200,588.685649,0.01520114616564523,False,False,[0.3930523  0.31197441 0.33460444]
1050.509713,200,589.002505,0.0767489458714163,False,False,[ 0.13963224 -0.00600395  0.60342183]
1355.888875,200,589.310955,0.05271741183157818,False,False,[0.44892823 0.21388423 0.22215429]
1486.771463,200,589.611133,0.028243419362430796,False,False,[0.54680532 0.49172319 0.23995949]
1368.256543,200,589.939975,0.02165658700714562,False,False,[0.23100276 0.16117908 0.23182547]
1344.949311,200,590.252522,0.0485343038882361,False,False,[0.41419193 0.19956252 0.57308269]
154.293152,62,590.429357,0.10311707622292417,True,False,[ 0.1879097  -0.08823746  0.17075122]
1339.464953,200,590.741066,0.07091180301076593,False,False,[0.48715795 0.47874765 0.23680217]
1329.304196,200,591.054701,0.045509616041883076,False,False,[0.46367031 0.35301065 0.150913  ]
1307.997645,200,591.363166,0.0369576384838976,False,False,[0.33814336 0.47392659 0.51319598]
297.83979,76,592.042391,0.08718810015939814,True,False,[ 0.74495868 -0.01854221  0.12512549]
400.413192,200,592.355633,0.08171817103436156,False,False,[0.24788558 0.37987955 0.49443256]
1313.18199,200,592.665676,0.09480195146089919,False,False,[0.23518053 0.12482925 0.50524353]
1401.173875,200,592.964856,0.044594584272753174,False,False,[0.67688374 0.11096395 0.45273057]
1228.19052,200,593.278767,0.029891204700849647,False,False,[0.17670484 0.1073463  0.55862759]
1573.525527,200,593.592753,0.022156810708727985,False,False,[0.13518125 0.17842964 0.76629527]
1374.359859,200,593.91992,0.05226633929853719,False,False,[0.25376505 0.2333419  0.52279111]
1392.612014,200,594.233472,0.03426298584760451,False,False,[0.37726039 0.13930787 0.25723453]
191.230761,49,594.395006,0.0654857591373737,True,False,[0.5680457  0.14043052 0.13142872]
1397.788553,200,594.698108,0.02731013515438247,False,False,[0.42542417 0.21175942 0.3029462 ]
1198.65183,200,595.010372,0.05398746258589967,False,False,[0.18730029 0.10099102 0.47008717]
1427.883159,200,595.805357,0.03601449279000027,False,False,[0.3760439  0.18646697 0.23816625]
1275.93768,200,596.109079,0.031380148010160584,False,False,[0.43459371 0.3623911  0.55917281]
1256.378004,200,596.423495,0.044975906600255654,False,False,[0.17025358 0.49691308 0.36537357]
1325.462716,200,596.730475,0.059131840497552886,False,False,[0.18985508 0.23802432 0.22937927]
1387.334361,200,597.047486,0.05012679254061717,False,False,[0.54248563 0.00181605 0.26480272]
885.193329,156,597.311019,0.07789891272001724,True,False,[0.63636004 0.28181488 0.15732054]
1373.139739,200,597.717169,0.02564933982518858,False,False,[0.43347823 0.23852693 0.47583849]
1306.764147,200,598.019079,0.05686226553426098,False,False,[0.55049921 0.37443731 0.30288338]
1126.649099,200,598.335687,0.04939132322028331,False,False,[0.38985028 0.31409206 0.13700477]
1248.418705,200,598.639568,0.06295919084871346,False,False,[ 0.51917248 -0.0898022   0.21742799]
39.515182,38,598.7852,0.2361216069018998,True,False,[ 0.32950519 -0.01087182  0.2371603 ]
1420.531453,200,599.577907,0.032956794427206774,False,False,[0.30674724 0.23129525 0.74200258]
1190.703626,200,599.886703,0.0706442654790415,False,False,[0.70200841 0.31818269 0.28795085]
1224.481078,200,600.291595,0.033314620263471796,False,False,[0.32115738 0.60785865 0.19780344]
284.735474,73,600.477452,0.07269371672435782,True,False,[0.46067347 0.57762304 0.12718979]
1276.122196,200,600.785049,0.01537087842109416,False,False,[0.59345465 0.44027793 0.15680335]
-19.709181,37,600.929134,0.3371811237938506,True,False,[0.15793822 0.27505086 0.17162956]
1400.307174,200,601.231062,0.0315897667692928,False,False,[0.63268496 0.24447303 0.42723295]
1157.253345,200,601.637427,0.0808292195790437,False,False,[0.19135637 0.05761897 0.47076179]
1223.767354,200,601.945904,0.09115430852869894,False,False,[0.31120571 0.60401183 0.22538586]
1330.207684,200,602.252844,0.027624217364624486,False,False,[0.37820403 0.47859854 0.48572575]
1786.280712,200,602.553037,0.020521341377692733,False,False,[0.61364871 0.009827   0.55938726]
1279.510897,200,602.94941,0.02404108138863744,False,False,[0.10697859 0.10544758 0.76178971]
230.583259,62,603.121811,0.10913893393193153,True,False,[0.35214588 0.58249812 0.15392805]
1405.266135,200,603.910307,0.02211064502553588,False,False,[0.28500579 0.04743237 0.55692445]
1231.351633,200,604.209891,0.042821737890401175,False,False,[0.23971224 0.64628213 0.42567083]
1498.471114,200,604.50764,0.020475125864265663,False,False,[0.17618152 0.47809285 0.26557753]
1548.235637,200,604.815887,0.026124701565235418,False,False,[0.26262035 0.34828497 0.31709324]
1328.162237,200,605.127563,0.04051858186508999,False,False,[0.19022503 0.09763507 0.39977899]
942.01914,200,605.439088,0.12630743802591907,False,False,[ 0.1488059  -0.05937671  0.52785564]
1391.684473,200,605.739552,0.07772015641233734,False,False,[0.59083955 0.05932201 0.53327187]
1261.467402,200,606.054611,0.03945227246711462,False,False,[0.69281613 0.40033738 0.25671366]
1327.610366,200,606.456671,0.014972429280099217,False,False,[0.15740249 0.43518615 0.45855056]
1383.736944,200,606.75562,0.03395116556789176,False,False,[0.1560671  0.16728398 0.69697249]
1101.660981,200,607.546702,0.05350146648160359,False,False,[0.127078   0.19277496 0.52102476]
1614.783573,200,607.879653,0.026309863803722352,False,False,[0.55405811 0.06616161 0.39268375]
1366.131709,200,608.190784,0.03151767726978351,False,False,[0.77678526 0.07224162 0.26494369]
1347.20769,200,608.486081,0.02343299941704606,False,False,[0.40431257 0.22655287 0.43263152]
985.4796,200,608.793749,0.09859264113826231,False,False,[ 0.20460142 -0.03833848  0.37097828]
1282.363972,200,609.106849,0.015349247328420189,False,False,[0.26828924 0.64063226 0.35398198]
1368.989717,200,609.413044,0.016899509394301664,False,False,[0.33851911 0.36995948 0.2363865 ]
1432.069598,200,609.716532,0.021321330051875188,False,False,[0.44503542 0.12542874 0.45894734]
656.977836,200,610.027812,0.2732842973969548,False,False,[ 0.14549804 -0.09941815  0.82941903]
1295.996361,200,610.337741,0.037891156512490476,False,False,[0.74366551 0.27819771 0.20761132]
1234.102504,200,611.139892,0.05154254175164993,False,False,[0.13744595 0.68081222 0.4132071 ]
1261.361383,200,611.44197,0.03312875760882533,False,False,[0.1434841  0.08309292 0.72644902]
1347.722145,200,611.752567,0.036371170417833165,False,False,[0.22480798 0.2766152  0.32716852]
1461.294923,200,612.070154,0.033989912063473626,False,False,[0.10880302 0.11043882 0.61733656]
1433.719017,200,612.367929,0.043160389183751556,False,False,[ 0.3317675  -0.00446767  0.45823761]
1556.76239,200,612.669306,0.04121688594963575,False,False,[0.33444137 0.29347137 0.47735014]
-19.184213,26,612.808319,0.09653096285551628,True,False,[0.33618833 0.59201563 0.11142273]
1390.649955,200,613.119938,0.010181717733102988,False,False,[0.18997219 0.29495127 0.25731122]
1177.217494,200,613.42466,0.05964390452885532,False,False,[0.67734571 0.29961902 0.1941746 ]
923.919765,200,613.834788,0.10490475588062324,False,False,[ 0.26214279 -0.0951574   0.72048696]
1279.828992,200,614.151281,0.06612050612508871,False,False,[0.6829115  0.38744321 0.17416857]
1317.230746,200,615.06124,0.029943080814596314,False,False,[0.46582178 0.19116448 0.67973555]
1219.50566,200,615.36735,0.05237359355135849,False,False,[ 0.51063093 -0.08374579  0.16326484]
253.170528,76,615.557661,0.044977780652808004,True,False,[ 0.17627696 -0.00229281  0.15457794]
1311.556371,200,615.869289,0.07389229154280974,False,False,[0.68566149 0.13415646 0.14346187]
1403.03798,200,616.194796,0.03620946769375494,False,False,[0.53532196 0.10906222 0.30807855]
1249.104808,200,616.50951,0.07991740499368499,False,False,[0.17670465 0.17136213 0.57079598]
1098.116636,200,616.816795,0.08196337761730317,False,False,[0.12922116 0.07366967 0.45968049]
1583.586519,200,617.13424,0.021740254823483095,False,False,[0.34088936 0.1977247  0.30440716]
1375.29373,200,617.438421,0.05842474498331972,False,False,[0.39076213 0.30653093 0.56323225]
887.414841,146,617.698118,0.08043811685470378,True,False,[0.72443314 0.20043157 0.16517951]
248.951659,73,617.886756,0.0798800713302885,True,False,[0.18887906 0.35638297 0.1010339 ]
1212.656354,200,618.211576,0.04414296639350514,False,False,[0.33133405 0.16098633 0.13482026]
1508.770817,200,619.008086,0.04435344985499065,False,False,[0.37752427 0.37494813 0.18845584]
210.365039,66,619.176643,0.0982240313958879,True,False,[0.53694474 0.58223407 0.16789542]
1285.339904,200,619.48561,0.04685018480453237,False,False,[0.56893855 0.31551682 0.37074703]
1289.185035,200,619.787557,0.029920930405735353,False,False,[0.28035429 0.6322983  0.3277569 ]
1459.777781,200,620.096814,0.04381943940316294,False,False,[0.45613084 0.13506796 0.61647506]
1283.735322,200,620.40778,0.0155158342296733,False,False,[0.37823092 0.17623594 0.17281301]
347.616351,86,620.605113,0.06975015308448583,True,False,[0.51159123 0.60616739 0.13303995]
789.257006,200,621.014482,0.14359834431493093,False,False,[ 0.23407818 -0.08558221  0.80412422]
872.671868,200,621.333363,0.08306040938981292,False,False,[ 0.10154232 -0.02678335  0.59344849]
1291.880201,200,621.64624,0.05225445807470142,False,False,[ 0.6023357  -0.06237978  0.54511712]
1465.549264,200,622.065402,0.02863890895169223,False,False,[0.25256498 0.21075319 0.25631914]
1317.018672,200,622.373677,0.044469948691945475,False,False,[0.27908811 0.17846949 0.33936382]
1117.29582,200,623.182387,0.04094958715346729,False,False,[0.52612191 0.53472215 0.31364072]
1322.969182,200,623.470147,0.019323122741749334,False,False,[0.48104786 0.06004268 0.45549129]
1286.057664,200,623.783922,0.03572877772064948,False,False,[0.18201892 0.41646555 0.16128983]
1400.811205,200,624.100791,0.014340791169256852,False,False,[0.64588231 0.0505426  0.33620213]
1270.852816,200,624.418004,0.04397316483804572,False,False,[0.15327925 0.14368449 0.29170478]
1370.934749,200,624.731286,0.005613514722745677,False,False,[0.50905029 0.32653652 0.52377347]
1426.459527,200,625.04552,0.03401213253965356,False,False,[0.20852817 0.59097673 0.22328323]
1345.290624,200,625.352141,0.008534806877987853,False,False,[0.42931941 0.03948005 0.25316259]
291.171789,65,625.525016,0.060196722630811994,True,False,[0.64014561 0.06763408 0.12581523]
463.834667,75,625.704705,0.018782482684990616,True,False,[0.13471952 0.49546734 0.10225442]
1275.92208,183,625.995097,0.0873916375745757,True,False,[0.62546961 0.13828289 0.14249679]
1102.730007,200,626.79564,0.047713671550096974,False,False,[0.41287662 0.65529866 0.27603007]
1045.59931,179,627.104491,0.03929380344550514,True,False,[0.21848332 0.42522789 0.12629533]
1415.835431,200,627.413511,0.034377736549297405,False,False,[0.48506918 0.34488709 0.39032653]
1361.931488,200,627.716269,0.026484298575271202,False,False,[0.23780665 0.08177419 0.28596291]
1355.688787,200,628.028746,0.009644768201956444,False,False,[ 0.50420562 -0.00157983  0.26560123]
1176.632593,200,628.446166,0.08745406931333438,False,False,[ 0.23887527 -0.03435944  0.61199238]
1391.946318,200,628.743153,0.05080572267769552,False,False,[0.3489287  0.02759647 0.47630801]
1383.477784,200,629.06745,0.04546814967585916,False,False,[0.27773808 0.42912266 0.5382041 ]
1372.746254,200,629.378744,0.015299797693089631,False,False,[0.16674628 0.20105639 0.69270962]
1748.70094,200,629.696283,0.08408659136353543,False,False,[0.23031236 0.25868749 0.41426178]
1435.10113,200,630.002339,0.01583481682819426,False,False,[0.38027847 0.15966267 0.4458469 ]
68.975915,42,630.646747,0.039367917814314,True,False,[0.31853485 0.61101518 0.13250165]
1257.563795,200,630.963624,0.03180627382195134,False,False,[0.41031372 0.07828749 0.16185256]
1157.660743,200,631.265425,0.03998740230129547,False,False,[ 0.52249813 -0.09485257  0.12027431]
212.610081,200,631.570609,0.042090244119963836,False,False,[ 0.73569664 -0.01377511  0.33014413]
1272.222713,200,631.979739,0.04299516429151824,False,False,[0.26333322 0.17515909 0.20694353]
1342.490034,200,632.290769,0.04600422498700846,False,False,[0.56691827 0.13973873 0.21456975]
1194.733732,200,632.606355,0.05167969022531202,False,False,[0.52506111 0.5769506  0.19637386]
1371.280007,200,632.902505,0.06238920557592249,False,False,[0.61288411 0.07736005 0.4412109 ]
1416.319493,200,633.201186,0.018556722292350412,False,False,[0.33018491 0.09042314 0.64086226]
1321.964465,200,633.497417,0.05510693167212812,False,False,[0.15884358 0.49341541 0.37670798]
610.622944,127,633.732961,0.04127741359138863,True,False,[0.1659022  0.64936894 0.13528493]
1267.964844,200,634.522452,0.019305745003538956,False,False,[0.29301971 0.203623   0.57618546]
1204.266473,200,634.852971,0.034903458281463864,False,False,[ 0.78144211 -0.041342    0.29644231]
699.168748,39,635.098654,0.03581661096002173,False,True,[0.35448411 0.54776652 0.35418661]
1395.073298,200,635.416561,0.07233318225065291,False,False,[0.61503519 0.25891963 0.33819848]
1409.832129,200,635.714417,0.026095157490904478,False,False,[0.63695594 0.32645803 0.40905519]
1522.769058,178,636.111765,0.029006246317977435,False,True,[0.19899806 0.57185322 0.46730142]
1231.704142,200,636.424349,0.07621816315360648,False,False,[0.35474271 0.1141661  0.16613283]
1395.869823,200,636.742957,0.043079000077024907,False,False,[0.25381605 0.12330365 0.7054833 ]
1212.514614,200,637.049738,0.03615103613853951,False,False,[0.11073856 0.1912086  0.18118236]
1419.274861,200,637.361674,0.04831613197616174,False,False,[0.67406822 0.17652099 0.21847169]
754.358941,44,637.51468,0.03376369539653898,False,True,[3.57910052e-01 6.30353676e-04 7.54521085e-01]
1467.097319,200,637.812134,0.04009346598605309,False,False,[ 0.41161453 -0.05345515  0.55192599]
1368.899446,120,638.519467,0.011758198465344915,False,True,[0.52060501 0.07362838 0.5698975 ]
1130.546233,200,638.828047,0.048149409369373744,False,False,[0.1244888  0.51861988 0.58290303]
1126.876326,200,639.138863,0.06554785130364309,False,False,[0.27009372 0.18061305 0.10704335]
1254.538577,200,639.454925,0.08548809863467116,False,False,[0.16430573 0.48269508 0.26391342]
1308.539993,200,639.772262,0.032470710363410885,False,False,[0.13049384 0.27053507 0.54547898]
1030.879369,200,640.080039,0.0822303731190586,False,False,[0.1814078  0.22218867 0.11039274]
1317.235594,200,640.376712,0.05803497939834249,False,False,[0.69052911 0.04508258 0.4140101 ]
1162.861816,200,640.698169,0.054623812926014065,False,False,[0.11936192 0.14426441 0.73558769]
1357.379302,200,641.012914,0.04332732521676454,False,False,[0.15429909 0.38351431 0.62182479]
1385.942009,200,641.327274,0.03760573668847416,False,False,[0.29709839 0.3447578  0.68147304]
1173.190861,200,641.63306,0.02349142709205638,False,False,[0.32377766 0.59069783 0.4206757 ]
1193.808852,200,642.414165,0.038138281134126636,False,False,[0.21651651 0.55722862 0.56872566]
1634.306612,200,642.72481,0.0419556518385393,False,False,[0.32088239 0.08757939 0.56284536]
1377.044582,200,643.04123,0.04148149645618667,False,False,[0.45658011 0.36463883 0.3150023 ]
1326.429189,200,643.338563,0.026427524729461666,False,False,[0.36007481 0.58242402 0.438637  ]
249.828421,75,643.522148,0.066206377028648,True,False,[0.79871686 0.1289429  0.15051051]
1326.605466,200,643.834131,0.016902999604144296,False,False,[0.2787038  0.05213845 0.3927146 ]
1332.194529,200,644.137527,0.06925417533372456,False,False,[0.19382419 0.45854788 0.62680773]
1314.82101,200,644.437673,0.058939532250396255,False,False,[ 0.62637813 -0.05273363  0.42881685]
196.088644,52,644.701342,0.06954516910508503,True,False,[0.57206936 0.44453389 0.14467971]
1543.887428,200,645.107909,0.02644025120504601,False,False,[0.29268981 0.34738828 0.28149225]
1188.806653,200,645.429619,0.08563219269196576,False,False,[ 0.51027998 -0.01433343  0.13892602]
1455.397219,200,646.208708,0.024840396781961885,False,False,[0.42911227 0.07137433 0.43950743]
1424.486282,200,646.513389,0.03570639527172612,False,False,[ 0.30901082 -0.03971298  0.52261761]
1647.70367,200,646.825093,0.01802571183779048,False,False,[0.3677813  0.02237728 0.26436434]
1231.191057,200,647.144822,0.04177200880405885,False,False,[0.11986665 0.26623772 0.47586932]
1236.179148,200,647.447642,0.02994809923037667,False,False,[0.18076436 0.2255156  0.30500663]
1301.910374,200,647.747744,0.03883866241531276,False,False,[0.15602406 0.29988401 0.44572855]
1303.399887,200,648.063274,0.027593162990371078,False,False,[ 0.51305725 -0.07159237  0.50980654]
1290.152591,200,648.466559,0.1265027759083021,False,False,[0.28001318 0.36966993 0.184331  ]
1347.470928,200,648.773002,0.053437614370362256,False,False,[0.3980733  0.07815869 0.72883938]
1565.453218,200,649.080998,0.05167115968390333,False,False,[0.53886277 0.02526861 0.5319384 ]
1584.139016,200,649.880878,0.0877408037518968,False,False,[0.28889664 0.32105223 0.68764186]
1335.329052,200,650.1934,0.028967967275831123,False,False,[0.1924577  0.18286467 0.25798185]
1089.817477,200,650.49749,0.04384457735186648,False,False,[0.11812918 0.0736928  0.45468008]
1214.938762,200,650.808156,0.06330239232588968,False,False,[0.27730415 0.00559519 0.67792328]
1325.054156,127,651.046336,0.04915973704939571,False,True,[ 0.38274223 -0.02248867  0.68535178]
1580.155453,166,651.315561,0.03444848396450262,False,True,[0.56315442 0.60251193 0.18480741]
1225.604531,111,651.639038,0.033144707496806064,False,True,[0.32348287 0.14308353 0.27726272]
1222.220901,141,651.886988,0.03632212564145414,False,True,[ 0.81320015 -0.02741449  0.18339095]
1299.870118,200,652.299757,0.07010284632828997,False,False,[0.70251244 0.06623487 0.23492147]
1232.348576,200,652.603757,0.055085493374947926,False,False,[ 0.35885108 -0.0415426   0.24793353]
1409.522606,200,652.918466,0.04292448227973256,False,False,[0.21609345 0.42713459 0.60736777]
1346.959796,200,653.230205,0.08402904708987947,False,False,[0.39137825 0.23540646 0.56533716]
1347.352743,200,654.015758,0.061749971688751,False,False,[0.37688147 0.17274116 0.33371071]
1283.691352,200,654.33148,0.05606726410073888,False,False,[0.24383556 0.46877576 0.31216042]
1250.107084,107,654.544295,0.03714150975690901,False,True,[ 0.59776378 -0.01561422  0.4558959 ]
1353.710373,200,654.946618,0.032616363124509246,False,False,[0.48010702 0.20515431 0.34002749]
1099.1321,200,655.252866,0.06586626357335226,False,False,[0.50153027 0.33374064 0.25943864]
1406.389684,200,655.562007,0.03169414488801459,False,False,[0.54587528 0.32304556 0.47896641]
1364.30033,200,655.906417,0.02271866553530411,False,False,[0.25874431 0.23578538 0.20349341]
1337.199582,200,656.211991,0.03370750901103636,False,False,[0.6251701  0.00852376 0.2156634 ]
1288.13659,200,656.522187,0.040390297457275785,False,False,[0.14728597 0.33767094 0.35208057]
1385.48245,200,656.844639,0.06454224365211969,False,False,[0.42700225 0.32937599 0.63986553]
1424.935005,200,657.157507,0.025216600338547154,False,False,[0.35844425 0.24831057 0.42564403]
1327.002912,200,657.948554,0.03746740578946424,False,False,[0.72066202 0.23427136 0.292045  ]
1232.153811,200,658.259097,0.04080370809498967,False,False,[0.11076365 0.56012573 0.44332449]
1096.70667,200,658.568792,0.06856458289894753,False,False,[0.37632901 0.42238332 0.18056766]
1235.847072,200,658.886902,0.07325118860380904,False,False,[0.13451531 0.33747895 0.34563722]
1327.549207,200,659.203374,0.04095964593738969,False,False,[0.26981121 0.21869067 0.60301961]
1047.009001,185,659.504177,0.07455219903130864,True,False,[0.55117934 0.48810621 0.13640942]
1045.133328,200,659.919246,0.08204380593967794,False,False,[ 0.18873964 -0.03219724  0.34791564]
-4.105568,31,660.060507,0.06510286183435407,True,False,[0.22826687 0.58568486 0.10747757]
1676.451589,188,660.358258,0.026541675530706587,False,True,[0.11227898 0.35167594 0.6557404 ]
-30.8741,25,660.492743,0.1775323855309589,True,False,[0.81612814 0.10534745 0.11076997]
1403.05479,200,660.793135,0.06133545248173635,False,False,[0.59734403 0.11563174 0.26916804]
1391.727801,200,661.119669,0.03334601948905774,False,False,[0.37561897 0.12212511 0.64584145]
1325.315957,200,661.917071,0.052693069327667076,False,False,[0.47961644 0.01670504 0.33343848]
1211.235698,200,662.329655,0.0437239270254891,False,False,[0.11031402 0.12202947 0.31816992]
1314.68175,200,662.645344,0.045713815069105074,False,False,[ 0.33245712 -0.04517811  0.34436423]
1222.813041,200,662.962671,0.054051113130957534,False,False,[0.14440167 0.13550547 0.74445565]
1166.813386,200,663.278403,0.027499642877973778,False,False,[0.188719   0.38038939 0.26770649]
1408.934353,200,663.578722,0.022141842902428332,False,False,[ 0.43829494 -0.0926376   0.4235074 ]
1285.463494,200,663.881838,0.035189475600036026,False,False,[0.72688695 0.18483586 0.2361781 ]
8.079294,31,664.029042,0.07846245591184134,True,False,[0.498805   0.60343008 0.10739128]
29.069946,31,664.168324,0.04021260289074612,True,False,[0.36764172 0.50466753 0.11495037]
1306.551669,200,664.467508,0.073205970809937,False,False,[0.46713259 0.38594651 0.24253347]
1327.485681,200,664.77716,0.020009817731705074,False,False,[0.43184791 0.23463022 0.30372716]
752.24842,200,665.091549,0.19235042446595216,False,False,[ 0.16535251 -0.0907448   0.71850534]
1301.432609,200,665.892435,0.05594074510036331,False,False,[ 0.71245379 -0.08203743  0.30773148]
1397.309711,200,666.306647,0.022413042013017203,False,False,[0.35416918 0.27345046 0.14575605]
1276.586897,200,666.608837,0.034537471267212586,False,False,[0.37193128 0.05794772 0.47195178]
1246.974906,200,666.936029,0.033864572753663814,False,False,[0.22028218 0.26935401 0.1633482 ]
1287.562003,200,667.253266,0.02322784502424229,False,False,[0.19183853 0.0865661  0.25992639]
1450.201438,200,667.554922,0.028379684388624128,False,False,[0.46332411 0.25430307 0.55577511]
1343.05632,200,667.855432,0.0424588964260858,False,False,[0.44939495 0.12890185 0.37996377]
1293.701414,200,668.154665,0.03923595631029069,False,False,[0.56269517 0.35535581 0.46402883]
125.633277,54,668.321518,0.10065830865486837,True,False,[ 0.10766998 -0.01711119  0.27270419]
832.877336,47,668.477231,0.023664403541790897,False,True,[0.37595962 0.21549608 0.63382215]
1306.245755,200,668.777544,0.04173585051778707,False,False,[0.3953134  0.27238839 0.19798305]
1321.7766,200,669.578564,0.025531448818733444,False,False,[0.27933549 0.38012266 0.41481456]
659.955928,22,669.71156,0.025299233208820632,False,True,[0.46091072 0.03899118 0.50207337]
1197.446371,200,670.022032,0.10034758689220669,False,False,[0.39352049 0.61507705 0.2169282 ]
804.605789,51,670.185307,0.014852412877190673,False,True,[0.27446984 0.38348211 0.67125545]
1022.90152,94,670.394734,0.03555883259718692,False,True,[0.1520336  0.33145798 0.16682203]
1307.093792,200,670.70343,0.03452981622742711,False,False,[0.59383672 0.46571089 0.38515419]
1381.420678,200,671.028402,0.07632803811224799,False,False,[0.29225362 0.52892045 0.19993015]
1352.537309,200,671.34029,0.047413980060568094,False,False,[0.28084798 0.36412525 0.45948224]
708.687958,142,671.591659,0.046490978986298115,True,False,[0.11937591 0.17560863 0.13440917]
1200.132569,200,671.900744,0.06108944508021772,False,False,[0.64575878 0.28915884 0.3716684 ]
18.166049,64,672.070756,0.7005010195313441,True,False,[0.65466754 0.05935123 0.13450049]
1442.970116,200,672.37989,0.050546096096058174,False,False,[0.66368371 0.09332358 0.33979988]
1315.194353,200,672.675049,0.05023651492393457,False,False,[0.50484219 0.54571603 0.37901389]
1512.12476,200,673.022698,0.021288201278240243,False,False,[0.41398493 0.37714955 0.49585289]
1360.743651,200,673.833941,0.025695706910879773,False,False,[ 0.4028364  -0.02996567  0.24407088]
1087.089962,200,674.141725,0.06826704965039791,False,False,[0.14971162 0.42881438 0.12292183]
1424.602747,200,674.450969,0.0533178050495204,False,False,[0.5306357  0.2819264  0.47235163]
1150.224125,200,674.760275,0.03816332925607478,False,False,[0.19237881 0.64337932 0.34562768]
1669.385526,200,675.081321,0.03708166723213742,False,False,[0.25834158 0.0829479  0.48390092]
1391.146976,200,675.394656,0.019880876481309383,False,False,[0.51284791 0.35740549 0.26560243]
1398.126668,200,675.709856,0.035977107177212475,False,False,[0.47817434 0.02490547 0.24789503]
1353.776446,200,676.025424,0.039277520789971807,False,False,[0.42594516 0.16012257 0.29785626]
1287.699114,200,676.33048,0.026482308780701454,False,False,[0.48807071 0.00208503 0.5165081 ]
1022.776491,200,676.636451,0.11660436867342716,False,False,[0.10421006 0.00699283 0.34023133]
1305.620065,200,677.437336,0.041358481806363014,False,False,[0.68295143 0.26805416 0.33402715]
-7.288058,41,677.586484,0.47667209734856314,True,False,[0.163664   0.27743564 0.47563842]
353.956434,81,677.767149,0.06717216044294315,True,False,[0.59236779 0.53355319 0.15706347]
1384.816658,200,678.18531,0.037644794530323364,False,False,[0.36383003 0.15585271 0.33010858]
1370.753263,200,678.502261,0.04572760756178013,False,False,[0.47053321 0.12511107 0.22398224]
804.16823,200,678.805561,0.14455899401334218,False,False,[ 0.13040365 -0.06281316  0.58686771]
1418.381347,200,679.119129,0.0147069515700729,False,False,[0.29409628 0.13284925 0.4886674 ]
1062.331812,200,679.435512,0.047456505501924776,False,False,[ 0.34984964 -0.00326502  0.1228896 ]
1155.933022,200,679.74705,0.04414909239929931,False,False,[0.12895569 0.65268637 0.20908411]
1682.177909,200,680.059715,0.014781948394107012,False,False,[0.36727902 0.15046781 0.44625242]
1588.848,200,680.36688,0.03625391713151207,False,False,[0.73083439 0.14526224 0.37913512]
133.974731,46,680.523595,0.05587924023927211,True,False,[0.76770436 0.17574315 0.13617222]
1860.475959,200,681.317578,0.0360515814058385,False,False,[0.34048271 0.1364477  0.34596638]
1033.247258,176,681.605139,0.0966467549262179,True,False,[0.60416146 0.49674238 0.17240639]
875.860106,200,682.027051,0.1338276745851692,False,False,[ 0.21600382 -0.09223912  0.32993093]
1634.146595,200,682.33344,0.03641576329935505,False,False,[0.26697477 0.33053452 0.72761336]
1306.104211,200,682.638855,0.04606297745441618,False,False,[0.73218022 0.26859878 0.1626049 ]
1188.985725,200,682.94615,0.0388677808200736,False,False,[0.12342794 0.19080276 0.40989237]
-55.907978,18,683.08449,0.16981607494712128,True,False,[0.47468085 0.62185231 0.11386288]
1323.381384,200,683.393347,0.03340466576138704,False,False,[0.23905783 0.44086592 0.24859032]
1010.600856,200,683.701286,0.10278300062661175,False,False,[0.24090456 0.05477252 0.27732065]
1231.127036,200,684.021172,0.05998566118758754,False,False,[0.38841183 0.39433397 0.35775278]
1138.054803,200,684.325595,0.09413481794617733,False,False,[0.10202022 0.57901476 0.59852491]
44.757493,31,684.461605,0.06454385455315183,True,False,[0.55684131 0.28516738 0.11260665]
1175.730567,200,684.862547,0.08841368521698753,False,False,[0.50546045 0.59339909 0.2466341 ]
1035.396105,200,685.661622,0.06264920579626518,False,False,[0.12225722 0.2189762  0.14811993]
1667.52336,200,685.963707,0.024494928255578686,False,False,[0.49173375 0.23530629 0.48820099]
1401.178279,200,686.266321,0.034251908162348015,False,False,[0.52288279 0.02078905 0.58636854]
1339.950135,200,686.570228,0.053801850767270676,False,False,[0.41566474 0.32844097 0.25577623]
1446.750302,200,686.880307,0.03678839360417291,False,False,[ 0.25496136 -0.00100583  0.55550986]
1499.216019,200,687.199746,0.05313764322983012,False,False,[0.13276767 0.13080221 0.46841821]
521.146389,78,687.387034,0.05746943599029142,True,False,[0.53298089 0.54320155 0.11353674]
1215.262988,200,687.787453,0.0577623265245315,False,False,[ 0.79595128 -0.01874951  0.21419839]
1162.424048,200,688.199078,0.05288321180839001,False,False,[0.49134033 0.61056636 0.22371773]
1391.86225,200,688.503847,0.03458163390785294,False,False,[0.32953398 0.32619204 0.31455624]
1272.006064,200,689.309165,0.03734412155818309,False,False,[ 0.35478051 -0.08844278  0.28419537]
1401.439356,200,689.617738,0.01029825715481413,False,False,[0.5628227  0.01704689 0.52330471]
1244.437471,200,690.021386,0.049299400500829205,False,False,[ 0.44099363 -0.06736295  0.15460695]
1356.128034,200,690.359595,0.048017103189480305,False,False,[0.38046671 0.34706754 0.33053531]
1213.211563,200,690.665539,0.05535244919861199,False,False,[0.37345911 0.23011009 0.58414031]
238.506363,67,690.845787,0.07502466912457247,True,False,[0.43637567 0.69258952 0.15514827]
1322.208609,200,691.164729,0.03582084867161402,False,False,[0.617281   0.2248556  0.20990207]
1237.881725,200,691.467362,0.04534112427646533,False,False,[ 0.41696852 -0.06418927  0.15818066]
52.817751,43,691.620456,0.09863861850771777,True,False,[ 0.17422352 -0.04990823  0.13411311]
1372.50784,200,691.917496,0.03479932745639359,False,False,[0.38216058 0.55599469 0.51513584]
1424.661157,200,692.224971,0.02344065899003889,False,False,[ 0.43536565 -0.02858169  0.26829839]
1141.581436,200,692.528724,0.08997341490286312,False,False,[0.31348532 0.51691141 0.16469836]
1352.93103,200,693.322431,0.020585861661581353,False,False,[0.72339639 0.15025825 0.36950025]
1555.202396,200,693.639161,0.04252918067179263,False,False,[0.30515181 0.07040159 0.62365002]
1332.710844,200,693.958756,0.09544583629804208,False,False,[0.52131801 0.2871751  0.39941688]
1301.725837,200,694.257654,0.06997986285025182,False,False,[0.16371851 0.33539368 0.76324552]
1598.827488,200,694.56023,0.050389644709211166,False,False,[0.39355712 0.29469025 0.19310679]
1258.309205,200,694.858107,0.04945927753908809,False,False,[0.21328018 0.18754136 0.79993652]
1577.992732,200,695.168811,0.05818773307495826,False,False,[0.50446559 0.26181466 0.24784049]
853.855138,200,695.570239,0.14118220068672088,False,False,[0.10055071 0.00260565 0.83471233]
1301.105439,200,695.877259,0.03624881204603418,False,False,[0.50730751 0.05994847 0.12550405]
1209.777488,200,696.193358,0.0586319694487978,False,False,[0.20588221 0.61064313 0.52104436]
1630.328318,200,696.996341,0.029161958276383532,False,False,[0.49206808 0.06310468 0.64039519]
1304.529669,200,697.315021,0.055080207707858375,False,False,[0.45467058 0.48866244 0.38805434]
47.865234,36,697.464647,0.08407226482704423,True,False,[ 0.63930937 -0.09068652  0.11465798]
1130.305634,193,697.87231,0.06688295635761923,True,False,[ 0.72008071 -0.09438775  0.15576133]
1576.315471,200,698.290718,0.05863199684230953,False,False,[0.35755062 0.27718955 0.43790906]
1366.243621,200,698.596199,0.05015796647357887,False,False,[ 0.3697918  -0.0707187   0.29236526]
1415.236041,200,698.891184,0.02161017464891444,False,False,[0.48251487 0.10716882 0.45311198]
1298.308793,200,699.199836,0.06696821364906956,False,False,[0.59825965 0.27142754 0.37160742]
1090.001417,200,699.511043,0.07815052665838329,False,False,[0.39639002 0.61704746 0.34979497]
1330.884942,200,699.830976,0.049483217874072206,False,False,[0.589726   0.04153707 0.28748914]
1565.162688,200,700.13643,0.05033029896917828,False,False,[0.34887495 0.0284332  0.71678229]
-11.732392,25,700.26661,0.14393517507654938,True,False,[ 0.67124418 -0.00532062  0.10048293]
1352.458344,200,701.06144,0.03632279640556251,False,False,[0.37821699 0.07772414 0.52909598]
1558.014358,200,701.380017,0.03302422547409446,False,False,[0.27625539 0.18571649 0.49250281]
1539.987542,200,701.687425,0.05986328610401001,False,False,[0.1103312  0.51178619 0.44041815]
1223.112305,200,701.99903,0.02636209600651241,False,False,[0.32630941 0.45109601 0.15929269]
1292.659091,200,702.31264,0.04554387867144354,False,False,[0.5804136  0.38761383 0.25901183]
1193.999027,200,702.722116,0.07788711464379339,False,False,[ 0.29485877 -0.09629882  0.4620828 ]
1012.799688,200,703.034963,0.09887735804488386,False,False,[ 0.23619687 -0.08548436  0.24071365]
254.577117,62,703.210314,0.08759147350259774,True,False,[0.80221386 0.07181848 0.18571367]
1416.091765,200,703.518985,0.07694135466396015,False,False,[ 0.49024028 -0.08293224  0.52177676]
1789.982409,200,703.836227,0.03728879102083051,False,False,[0.75297559 0.11880492 0.37206111]
906.271611,200,704.155515,0.09370761953060208,False,False,[ 0.21613189 -0.06421341  0.12060278]
1642.735102,200,704.948354,0.020582973024021112,False,False,[0.50501886 0.03279158 0.36773691]
1328.269846,200,705.248778,0.0450732172640522,False,False,[0.43851893 0.6597052  0.27427716]
1319.00204,200,705.569075,0.043103862702922636,False,False,[0.3017068  0.10944865 0.76223555]
1718.619506,200,705.875591,0.03478122533821928,False,False,[0.17909458 0.45709261 0.53038545]
1274.215309,200,706.188486,0.05965428671380102,False,False,[ 0.64635338 -0.0363562   0.13668801]
1268.611554,200,706.491179,0.03779875221680582,False,False,[0.15392108 0.37940485 0.21005631]
1216.456858,200,706.806498,0.06230230865320688,False,False,[0.496659   0.46995459 0.49850883]
884.555647,200,707.118633,0.10955015483193019,False,False,[ 0.13885002 -0.09335824  0.35715564]
1113.08303,200,707.455219,0.06524767833759247,False,False,[0.1097013  0.03886476 0.49853925]
1279.261328,200,707.776113,0.06227462294473672,False,False,[ 0.70252693 -0.010117    0.22207967]
1317.267803,200,708.090011,0.07941803837713844,False,False,[0.25619205 0.32195    0.62879983]
1149.17225,200,708.876012,0.052534864931141574,False,False,[0.32049163 0.61286348 0.28105313]
1310.026947,200,709.192256,0.05227700299582003,False,False,[0.36531207 0.38283042 0.36115904]
1184.940884,200,709.507064,0.052257200760217545,False,False,[0.11672718 0.56220534 0.55270189]
1335.895497,200,709.815216,0.04086660722609842,False,False,[0.54999646 0.2642712  0.24554518]
1299.779429,200,710.221347,0.027214458721060198,False,False,[0.34945083 0.40928811 0.50274104]
1415.424121,200,710.520716,0.04448752639756772,False,False,[0.55127808 0.12073734 0.36752053]
1443.395459,200,710.828221,0.03369572048002986,False,False,[0.52705434 0.01825758 0.61566386]
1400.400162,200,711.151105,0.03078221946690893,False,False,[0.10509607 0.25240695 0.23066255]
1147.145418,200,711.46426,0.1268156839420479,False,False,[0.34178955 0.46629504 0.50584958]
309.27152,75,711.650076,0.04697882958180864,True,False,[0.32218772 0.60085299 0.14009847]
1532.97373,200,712.448941,0.05666436720255711,False,False,[0.59874249 0.23615342 0.36866861]
1206.655835,200,712.85006,0.06768469683732156,False,False,[0.10621353 0.19090253 0.35133683]
1127.238822,200,713.150656,0.05193802470942755,False,False,[ 0.29768092 -0.01642185  0.59908396]
1205.830828,200,713.461623,0.06866324225607055,False,False,[0.35424735 0.39072991 0.16859209]
1376.428042,200,713.766444,0.03871874295776846,False,False,[0.31030613 0.34921413 0.38346472]
1446.691503,200,714.07281,0.018499265853042055,False,False,[0.34452888 0.2762367  0.63608594]
1134.689914,200,714.385221,0.04721242023553526,False,False,[0.36663609 0.24406406 0.10686085]
1227.129166,200,714.700741,0.062388641396297545,False,False,[ 0.73147378 -0.09079031  0.23855664]
1362.941448,200,715.118541,0.06526438295389014,False,False,[0.33140721 0.39857418 0.39186725]
1686.344732,200,715.424841,0.030972389720304132,False,False,[0.57520005 0.19153396 0.46070997]
1475.034986,200,715.724068,0.03144019873369902,False,False,[0.61139928 0.45190441 0.1556072 ]
1070.700005,200,716.60019,0.0696158921830261,False,False,[ 0.30243828 -0.09076234  0.56473509]
1427.405089,200,716.916833,0.05769065594142906,False,False,[0.53126024 0.33761786 0.43379762]
857.937926,200,717.218047,0.18992338455045796,False,False,[ 0.20133933 -0.07299405  0.70220459]
1175.620197,200,717.521819,0.06851213713581429,False,False,[0.19838716 0.69241283 0.30172864]
1267.707792,200,717.819634,0.04752763680659202,False,False,[3.50672217e-01 4.07572522e-04 7.59793996e-01]
241.563112,73,717.996886,0.062123762913169206,True,False,[0.38082784 0.68466308 0.12136772]
1406.30509,200,718.297852,0.04702703055385751,False,False,[0.33039801 0.30948574 0.63999585]
1248.834031,200,718.601282,0.0497612905194034,False,False,[0.10249224 0.46128373 0.26551394]
1498.110564,200,718.905335,0.045468540410016044,False,False,[0.4692662  0.1870354  0.30540147]
1584.387973,200,719.214593,0.04652846263136597,False,False,[0.47956556 0.01108842 0.3500453 ]
1446.211119,200,720.107598,0.052075625219848695,False,False,[0.60687401 0.05726645 0.5597833 ]
1667.733074,200,720.413905,0.006308402485503685,False,False,[0.37678414 0.28865531 0.67137661]
1259.601981,200,720.721637,0.03218113187811119,False,False,[0.23439935 0.46739956 0.15132809]
1268.597521,200,721.039608,0.055822354939725746,False,False,[ 0.51239408 -0.0439629   0.48611655]
1355.848333,200,721.451119,0.0428113169804477,False,False,[ 0.58980181 -0.06375521  0.48670412]
1047.94098,200,721.851718,0.04337722996305906,False,False,[0.11087578 0.02597669 0.48757552]
1364.825782,200,722.167307,0.04558338653697131,False,False,[0.30502557 0.29953385 0.3972394 ]
1389.63082,200,722.482391,0.013738987271335983,False,False,[0.49801637 0.17589539 0.45139064]
1142.273212,200,722.788047,0.06509308719138354,False,False,[0.10490815 0.15150498 0.32836604]
1282.343537,200,723.105467,0.036285156667275255,False,False,[ 0.53953725 -0.09357723  0.18316998]
1345.944871,200,723.507451,0.06898827299446303,False,False,[ 0.60239369 -0.09504458  0.37482727]
-1.423041,33,723.652338,0.2567085476553392,True,False,[0.25000211 0.11275521 0.2232546 ]
1096.435493,200,724.445707,0.14328916046229306,False,False,[0.21133045 0.56469818 0.26026798]
1383.115224,200,724.756017,0.058984042494145385,False,False,[ 0.31978413 -0.01586313  0.22382601]
554.973264,111,724.982855,0.17014882527136868,True,False,[0.16126158 0.12375205 0.30820074]
1158.435644,200,725.285143,0.0937642786415108,False,False,[0.13011981 0.46126627 0.33573873]
150.00259,67,725.464539,0.11446212153789029,True,False,[ 0.11395674 -0.06464991  0.2120071 ]
1353.71681,200,725.783125,0.03381010710961966,False,False,[0.47855599 0.22923676 0.55933755]
1384.416119,200,726.106423,0.02881168735258049,False,False,[0.41203493 0.09288054 0.2202171 ]
1366.17562,200,726.414304,0.04076035111438195,False,False,[0.26754686 0.41876891 0.54316868]
1252.300536,200,726.732915,0.04527365554264567,False,False,[0.20964157 0.40620566 0.48314017]
1409.225269,200,727.055732,0.02580770440959314,False,False,[0.58714446 0.25099025 0.52269074]
1462.209997,200,727.357985,0.037207631705402415,False,False,[0.41559967 0.06825431 0.46711138]
1235.31214,200,728.152206,0.053990586077603625,False,False,[0.50933429 0.36000388 0.36456957]
1367.812492,200,728.458949,0.04182151053974579,False,False,[0.20937629 0.1466797  0.25564337]
-16.634686,28,728.595957,0.09622935507773808,True,False,[0.35769516 0.68992314 0.10724268]
1525.121488,200,728.89963,0.05672952623545387,False,False,[0.18050795 0.18785499 0.24684107]
1245.725072,200,729.199572,0.05642784773410534,False,False,[0.3214671  0.68196128 0.36804752]
1260.408073,200,729.509021,0.034420848452532724,False,False,[0.1039069  0.42857141 0.25170082]
1149.875181,200,729.808425,0.045612740360427576,False,False,[0.12072143 0.5941352  0.55328423]
961.830674,168,730.082658,0.1357768796777891,True,False,[0.14723544 0.20182756 0.18887348]
1219.272412,200,730.396257,0.05573503605695851,False,False,[0.81376629 0.11332318 0.2057714 ]
1168.765623,200,730.711892,0.03684158579369339,False,False,[0.11598608 0.22578638 0.38746026]
1256.616887,200,731.026298,0.02385379840274186,False,False,[0.34016873 0.09390371 0.21551793]
1377.769746,200,731.829375,0.045859471006817816,False,False,[ 0.67509254 -0.01316113  0.47322565]
1298.231355,200,732.242023,0.03137275956891022,False,False,[0.33216451 0.46970527 0.16921928]
1425.520897,200,732.551798,0.023505021074591858,False,False,[0.34312718 0.27313263 0.34315531]
710.700209,131,732.79104,0.030562856718920547,True,False,[0.39237033 0.26763933 0.11175118]
1308.882284,200,733.091408,0.06828828048944188,False,False,[0.57005596 0.18383019 0.14948818]
1532.41807,200,733.404158,0.04671937661912688,False,False,[0.39715098 0.3460075  0.25292043]
1337.549917,200,733.713942,0.02815700839914006,False,False,[0.36627894 0.20369221 0.29789134]
1212.221556,200,734.032851,0.04834540881601357,False,False,[0.62902387 0.19569133 0.24579334]
1489.477332,200,734.338029,0.01658228158048097,False,False,[0.37461345 0.05638718 0.16403178]
1524.411707,200,734.638293,0.04315461734664624,False,False,[0.21934664 0.24261989 0.22744978]
1232.750479,200,734.953607,0.05042945160825613,False,False,[0.69092202 0.24256678 0.17114253]
1120.656769,200,735.745142,0.05495856267637665,False,False,[0.19074969 0.50186428 0.5372484 ]
1435.025794,200,736.055398,0.024245102446190044,False,False,[0.39172657 0.02341887 0.35783125]
1171.021179,200,736.367152,0.04458785284652086,False,False,[0.73094757 0.05183051 0.2320276 ]
1082.189675,200,736.683985,0.10353282490708372,False,False,[0.19738748 0.61651965 0.25631175]
1022.276711,200,737.007287,0.1014210600445032,False,False,[0.17790025 0.07249671 0.73945549]
1287.621955,200,737.325994,0.04374875594750511,False,False,[0.21698152 0.37719146 0.21878602]
1414.431282,200,737.63869,0.02977638619855052,False,False,[0.43007319 0.08038224 0.3497613 ]
1398.570931,200,737.950533,0.03840406822659383,False,False,[0.65381838 0.08813044 0.44006413]
1372.461355,200,738.263438,0.06721102137860052,False,False,[0.31622964 0.1901114  0.11443841]
1357.112094,200,738.569845,0.025601578915213842,False,False,[0.2970875  0.45889151 0.56292423]
999.982479,200,739.36908,0.06590299243916224,False,False,[ 0.13534003 -0.01238554  0.64090043]
1297.569393,200,739.678413,0.00395781870716394,False,False,[0.24267145 0.2878168  0.4964539 ]
1317.962748,200,740.002366,0.04244029163869767,False,False,[ 0.49002832 -0.08268373  0.41023186]
1322.63308,200,740.408224,0.0682139703523759,False,False,[0.38865821 0.04591    0.16697538]
1370.321804,200,740.722341,0.02473024284992765,False,False,[0.42823221 0.09547578 0.53814789]
1091.938584,200,741.038224,0.07226999650266379,False,False,[0.44904695 0.634802   0.30666872]
1121.826046,200,741.341814,0.07452969680415211,False,False,[0.14578021 0.06062482 0.39628605]
1508.646435,200,741.639839,0.04570707507757785,False,False,[0.33879175 0.48581213 0.52505968]
1001.359286,200,741.950782,0.07245238837870052,False,False,[0.30560968 0.4152579  0.1648634 ]
1276.820387,200,742.258861,0.07519301350150752,False,False,[0.42931365 0.58148888 0.43918686]
1276.465771,200,743.076222,0.02927386748418068,False,False,[0.34354307 0.59881999 0.28598446]
1311.569433,200,743.391386,0.026901184297194916,False,False,[0.36832139 0.33174752 0.20714321]
1292.3151,200,743.692155,0.04973290229491762,False,False,[0.30549438 0.58389329 0.22333777]
1075.417777,200,744.004622,0.04828851806262625,False,False,[ 0.26896998 -0.06625243  0.23034056]
1260.711435,200,744.313838,0.031255091827640684,False,False,[0.17057174 0.51634985 0.3230092 ]
1218.778621,200,744.633751,0.06783775716460656,False,False,[0.16687603 0.51046467 0.19954714]
1486.166764,200,744.945147,0.0644053762672457,False,False,[0.53784969 0.13766    0.47156035]
1414.96348,200,745.261576,0.040146859611714526,False,False,[0.49441967 0.00859836 0.4661899 ]
1574.014236,200,745.676856,0.03765615237174152,False,False,[0.43320703 0.10853447 0.65514166]
1333.960381,200,745.987324,0.026758772919310798,False,False,[0.35973692 0.37577086 0.21997376]
1386.477894,200,746.768384,0.04662525113749434,False,False,[ 0.69449929 -0.02902141  0.42432597]
1201.460236,200,747.081828,0.07704463281182997,False,False,[0.55086927 0.45666171 0.21462038]
1253.630331,200,747.387657,0.06398406640856093,False,False,[0.45605469 0.02068177 0.70419464]
1337.608547,200,747.714962,0.027841673233420582,False,False,[0.37651058 0.18544285 0.23679766]
-28.934267,25,747.846808,0.18081496216495077,True,False,[0.81146074 0.07927902 0.10917993]
-44.481831,33,747.995698,0.4932190126167201,True,False,[0.22092172 0.4027679  0.11924412]
1557.225211,200,748.30102,0.06490889758460203,False,False,[0.35249549 0.38882402 0.32203611]
1405.868891,200,748.617348,0.03764954800440094,False,False,[0.49180857 0.21605556 0.43949697]
1422.948814,200,748.924317,0.008972733698101122,False,False,[0.56679273 0.04250347 0.48208374]
538.984338,109,749.141573,0.05131817879140578,True,False,[0.68216267 0.45030866 0.13524748]
247.021306,200,749.454,0.02613341473577042,False,False,[0.56000148 0.22264733 0.59430574]
1229.680126,200,749.764669,0.033893913708008594,False,False,[0.45868529 0.58724261 0.15209338]
1368.060409,200,750.078234,0.03381121704635047,False,False,[0.49774367 0.01398568 0.33481066]
1382.671022,200,750.872097,0.024844802662898034,False,False,[0.35115721 0.09781097 0.60181431]
238.479842,71,751.055134,0.07148788869520403,True,False,[0.35963009 0.63685645 0.11812139]
1337.422317,200,751.366732,0.06376818827306432,False,False,[ 0.50351802 -0.02342466  0.23124881]
1641.182899,200,751.684876,0.018375705757678003,False,False,[0.66534818 0.11171244 0.4358759 ]
1261.152347,200,751.999814,0.05641553231403616,False,False,[0.54502751 0.1184152  0.22840516]
1428.275156,200,752.308158,0.0170101490188296,False,False,[0.13579461 0.24470183 0.60605363]
1310.492468,200,752.622738,0.042020728770442786,False,False,[0.30236934 0.59760404 0.48885389]
1103.870513,200,752.928653,0.030428105421023057,False,False,[0.16764545 0.12343928 0.69232068]
1269.308717,200,753.235885,0.04866829726559743,False,False,[0.56080918 0.50828376 0.36513275]
1303.765782,200,753.546837,0.037435367780468125,False,False,[0.44321286 0.46232707 0.27622298]
1355.083649,200,753.854924,0.049917472272983474,False,False,[0.45232504 0.42823815 0.43294209]
1310.92797,200,754.644739,0.0268702037277299,False,False,[0.17076242 0.47992174 0.54178902]
1158.35014,200,754.953892,0.08529916584688738,False,False,[0.21746763 0.69755856 0.30566542]
1319.028719,200,755.27028,0.042843654421087216,False,False,[0.29095822 0.27456855 0.32019274]
1413.381004,200,755.584864,0.020475217329110836,False,False,[0.39953236 0.23358235 0.22607295]
1407.381349,200,755.888198,0.019882826287369385,False,False,[0.35731029 0.12568222 0.22311486]
1222.624244,200,756.222069,0.09504399995703765,False,False,[0.29600142 0.30260479 0.56003343]
1339.993998,200,756.527241,0.011771444133484953,False,False,[ 0.58895896 -0.03925384  0.2275494 ]
1193.544876,200,756.838867,0.037057322075780975,False,False,[0.11873341 0.15573087 0.49266448]
1297.666428,200,757.139648,0.06535529039007586,False,False,[0.32127944 0.43539107 0.26250719]
1286.278323,200,757.444735,0.03387440659583636,False,False,[0.1194357  0.46360432 0.3792011 ]
1564.888674,200,758.258186,0.02185884002016333,False,False,[ 0.30106084 -0.05150698  0.33318501]
1314.530388,200,758.569305,0.05062230350218181,False,False,[ 0.55460257 -0.08852676  0.57112059]
1131.253159,200,758.872954,0.08591364994640735,False,False,[0.19902026 0.66041709 0.36121162]
1290.185423,200,759.180742,0.027528985285314743,False,False,[0.40285929 0.00591303 0.70968866]
1293.842715,200,759.494067,0.051471860324344976,False,False,[0.49662158 0.59657095 0.23897691]
503.106871,136,759.743958,0.10127853301821503,True,False,[ 0.12136392 -0.01253379  0.17074273]
1335.726282,200,760.059677,0.04341928147271581,False,False,[0.36400077 0.25547995 0.61669818]
1259.097814,200,760.380705,0.0551129479434064,False,False,[0.16560144 0.10361942 0.3466718 ]
1132.767985,200,760.682276,0.07810389674588783,False,False,[0.11075815 0.07232794 0.70573601]
1329.847048,200,761.002383,0.07593412320994795,False,False,[ 0.22088001 -0.09130011  0.25694536]
1395.92262,200,761.294584,0.02319080028637731,False,False,[0.31352643 0.28276892 0.28443291]
1257.211867,200,762.083456,0.04274951771076033,False,False,[0.40562814 0.08689957 0.17067144]
1752.751933,200,762.39131,0.041766253391262345,False,False,[0.49697973 0.01563751 0.19314948]
1348.076707,200,762.696403,0.026404492321207677,False,False,[ 0.51543628 -0.099837    0.34218474]
1294.772774,200,763.103016,0.05129314053043283,False,False,[0.53807455 0.55754665 0.17948936]
1317.063931,200,763.417603,0.038555111537723556,False,False,[ 0.45535735 -0.09379776  0.29459143]
1401.359688,200,763.816019,0.03521683528667425,False,False,[ 0.40380363 -0.0136946   0.5131293 ]
1287.708723,200,764.136216,0.030571080964104238,False,False,[ 0.74248531 -0.06421382  0.33649769]
1270.227445,200,764.447902,0.036905289332918284,False,False,[0.11916835 0.2609698  0.61482222]
1315.051918,200,764.751613,0.05920805471795274,False,False,[0.39056289 0.40591077 0.63326589]
189.81121,51,764.911794,0.0646959936291196,True,False,[0.59852428 0.33202876 0.15830325]
1268.863625,200,765.318866,0.02880501499277625,False,False,[0.27926357 0.10779415 0.17133356]
1306.673545,200,766.107708,0.030083168605298926,False,False,[0.25964656 0.49204425 0.52399363]
220.828513,84,766.305094,0.14583762919857396,True,False,[ 0.22673223 -0.06902991  0.1182036 ]
1451.06503,200,766.613422,0.029672891207092683,False,False,[0.41395499 0.05691744 0.26129271]
1425.067617,200,766.929865,0.03810430035239801,False,False,[0.47878223 0.32696063 0.49766342]
1571.772508,200,767.240347,0.051462187452975525,False,False,[0.24172071 0.14788014 0.74173991]
1292.588717,200,767.549908,0.06848913924253903,False,False,[0.6495623  0.19850859 0.1908038 ]
696.500876,146,767.808689,0.07627734747435677,True,False,[0.24747993 0.62518856 0.15293706]
1343.726503,200,768.112839,0.0295416813111133,False,False,[0.29726064 0.21139966 0.20205971]
1480.731824,200,768.431021,0.011287508317052351,False,False,[0.42086517 0.02644394 0.4776694 ]
1399.285369,200,768.74038,0.027512400381995313,False,False,[0.53068722 0.01656798 0.51431364]
1357.494068,200,769.148349,0.06093215881672256,False,False,[ 0.56735279 -0.02261863  0.41852586]
18.737428,36,769.787517,0.5502828510728024,True,False,[0.52614906 0.07890347 0.46094247]
1498.87007,200,770.097868,0.029916826544155204,False,False,[0.47176355 0.07478568 0.56482494]
1416.939527,200,770.42076,0.03702966317619286,False,False,[0.63823105 0.07281328 0.35734403]
1250.982839,200,770.730034,0.047369747990219625,False,False,[ 0.60487393 -0.0831988   0.57782708]
1131.456609,200,771.049545,0.06200615208361955,False,False,[0.10959333 0.68551147 0.35599955]
1485.531521,200,771.361803,0.007418962449940381,False,False,[0.24506756 0.40622092 0.57375335]
1350.184666,200,771.686727,0.022273748314042434,False,False,[0.20975148 0.47558745 0.25204706]
1316.328443,200,771.998015,0.01742890393636541,False,False,[0.53958555 0.4562283  0.4250429 ]
1301.375743,200,772.323492,0.03225053807122034,False,False,[0.57738944 0.33059559 0.2921299 ]
1314.822343,200,772.73082,0.04523142134973316,False,False,[0.23685273 0.04991768 0.44571162]
1292.084666,200,773.039916,0.0402436489976104,False,False,[0.67352959 0.21605952 0.20099302]
1442.563689,200,773.831526,0.05129229347913811,False,False,[0.6147239  0.12847425 0.42304208]
1098.671908,200,774.138558,0.08705046915382277,False,False,[ 0.21657757 -0.07798359  0.37376759]
1344.73912,200,774.450422,0.04012613378526466,False,False,[0.33295911 0.48913637 0.32474521]
1431.098644,200,774.753018,0.022705613801310375,False,False,[0.45842698 0.0551706  0.46715061]
1233.482546,200,775.068954,0.07608538454814244,False,False,[ 0.40901419 -0.02496726  0.20395896]
1230.401492,200,775.366305,0.0250850864512212,False,False,[0.2079004  0.38804313 0.1333962 ]
1594.155592,200,775.668418,0.03504691047857096,False,False,[0.28575929 0.4134279  0.18616738]
1571.649564,200,775.977286,0.026876971554789013,False,False,[0.48315941 0.09001473 0.20588756]
119.944814,63,776.146568,0.13322747923580885,True,False,[ 0.12749206 -0.05507258  0.16961702]
1410.703814,200,776.45989,0.019848941350511,False,False,[ 0.64753811 -0.00751892  0.30710499]
1377.849382,200,776.77682,0.026838348641993148,False,False,[0.68748023 0.00223101 0.24538301]
1314.096306,200,777.695713,0.10459761990275387,False,False,[ 0.75943393 -0.07270508  0.24262115]
1407.214418,200,778.106616,0.01759141568702311,False,False,[0.16095834 0.32484301 0.60024674]
1292.785568,200,778.432213,0.06204307248128434,False,False,[0.24074749 0.25031338 0.26315562]
1810.888389,200,778.739039,0.01872261792115444,False,False,[0.27637906 0.12189916 0.64401726]
1097.01065,200,779.054225,0.09919472746863861,False,False,[ 0.19025416 -0.06119016  0.34093214]
1341.186109,200,779.370879,0.028142004199048335,False,False,[0.494518   0.30946309 0.22411672]
1579.397508,200,779.777537,0.03283469476323628,False,False,[0.56514734 0.08121551 0.21256301]
1273.228801,200,780.091455,0.06382459715668146,False,False,[0.37125329 0.59605985 0.44921584]
1309.588237,200,780.408639,0.017363652962482136,False,False,[0.59770514 0.12502294 0.2173915 ]
1373.936801,200,780.712389,0.024235361522060433,False,False,[0.69792457 0.02878744 0.32977377]
1303.777057,200,781.518193,0.02988474978706153,False,False,[0.67739235 0.41797241 0.26044486]
967.427023,78,781.803208,0.021585870015503706,False,True,[0.25231192 0.29339691 0.17758074]
1309.676435,200,782.112911,0.07499211123501792,False,False,[0.39611938 0.41477245 0.42806342]
1445.366824,200,782.426891,0.04456857541867009,False,False,[ 0.38721064 -0.06275636  0.56413429]
761.031968,200,782.741757,0.18177587911738363,False,False,[ 0.11376152 -0.0684304   0.47090092]
238.274514,68,782.922529,0.05123295157551841,True,False,[0.37110096 0.59799231 0.12901161]
1368.379395,121,783.157444,0.04376990986843863,False,True,[0.54076935 0.092958   0.43458541]
1329.057516,200,783.463478,0.03436013159051268,False,False,[0.28967574 0.48252305 0.29282519]
1371.563769,200,783.775171,0.04102973954958865,False,False,[0.22926677 0.42032313 0.46177628]
1392.202668,200,784.075699,0.048320630066044444,False,False,[ 0.49920372 -0.04052339  0.3377398 ]
593.256092,20,784.30416,0.044679696716166895,False,True,[0.40266544 0.29701123 0.12804687]
1418.239682,200,784.631425,0.0385237037976023,False,False,[0.59017981 0.17699668 0.30259475]
1113.799588,200,784.933306,0.05113187060320241,False,False,[0.26052779 0.08677818 0.10793306]
1512.696353,200,785.721014,0.017031251140566393,False,False,[0.62470946 0.36356407 0.38484856]
1369.406211,200,786.031966,0.04876044961550576,False,False,[0.57653214 0.39285267 0.40814345]
915.801678,200,786.339207,0.12100501723010225,False,False,[ 0.28247175 -0.09019808  0.14948596]
-0.21982,32,786.488388,0.09363491240036811,True,False,[0.10470057 0.04548593 0.10986691]
1438.761677,200,786.8027,0.021125623284469354,False,False,[0.42106368 0.18488134 0.55005952]
1389.563128,200,787.115831,0.04276906958407674,False,False,[ 0.62879636 -0.05802072  0.39271367]
1871.59579,200,787.537189,0.043018257660652565,False,False,[0.35061689 0.36061473 0.63758857]
861.706442,200,787.854442,0.11690535592178314,False,False,[ 0.12425869 -0.03413447  0.61363685]
1324.929594,200,788.165578,0.007826913316679802,False,False,[0.14445381 0.43073709 0.38242855]
-11.847386,26,788.301925,0.10922430252076996,True,False,[ 0.63540561 -0.03646943  0.10039006]
1346.513279,200,788.625399,0.030310225687544733,False,False,[0.38787548 0.20877457 0.15808966]
907.608856,200,788.937669,0.17794920521462163,False,False,[ 0.10914214 -0.00390673  0.47538331]
698.397072,147,789.680184,0.023913295072057333,True,False,[0.45199947 0.29546887 0.11225069]
1444.358111,200,789.986263,0.039217518944419306,False,False,[0.30973083 0.21956405 0.6410729 ]
1337.946305,200,790.30133,0.01723707412120984,False,False,[0.3273083  0.62393478 0.26679482]
1355.630441,200,790.62141,0.01178722856242765,False,False,[ 0.70253113 -0.04781389  0.31629369]
1622.481999,200,791.039299,0.024298162927432004,False,False,[0.4932987  0.26628153 0.6319255 ]
1623.487321,200,791.346746,0.0291642081070788,False,False,[0.24605614 0.27782955 0.61859273]
1396.981231,200,791.652438,0.083679659681876,False,False,[0.46346567 0.05571026 0.69614272]
1399.11766,200,791.965096,0.02225542315804798,False,False,[0.21628187 0.28662131 0.23219938]
1175.192448,200,792.281281,0.03295676491127915,False,False,[0.78763158 0.13278313 0.28571287]
744.30933,156,792.560919,0.11448110477775188,True,False,[0.22261256 0.28763198 0.10183925]
1551.737809,200,793.346014,0.048234288742710935,False,False,[ 0.37197469 -0.03035909  0.24316253]
944.33332,200,793.642075,0.1382447414380329,False,False,[0.18924819 0.02723309 0.28241384]
1378.32947,200,793.959142,0.0337612701445328,False,False,[0.2423322  0.1524648  0.72886383]
1392.959589,200,794.266076,0.020287186714087285,False,False,[0.38793824 0.48577952 0.22917572]
676.520677,200,794.577125,0.1952684993315464,False,False,[ 0.11522797 -0.07963217  0.81286485]
1479.299876,200,794.878747,0.02580926852804865,False,False,[0.11422838 0.25623423 0.24764116]
1348.309505,200,795.186278,0.04504702164943614,False,False,[ 0.50586052 -0.00118165  0.56383919]
1139.625653,200,795.494124,0.05064050456645597,False,False,[ 0.37045475 -0.09495955  0.15425583]
34.587217,31,795.639373,0.02834653305354374,True,False,[0.54269662 0.55179874 0.12051083]
25.421762,42,795.783445,0.09709824411017193,True,False,[ 0.12717632 -0.06016716  0.11893276]
1313.007221,200,796.097469,0.04887341389830132,False,False,[0.15425052 0.38889291 0.46100848]
1384.646775,200,796.414479,0.03564420943783509,False,False,[0.33246062 0.34736852 0.66983417]
1609.907339,200,797.21442,0.01899293271052195,False,False,[0.39933321 0.19315521 0.22136725]
1247.448386,200,797.521299,0.0770786426735494,False,False,[0.74767122 0.17156202 0.29260282]
1380.254125,200,797.845277,0.04828570620777363,False,False,[0.35867105 0.04737014 0.31958677]
1250.979112,200,798.151646,0.03297829918520293,False,False,[0.13228139 0.32190518 0.19534254]
1405.838502,200,798.451886,0.010686229403400985,False,False,[0.19904312 0.29370891 0.73435549]
1104.766074,200,798.764063,0.05875280015118366,False,False,[0.13449979 0.03978802 0.6216228 ]
1396.201955,200,799.086034,0.045595305550815604,False,False,[0.64475912 0.19537496 0.39767063]
1420.582207,200,799.398387,0.02093385528636839,False,False,[ 0.37994684 -0.08292525  0.32584184]
1332.026162,200,799.709132,0.0744064231403238,False,False,[ 0.37611566 -0.09233806  0.28274349]
997.760927,200,800.022099,0.0848183703308049,False,False,[ 0.25033693 -0.02010425  0.78080747]
1412.864792,200,800.826735,0.025799368329201867,False,False,[0.46864838 0.2718473  0.50008337]
1292.034786,200,801.14009,0.03645074070190962,False,False,[0.12014372 0.47221607 0.34093409]
1398.048865,200,801.445821,0.03354109236343008,False,False,[0.47966498 0.01482382 0.43053151]
1558.694872,200,801.7541,0.018041704189025377,False,False,[0.68832077 0.1250631  0.15443033]
1387.052257,200,802.064003,0.049855374536580115,False,False,[0.3606069  0.35183947 0.25562966]
1358.884149,200,802.370306,0.04836208639910483,False,False,[0.47305034 0.46465712 0.36167698]
1465.016446,200,802.668572,0.04363485196669078,False,False,[0.26548762 0.23043258 0.62414931]
1451.780487,200,802.980425,0.06353422486353781,False,False,[ 0.46563179 -0.01809634  0.54411556]
1337.161747,200,803.28861,0.035080043108916006,False,False,[0.29983257 0.18912403 0.41622221]
1424.322759,200,803.588692,0.038500029863221284,False,False,[0.48584077 0.15609664 0.35521272]
1292.50781,200,803.898269,0.048531710182463675,False,False,[0.22603971 0.10471829 0.29579757]
1107.729103,200,804.681124,0.11012214867034315,False,False,[0.2598569  0.61464904 0.25960648]
786.567217,200,804.996825,0.152367778298915,False,False,[ 0.15325777 -0.06593352  0.76090708]
892.918754,200,805.315379,0.08815461798489041,False,False,[ 0.15427667 -0.05399182  0.15766653]
1461.045864,200,805.623017,0.03400859989340942,False,False,[0.37038571 0.0911695  0.21344121]
1280.29136,200,805.941839,0.07024431008171243,False,False,[0.15104073 0.4033012  0.31203272]
1358.28564,200,806.244823,0.059508911679681024,False,False,[0.16751231 0.09965215 0.26728023]
99.285475,40,806.395302,0.0751613709803522,True,False,[0.49831196 0.02973897 0.10150448]
1659.925177,200,806.704058,0.04611809230042291,False,False,[0.48542662 0.15182036 0.10849433]
1412.718025,200,807.024204,0.01394485942167943,False,False,[0.17584586 0.28092681 0.63160618]
1147.225855,200,807.325769,0.05523771974856806,False,False,[0.20652823 0.69933302 0.2667313 ]
3.768558,26,807.458286,0.07160843232890135,True,False,[0.57838026 0.18916876 0.10202674]
1054.094368,200,807.763358,0.07483357545588688,False,False,[0.36791584 0.45630355 0.12404542]
1205.410448,200,808.564066,0.07636387658324657,False,False,[0.34334182 0.34266123 0.12353976]
1162.28403,200,808.896729,0.08892713952718222,False,False,[0.27775693 0.4006839  0.46631192]
1340.441733,200,809.212325,0.04406762638153486,False,False,[0.24552731 0.25518183 0.7699873 ]
25.087793,35,809.352285,0.07704722597524538,True,False,[ 0.82328108 -0.0679879   0.11874773]
1340.064607,200,809.748299,0.05137173483634972,False,False,[0.19149519 0.52376405 0.420653  ]
1311.477285,200,810.06477,0.05829920785539264,False,False,[0.39704325 0.15168876 0.48641135]
1391.363861,200,810.371267,0.051272871138969014,False,False,[0.23426383 0.36152469 0.41071364]
1346.717989,200,810.68331,0.057152641283961296,False,False,[0.62158297 0.02738722 0.44827424]
44.802545,40,810.834314,0.05311858135761715,True,False,[ 0.75870016 -0.06872532  0.10595557]
1039.10251,200,811.241337,0.10261198609139148,False,False,[0.13509988 0.01300228 0.65776591]
1451.177571,200,811.555148,0.022046351822455203,False,False,[0.24722494 0.25069851 0.68903255]
1345.599088,200,812.353003,0.016047225114059923,False,False,[0.45449325 0.11958957 0.16686764]
943.988163,200,812.665404,0.07992979912469948,False,False,[ 0.15542776 -0.03470898  0.57655729]
1336.759958,200,813.010124,0.04697180036673664,False,False,[0.25529763 0.1941631  0.36604611]
1407.90926,200,813.316774,0.01785113384146626,False,False,[0.37274147 0.41519847 0.4648476 ]
1315.277704,200,813.626053,0.026705855565466768,False,False,[0.53563592 0.45683576 0.38377957]
1403.941165,200,813.940852,0.11361459821675295,False,False,[0.64948669 0.39913228 0.13631636]
1210.193004,200,814.358576,0.045942112162431735,False,False,[0.34183465 0.61550026 0.22389458]
1305.998683,200,814.659335,0.0324296914449456,False,False,[0.32807191 0.06174467 0.67731234]
1396.253447,200,814.969574,0.050602581293388973,False,False,[ 0.53269203 -0.01052758  0.60563719]
1427.298532,200,815.275669,0.05232682628664679,False,False,[0.23593162 0.69051524 0.2987652 ]
1570.89654,200,815.593089,0.02649591779613361,False,False,[0.42037703 0.39300562 0.31281821]
1347.361845,200,816.40036,0.040167277590240844,False,False,[0.17603813 0.2235146  0.55612931]
1325.711965,200,816.705737,0.062494578933233874,False,False,[0.42835712 0.47848391 0.3586641 ]
1507.793356,200,817.021969,0.04734976419605265,False,False,[0.22233155 0.35600738 0.1987158 ]
1297.993938,200,817.333966,0.057029698350692444,False,False,[0.75639327 0.16956518 0.19615085]
1342.958706,200,817.635428,0.0539037518037208,False,False,[0.56608882 0.062659   0.38716815]
1542.094753,200,817.950665,0.029473866518643452,False,False,[0.58394667 0.39919267 0.46702674]
1442.372393,142,818.204469,0.0065344896024069,False,True,[ 0.5944075  -0.0328763   0.19857186]
1282.387595,200,818.618714,0.028847753748854257,False,False,[0.20238002 0.06892788 0.47141092]
1382.66661,200,818.933823,0.047126990675517386,False,False,[ 0.62782477 -0.08475802  0.51522279]
1438.765988,200,819.324944,0.03845680608582106,False,False,[0.31445182 0.38930436 0.5108363 ]
1109.528908,200,820.121526,0.07838973142327706,False,False,[ 0.35815739 -0.04873594  0.76718802]
1321.757549,200,820.425976,0.02352341966341957,False,False,[0.35516275 0.58171616 0.4255028 ]
1277.244142,200,820.737683,0.015564388761061853,False,False,[0.46065149 0.29100655 0.1291616 ]
997.726416,176,821.130747,0.05899527673634011,True,False,[0.1402663  0.15286458 0.16377492]
1327.056726,200,821.449399,0.06016110705931809,False,False,[0.57937937 0.37420527 0.23524443]
1293.087813,200,821.860797,0.04452436611312977,False,False,[0.51199437 0.4958375  0.38471985]
1198.969599,200,822.177981,0.042213912371158395,False,False,[0.12906657 0.15378425 0.41425221]
1358.45364,200,822.494438,0.044245940668959635,False,False,[0.41202857 0.06942756 0.48697381]
1250.080525,200,822.797457,0.04518926974256305,False,False,[0.2115671  0.13896108 0.76671601]
1303.040739,200,823.105937,0.028268809690739388,False,False,[0.54629503 0.22436539 0.11314861]
1525.531124,200,823.400126,0.04631484752223855,False,False,[ 0.35800989 -0.05710704  0.59860827]
1320.793994,200,824.192975,0.04991697878640779,False,False,[0.21715965 0.55326864 0.26968177]
1219.08831,200,824.504212,0.060158567116157365,False,False,[0.10188631 0.40264019 0.35296226]
1259.70846,200,824.817546,0.03819923452526537,False,False,[ 0.74679147 -0.08044414  0.35486572]
1117.61677,200,825.217479,0.07409708868266958,False,False,[0.14678201 0.02511329 0.47289667]
1285.795213,200,825.524038,0.0707364626535287,False,False,[0.35895714 0.32880801 0.1469591 ]
1110.698123,200,825.83511,0.07254958467116307,False,False,[0.41243602 0.45356532 0.1958952 ]
1379.076859,200,826.148176,0.0781120698161405,False,False,[0.26027671 0.21149673 0.64673522]
1307.012931,200,826.448774,0.014335134757438816,False,False,[0.15893203 0.15279021 0.55664394]
1382.750215,200,826.758953,0.06417685018415366,False,False,[0.51966493 0.30827223 0.29686957]
1299.123035,200,827.089396,0.04656098647174238,False,False,[0.39602291 0.52276428 0.26347579]
1621.623005,200,827.869416,0.039543491621651924,False,False,[0.43918925 0.27197668 0.52779029]
1475.293181,200,828.177033,0.07505472095549956,False,False,[0.19806165 0.13988615 0.20663986]
1553.200949,200,828.489036,0.061538552059309796,False,False,[0.43793071 0.41486118 0.31498867]
1092.586943,200,828.795163,0.04539089878496501,False,False,[ 0.34060981 -0.07435416  0.1517782 ]
1287.000602,200,829.121922,0.033433075446310495,False,False,[0.30028644 0.57407729 0.190046  ]
1416.246298,200,829.429278,0.033101614994326276,False,False,[0.38312441 0.0013826  0.34649348]
1257.556721,200,829.74598,0.0362978476594578,False,False,[ 0.70132805 -0.05579476  0.16080038]
1362.491124,200,830.150689,0.05415609072169181,False,False,[0.25909299 0.27488844 0.73692844]
1550.0235,200,830.453582,0.07108405233741538,False,False,[0.31674546 0.08586663 0.44316191]
903.215346,200,830.759935,0.12092606994371405,False,False,[ 0.11587718 -0.06034627  0.41355661]
1586.440937,200,831.586743,0.017611537773453766,False,False,[0.10621874 0.1828678  0.80101891]
1539.084346,200,831.897482,0.026879668524894623,False,False,[0.43868545 0.16375393 0.56856087]
1575.404773,200,832.21125,0.05375002591176078,False,False,[ 0.63324243 -0.03132342  0.32427554]
1208.501383,200,832.623806,0.04724144188074981,False,False,[0.7439939  0.30134093 0.17408842]
1114.633037,200,833.025198,0.052231785160115875,False,False,[ 0.66876099 -0.05138471  0.15921752]
1253.932811,200,833.334419,0.0226973275427025,False,False,[0.12449358 0.44986209 0.24675432]
1574.794832,200,833.630533,0.010931733892483258,False,False,[0.40176445 0.39225522 0.26689577]
1615.950164,200,833.9421,0.023867927551943356,False,False,[0.32803385 0.44871522 0.44420927]
1139.679415,200,834.248562,0.07881802727207743,False,False,[ 0.22974068 -0.05386006  0.3646053 ]
1430.837205,200,834.534761,0.03575972602695317,False,False,[0.2265076  0.33989302 0.23451103]
1224.329632,200,835.302858,0.0788221359417713,False,False,[0.16190263 0.08426155 0.49327169]
1473.361747,200,835.607223,0.03340049280593944,False,False,[0.48537875 0.32880623 0.15582377]
1139.975354,200,836.008847,0.057703226882065146,False,False,[ 0.19336676 -0.01027552  0.57086567]
1506.182881,200,836.316787,0.04212886764435378,False,False,[0.24810242 0.34837137 0.18185643]
1332.223292,200,836.619347,0.03190131272767498,False,False,[0.31818608 0.43308197 0.28471018]
1320.639575,200,836.922942,0.012931231256523741,False,False,[0.17843803 0.36102417 0.22538873]
1299.078752,200,837.247853,0.025105827061286754,False,False,[0.48358243 0.47010099 0.25514576]
1243.30767,200,837.553276,0.017702244163791413,False,False,[0.79529006 0.08188439 0.28519208]
1197.231748,200,837.861081,0.030921782928366188,False,False,[0.16500098 0.38823073 0.1681692 ]
1833.766778,200,838.176192,0.03178172307508108,False,False,[0.45184048 0.22145798 0.67387256]
1370.575139,200,838.490322,0.036308320190552065,False,False,[0.18362799 0.22305521 0.57991962]
1374.17728,200,839.285475,0.0401942403931817,False,False,[ 0.37608299 -0.00106478  0.24076783]
1414.692053,200,839.594349,0.05790564830824775,False,False,[0.41222027 0.36688786 0.31812579]
1528.002061,200,839.896295,0.042801229734011265,False,False,[0.20675711 0.4492851  0.39467283]
1437.664028,200,840.213914,0.011535438110406082,False,False,[0.32647568 0.27113529 0.28577918]
1284.936858,200,840.508101,0.03576977767009174,False,False,[0.2149345  0.12127279 0.24555582]
1353.541782,200,840.83832,0.06273581721909373,False,False,[ 0.34899305 -0.09335785  0.49888986]
1697.434185,200,841.14679,0.019857088553555568,False,False,[0.5039473  0.26899172 0.48324248]
1047.849579,200,841.460951,0.11555285060919827,False,False,[0.14641542 0.43721788 0.27655439]
742.355881,45,841.612453,0.03465590180929096,False,True,[0.10092031 0.2773247  0.60259816]
1404.427503,200,841.924962,0.023614470761075868,False,False,[0.37940864 0.13772226 0.44487683]
1422.946865,200,842.221039,0.05347467054837573,False,False,[0.46804978 0.25410221 0.20660333]
1114.001507,99,842.910478,0.009797283687458082,False,True,[0.2441215  0.63222009 0.37327054]
1308.311587,119,843.142189,0.011814559796367072,False,True,[0.24657791 0.43182772 0.57082752]
1259.511447,200,843.453305,0.07126826504519096,False,False,[ 0.45326585 -0.0433829   0.69899501]
1439.017053,200,843.772444,0.01078620320773889,False,False,[0.30157515 0.36882726 0.54016933]
699.133144,40,843.920827,0.04331895599886935,False,True,[0.14748315 0.29025609 0.75997097]
1230.89637,200,844.237192,0.04587553309310362,False,False,[0.39722273 0.2295566  0.14538336]
1351.094852,200,844.547712,0.021779317880037688,False,False,[0.30996269 0.09195836 0.54558197]
1402.456789,200,844.862524,0.05437184694816759,False,False,[0.58631911 0.1802559  0.5003956 ]
1113.519871,96,845.067693,0.03210495171165286,False,True,[0.51037268 0.10910333 0.60225074]
1236.852141,118,845.300561,0.04215767201817893,False,True,[ 0.74080272 -0.06836719  0.30597847]
963.460246,70,845.580826,0.013185120912160397,False,True,[ 0.3550543  -0.06852293  0.45638637]
1403.197713,200,845.893675,0.044128906339371304,False,False,[0.38340863 0.06213215 0.31137334]
1415.304012,200,846.209532,0.030422601503326936,False,False,[0.39430525 0.11041827 0.24895642]
-23.618713,23,846.346214,0.10010367223030327,True,False,[0.78996211 0.0690584  0.11366366]
1380.068529,200,847.156335,0.010990223700331673,False,False,[ 0.48320761 -0.01258699  0.35017798]
1254.381697,200,847.476033,0.06013852490785409,False,False,[0.32558802 0.51372753 0.1620739 ]
1693.304359,193,847.785809,0.036799768621820175,False,True,[0.12594997 0.57446442 0.4075458 ]
1497.973883,137,848.040037,0.045831334217361,False,True,[ 0.43590517 -0.00708833  0.54820052]
1367.688332,200,848.342439,0.0782199077033318,False,False,[ 0.64129199 -0.05576194  0.54408764]
846.793252,59,848.616025,0.04125436597093418,False,True,[0.30313229 0.10599626 0.69242858]
1735.084461,174,848.891801,0.03574341097881696,False,True,[0.3719998  0.3852859  0.55166292]
1366.980737,200,849.212854,0.030727554624381707,False,False,[0.35657907 0.07442608 0.4487873 ]
1370.816655,200,849.508176,0.06900836389487208,False,False,[0.25887623 0.39590777 0.48813028]
1261.782958,200,849.814834,0.06013351962243432,False,False,[0.27407211 0.41479088 0.16822886]
1415.873165,200,850.113502,0.03669763105768433,False,False,[0.43272282 0.02908898 0.24191317]
1403.019232,200,850.929431,0.053952830759076774,False,False,[0.45555403 0.29382819 0.14681077]
1346.215358,200,851.249282,0.03310366384950064,False,False,[0.58304228 0.40942559 0.40548278]
1512.824676,152,851.515637,0.02910638264336474,False,True,[0.37030187 0.20312513 0.23285167]
1336.862804,200,851.824761,0.031660602150056456,False,False,[0.49691252 0.216016   0.50490796]
1225.870663,200,852.1393,0.05394693017318348,False,False,[ 0.27464116 -0.06168848  0.52520909]
339.599728,77,852.322382,0.04014789609958776,True,False,[0.58367075 0.13206505 0.10818776]
875.322938,74,852.503125,0.03375727218451735,False,True,[0.24855183 0.09414225 0.17821668]
1426.205049,200,852.812102,0.014194592125449908,False,False,[0.38225776 0.40780879 0.37378655]
1349.611729,200,853.122735,0.02057388264454172,False,False,[0.67966518 0.04596867 0.42235646]
1471.449041,140,853.386265,0.01937425239503681,False,True,[0.45798552 0.19014371 0.47151546]
1225.847955,200,853.69363,0.06857440736676038,False,False,[0.18759889 0.58933857 0.45466392]
1480.721947,200,854.002084,0.05014307031738178,False,False,[0.52699738 0.24046338 0.46625077]
1231.782587,200,854.778046,0.03874511681648983,False,False,[ 0.56634237 -0.06767535  0.17132261]
1306.235512,200,855.17339,0.053452385185204405,False,False,[0.20719966 0.27736636 0.7752348 ]
1399.658425,200,855.477971,0.016187249088644315,False,False,[0.19916006 0.26566522 0.34354183]
849.383824,65,855.653635,0.025240990101795275,False,True,[0.66013159 0.18098283 0.12444102]
1367.02921,200,856.009096,0.03507203766746133,False,False,[ 0.60097027 -0.06606663  0.33810169]
369.356445,87,856.307772,0.0566416608534357,True,False,[0.81448005 0.19691294 0.12103025]
1017.229898,200,856.6118,0.0926131659942094,False,False,[ 0.2649402  -0.07074472  0.66252545]
114.16592,48,856.76393,0.021632066829975944,True,False,[0.63321413 0.51158221 0.10107277]
1222.689482,200,857.172454,0.07541207655191759,False,False,[0.20707918 0.39288781 0.6639402 ]
961.827123,164,857.457929,0.032647154725023,True,False,[0.32578251 0.39748522 0.10988109]
1292.363145,200,857.75803,0.03749315146915199,False,False,[0.5746296  0.51245278 0.20565904]
1231.05916,200,858.065311,0.03290075313503052,False,False,[0.21185543 0.57858271 0.37570133]
1122.94691,200,858.374511,0.027929490523455718,False,False,[0.18980091 0.49061272 0.28874394]
6.579725,39,858.518769,0.10379558385059362,True,False,[0.28236238 0.69663286 0.12081407]
1445.174174,200,859.323709,0.01719605130882814,False,False,[0.39700859 0.08780736 0.25129061]
1377.111967,200,859.634139,0.040079630936944,False,False,[0.41007316 0.59019012 0.45013423]
1256.684671,200,859.93444,0.04319882465002016,False,False,[0.16052984 0.38093499 0.31497027]
1466.608402,200,860.238705,0.051464167193545705,False,False,[0.24168193 0.26667562 0.20884933]
1376.177191,200,860.545013,0.036689165573653766,False,False,[0.23569867 0.39440881 0.23166278]
1273.435818,200,860.840679,0.03398543081225424,False,False,[0.49283679 0.58320618 0.25464757]
1393.036881,200,861.148,0.030218699746597653,False,False,[0.52611083 0.09645728 0.26857369]
1377.375763,200,861.464639,0.014840134815737982,False,False,[ 0.48738831 -0.08714875  0.32871673]
303.796082,200,861.77284,0.024277856628347777,False,False,[0.41531659 0.35117831 0.32488826]
1450.563834,200,862.079596,0.01962789314189291,False,False,[0.20963237 0.44944933 0.28389082]
699.918779,140,862.810796,0.10651495965763412,True,False,[0.43321778 0.62276159 0.14621745]
1357.768294,200,863.113966,0.03510636425635975,False,False,[0.42680129 0.54616926 0.29351595]
1520.952021,200,863.424526,0.05075326178523032,False,False,[0.23376586 0.37011641 0.20716189]
1588.295722,200,863.750338,0.04465175648297522,False,False,[0.62159275 0.21373407 0.42477615]
854.265338,200,864.060388,0.13645655573253995,False,False,[ 0.14201854 -0.09620846  0.50897394]
1153.253922,200,864.365935,0.04941010716291576,False,False,[ 0.40214324 -0.09052168  0.22397049]
1299.22945,200,864.672092,0.03676371705582215,False,False,[0.3487497  0.54806584 0.22425323]
307.336797,76,864.856519,0.14616584922982614,True,False,[ 0.45447191 -0.01968996  0.1034341 ]
1489.209401,200,865.164078,0.0632305579111508,False,False,[0.11553334 0.10796351 0.67837307]
1326.417265,200,865.478004,0.03386019322114568,False,False,[0.63913433 0.14109391 0.25428684]
1185.050158,200,865.785595,0.06101685335654225,False,False,[0.50995732 0.54745576 0.25827792]
1411.299722,200,866.577993,0.03811173866502887,False,False,[0.56918682 0.00232709 0.42807936]
1409.962947,200,866.977457,0.0384412742594023,False,False,[0.35520697 0.03157983 0.45228279]
1354.861303,200,867.290623,0.03773862436860359,False,False,[0.59320885 0.35614456 0.41759648]
1299.706321,200,867.614305,0.03399784185717055,False,False,[0.2343211  0.1748114  0.72893511]
1320.612181,200,867.916207,0.025798873258224397,False,False,[0.71716303 0.02570527 0.23567888]
1035.916657,200,868.230058,0.05487829311530227,False,False,[ 0.26084042 -0.06529991  0.19026174]
1343.726592,200,868.531072,0.05140280166835756,False,False,[0.26065101 0.33286214 0.49009934]
1436.218313,200,868.843158,0.03636039820979895,False,False,[0.56147829 0.22846219 0.43100939]
209.076613,63,869.017797,0.04214159841538903,True,False,[0.75871674 0.06087138 0.12928972]
1626.014168,200,869.331546,0.027694824625394698,False,False,[0.33288947 0.32563328 0.3334506 ]
1367.556941,200,869.653478,0.07759714028558949,False,False,[0.35613372 0.50916203 0.32732612]
1347.651763,200,870.439124,0.059593754567670194,False,False,[0.36918291 0.28731257 0.34478579]
1408.476277,200,870.745095,0.026620035877488946,False,False,[0.25146991 0.15132923 0.48182962]
1299.597113,200,871.055139,0.031078154079567922,False,False,[0.28890251 0.44197399 0.14460449]
1228.430907,200,871.364965,0.07378844670689988,False,False,[0.69433228 0.1071875  0.46343385]
1377.029729,200,871.681498,0.04953646600449227,False,False,[0.41802914 0.56580581 0.25020216]
1501.317732,200,871.987333,0.02476678464012317,False,False,[0.55843574 0.07318318 0.40590746]
1035.810151,200,872.295935,0.07808785930604584,False,False,[ 0.16156178 -0.02894554  0.41278077]
1178.991586,200,872.611764,0.05338205817587338,False,False,[0.31997043 0.00575452 0.71475905]
1321.441984,200,872.919229,0.03426379631276173,False,False,[ 0.56928141 -0.02114816  0.54556345]
1362.763915,200,873.329491,0.020136708129925757,False,False,[0.378108   0.18364264 0.68079152]
1524.276405,200,874.126894,0.033501506365831726,False,False,[0.5297291  0.25244768 0.15563458]
274.726917,200,874.425262,0.18019595181799405,False,False,[0.42491142 0.11948798 0.67584882]
1318.64112,200,874.73411,0.05315809861891342,False,False,[0.28976601 0.17420157 0.42461542]
664.80065,200,875.041149,0.18802171382011812,False,False,[ 0.10431574 -0.05657556  0.79065643]
1194.812988,200,875.350519,0.06555774558434532,False,False,[0.64581438 0.04202073 0.110373  ]
1378.742499,200,875.667418,0.02851195798624602,False,False,[ 0.5783716  -0.03344533  0.49189528]
1403.734601,200,875.977734,0.051682461226246,False,False,[0.48354229 0.23653452 0.37679116]
1396.452623,200,876.290656,0.04011480179974129,False,False,[0.19498932 0.2409717  0.39477949]
1418.584193,200,876.596085,0.06291865489060378,False,False,[0.56236022 0.29565771 0.4896014 ]
1410.160525,200,876.907035,0.036968200128362244,False,False,[0.29176523 0.40404562 0.2776213 ]
1003.419388,200,877.692162,0.08855931980695547,False,False,[ 0.33307236 -0.04421503  0.12992631]
1761.434631,200,877.992467,0.05142216021457534,False,False,[ 0.6197471  -0.0413524   0.35137936]
-19.911026,30,878.229332,0.14628874851538728,True,False,[0.35646897 0.6967998  0.1032831 ]
1595.163242,200,878.539111,0.024937083141277766,False,False,[0.30549871 0.28578498 0.34083722]
1218.605301,200,878.835623,0.019445092326856882,False,False,[0.41255182 0.48457432 0.13999459]
1487.588471,200,879.135344,0.13050632755064295,False,False,[0.17443144 0.26878482 0.26689433]
1373.444409,200,879.426464,0.04243846151438714,False,False,[0.46456585 0.44668023 0.22408583]
1208.657788,200,879.743484,0.07821996039630576,False,False,[0.71694895 0.38384915 0.2411651 ]
1288.870836,200,880.149262,0.06244096366556189,False,False,[0.2560955  0.61607233 0.31406739]
1483.296813,200,880.455788,0.01470448726215305,False,False,[0.29898174 0.26795786 0.43554681]
1623.950006,200,880.771616,0.06660388139893746,False,False,[0.35507077 0.23032358 0.43729712]
1144.662204,200,881.074221,0.013940515092043049,False,False,[0.32098691 0.48339921 0.3636863 ]
1483.668478,200,881.87728,0.04784111083403709,False,False,[0.49733046 0.57895396 0.2149481 ]
1422.46541,200,882.188769,0.07529931905146318,False,False,[0.268895   0.01520673 0.64700398]
1261.268692,200,882.503198,0.05956289770001563,False,False,[ 0.6972643  -0.04860595  0.16141762]
1447.659537,200,882.919664,0.0360824013643405,False,False,[0.11417254 0.21433539 0.72533532]
1426.784315,200,883.223008,0.015405558423295544,False,False,[0.38723709 0.33654764 0.35671913]
1353.014498,200,883.539773,0.026770394417921447,False,False,[0.60028368 0.36143924 0.41620821]
1398.473936,200,883.864934,0.025923748739333098,False,False,[0.41131784 0.49478816 0.40931519]
1223.910539,200,884.174193,0.0358210275565972,False,False,[0.69488287 0.08561148 0.23643604]
1342.287711,200,884.475211,0.023119264172643303,False,False,[0.60732824 0.32862914 0.46997287]
1126.429781,200,884.776584,0.027640929354985497,False,False,[0.11427825 0.5316447  0.11785809]
1415.916206,200,885.565593,0.018671548734704866,False,False,[0.38569851 0.11643788 0.36397205]
1296.249843,200,885.870182,0.02048872449029205,False,False,[0.6430897  0.33207191 0.3388051 ]
1320.768833,200,886.282772,0.043710885003074865,False,False,[0.2345826  0.07461809 0.31600909]
1086.351102,200,886.59107,0.06923560980663805,False,False,[0.21682538 0.27545191 0.1021104 ]
1248.141286,200,886.895513,0.05457138467382896,False,False,[0.20626747 0.28921536 0.14765554]
1405.890823,200,887.216373,0.02339063980134652,False,False,[0.65683254 0.01209239 0.41218908]
1294.527808,200,887.653037,0.07296997924349491,False,False,[0.44529118 0.0034132  0.53386257]
1604.811032,200,887.967365,0.022327437756829726,False,False,[0.64967067 0.05480829 0.45874829]
1378.248429,200,888.263672,0.019278112613134377,False,False,[0.29310088 0.46965596 0.28844632]
1377.100747,200,888.589815,0.04164622496990101,False,False,[0.60497436 0.21113305 0.53174367]
1398.969424,200,889.374151,0.02401992532159021,False,False,[0.41922164 0.38720959 0.50554378]
1204.235045,200,889.681183,0.09593484767894914,False,False,[0.29144054 0.04389137 0.71617203]
432.673145,91,889.886377,0.07074467133156705,True,False,[0.72690522 0.07536868 0.1209613 ]
1414.627808,200,890.19655,0.016589840662048723,False,False,[0.61213855 0.14794418 0.3500931 ]
180.262812,74,890.387079,0.08107973040963565,True,False,[0.12895221 0.69643255 0.10192318]
490.171857,103,890.60357,0.05175944700577267,True,False,[0.28114973 0.62993783 0.13132792]
1218.028041,200,890.898667,0.04774220679622145,False,False,[0.57117982 0.49233012 0.20704041]
1387.636823,200,891.311146,0.04455535953470308,False,False,[ 0.44505323 -0.06242997  0.27286862]
1366.219241,200,891.622232,0.01690601098590169,False,False,[0.46928958 0.46157399 0.44234953]
1417.38795,200,891.940333,0.033587383289732625,False,False,[0.17824581 0.17432119 0.63975548]
1598.851789,200,892.246888,0.044871390831723375,False,False,[0.38407942 0.16111021 0.29670001]
960.275446,200,892.547273,0.10650840823568838,False,False,[0.15677312 0.64877044 0.34386896]
1684.826836,200,893.330277,0.03272581690732046,False,False,[0.52132757 0.16796054 0.54003993]
1465.35458,200,893.639436,0.030224470134823378,False,False,[ 0.55437845 -0.01311971  0.39070061]
1370.402474,200,894.063004,0.053276986452664855,False,False,[0.48206675 0.1404912  0.67454754]
1510.202531,200,894.365676,0.02781500294190173,False,False,[0.12913872 0.43323024 0.19821761]
1337.285629,200,894.660329,0.044535056682726,False,False,[0.36153881 0.19875412 0.19211785]
1120.196582,200,894.956871,0.08166498785305334,False,False,[0.21668664 0.36863248 0.32647646]
1313.443739,200,895.254915,0.05014412525957213,False,False,[0.68753807 0.29996775 0.37919647]
1671.406388,200,895.659343,0.013088549886714726,False,False,[0.46176075 0.13824429 0.56447253]
1398.901806,200,895.966782,0.03292387768744867,False,False,[0.50684925 0.38378517 0.38810388]
1470.919918,200,896.272464,0.04737255736709088,False,False,[0.31419857 0.52204431 0.51027909]
1567.056632,200,897.078418,0.035676702746205366,False,False,[0.51110974 0.4491763  0.47933396]
1332.032586,200,897.39805,0.06744056667133984,False,False,[0.3423654  0.52756169 0.48430164]
871.823475,196,897.704531,0.11057815634840917,True,False,[ 0.2367671  -0.03147925  0.1028451 ]
1453.026272,200,898.029281,0.04374821096365722,False,False,[0.48658784 0.3205994  0.51102506]
1236.915996,200,898.341146,0.09077913248861544,False,False,[0.68179212 0.1730896  0.13755758]
1230.693542,200,898.639313,0.03733643990991233,False,False,[0.2611767  0.46383065 0.41071779]
1463.794393,200,898.957858,0.04330316146024373,False,False,[0.45915236 0.25231554 0.52288385]
1689.87125,200,899.266391,0.03425874435961558,False,False,[0.32345766 0.05472583 0.57313267]
1295.404473,200,899.583393,0.07697255269840651,False,False,[0.26810091 0.52171164 0.39804186]
1456.563564,200,899.892979,0.05741406739250571,False,False,[ 0.4077141  -0.03214282  0.51071839]
1374.913577,200,900.674347,0.08524483827345564,False,False,[0.24979675 0.29189956 0.2609348 ]
518.687926,102,900.885065,0.06495279313324333,True,False,[0.6885699  0.11281821 0.10773818]
1328.718358,200,901.198047,0.04703230591724431,False,False,[0.47766504 0.45901383 0.25253302]
1299.780602,200,901.51322,0.057931034701105034,False,False,[ 0.56457858 -0.08157934  0.53400056]
1329.528726,200,901.828298,0.058465816500073,False,False,[0.26172677 0.0471093  0.11615193]
2014.605201,200,902.14034,0.05013325247680127,False,False,[0.47108502 0.3243803  0.38681444]
1129.102032,200,902.448112,0.07517283585731772,False,False,[ 0.79390838 -0.05463849  0.2200769 ]
365.723397,200,902.757497,0.012874813955888454,False,False,[0.22696186 0.39683071 0.27237574]
1234.573013,200,903.067935,0.07471426692222877,False,False,[0.13775462 0.13696798 0.78121741]
1076.911308,200,903.379225,0.04880011793093421,False,False,[0.53266349 0.63941396 0.13597855]
1356.109034,200,903.786009,0.03355333628498118,False,False,[0.24040232 0.25445817 0.47956942]
1315.736702,200,904.589829,0.032320779772247156,False,False,[ 0.55937283 -0.05688327  0.26939394]
-32.03148,82,904.782603,1.4017414467213019,True,False,[0.48278427 0.42642667 0.20733627]
1149.382364,200,905.115928,0.02438293977022835,False,False,[0.53893858 0.37185456 0.13131844]
-73.378429,114,905.338757,1.1296093180223872,True,False,[0.20203835 0.68517195 0.37530923]
1385.724498,200,905.635119,0.0139868966023131,False,False,[0.5995958  0.11787056 0.45968757]
1015.123505,200,905.94458,0.08267410213044754,False,False,[ 0.12315187 -0.0073828   0.58654893]
1491.897951,200,906.262813,0.032541501940048755,False,False,[0.17438598 0.56140184 0.38272211]
1304.163336,200,906.56735,0.031022411450373176,False,False,[0.57321387 0.34880141 0.30063359]
1615.471187,200,906.875292,0.05289442416301375,False,False,[0.40058214 0.26014283 0.60723547]
1249.342107,200,907.188501,0.046765623903158846,False,False,[0.2914038  0.60258735 0.22295748]
1359.230629,200,907.504253,0.011339754345259613,False,False,[0.23266917 0.11467998 0.59363078]
1433.046456,200,908.29603,0.024842941869395334,False,False,[0.48847    0.11659884 0.57906148]
1133.377877,200,908.609859,0.08316113826322563,False,False,[0.5326743  0.01122333 0.15908881]
1331.927775,200,908.921315,0.015027118927299772,False,False,[ 0.42478061 -0.07804266  0.5755754 ]
1239.677135,200,909.223282,0.02996813463728118,False,False,[0.78202093 0.20165855 0.24052483]
1219.151361,200,909.535157,0.0534589581807621,False,False,[ 0.37483451 -0.00235532  0.72328809]
1359.775049,200,909.843456,0.02108322051050757,False,False,[0.33287653 0.5820507  0.37101972]
456.140949,93,910.053596,0.14052775006215823,True,False,[0.47791084 0.30764693 0.13381251]
976.591838,200,910.371505,0.049153016964306406,False,False,[0.66457198 0.48593708 0.10763403]
1327.446619,200,910.78255,0.04383378530511176,False,False,[0.57365986 0.32811423 0.32102127]
1237.915968,200,911.086855,0.013238549863395482,False,False,[0.39326989 0.39206873 0.1791267 ]
1353.294101,200,911.400543,0.023584589928415185,False,False,[0.25030157 0.33386353 0.69988063]
1306.73666,200,912.200548,0.019734939776941227,False,False,[0.19056135 0.50704746 0.60003716]
1202.869479,200,912.510828,0.0639664227653314,False,False,[0.15628252 0.12805904 0.49631371]
1388.254539,200,912.820263,0.04742406512202429,False,False,[0.4787722  0.42980002 0.52134337]
1188.028669,200,913.143426,0.08063721737655503,False,False,[0.13485395 0.58679053 0.1916689 ]
1278.471102,200,913.459935,0.0950109283882614,False,False,[0.18480495 0.19491128 0.44098158]
1236.254029,200,913.764472,0.05510598177147405,False,False,[0.54187369 0.21820909 0.24235589]
1372.133165,200,914.077137,0.05000948837951641,False,False,[0.63050581 0.15214935 0.31968179]
1145.030434,200,914.383321,0.06822958641403817,False,False,[0.27820605 0.47537564 0.11451975]
1662.561457,200,914.691095,0.04514184301192626,False,False,[ 0.38628823 -0.07247811  0.49970225]
1439.61231,200,915.015538,0.03470047361929765,False,False,[0.36320017 0.25126486 0.32799615]
1462.304007,200,915.80982,0.059530080316754656,False,False,[0.44235594 0.36274343 0.44210308]
958.592526,200,916.117173,0.0836880103734304,False,False,[ 0.14664119 -0.01592496  0.47858634]
1427.638418,200,916.420193,0.025500043272125184,False,False,[0.29026019 0.17976324 0.57628663]
1169.801727,200,916.738093,0.03327764710450972,False,False,[0.18080702 0.00736738 0.34492649]
1232.945386,200,917.046836,0.06620733863329877,False,False,[0.17004028 0.34764159 0.67854417]
1206.023852,200,917.362617,0.03733647884170271,False,False,[0.14797933 0.61786618 0.32537719]
1287.615991,200,917.684214,0.01772611724148897,False,False,[0.52809398 0.49107234 0.32746181]
1189.718996,200,917.995173,0.0425026434542598,False,False,[0.35822462 0.34766525 0.10428542]
1576.052548,200,918.316069,0.025679093637446717,False,False,[0.17735509 0.09888939 0.65823513]
1139.92054,200,918.61752,0.09736451575877804,False,False,[ 0.20768251 -0.03619079  0.44147684]
1189.817914,200,918.932847,0.0630381623410551,False,False,[0.52220607 0.25921573 0.11616987]
1380.994749,200,919.732136,0.008777497601437435,False,False,[0.16282714 0.38874674 0.45923891]
1227.249587,200,920.050429,0.08115216294192432,False,False,[0.11299948 0.4610084  0.66177882]
986.454817,200,920.366967,0.0815353407944656,False,False,[0.13779126 0.03896784 0.80197921]
1241.449486,200,920.674133,0.06593961311872952,False,False,[0.1884995  0.06162549 0.30620452]
1521.701111,200,920.982108,0.03466339965582185,False,False,[0.54570458 0.01148571 0.21396073]
1469.340091,200,921.294097,0.01840299732240777,False,False,[0.38507161 0.32448096 0.41110506]
1385.929371,200,921.60144,0.05772425726011797,False,False,[0.28305247 0.074659   0.68560642]
1263.566401,200,921.927392,0.025185710687508155,False,False,[0.43708202 0.66420034 0.17806995]
1443.144103,200,922.229901,0.029437117482641356,False,False,[0.29755623 0.2775136  0.72722082]
1184.272466,200,922.542024,0.05718109887720227,False,False,[0.63708709 0.29651906 0.15469518]
1296.022038,200,923.435145,0.03271827520647385,False,False,[0.32290476 0.43254808 0.18862974]
1346.884204,200,923.739091,0.025128714765598404,False,False,[0.55152466 0.23217729 0.25413976]
1162.708189,200,924.04713,0.03470067528753879,False,False,[0.50227134 0.11226285 0.14392994]
1178.637207,200,924.359989,0.041874031975226635,False,False,[0.10456113 0.09505735 0.77237792]
-16.327151,24,924.492088,0.13878350312607104,True,False,[0.76097551 0.10828619 0.12956276]
1379.518019,200,924.793354,0.018926830496726957,False,False,[0.46733463 0.22709505 0.22257593]
1200.552633,200,925.101097,0.04149665813152796,False,False,[0.10480181 0.18835859 0.53350746]
1212.15533,200,925.407524,0.04744667183425906,False,False,[0.37521811 0.67119349 0.16048522]
793.213282,200,925.714662,0.13744652954251171,False,False,[ 0.2085061  -0.06449544  0.810369  ]
1296.807946,200,926.037419,0.016971518462957094,False,False,[0.16212523 0.42555493 0.6813605 ]
1332.773672,200,926.374388,0.02452781548998844,False,False,[0.20038325 0.39083187 0.5719107 ]
165.238771,48,926.533719,0.05459592988595059,True,False,[0.46158791 0.28310202 0.1076827 ]
738.101844,200,927.428217,0.17704849277374396,False,False,[ 0.1545098  -0.06605884  0.79381773]
865.424125,200,927.728931,0.10385380781454524,False,False,[ 0.19082297 -0.07753985  0.61537246]
1316.807435,200,928.047577,0.014394857285593442,False,False,[0.34281465 0.53291448 0.48211144]
1274.021344,200,928.362894,0.0778228786253356,False,False,[0.19069809 0.41615272 0.57650851]
1417.505893,200,928.667314,0.0326054336014894,False,False,[0.49103735 0.03195723 0.58580117]
1258.069568,200,928.981338,0.04778044189758463,False,False,[0.23842027 0.35285021 0.37295148]
1260.907452,200,929.285292,0.04173398010581755,False,False,[0.18605439 0.5370504  0.40745018]
1269.683994,200,929.605347,0.11117206498154451,False,False,[0.4704972  0.48359484 0.38279265]
1810.22385,200,929.915247,0.03829237734698342,False,False,[0.33012601 0.43755602 0.5732433 ]
1454.203775,200,930.216819,0.05849870891195447,False,False,[0.37302697 0.14964159 0.44568578]
1609.624249,200,931.010546,0.04962992174511897,False,False,[0.50326782 0.08293325 0.41368   ]
1342.466143,200,931.315833,0.029844225593124458,False,False,[0.38003331 0.06596821 0.58181991]
1193.721795,200,931.630491,0.06850264718091902,False,False,[0.38694622 0.11294576 0.16264159]
1345.481022,200,931.93333,0.04734899175551583,False,False,[0.54052817 0.42753571 0.39423807]
1182.350702,200,932.239436,0.0684778860479709,False,False,[ 0.72776218 -0.04804608  0.2108057 ]
332.821065,200,932.55591,0.03336208133947803,False,False,[0.54387533 0.05085209 0.46865435]
906.688668,200,932.855307,0.0803858747092007,False,False,[ 0.12799065 -0.03614019  0.579256  ]
1009.730284,200,933.157997,0.0920918278784105,False,False,[ 0.41740815 -0.02105548  0.10126895]
1350.902776,200,933.456301,0.0438875874016934,False,False,[0.53745844 0.11052221 0.61730406]
1523.122941,200,933.759771,0.039472012079211895,False,False,[0.5906867 0.4138507 0.4457002]
1366.458201,200,934.562753,0.03230882546435555,False,False,[ 0.51484863 -0.0475976   0.36366859]
1258.353317,200,934.977401,0.09388504519678831,False,False,[0.46474489 0.45554916 0.34148593]
1915.401782,200,935.306033,0.03022994473076767,False,False,[0.5009292  0.02646568 0.31416966]
1265.728183,200,935.616559,0.05824173725550366,False,False,[0.72723583 0.21357864 0.27903892]
1317.77526,200,935.915057,0.04718583383975983,False,False,[0.44704519 0.61111761 0.28085529]
1180.132851,200,936.217835,0.036764433126492406,False,False,[0.17413914 0.67982345 0.44844983]
1347.318989,200,936.543671,0.04363251552607236,False,False,[0.3409684  0.45019751 0.36038417]
1345.529034,200,936.852295,0.018347438895830598,False,False,[0.18262912 0.43596797 0.4059683 ]
1033.845645,200,937.159774,0.06226682417494131,False,False,[0.11419743 0.02479465 0.53574543]
1230.251666,200,937.458849,0.10288352226614438,False,False,[0.63197028 0.04349675 0.14934407]
1274.899028,200,937.765901,0.04828291332344828,False,False,[0.10435926 0.62725978 0.25837795]
1461.220879,200,938.566488,0.06451538739909284,False,False,[0.28587044 0.1608984  0.20570381]
989.478917,198,938.88397,0.06882579760353419,True,False,[0.11702648 0.03715237 0.19238703]
1595.634259,200,939.19382,0.030503818967260756,False,False,[0.58045575 0.18554265 0.40340234]
1261.547724,200,939.502666,0.08694534119748956,False,False,[0.36893505 0.48195392 0.13068301]
1539.655352,200,939.817334,0.042169210851584496,False,False,[0.37130813 0.48703282 0.21085321]
1185.87039,200,940.127857,0.06340208357954571,False,False,[ 0.48624814 -0.0730114   0.19919714]
1459.335722,200,940.537849,0.06289890237126754,False,False,[0.2881118  0.32734611 0.13691349]
1414.312403,200,940.849213,0.03949669247705758,False,False,[0.35182718 0.11408562 0.29408809]
867.559538,200,941.164106,0.1311441364456254,False,False,[ 0.24917176 -0.09741384  0.71607382]
1064.097468,200,941.477085,0.05385116752276977,False,False,[ 0.46463299 -0.0850285   0.15567553]
191.265248,70,942.129143,0.07448719940080448,True,False,[0.1441819  0.62994431 0.13454059]
1264.122264,200,942.446257,0.03704690656186925,False,False,[0.73979916 0.04338394 0.34770293]
1599.051656,200,942.752051,0.05756144471539576,False,False,[ 0.48923928 -0.06283157  0.30255049]
1199.717612,200,943.06644,0.05820155016375595,False,False,[0.35500404 0.02509698 0.70745074]
1440.979125,200,943.374727,0.013226906269053637,False,False,[0.38593346 0.17467807 0.34040876]
1211.190747,200,943.674864,0.07396623269139047,False,False,[0.15336974 0.12483081 0.67672174]
1363.700009,200,943.976514,0.038303072633064934,False,False,[0.20211609 0.38169905 0.4010998 ]
1364.661784,200,944.288819,0.02607888507343904,False,False,[0.16095422 0.23374859 0.75198597]
1307.851544,200,944.607496,0.050603575193179144,False,False,[0.62782078 0.0941176  0.56230823]
990.679087,200,944.923216,0.05354219505706582,False,False,[0.26331351 0.1153926  0.12044545]
1258.910276,200,945.234839,0.06578095478362914,False,False,[0.1555037  0.5187652  0.52797263]
1413.03762,200,946.029467,0.05982374966867534,False,False,[0.47559192 0.12162392 0.5524768 ]
1602.801713,200,946.348797,0.03511879776935383,False,False,[0.19516495 0.25818018 0.53933278]
1507.506248,200,946.665805,0.02805444344484375,False,False,[0.36337294 0.17287474 0.20584493]
1023.133855,200,946.977906,0.07607993178087011,False,False,[0.36028518 0.651309   0.14941541]
1407.907617,200,947.286283,0.021304330540600554,False,False,[ 0.49672474 -0.06463596  0.35673276]
407.409924,200,947.592813,0.03631546115196884,False,False,[0.23561277 0.29959937 0.61712455]
1246.258719,200,947.900945,0.04565462376386765,False,False,[0.25281408 0.53730421 0.57233337]
1337.09028,200,948.218842,0.03483544745027636,False,False,[0.41094411 0.25508528 0.18822823]
1165.00892,200,948.529154,0.08870354205359134,False,False,[0.54418393 0.49639537 0.39253733]
1355.470965,200,948.826183,0.02232561127523053,False,False,[0.36148911 0.48873299 0.23281734]
1058.371113,200,949.632284,0.09166277736810943,False,False,[0.19847548 0.64956576 0.46585255]
985.159645,200,949.946333,0.10139586969015188,False,False,[ 0.12809946 -0.01327633  0.40124962]
1260.265312,200,950.254428,0.06367185168017021,False,False,[0.33620492 0.5121325  0.35393374]
1202.284818,200,950.56479,0.05371356377255279,False,False,[0.43651022 0.55009756 0.27481349]
1532.428728,200,950.861674,0.020644506245280046,False,False,[0.33358526 0.42290482 0.41953209]
1322.655245,200,951.172571,0.05301148602269582,False,False,[0.35833218 0.57464312 0.44951633]
1383.636645,200,951.493221,0.056626621031773045,False,False,[ 0.47608078 -0.04391267  0.54702749]
1594.848653,200,951.804244,0.03446835825038887,False,False,[ 0.47976204 -0.00500309  0.5573796 ]
1416.136423,200,952.10761,0.019123019964260718,False,False,[0.29739071 0.22543976 0.49147818]
1072.712723,200,952.41275,0.08056104741497817,False,False,[0.11454393 0.54205026 0.19427826]
1393.715806,200,953.207254,0.018350656739413503,False,False,[0.34577613 0.13559785 0.43358293]
1238.353834,200,953.528493,0.051483780880072674,False,False,[0.64409252 0.20707125 0.16591632]
334.258967,98,953.737059,0.0764701390262223,True,False,[0.15583694 0.05110639 0.14406817]
1501.283277,200,954.044969,0.08317449195639041,False,False,[0.38059125 0.36513878 0.12234212]
1397.177636,200,954.359896,0.030444174133297457,False,False,[0.26201595 0.43480873 0.47780485]
1575.919058,200,954.676829,0.022797217439688443,False,False,[0.29941863 0.22284698 0.26818158]
1451.317449,200,954.98038,0.038866535960739336,False,False,[0.21619023 0.21486477 0.45793289]
963.412696,200,955.287575,0.10996196968150354,False,False,[0.21186487 0.0278488  0.79717633]
1264.293496,200,955.59094,0.07700113527768455,False,False,[0.29567508 0.00089312 0.15242709]
1427.068842,200,955.897975,0.03273652306558636,False,False,[0.21204644 0.16089172 0.57674858]
1184.518616,200,956.205009,0.03170053371996857,False,False,[0.44545216 0.68443892 0.19557989]
1246.338114,200,957.004273,0.05660184784561981,False,False,[0.24274229 0.37825648 0.19788426]
1387.6276,200,957.312447,0.020961144402574367,False,False,[0.26655274 0.1454068  0.35762259]
64.233319,43,957.46793,0.08485525773738195,True,False,[0.5405715  0.64274953 0.12151726]
1249.924608,120,957.791869,0.01027765086194067,False,True,[0.28678138 0.35689676 0.20706305]
985.372023,200,958.104673,0.07916837617582835,False,False,[0.21950474 0.12102837 0.80612354]
1117.134627,174,958.381228,0.08307681250894199,True,False,[0.63304922 0.47709375 0.12336037]
1299.036717,200,958.79353,0.027171300695313705,False,False,[ 0.40037635 -0.08301696  0.59029589]
1426.416627,200,959.106105,0.05973535307871002,False,False,[0.43129939 0.16640295 0.42804147]
1314.805942,200,959.418671,0.030579134853897724,False,False,[0.22367556 0.1368218  0.40354663]
1259.1187,200,959.727623,0.09240741761893333,False,False,[ 0.28402568 -0.04040262  0.31460568]
1394.232367,200,960.036381,0.03748514157604236,False,False,[0.3969221  0.34833798 0.26310545]
1321.944015,200,960.832533,0.02628577680238256,False,False,[ 0.37415718 -0.03217309  0.35372214]
1286.976517,200,961.141981,0.031797160485795554,False,False,[0.17504996 0.49219791 0.38312266]
1608.408317,200,961.447223,0.03853599250794098,False,False,[0.47668922 0.24289538 0.4047027 ]
1244.439478,200,961.759208,0.04463797472489585,False,False,[0.15780743 0.139153   0.55336985]
1420.210157,200,962.070297,0.033027760963224725,False,False,[0.37624739 0.18158055 0.50258601]
1556.163212,200,962.378779,0.02496179034912116,False,False,[0.1954831  0.09124682 0.23904535]
1493.055481,200,962.688946,0.04000938211323404,False,False,[0.3112341  0.39711525 0.1358674 ]
1306.035419,200,963.00615,0.044660238281888046,False,False,[0.79143343 0.14156305 0.26123807]
1416.028278,200,963.316779,0.06359777526878085,False,False,[0.38645623 0.03143951 0.37437225]
1426.779781,200,963.621345,0.02012760553969325,False,False,[0.42952872 0.39207431 0.34747481]
1344.347465,200,963.939273,0.044374166494448315,False,False,[0.60868073 0.30171346 0.41022843]
1553.715442,200,964.729026,0.055966760661226786,False,False,[0.3923481  0.67705021 0.27217628]
1354.350119,200,965.04471,0.02696160300133338,False,False,[0.56317461 0.36232407 0.47386094]
1153.312621,200,965.351842,0.03487543908853695,False,False,[ 0.42741552 -0.04222079  0.69243886]
1392.954231,200,965.669019,0.019989428877496742,False,False,[0.4298529  0.39853673 0.2638536 ]
1375.581193,200,965.993048,0.052620963974398624,False,False,[0.55392511 0.14313883 0.25485771]
1543.026231,200,966.29803,0.07105057446430177,False,False,[0.24861257 0.50348691 0.38864795]
1175.427206,200,966.605958,0.040686222027066545,False,False,[0.13885821 0.5409569  0.19901149]
1237.412973,200,966.921466,0.03323584936071855,False,False,[0.13537579 0.36018969 0.43939951]
1431.492469,200,967.223481,0.019723340909606382,False,False,[0.11563374 0.22526467 0.54318446]
1086.151531,200,967.536485,0.0764033022961317,False,False,[0.22828523 0.48921587 0.11821449]
1537.52191,200,968.350095,0.03587162720941415,False,False,[0.51071318 0.45173649 0.49673153]
1411.651813,200,968.664158,0.02453579168168096,False,False,[0.25406288 0.10965321 0.42835636]
1580.133147,200,968.977702,0.030840679411578135,False,False,[0.30359112 0.02391108 0.35849319]
1248.447023,200,969.286417,0.047696740948334,False,False,[0.42714993 0.45691766 0.11766022]
1325.86495,200,969.599262,0.022680262259668522,False,False,[0.39262286 0.61673612 0.31125337]
1314.209533,200,969.906651,0.03414781692868485,False,False,[0.29179653 0.56419915 0.22148   ]
1631.935163,200,970.215316,0.050269284263478126,False,False,[0.33904536 0.23799197 0.46011347]
1358.949046,200,970.524929,0.010597454546668512,False,False,[0.3908888  0.16866345 0.63555398]
1249.368514,200,970.831169,0.021875291886143084,False,False,[0.59036823 0.05550285 0.16517451]
1552.899407,200,971.144102,0.04981824606345212,False,False,[0.42952759 0.38286919 0.18243286]
1492.949344,200,971.942484,0.03806407700439863,False,False,[0.10532266 0.32403951 0.34382907]
560.562145,14,972.06505,0.04936797137096158,False,True,[0.49460255 0.07928877 0.13153032]
1481.390414,200,972.377145,0.014522689220802657,False,False,[0.55350915 0.28536305 0.48990229]
1230.9928,200,972.697026,0.02189135700180663,False,False,[0.2260023  0.06936252 0.68957588]
1309.422768,200,973.015713,0.12970757772971467,False,False,[0.549977   0.37829766 0.52274132]
194.975378,56,973.183268,0.22199405489047208,True,False,[0.19336667 0.09224493 0.37996363]
1339.84791,200,973.487059,0.01973265343337505,False,False,[0.42731454 0.50681976 0.33648669]
1301.761322,112,973.709913,0.010185751460693344,False,True,[0.56595422 0.08129321 0.49150552]
1301.736208,200,974.020327,0.07441196826435197,False,False,[0.59405759 0.34760952 0.40610022]
1356.679631,200,974.327915,0.02556602022657556,False,False,[0.13876415 0.24884516 0.29263936]
1323.292275,200,974.634696,0.04160125309505899,False,False,[0.60375912 0.17286971 0.50073201]
1388.444572,200,974.956619,0.007467365160603492,False,False,[0.50461509 0.02933802 0.62799599]
813.282012,43,975.10824,0.01985384517971392,False,True,[0.40410439 0.17242889 0.39309399]
292.826605,91,975.306943,0.08139103825661875,True,False,[ 0.1571485  -0.01582516  0.10970652]
1164.744535,200,976.106523,0.06600360370359334,False,False,[ 0.51228042 -0.05234659  0.14024032]
1570.576103,157,976.387981,0.03755660176331897,False,True,[ 0.46659772 -0.00713757  0.59641059]
1266.675688,200,976.699148,0.03925509711402197,False,False,[0.28457953 0.6178604  0.45086243]
1449.775148,200,977.004808,0.061346255997882126,False,False,[ 0.35233363 -0.04839662  0.43828134]
1069.970817,200,977.309489,0.11737011045563434,False,False,[0.1713598  0.04784267 0.76303215]
1292.044096,200,977.605921,0.029615575009797872,False,False,[0.6365482  0.34596444 0.2508589 ]
1212.714264,200,977.921075,0.05330654466839588,False,False,[ 0.31381682 -0.0700751   0.63071317]
1348.324062,200,978.236883,0.033997358480544394,False,False,[0.6823871  0.05010738 0.35189562]
1518.10929,200,978.545017,0.02543326948485783,False,False,[0.67975653 0.27976011 0.17140995]
1309.700765,200,978.958766,0.03607543638388828,False,False,[0.2478954  0.32461815 0.41582117]
1347.333983,200,979.751349,0.03345449574986519,False,False,[0.28858252 0.30898585 0.65307013]
1211.212667,200,980.067637,0.05626967852580739,False,False,[0.58481083 0.55159583 0.24370465]
1568.673884,200,980.376599,0.015973154644807044,False,False,[0.46520424 0.47823025 0.32304173]
1449.191255,200,980.678192,0.027987885522568357,False,False,[0.40236339 0.22967598 0.34328268]
1499.335967,200,980.985246,0.06293844191536,False,False,[0.58365514 0.36903536 0.43874162]
1273.981906,200,981.283726,0.07770454657215757,False,False,[ 0.28086442 -0.09286661  0.4313513 ]
1144.039772,200,981.585365,0.062407148634312015,False,False,[0.18601511 0.01497833 0.56930869]
1242.857357,200,981.900394,0.07558487074192767,False,False,[0.29141057 0.69050606 0.38460857]
1145.493326,200,982.20701,0.04147416296804633,False,False,[ 0.81294067 -0.09272014  0.21743973]
-64.782903,104,982.422983,1.6748601917312387,True,False,[0.72105655 0.27586238 0.31835409]
1155.904102,200,982.71928,0.024221954556902393,False,False,[ 0.54095757 -0.0969966   0.14112201]
1600.320422,200,983.626136,0.008588070046111621,False,False,[0.44303679 0.32108163 0.56454492]
1286.353243,200,983.934386,0.06514545026284801,False,False,[0.61456931 0.09170988 0.1255618 ]
1446.897059,200,984.246234,0.01763383911064095,False,False,[0.2866231  0.27103556 0.42698327]
1275.55855,200,984.552441,0.06248623729202168,False,False,[0.25409848 0.59895153 0.38282095]
728.637321,146,984.800591,0.08648288857470662,True,False,[0.54303716 0.60351915 0.13749213]
1404.631624,200,985.113972,0.04924513142746882,False,False,[ 0.4631577  -0.01125449  0.6091601 ]
1322.890617,200,985.416072,0.026165052867916847,False,False,[0.19253255 0.2939335  0.21146929]
1410.071965,200,985.719579,0.03204226183951697,False,False,[0.29905119 0.30295129 0.61552969]
1450.802663,200,986.033001,0.024871674604200162,False,False,[0.5855266  0.02032649 0.38293302]
1291.315248,200,986.329707,0.07677794494507637,False,False,[0.58222833 0.49296534 0.27016399]
1248.124058,200,986.639752,0.04624632764645921,False,False,[0.23892361 0.69500166 0.34898377]
1143.207141,200,987.441797,0.12345123575910985,False,False,[0.16441576 0.38343379 0.21316803]
1409.994858,200,987.760388,0.03431044341124532,False,False,[0.36395801 0.23464064 0.39254317]
1305.964383,200,988.106602,0.0446169105632064,False,False,[0.1300579  0.20339836 0.51739486]
1150.222506,200,988.410889,0.057499648641301776,False,False,[0.27170403 0.65245242 0.20243016]
1425.435021,200,988.720467,0.023558095182653258,False,False,[ 0.50399646 -0.06529957  0.50717551]
1669.473049,152,989.096992,0.019268204948812286,False,True,[0.81031318 0.13786074 0.20891236]
814.876117,59,989.266353,0.02289352706721672,False,True,[0.13880299 0.50153572 0.44987896]
1243.606582,200,989.56763,0.04890280428301912,False,False,[0.12697975 0.55001432 0.52485453]
138.792239,57,989.73104,0.07172615112775488,True,False,[0.34999291 0.66248614 0.12992231]
1339.530854,200,990.041924,0.05817428817835628,False,False,[0.36600669 0.25730838 0.25024379]
1376.181133,200,990.348006,0.02449383607807935,False,False,[0.29781074 0.168006   0.41360005]
1263.013437,200,991.137825,0.06485589111560888,False,False,[0.10775594 0.56256643 0.39591936]
1276.848587,200,991.447604,0.040810927422352435,False,False,[0.17706482 0.55216736 0.32184385]
1301.739957,200,991.768725,0.06658266524028615,False,False,[0.33203053 0.16944033 0.22395678]
667.072298,28,991.907516,0.01602949115314796,False,True,[0.26609871 0.11766892 0.66841869]
1378.009928,200,992.209634,0.012807811857791503,False,False,[0.47500155 0.29322947 0.56365669]
1405.023929,200,992.521967,0.017660409656163705,False,False,[0.38667408 0.25068701 0.693376  ]
1349.551831,200,992.827059,0.06862246491152853,False,False,[0.58045309 0.16882401 0.27921326]
1360.953226,119,993.057738,0.014847886313317456,False,True,[0.42694265 0.30893752 0.57687807]
1386.37015,200,993.369568,0.03205704153336073,False,False,[0.27156562 0.16900285 0.53760947]
1358.39803,200,993.679185,0.031912444136886056,False,False,[0.8150449  0.05125585 0.19145582]
1344.130476,200,993.988612,0.0563002732911849,False,False,[0.64276888 0.24266982 0.28120933]
1188.910005,200,994.292324,0.04101520945144006,False,False,[0.44533712 0.05765481 0.22293229]
1364.923745,200,995.091678,0.03775871800330146,False,False,[0.5343443  0.43658473 0.45617157]
877.859017,64,995.262742,0.035803400320857166,False,True,[0.26541662 0.42505869 0.36741564]
1421.205366,200,995.570962,0.016406233965725773,False,False,[0.29107857 0.29588128 0.51905814]
1353.618101,200,995.869459,0.014849623553138375,False,False,[ 0.45365173 -0.05582234  0.54101396]
1371.354654,200,996.180094,0.03942989132902279,False,False,[ 0.44859085 -0.04012632  0.51795857]
1320.087257,200,996.498446,0.013796453161636489,False,False,[0.66406681 0.36114276 0.37795794]
1092.274354,200,996.910401,0.10965520203141302,False,False,[ 0.36253467 -0.08878468  0.71117927]
1352.993395,200,997.217301,0.07134152231575204,False,False,[0.26527826 0.45728352 0.50511538]
1447.528174,200,997.53002,0.056998420207719315,False,False,[ 0.4007073  -0.08222928  0.36727688]
1197.628383,200,997.846957,0.03889701081521367,False,False,[0.14603169 0.63875672 0.17350445]
903.973583,200,998.150258,0.07239392942062824,False,False,[ 0.1078324  -0.04550393  0.26353231]
1293.908819,200,998.933087,0.1275926337581125,False,False,[0.65301325 0.42848545 0.30360263]
483.844119,200,999.245435,0.11626279953277863,False,False,[0.20682169 0.20357107 0.78509293]
898.293209,200,999.549444,0.19663566698646665,True,False,[0.32326087 0.69653557 0.28211575]
1302.200492,200,999.855673,0.04243530905750404,False,False,[ 0.80081262 -0.04435329  0.23916252]
1411.181668,200,1000.169793,0.04110679149517129,False,False,[0.60309517 0.35472656 0.44408916]
1380.804279,200,1000.467268,0.043841693075285806,False,False,[0.33253986 0.32430988 0.23189537]
1202.70231,200,1000.772396,0.07315508502584665,False,False,[0.34908285 0.43709122 0.13361913]
1295.877796,200,1001.084986,0.03385053369962341,False,False,[0.49020197 0.24280303 0.18361379]
472.403753,99,1001.400781,0.08154221185049432,True,False,[0.82391777 0.11319431 0.15239715]
1431.475669,200,1001.712527,0.02867206278475251,False,False,[0.50819265 0.069134   0.13377225]
1315.490257,200,1002.021362,0.044721145008580834,False,False,[0.40963525 0.39711037 0.24237888]
1321.889163,200,1002.805769,0.06867345822886757,False,False,[0.78164713 0.16743656 0.24683467]
1096.437301,200,1003.113974,0.05215507788864428,False,False,[0.34542839 0.04475029 0.7554991 ]
1283.913787,200,1003.421041,0.045175869107224355,False,False,[0.12949447 0.09862067 0.67179566]
1215.466585,200,1003.725997,0.024670400621505786,False,False,[0.10982352 0.22559401 0.78853854]
906.832142,200,1004.041945,0.06617421970462885,False,False,[ 0.17535419 -0.01232492  0.16352262]
1385.310165,200,1004.344548,0.013891998190156359,False,False,[0.39801118 0.29738475 0.60048044]
1603.105991,200,1004.650285,0.047699155476338934,False,False,[0.2523573  0.66847623 0.30875132]
1297.797588,200,1004.96891,0.06585810488995357,False,False,[0.59807716 0.35459685 0.14820985]
1181.706347,200,1005.373255,0.03805639481365502,False,False,[ 0.34160571 -0.07783878  0.19951932]
1326.665964,200,1005.687027,0.033774304964565356,False,False,[0.18058126 0.1429374  0.42104719]
1341.985068,200,1006.467611,0.038159168141138775,False,False,[0.30664008 0.31823272 0.60520722]
1118.403312,200,1006.772928,0.052117362999616036,False,False,[ 0.17850219 -0.01737214  0.43879763]
1309.180879,200,1007.089936,0.03371975272335834,False,False,[0.45466763 0.44770386 0.25961485]
1394.908257,200,1007.403679,0.00579998043342499,False,False,[ 0.50855551 -0.09151942  0.35319238]
1528.925466,200,1007.807885,0.05332167387497665,False,False,[0.55595728 0.25797182 0.56317831]
1388.036582,200,1008.119644,0.024318916802350536,False,False,[0.41114601 0.30651557 0.62308993]
1331.275838,200,1008.431005,0.06495005609317939,False,False,[0.56025893 0.43217211 0.14439543]
11.920547,36,1008.579868,0.2951963059852263,True,False,[0.38046004 0.08592375 0.16576403]
1302.243891,200,1008.887439,0.04200553372076685,False,False,[0.68663141 0.20203677 0.26468187]
1384.744177,200,1009.293311,0.04396108011723673,False,False,[0.22112632 0.13296874 0.19938271]
37.426725,36,1009.437083,0.05019070369172061,True,False,[0.36782613 0.67609773 0.12466349]
1605.085635,200,1009.749413,0.030660386301025935,False,False,[0.37692948 0.41464834 0.16579862]
1554.774362,200,1010.534503,0.040014238224332005,False,False,[0.39500137 0.00143751 0.62873171]
1402.169255,200,1010.841619,0.040761069851749696,False,False,[0.18158181 0.14473447 0.63987459]
1344.310616,200,1011.155093,0.03560752941504159,False,False,[0.1368841  0.34679886 0.44424364]
1642.089745,200,1011.458556,0.03909592506726331,False,False,[0.48188796 0.09120413 0.565396  ]
1573.996039,200,1011.771242,0.03046312146174885,False,False,[0.66246752 0.15604271 0.34463454]
1759.442105,187,1012.075753,0.01898407781834743,False,True,[0.2387519  0.23276711 0.61021327]
267.407745,77,1012.273737,0.04025288045601855,True,False,[0.20324338 0.69579989 0.11625771]
161.859969,52,1012.437782,0.06218174165361449,True,False,[0.57755128 0.4410409  0.12268522]
-51.023622,26,1012.575374,0.6973991492827455,True,False,[0.71289892 0.27945128 0.24307732]
1323.890298,200,1012.871205,0.03436721202743352,False,False,[0.2240852  0.12769306 0.70526061]
1133.450943,200,1013.1844,0.026676066296855056,False,False,[0.11849617 0.47232505 0.20891712]
1435.004647,200,1013.496,0.022010733418599365,False,False,[0.45176888 0.1442276  0.46118642]
1292.518703,200,1014.288843,0.028848530508171977,False,False,[0.39254371 0.42776827 0.41775992]
1409.044989,200,1014.603014,0.01832857689302694,False,False,[0.38810324 0.12352728 0.59061929]
1399.370947,200,1014.907117,0.02700731899094539,False,False,[0.52892068 0.06471884 0.63841241]
1238.141103,200,1015.211043,0.04151998908241674,False,False,[0.1927832  0.35411943 0.19901867]
1283.290929,200,1015.51937,0.05975257902358226,False,False,[0.16301012 0.07588055 0.53907451]
1252.885194,200,1015.82227,0.06573118121085174,False,False,[ 0.57426228 -0.00487689  0.15693984]
1753.657946,181,1016.11421,0.03424934306170092,False,True,[0.23039408 0.10829052 0.67687531]
979.958552,200,1016.422149,0.06300666352447058,False,False,[ 0.12453384 -0.00728398  0.56945484]
1435.988225,200,1016.734602,0.029039262574243146,False,False,[0.42390827 0.07358897 0.41681849]
1226.804023,200,1017.051713,0.054110426771099396,False,False,[0.15051667 0.57639874 0.51807877]
549.185471,144,1017.327041,0.0673330097889143,True,False,[0.1750472  0.0041918  0.16791911]
1223.345199,200,1018.11313,0.037250510338859906,False,False,[0.28026519 0.61115144 0.19183263]
1775.96865,190,1018.406002,0.03486916269749997,False,True,[0.4450337  0.37540663 0.38799624]
7.355107,23,1018.540475,0.023042043997939573,True,False,[0.36452121 0.33351948 0.10406896]
1344.758398,200,1018.844096,0.03918217250016958,False,False,[0.67703756 0.24352054 0.27780777]
1449.850299,200,1019.25739,0.010544090278395866,False,False,[ 0.48370192 -0.00261339  0.60394048]
1429.539079,200,1019.558874,0.03440441758493276,False,False,[0.57530381 0.10605107 0.50309546]
1299.404087,200,1019.862859,0.048258163704985244,False,False,[0.50708067 0.53467014 0.2476785 ]
1779.350843,184,1020.149836,0.04814541630205623,False,True,[0.67752964 0.02946323 0.38984639]
1350.670672,200,1020.452554,0.05466192040214364,False,False,[0.52942982 0.30188094 0.38733421]
1218.36385,200,1020.748812,0.06534817634717763,False,False,[0.3474262  0.33804944 0.13205467]
1304.714271,200,1021.063473,0.02982790834008013,False,False,[0.3215234  0.37391885 0.53505312]
1170.98987,200,1021.869192,0.07234083207455082,False,False,[ 0.35960739 -0.08584812  0.20439504]
1232.9911,200,1022.177326,0.04803211996488326,False,False,[0.4080735  0.66990932 0.22459635]
1399.32541,200,1022.492618,0.04519255947617922,False,False,[0.13992324 0.2248752  0.62285012]
1089.863736,100,1022.70336,0.016644061214172855,False,True,[0.3467192  0.62953371 0.18939465]
1431.823701,134,1022.95273,0.011804566176415877,False,True,[0.60175263 0.09604657 0.4887628 ]
1283.349609,200,1023.262547,0.04830173884771815,False,False,[0.71745491 0.08982749 0.27839657]
1092.751442,92,1023.460503,0.020227321542818994,False,True,[0.16936964 0.36702626 0.62882737]
1451.84277,200,1023.77707,0.04850002227799599,False,False,[0.20874636 0.10722263 0.3628147 ]
1539.06011,200,1024.090519,0.028462100538220004,False,False,[0.56180088 0.02154983 0.20224377]
1354.447622,200,1024.403515,0.02970307624679675,False,False,[0.32195929 0.34579893 0.1702667 ]
1246.261251,200,1024.707139,0.04084692525876697,False,False,[0.27522122 0.16325238 0.13571982]
905.499802,200,1025.027854,0.13888720781093275,False,False,[ 0.21643152 -0.03446795  0.66391663]
1388.549711,200,1025.830656,0.029353685809545234,False,False,[ 0.49172968 -0.06127189  0.26153349]
1295.774162,200,1026.231678,0.034482101663199885,False,False,[0.23115316 0.51245535 0.57111594]
1314.512078,200,1026.546269,0.06336681202422435,False,False,[0.20072175 0.10494046 0.36590582]
1534.958395,200,1026.862006,0.029206098967932335,False,False,[0.10461509 0.17098797 0.25637602]
1143.212685,200,1027.168716,0.06886583379095418,False,False,[0.13411299 0.09349198 0.33327661]
1281.58461,200,1027.472212,0.016774738002086776,False,False,[0.25951748 0.56065072 0.4581133 ]
1358.03582,200,1027.78384,0.028837685749042944,False,False,[0.18207013 0.20401815 0.63849859]
1334.919538,200,1028.098321,0.07899282679907961,False,False,[0.62856118 0.20953543 0.46559155]
1203.807316,200,1028.40341,0.09290129918562294,False,False,[0.35488528 0.67297663 0.29255879]
1313.89646,200,1028.716331,0.04558137100756737,False,False,[0.58581491 0.38622542 0.25875161]
1422.811486,200,1029.504838,0.047396789391505344,False,False,[0.33709745 0.62722324 0.22556856]
1247.332146,200,1029.820668,0.05360243322422922,False,False,[0.13927921 0.10292059 0.27987558]
1288.360897,200,1030.131454,0.030775334150900682,False,False,[0.36514019 0.38532021 0.35147878]
1055.120268,200,1030.447883,0.13129326556828624,False,False,[0.49073964 0.37056561 0.21027235]
1277.085947,200,1030.751317,0.06360536033492914,False,False,[0.31630226 0.61672583 0.24789479]
1129.460455,200,1031.073149,0.12003400909204293,False,False,[0.30296543 0.5119125  0.45408769]
1155.003819,200,1031.381673,0.07857579738784935,False,False,[0.22009893 0.65107889 0.42151175]
1383.297919,200,1031.698373,0.025914886941087675,False,False,[0.40330335 0.37387573 0.5149927 ]
1648.434836,200,1032.012845,0.03949016898124061,False,False,[0.44103494 0.0328364  0.40190828]
1516.303999,200,1032.321457,0.05548135240864958,False,False,[ 0.7272724  -0.08734074  0.18947021]
1651.185872,200,1033.117641,0.026511522881654655,False,False,[0.43092888 0.25780644 0.55198241]
1359.883965,200,1033.429456,0.01868444150531554,False,False,[0.2953086  0.15040178 0.2585586 ]
1079.34577,200,1033.731894,0.07344285397223624,False,False,[0.60073799 0.50174721 0.13954843]
34.121485,40,1033.880143,0.3889618738604806,True,False,[0.50198632 0.0054997  0.29262645]
1368.24602,200,1034.195035,0.04110708456954837,False,False,[0.35898923 0.47812198 0.49363644]
1204.704396,200,1034.503535,0.06710619789136396,False,False,[ 0.46814181 -0.06723129  0.64177633]
531.889124,108,1034.725469,0.05839619526927038,True,False,[0.77537777 0.17127114 0.13992887]
1062.973972,200,1035.032522,0.05414060809064537,False,False,[0.19087279 0.15702637 0.1400821 ]
1312.661213,200,1035.342868,0.027024079224078235,False,False,[0.41159045 0.00337728 0.19641097]
833.786425,200,1035.631678,0.1365838358343803,False,False,[ 0.23476305 -0.05318545  0.60140462]
481.938446,107,1035.865943,0.06456116733172167,True,False,[0.49056273 0.29334378 0.10880226]
-19.042092,35,1036.015817,0.5771711232247818,True,False,[0.34924911 0.08636927 0.71199516]
1254.051222,200,1036.323951,0.0432672837598795,False,False,[0.38627464 0.00112151 0.18622838]
1249.46247,200,1037.134035,0.08505739516652318,False,False,[0.10731419 0.10640359 0.73092281]
1360.502698,200,1037.443329,0.035305227641796,False,False,[0.22369826 0.11755518 0.42224226]
1205.935639,200,1037.76791,0.030204695858609985,False,False,[0.10646945 0.30571341 0.23915271]
17.023751,28,1037.917583,0.06259144645691876,True,False,[ 0.70387043 -0.03971143  0.14483736]
69.079382,65,1038.086756,0.5752198999471122,True,False,[ 0.55018954 -0.09552084  0.32643376]
1498.285959,200,1038.399783,0.06275241972635644,False,False,[0.41455037 0.12528337 0.5086946 ]
1090.82293,200,1038.70894,0.045690037484724284,False,False,[ 0.16587124 -0.00210741  0.33361491]
1384.763455,200,1039.021909,0.067842671888933,False,False,[0.5750746  0.14685229 0.52039244]
1681.325681,200,1039.318182,0.023773811446447312,False,False,[0.40767004 0.07980331 0.46779485]
1363.046486,200,1039.628321,0.029581868364947545,False,False,[0.31266435 0.05393685 0.68837366]
1390.876775,200,1039.942693,0.033603162917899596,False,False,[0.4622864  0.28030993 0.29940616]
1185.042644,200,1040.247208,0.07077735392689424,False,False,[ 0.43493014 -0.04915734  0.17968178]
1177.529228,200,1041.04972,0.03159368512049352,False,False,[0.10875729 0.69662713 0.26871793]
1569.549568,200,1041.353179,0.027589578468646094,False,False,[0.49040137 0.55803302 0.28590065]
100.930086,45,1041.507653,0.0525438845774638,True,False,[ 0.82538094 -0.02115859  0.12201919]
776.005946,200,1041.821873,0.16704301382395054,False,False,[ 0.26806595 -0.08753915  0.15580254]
1804.394181,200,1042.128872,0.015655657392283532,False,False,[0.36433959 0.1799141  0.24462714]
1300.149234,200,1042.439773,0.03657476957423068,False,False,[0.18534277 0.09897459 0.39226126]
1416.821761,200,1042.746645,0.06592921123420183,False,False,[0.4074649  0.05772912 0.63760716]
1423.382808,200,1043.057318,0.043099302267397326,False,False,[0.18137474 0.3464504  0.350395  ]
1267.184118,200,1043.37086,0.0748173008594238,False,False,[0.1101336  0.32036686 0.40452616]
1369.095191,200,1043.674181,0.0624418064570154,False,False,[0.31856175 0.22359043 0.45257376]
1301.319534,200,1043.994672,0.04175471491992734,False,False,[0.65169625 0.25775245 0.36780991]
1378.691891,200,1044.897672,0.10455585420464768,False,False,[0.31563884 0.31251335 0.11912719]
1343.113797,200,1045.211188,0.02236498505981104,False,False,[0.14967485 0.15061989 0.64604555]
1264.471927,200,1045.513799,0.020086788376650098,False,False,[0.13864214 0.15057613 0.35416914]
1311.988918,200,1045.815727,0.050970039262370176,False,False,[0.3531396  0.07254827 0.63198826]
1410.779406,200,1046.126522,0.026830131221741,False,False,[0.38649328 0.37324003 0.36215877]
547.748218,104,1046.342086,0.07650513897685343,True,False,[0.68016091 0.21177032 0.13166422]
1332.924683,200,1046.641331,0.01622067588886148,False,False,[0.6185846  0.11931789 0.19547532]
979.428378,200,1046.942119,0.09062746536811409,False,False,[ 0.15015099 -0.00365835  0.64102358]
1163.517071,200,1047.251589,0.04465738538107367,False,False,[0.16958878 0.13813496 0.70843887]
1266.114221,200,1047.558875,0.11050210838153998,False,False,[0.53384185 0.34660413 0.23504495]
1273.472492,200,1047.971917,0.06090778586697274,False,False,[0.6890196  0.26116299 0.15346328]
1174.766623,200,1048.866856,0.06490024023810649,False,False,[0.25181463 0.46857462 0.20153736]
352.279032,86,1049.059509,0.06714688022092938,True,False,[0.7665513  0.04272748 0.15226101]
72.157735,47,1049.21944,0.11574003594580723,True,False,[ 0.14832803 -0.07271995  0.19466879]
1375.970103,200,1049.526121,0.0228596278810131,False,False,[0.66954812 0.04054865 0.41271551]
1415.397648,200,1049.822752,0.03975425412929317,False,False,[0.40343515 0.2757725  0.30856723]
1364.349179,200,1050.133595,0.04253479294009392,False,False,[ 0.52765349 -0.04584367  0.45303659]
1017.246142,200,1050.525349,0.07403116410573657,False,False,[ 0.13940744 -0.00210228  0.55401034]
1392.827821,200,1050.824829,0.010013273843811992,False,False,[0.33954318 0.01895686 0.3406319 ]
1109.869532,200,1051.137784,0.04917453255796313,False,False,[ 0.2222754  -0.0522262   0.43177812]
1079.626208,200,1051.451021,0.01797983615514529,False,False,[0.12296695 0.61302485 0.1535022 ]
287.311173,79,1051.636119,0.07912552583135843,True,False,[0.46568721 0.69378526 0.13659433]
1330.323097,200,1051.93947,0.049320742888643715,False,False,[0.53728931 0.49105326 0.32163769]
1424.39019,200,1052.732607,0.061959500494758055,False,False,[0.58211881 0.03380995 0.14206227]
1421.828989,200,1053.033813,0.025326664378769976,False,False,[0.41317982 0.09731249 0.50535827]
1408.205608,200,1053.339059,0.029073807268570024,False,False,[0.44826985 0.16355614 0.63879825]
1348.284049,200,1053.651276,0.03645891616876552,False,False,[0.44922015 0.07143571 0.65901405]
735.981893,196,1053.960914,0.11886110588384727,True,False,[ 0.14211724 -0.08627246  0.21915257]
1370.489132,200,1054.26547,0.05865209972296316,False,False,[0.50143188 0.31832008 0.48439286]
1165.682178,200,1054.568392,0.06184122796235595,False,False,[ 0.22729613 -0.04694307  0.49627605]
1098.741138,200,1054.873944,0.1506809669585029,False,False,[ 0.36248258 -0.00681912  0.42413383]
1357.758654,200,1055.178,0.05956769022976383,False,False,[0.58038729 0.15747879 0.32452901]
1393.440347,200,1055.489166,0.021009287176350113,False,False,[0.52325921 0.17582843 0.43630687]
1386.491367,200,1056.283581,0.05343808890462392,False,False,[0.69634322 0.00289605 0.46587648]
1146.029085,200,1056.588296,0.03290036508390352,False,False,[0.18051946 0.15797632 0.15989849]
1253.258308,200,1056.896914,0.07450330279758957,False,False,[0.17854787 0.07582773 0.59974057]
689.017365,137,1057.149848,0.11582159995134633,True,False,[0.27297753 0.46123048 0.11491899]
1215.902097,200,1057.45154,0.03877238082407454,False,False,[0.10033767 0.16482311 0.2341192 ]
1063.115887,200,1057.77544,0.11768754034700339,False,False,[ 0.34016181 -0.03520677  0.50968831]
1367.484275,200,1058.085148,0.05394987637984041,False,False,[0.27567646 0.15497906 0.36193057]
1153.770346,200,1058.392751,0.05761481684777811,False,False,[ 0.48539409 -0.07300685  0.20637331]
1336.661934,200,1058.698327,0.02923292473320161,False,False,[0.51547665 0.26134961 0.33617507]
1379.533333,200,1058.998645,0.04204389876683249,False,False,[ 0.28541751 -0.00683211  0.53402975]
1427.29705,200,1059.314154,0.027996219387765146,False,False,[0.13994134 0.50255773 0.57316549]
158.716009,65,1059.980187,0.21151688772063143,True,False,[ 0.15978788 -0.08141683  0.27867886]
1213.527937,200,1060.296453,0.034761006077889726,False,False,[0.10560735 0.26664531 0.55871735]
856.90418,200,1060.608481,0.14093963130961132,False,False,[ 0.13791826 -0.05563197  0.61597536]
1322.107618,200,1060.906655,0.04220850032803766,False,False,[0.28727223 0.40595456 0.66706779]
75.149647,38,1061.055671,0.06244065306718197,True,False,[ 0.73230312 -0.02183456  0.12526582]
1277.265194,200,1061.357793,0.052620782645097335,False,False,[ 0.27233416 -0.09284475  0.36442327]
1169.714413,200,1061.673494,0.06836938793087699,False,False,[0.18938053 0.52604417 0.16672737]
1446.126493,200,1061.984083,0.022703760478305468,False,False,[0.27858207 0.2353741  0.40084471]
1208.025495,200,1062.28914,0.04808833710597977,False,False,[0.36780938 0.3953211  0.2671998 ]
997.279257,200,1062.595615,0.09747632026823953,False,False,[ 0.29135421 -0.07791765  0.6901174 ]
1306.568162,200,1062.90202,0.028274028230398766,False,False,[0.34368395 0.61247123 0.46876105]
1444.78867,200,1063.692822,0.03238050555681921,False,False,[0.51086414 0.2078482  0.56103997]
1231.101928,200,1064.004091,0.06961640195068802,False,False,[0.28902622 0.01675358 0.72415859]
1355.977847,200,1064.31687,0.07654096487063976,False,False,[0.1857806  0.54012376 0.1188692 ]
963.54366,200,1064.628099,0.12404130884462132,False,False,[ 0.21412608 -0.08765772  0.17931434]
1393.868649,200,1064.944796,0.0374965337074169,False,False,[0.36821136 0.33621837 0.63836207]
1469.090193,200,1065.243993,0.05942530561996125,False,False,[ 0.40225042 -0.01306701  0.69963396]
1397.31266,200,1065.550482,0.02538318220347083,False,False,[0.27381369 0.09510462 0.41946836]
81.961397,37,1065.696862,0.028497585553645257,True,False,[0.42366202 0.42039082 0.10144741]
1280.52162,200,1066.020364,0.02012872495738322,False,False,[0.53750393 0.51764881 0.14778077]
1551.76868,200,1066.421164,0.03382134583561643,False,False,[ 0.2617173  -0.02765023  0.43098003]
1350.68644,200,1066.743467,0.011157905891327542,False,False,[0.6488768  0.00395784 0.31634401]
1458.017246,200,1067.617705,0.038206004813065374,False,False,[ 0.41095664 -0.00782564  0.51389235]
1364.690749,200,1067.933403,0.026811584100829122,False,False,[0.2543707  0.37768374 0.59749002]
1498.32927,200,1068.255503,0.04903545540379859,False,False,[0.39335873 0.43108626 0.26232978]
1276.158438,200,1068.570083,0.028399073716665568,False,False,[0.27938414 0.41222707 0.56311766]
1231.644895,200,1068.875782,0.06435281833327233,False,False,[0.47726958 0.33455825 0.15010898]
294.184912,200,1069.176901,0.08643622981846956,False,False,[0.23592987 0.54174574 0.45207764]
1397.111056,200,1069.474082,0.028676483943391316,False,False,[0.54697744 0.34391101 0.50450196]
1289.789602,200,1069.78775,0.07707425821810919,False,False,[ 0.74616146 -0.07998816  0.25391323]
1378.904219,200,1070.194948,0.0507042173479798,False,False,[0.25157711 0.4586215  0.46674385]
1440.355302,200,1070.488833,0.04316917500105684,False,False,[0.16409068 0.24874567 0.32276653]
1179.417665,200,1070.78555,0.08242994866011866,False,False,[0.25209872 0.53979028 0.49771177]
1436.06302,200,1071.584341,0.045790181655778806,False,False,[0.20644695 0.23325525 0.42309019]
1387.656245,200,1071.881431,0.027242145468260787,False,False,[0.15992893 0.12475159 0.70108668]
1582.06806,200,1072.191392,0.0571722266810334,False,False,[0.10964286 0.55897075 0.30664709]
1301.831765,200,1072.503081,0.04696043398782918,False,False,[0.16406145 0.43043551 0.56783856]
1387.101739,200,1072.820004,0.03757291581795926,False,False,[ 0.40323256 -0.07316654  0.58186219]
1302.46219,200,1073.130307,0.013690186554930232,False,False,[0.37657945 0.3448939  0.29205414]
1260.331106,200,1073.441168,0.04421503137117648,False,False,[0.5047084  0.47230488 0.15268817]
905.607492,200,1073.752031,0.07440304314283694,False,False,[ 0.14105078 -0.00472993  0.18676446]
1417.769741,200,1074.069016,0.013146487672935107,False,False,[0.25256751 0.1215541  0.37085389]
178.027828,57,1074.234115,0.07883585150432701,True,False,[ 0.80419372 -0.02839384  0.1742875 ]
1210.828288,200,1075.100491,0.05073307145728813,False,False,[0.40215733 0.14521533 0.10895843]
1547.483484,200,1075.423435,0.03576918709141959,False,False,[ 0.45018018 -0.02382089  0.25378275]
1190.851219,200,1075.730098,0.03248975370727728,False,False,[0.22181371 0.68047191 0.25761688]
1263.171961,200,1076.042762,0.03619742113286454,False,False,[0.62437691 0.24189398 0.17495793]
1442.914015,200,1076.361638,0.07991768526662249,False,False,[ 0.49669618 -0.02393432  0.52735937]
1437.769019,200,1076.67222,0.04380578798653387,False,False,[0.43121418 0.16799805 0.46369372]
1185.67124,200,1076.97251,0.037329369300649944,False,False,[ 0.48302241 -0.00537621  0.19002217]
1379.095858,200,1077.266683,0.036460325191566355,False,False,[0.33790184 0.07562291 0.31312019]
1387.048793,200,1077.582165,0.01954398605513319,False,False,[0.19167456 0.64455556 0.28547713]
1350.435093,200,1077.889994,0.02903154940362541,False,False,[0.2603862  0.52146486 0.41941804]
1105.26903,200,1078.205654,0.07034841460555707,False,False,[0.16971651 0.00583881 0.29055158]
1380.979767,200,1079.010388,0.03764326906787186,False,False,[0.16389635 0.2558407  0.43332013]
1352.339889,200,1079.301396,0.038105783655424705,False,False,[0.67935622 0.38150613 0.2975427 ]
1448.326556,200,1079.711588,0.03738097315855332,False,False,[0.39373551 0.12845488 0.3835721 ]
1400.879407,200,1080.023604,0.03793134302980692,False,False,[0.4131968  0.1107411  0.25249201]
1228.550807,200,1080.336303,0.026591217527516885,False,False,[0.10623384 0.25704985 0.21743854]
1627.33662,200,1080.649496,0.030780728718142174,False,False,[0.50099609 0.29196713 0.47904111]
1399.358434,200,1080.954823,0.0395047059651975,False,False,[0.64318875 0.17057363 0.44947351]
162.872914,64,1081.131428,0.07252197361201759,True,False,[0.19583309 0.02217724 0.13661852]
1208.943501,200,1081.434175,0.03670728633219348,False,False,[0.28976829 0.12781654 0.17704289]
1570.237445,200,1081.742009,0.03436911188179901,False,False,[0.2013963  0.28864486 0.46980269]
338.02257,75,1081.92374,0.044546913483743775,True,False,[0.6593025  0.21518858 0.13628939]
1091.046405,200,1082.706636,0.13468780011249892,False,False,[0.1644983  0.69928267 0.31623351]
1394.786212,200,1083.019367,0.04315625832284244,False,False,[0.27620184 0.26905085 0.16567305]
1329.631901,200,1083.321932,0.03597977277184538,False,False,[0.65795185 0.15170861 0.35712872]
1295.964659,200,1083.621589,0.044463979289469956,False,False,[0.36044665 0.15335753 0.17375887]
1512.670472,200,1083.941238,0.03984730857386914,False,False,[0.43089744 0.36367208 0.31287671]
1182.880754,200,1084.26256,0.03611591505368398,False,False,[ 0.38624715 -0.08144165  0.66232022]
356.01304,77,1084.447063,0.03585120607104324,True,False,[0.70988104 0.25167192 0.12275293]
742.735911,200,1084.857963,0.1687951430322338,False,False,[ 0.14957172 -0.0646533   0.76667848]
1301.546058,200,1085.162315,0.03235022661704477,False,False,[0.22861722 0.09876157 0.32564783]
1318.222384,200,1085.452417,0.03908818417295876,False,False,[0.28618489 0.47053288 0.38304986]
1325.871827,200,1085.764384,0.06265099793688214,False,False,[0.27202548 0.14857042 0.228733  ]
1046.31114,200,1086.566147,0.08957339770378925,False,False,[0.23844585 0.04097972 0.70379975]
1318.110265,200,1086.882328,0.037361211207035526,False,False,[0.60267329 0.24748495 0.17175185]
1390.790245,200,1087.193578,0.011009771817588745,False,False,[0.43915431 0.13488865 0.23207873]
1617.919567,200,1087.495429,0.05725211762900767,False,False,[0.55434098 0.17765963 0.58961984]
1497.47997,200,1087.80063,0.05101463600007246,False,False,[0.11233054 0.18046492 0.73969771]
1266.345288,200,1088.107851,0.06596765587904588,False,False,[0.23277635 0.39723626 0.34264663]
1250.005142,200,1088.418127,0.04668617542916363,False,False,[0.29926223 0.16156829 0.14423776]
1141.522497,200,1088.733176,0.09388586372440705,False,False,[0.14095733 0.64261291 0.1820426 ]
1230.759241,200,1089.046845,0.03985308958458075,False,False,[0.10288172 0.1519122  0.50630202]
1541.940441,200,1089.347578,0.02954163710221115,False,False,[0.17589892 0.25040472 0.70936756]
1404.219528,200,1090.14007,0.028210432890172072,False,False,[ 0.42587617 -0.06307991  0.49185495]
1454.161729,200,1090.460939,0.03815428575845949,False,False,[0.32466095 0.25292848 0.61135037]
1257.042996,200,1090.776556,0.034358627875083536,False,False,[0.18054543 0.59908577 0.35504979]
1295.320801,200,1091.096274,0.03409152524802702,False,False,[0.16529969 0.43183266 0.51203861]
1248.289179,200,1091.407174,0.056774473665095325,False,False,[ 0.51615776 -0.03738244  0.14095616]
1386.95104,200,1091.718226,0.04605199867949869,False,False,[0.25309137 0.10830295 0.54131155]
1282.952683,200,1092.036663,0.04296435256799616,False,False,[0.61743176 0.01104154 0.19454121]
1280.186916,200,1092.344475,0.041280472963375996,False,False,[0.16233844 0.14330196 0.32437838]
1353.845512,200,1092.65871,0.023466201740223652,False,False,[0.44216869 0.41336076 0.19361286]
1349.779239,200,1092.971128,0.05232904178727179,False,False,[0.52763132 0.30697277 0.32398593]
1546.149677,200,1093.279171,0.05090224084212385,False,False,[0.14186567 0.10903073 0.6543611 ]
969.67591,200,1094.075819,0.08229657279146801,False,False,[ 0.18148428 -0.08295234  0.21931067]
1430.758613,200,1094.374503,0.021023416368116735,False,False,[0.47399602 0.16052949 0.50148625]
1364.389102,200,1094.690815,0.058217380098653924,False,False,[0.64957443 0.09509727 0.21720002]
1276.225441,200,1094.99527,0.0225838546313433,False,False,[0.23996426 0.49881826 0.4189971 ]
1130.011105,200,1095.308215,0.05989079476872398,False,False,[0.15923532 0.447676   0.13912953]
56.031781,42,1095.458127,0.06065811998515155,True,False,[0.30533824 0.68055645 0.11088594]
1285.523716,200,1095.762728,0.03212526387709783,False,False,[0.23164878 0.59725447 0.29107505]
1133.730804,200,1096.080154,0.020661689686484075,False,False,[0.11784301 0.21711199 0.34008391]
1266.911176,200,1096.388019,0.03747141060720523,False,False,[ 0.38945384 -0.03701139  0.60698619]
1752.165376,200,1096.694416,0.026098463914292307,False,False,[0.12265028 0.29964245 0.31114268]
1577.530748,200,1097.002303,0.019973080786755023,False,False,[0.25740127 0.35792038 0.59525714]
1554.588477,200,1097.781183,0.03966506186045393,False,False,[0.47614655 0.11271837 0.3617839 ]
1242.988224,200,1098.082572,0.07159838320218126,False,False,[0.17819628 0.34140469 0.49988399]
1268.404712,200,1098.385946,0.06416118773552662,False,False,[0.49006189 0.21197249 0.12826076]
1000.821652,200,1098.707851,0.05081349148892178,False,False,[0.1210074  0.50512339 0.52180177]
1336.200001,200,1099.021235,0.03390813576745681,False,False,[0.50931154 0.4991072  0.15734469]
-79.083669,52,1099.184174,1.3204491558889853,True,False,[0.42068224 0.66721062 0.18631262]
1243.671834,200,1099.487723,0.06597437511201103,False,False,[ 0.51315598 -0.09385906  0.65253699]
1200.986086,200,1099.79481,0.03372396404753038,False,False,[0.1274255  0.52176209 0.41385674]
1194.073765,200,1100.103639,0.060315062023205544,False,False,[0.11171831 0.27539641 0.53821379]
1320.492547,200,1100.411762,0.04576108069282363,False,False,[ 0.58124055 -0.07990301  0.19423144]
1363.84464,200,1100.731517,0.040253130325895455,False,False,[0.65396802 0.23612358 0.46742013]
1453.227118,200,1101.532118,0.014601134917370572,False,False,[0.57487142 0.19025278 0.50246218]
1330.561929,200,1101.832481,0.04585144627586905,False,False,[0.58073311 0.40879594 0.18259403]
1722.756765,156,1102.204595,0.027236099062859922,False,True,[0.1237337  0.17282215 0.38890185]
1367.154705,200,1102.524995,0.02090397074207617,False,False,[0.2919459  0.06336006 0.22331707]
1341.46486,200,1102.843444,0.023044821904659278,False,False,[0.49957126 0.08687638 0.18788626]
1234.847486,125,1103.076912,0.013651409211517593,False,True,[0.27126972 0.15335655 0.17535435]
313.580238,105,1103.297999,0.07688172067061903,True,False,[0.10443773 0.13827467 0.11571626]
1433.563097,200,1103.622422,0.03200320541788179,False,False,[0.35812776 0.29762401 0.40376724]
1176.233534,143,1103.866702,0.04969227074838537,False,True,[0.14459683 0.01464478 0.71605432]
1328.759536,200,1104.166601,0.024489947628553617,False,False,[0.42540158 0.56710552 0.42471984]
1133.344908,94,1104.378089,0.02523163162026167,False,True,[0.54137823 0.39627674 0.37565835]
1221.86407,200,1104.690615,0.04403731021374845,False,False,[0.25001947 0.11431449 0.69168837]
1370.952661,200,1105.481084,0.0318043263291904,False,False,[0.25485387 0.09009856 0.33347766]
1301.841159,200,1105.790662,0.04369950540353431,False,False,[0.46160769 0.49059625 0.4641058 ]
1291.450062,200,1106.0975,0.0209626582994322,False,False,[0.44782481 0.47888671 0.21181871]
1308.97088,200,1106.402138,0.031025059978348278,False,False,[ 0.50525738 -0.01127743  0.67962249]
1070.016125,200,1106.706996,0.05362147372709755,False,False,[ 0.41446317 -0.08218882  0.14251291]
934.038531,200,1107.121659,0.09121476808656542,False,False,[ 0.19543286 -0.08701312  0.22174915]
1597.666011,200,1107.437714,0.016259642685843283,False,False,[0.5884214  0.2990064  0.38051932]
1399.094062,200,1107.745859,0.03535090906077903,False,False,[0.73389258 0.09402234 0.40145855]
1400.720006,200,1108.053436,0.05277712081487816,False,False,[0.6335543  0.02433341 0.34634604]
1158.03834,200,1108.362187,0.056273105493597715,False,False,[0.24876135 0.36674693 0.14072377]
1379.331156,200,1109.156544,0.06015500053890527,False,False,[0.18658958 0.26741706 0.58462544]
1232.422479,200,1109.461558,0.04925430494478192,False,False,[ 0.66203541 -0.09495745  0.51362047]
1449.744007,200,1109.779546,0.0632993372421697,False,False,[0.34188008 0.54393056 0.39702419]
1081.858705,200,1110.091337,0.08854382528388673,False,False,[0.32772514 0.14150634 0.1242336 ]
1358.145226,200,1110.38923,0.05043106619231239,False,False,[0.40028794 0.06331999 0.37512926]
115.53661,48,1110.543787,0.10862740161256516,True,False,[0.82123714 0.02069776 0.16599341]
1263.585784,200,1110.869035,0.054742141610310095,False,False,[0.19189189 0.09610339 0.52553164]
1361.790684,200,1111.177841,0.04121627318936148,False,False,[0.17769884 0.21675231 0.55061333]
1310.769966,200,1111.477683,0.07802922535070729,False,False,[0.46708337 0.5601025  0.20797422]
1410.612711,200,1111.793551,0.09989131318916343,False,False,[ 0.5783887  -0.09410447  0.41958481]
1600.610242,200,1112.107171,0.02662968878377835,False,False,[0.22328802 0.17011644 0.55535557]
1319.4192,200,1112.892566,0.02257587512077207,False,False,[0.55295787 0.15478618 0.16048511]
1040.093771,200,1113.212764,0.0417841592333821,False,False,[ 0.47785305 -0.05920278  0.1430071 ]
1357.780141,200,1113.63966,0.047413608084260685,False,False,[0.11964292 0.12757836 0.64874666]
1140.765519,200,1113.948417,0.061668266095682774,False,False,[ 0.29519921 -0.02165746  0.15848877]
1369.285146,200,1114.252031,0.06379883807303754,False,False,[0.66791622 0.21105428 0.1974442 ]
1466.786033,200,1114.556086,0.03664808750602821,False,False,[0.44072445 0.26815394 0.32911323]
1201.84003,200,1114.858692,0.0504050925511666,False,False,[0.41859403 0.19089621 0.12325196]
1531.957353,200,1115.160626,0.02622480986080464,False,False,[0.40228364 0.45328518 0.17782376]
2.318353,24,1115.293162,0.051130348814236885,True,False,[0.59197627 0.04230888 0.11098843]
1229.092631,200,1115.595979,0.0786673041703554,False,False,[0.36820153 0.18550112 0.70046124]
1358.203827,200,1115.897031,0.0441088449813114,False,False,[0.51006385 0.34487107 0.29793474]
1540.200979,200,1116.694583,0.030941084809080983,False,False,[ 0.71554591 -0.04713102  0.2956161 ]
1328.998637,200,1117.10803,0.05872208493468675,False,False,[0.27104421 0.07225778 0.37279243]
1380.622837,200,1117.424662,0.054471817806991035,False,False,[0.25119334 0.34908681 0.31169059]
1424.021388,200,1117.732253,0.03188764041990678,False,False,[0.27925693 0.24185012 0.26952989]
1342.280405,200,1118.049924,0.07317393672933765,False,False,[0.28923329 0.37143865 0.6267835 ]
1345.907089,200,1118.35564,0.03559111569243056,False,False,[0.34517789 0.20086096 0.28584138]
1332.633176,200,1118.666293,0.027937275031020087,False,False,[0.42002981 0.46150419 0.19167955]
1213.572147,200,1118.986936,0.046407435755210585,False,False,[0.28531513 0.23782867 0.17707421]
1476.914748,200,1119.287542,0.018538788673411147,False,False,[0.26202652 0.49080567 0.23311184]
1280.726903,200,1119.596484,0.04935807601529599,False,False,[0.69470025 0.09369891 0.47314067]
1282.21324,200,1120.403062,0.054807978192383755,False,False,[ 0.62877019 -0.03068182  0.17040824]
1525.917198,200,1120.810597,0.02143340930119081,False,False,[0.43011237 0.17833609 0.58065333]
1352.118101,200,1121.144772,0.050338396304043506,False,False,[0.26618172 0.3917318  0.1529316 ]
1271.805076,200,1121.450951,0.06379305982319163,False,False,[0.34461107 0.61400564 0.36156683]
1300.364738,200,1121.756753,0.09891371381990977,False,False,[0.36879293 0.64752186 0.23332136]
1300.493855,200,1122.083235,0.028319677810195756,False,False,[0.59232417 0.44888067 0.18779711]
1376.071596,200,1122.489594,0.05624491366586682,False,False,[0.43391519 0.38324754 0.2567366 ]
1434.407745,200,1122.769035,0.05121482042271758,False,False,[0.54763918 0.21951485 0.47081096]
1410.564723,200,1123.093651,0.0861375849485526,False,False,[0.30227691 0.21790208 0.5547278 ]
1316.030259,200,1123.407064,0.038514833270985364,False,False,[0.29868693 0.42365023 0.32544539]
1311.982479,200,1123.716769,0.033362269192766185,False,False,[0.25586233 0.23951512 0.20177378]
1228.765561,200,1124.515905,0.03474574685178632,False,False,[0.18210007 0.21843497 0.79898879]
1445.6996,200,1124.814649,0.01600551007861552,False,False,[0.43748894 0.13993833 0.42854821]
1428.92705,200,1125.138821,0.031891018029260046,False,False,[0.40311758 0.05183771 0.53560039]
1265.708567,200,1125.446397,0.019847939816469134,False,False,[0.21177703 0.4722173  0.14076721]
754.862592,39,1125.59447,0.03780488399958039,False,True,[0.45962104 0.2884516  0.59402994]
1169.379774,200,1125.894729,0.06509127745290813,False,False,[0.17588239 0.30472295 0.1215671 ]
1337.457887,200,1126.209252,0.03359981660137442,False,False,[0.3920914  0.43105904 0.34391527]
1126.17372,93,1126.40952,0.020523060572690016,False,True,[0.23505257 0.23903996 0.51449735]
1333.024546,200,1126.720153,0.10777723397551489,False,False,[ 0.39254529 -0.08496985  0.56357019]
1297.106004,200,1127.03023,0.05218508786112697,False,False,[0.41498783 0.32863375 0.208742  ]
859.422676,60,1127.202134,0.039408949382753786,False,True,[ 0.25513659 -0.01699411  0.39890391]
1380.462641,200,1127.514318,0.011104005040505445,False,False,[0.45644087 0.44504088 0.21532001]
611.007246,24,1127.644179,0.043558320459625745,False,True,[0.25372184 0.32703782 0.25872002]
1318.162416,200,1128.420168,0.028294138440628603,False,False,[0.69415179 0.2952755  0.20343932]
1108.471137,200,1128.732921,0.0316054013004559,False,False,[0.14071732 0.37745754 0.13853768]
1377.393956,200,1129.041092,0.0649844348931721,False,False,[0.49547661 0.08370656 0.20649763]
1513.556668,143,1129.301529,0.04926338500036464,False,True,[0.37839758 0.23437346 0.63821351]
1391.0943,200,1129.610385,0.024655814878260608,False,False,[0.62859621 0.08122273 0.41971629]
1461.96385,200,1129.924135,0.05321837585659937,False,False,[0.27517553 0.29484048 0.3942983 ]
1373.272618,200,1130.23574,0.024008322597097842,False,False,[0.51865421 0.30839145 0.48045673]
1133.146516,200,1130.540626,0.06503741731380731,False,False,[0.10466057 0.1486341  0.27414407]
1337.328666,200,1130.855753,0.054728828633545855,False,False,[0.23118241 0.39403707 0.60718303]
1304.90832,200,1131.182534,0.03410833571371606,False,False,[0.36573501 0.58252676 0.44355351]
1681.194954,200,1131.978592,0.054331570377027086,False,False,[0.39353256 0.20424315 0.14295613]
1664.893772,200,1132.288901,0.056695504831486165,False,False,[0.33905205 0.68032086 0.23200921]
1385.608215,200,1132.594783,0.04743644324008152,False,False,[0.70590983 0.0229029  0.34743459]
1494.674023,200,1132.910028,0.03981416349740842,False,False,[0.30776849 0.46999295 0.2015145 ]
1247.895533,200,1133.226345,0.045756585955581214,False,False,[0.3378579  0.08899557 0.25436346]
1306.224559,200,1133.528436,0.04733706578904772,False,False,[0.30022961 0.50244835 0.55427621]
1307.3421,200,1133.825929,0.03776833875290284,False,False,[0.49975377 0.57461053 0.32479215]
1317.803169,200,1134.137864,0.040794899096213685,False,False,[ 0.74857984 -0.0833222   0.26362157]
1158.099926,200,1134.548403,0.041413194288041716,False,False,[0.17968379 0.25793339 0.15172378]
1228.251522,200,1134.840492,0.03991655708368858,False,False,[0.17211007 0.6161572  0.39283731]
1443.993131,200,1135.139926,0.0220013467637078,False,False,[0.41968459 0.26597604 0.46999909]
342.244162,98,1135.826663,0.18549126331607207,True,False,[ 0.11505372 -0.00726025  0.25984834]
1501.177488,147,1136.09867,0.036146229174570534,False,True,[0.33037184 0.42649307 0.2110551 ]
938.849666,200,1136.412391,0.12537471095474625,False,False,[ 0.15469144 -0.0317451   0.66119567]
685.594001,200,1136.728835,0.22296523360693807,False,False,[ 0.12079907 -0.08663691  0.67804153]
1373.073473,200,1137.040844,0.04386126587651403,False,False,[0.41825086 0.36089318 0.60940017]
1370.523634,200,1137.359774,0.04782066575061064,False,False,[0.63865401 0.22517726 0.46970601]
1423.15765,200,1137.659945,0.026449383365455822,False,False,[0.49926252 0.39308459 0.20807458]
1488.047462,200,1137.969275,0.02281825869425255,False,False,[0.25488027 0.55847412 0.45014472]
1190.347793,200,1138.275615,0.040811945707433496,False,False,[0.26074684 0.04742921 0.73689477]
1252.814794,200,1138.582024,0.0445790250816951,False,False,[0.17025347 0.10484819 0.52219211]
1622.610809,200,1138.884614,0.07246118650553074,False,False,[0.24702191 0.05235412 0.75890814]
1274.291775,200,1139.684665,0.04418260615364761,False,False,[0.229371  0.5364425 0.5361352]
1374.04235,200,1139.987605,0.06117605274084747,False,False,[0.67018724 0.12721669 0.46236142]
1347.974358,200,1140.294891,0.04020389039019829,False,False,[0.3205517  0.09738722 0.18614078]
1404.490292,200,1140.600472,0.019789515555355137,False,False,[0.36886636 0.23929557 0.26957444]
1274.044069,200,1140.906287,0.05882953380559853,False,False,[ 0.62547192 -0.03108574  0.16790278]
1122.454527,200,1141.211322,0.1095325213966234,False,False,[0.1506907  0.03778626 0.60940927]
1318.546478,200,1141.504521,0.04167199445019634,False,False,[0.11780228 0.35590373 0.2757929 ]
1503.428544,200,1141.806399,0.0836290058783612,False,False,[0.14028346 0.19615433 0.16762559]
1107.288742,200,1142.121129,0.05439917096187766,False,False,[0.10568974 0.52514828 0.58060881]
1402.305209,200,1142.421978,0.018870795517102888,False,False,[0.35363702 0.0630912  0.30170122]
1302.210634,200,1143.22262,0.01893487726876268,False,False,[ 0.54968777 -0.09350323  0.23419143]
1379.021699,200,1143.631945,0.03145512138386103,False,False,[0.5976247  0.42417221 0.22508168]
1561.284259,200,1144.064517,0.04056159371738386,False,False,[ 0.5855572  -0.02349989  0.41527963]
842.933949,200,1144.456123,0.12957149373875787,False,False,[ 0.11879178 -0.06282407  0.42327671]
1383.08998,200,1144.787195,0.03133867352367732,False,False,[0.51637654 0.00512591 0.51706528]
1047.162972,200,1145.197459,0.09303370787700715,False,False,[ 0.21129459 -0.04473541  0.63262365]
1316.544191,200,1145.509585,0.06109766398577572,False,False,[0.15820942 0.1446759  0.23290235]
1453.197659,200,1145.820691,0.035105239768958664,False,False,[0.23490497 0.46728656 0.62714952]
1531.682539,200,1146.121947,0.13136196051539417,False,False,[0.27303203 0.27553629 0.45570835]
1181.72968,200,1146.424402,0.03763213004848335,False,False,[0.1060979  0.16571961 0.73486516]
1336.307984,200,1147.219879,0.014072536479121952,False,False,[0.47247192 0.10487093 0.15915797]
1421.65458,200,1147.53545,0.0259172522457457,False,False,[0.49315671 0.29901456 0.37027345]
1627.238508,200,1147.833106,0.025869857745239994,False,False,[ 0.4875834  -0.04833473  0.20320384]
934.803392,200,1148.246356,0.11806522179982869,False,False,[0.17480335 0.05631244 0.81741324]
1342.103194,200,1148.565995,0.05872661784865325,False,False,[0.39357504 0.48546577 0.41174389]
1424.007787,200,1148.877137,0.020851722814534717,False,False,[0.32042144 0.24421775 0.26922583]
1040.367851,200,1149.186202,0.09850754363552529,False,False,[0.29032225 0.62549907 0.326615  ]
1316.345439,200,1149.513844,0.02668283712828278,False,False,[0.17974501 0.39534779 0.4304757 ]
1574.692597,200,1149.821032,0.021106020928878866,False,False,[0.24944031 0.40214538 0.22193312]
1430.598447,200,1150.120704,0.05650951942408524,False,False,[0.40337948 0.17727103 0.40104407]
1249.668639,200,1150.913248,0.036309065254666345,False,False,[ 0.27997456 -0.05931948  0.41671141]
1160.259019,200,1151.215221,0.05827988691444921,False,False,[0.1552164  0.05782937 0.35302275]
1554.24824,200,1151.534508,0.047351450340152944,False,False,[0.3403856  0.38656864 0.26504262]
1776.806005,200,1151.841758,0.05876312741770904,False,False,[0.11135206 0.36699377 0.20407744]
1054.62864,200,1152.163151,0.05125194915260859,False,False,[0.18271891 0.62919157 0.45556702]
1267.561419,200,1152.471211,0.05649980740400843,False,False,[0.19971718 0.32245456 0.72428663]
1437.603865,200,1152.785947,0.022061735635816742,False,False,[0.31024233 0.34851948 0.33735685]
1339.851126,200,1153.095304,0.0583865221440944,False,False,[0.30018341 0.47411383 0.38302644]
1366.280983,200,1153.412148,0.07144243755538869,False,False,[0.66364633 0.3662101  0.2168141 ]
1106.658261,200,1153.831961,0.08099010764778909,False,False,[ 0.29319224 -0.03757615  0.24787322]
130.189557,50,1153.989842,0.050760230689953945,True,False,[0.37864262 0.59153122 0.12644152]
1247.752425,200,1154.79248,0.02043706520621803,False,False,[0.52976546 0.45215204 0.41363381]
1474.92213,200,1155.111578,0.02909184344442556,False,False,[0.13347635 0.38601786 0.43890269]
48.449998,37,1155.265192,0.08853996735315604,True,False,[0.4692748  0.62743649 0.14218364]
1261.124592,200,1155.584553,0.025202394681663493,False,False,[0.12716327 0.28785912 0.19737153]
1394.268457,200,1155.894122,0.04714686579897647,False,False,[0.22143937 0.34175955 0.5402691 ]
1395.647176,200,1156.217647,0.03651316990443642,False,False,[0.22985995 0.41010905 0.49675347]
1571.133572,200,1156.527798,0.05513594557271794,False,False,[0.31126743 0.05662887 0.63093434]
1101.20567,200,1156.83384,0.03689075626366567,False,False,[0.10475406 0.60028324 0.44947469]
1361.833312,200,1157.141238,0.01785649525473346,False,False,[0.53362978 0.07772743 0.29102429]
1250.011925,200,1157.457534,0.05556716714365376,False,False,[ 0.6164039  -0.07780615  0.34782764]
1360.64997,200,1157.769509,0.034884475946049126,False,False,[0.16102863 0.194164   0.66793277]
1095.103203,200,1158.586493,0.05654775448710268,False,False,[0.10726566 0.44732706 0.50727788]
1606.941564,200,1158.916662,0.02049393038907884,False,False,[0.29118158 0.2299139  0.30944011]
1281.21144,200,1159.242177,0.043743709706016466,False,False,[0.16086253 0.28647759 0.20458343]
11.33992,26,1159.379214,0.09639807637432062,True,False,[0.64374137 0.04148171 0.17427557]
1226.253002,200,1159.697368,0.03957543661049826,False,False,[0.41272419 0.60901421 0.27359446]
1113.706184,200,1160.001606,0.042046249635104734,False,False,[0.14441066 0.10626343 0.17061586]
1343.669504,200,1160.303362,0.04936082734849386,False,False,[0.16661228 0.44153401 0.23069965]
941.905344,200,1160.604532,0.1796295220134423,False,False,[ 0.20022252 -0.09652352  0.46743997]
945.350476,200,1160.911992,0.08857303432010019,False,False,[ 0.26038733 -0.07613922  0.71069836]
1237.542588,200,1161.212825,0.05774961135369209,False,False,[0.19941348 0.0360487  0.44375565]
1342.486299,200,1161.534767,0.03941084638097165,False,False,[0.72874046 0.16559739 0.26521243]
2.021752,27,1161.669756,0.06676213002787239,True,False,[ 0.69140951 -0.0538931   0.12568704]
1370.60828,200,1162.565898,0.01556625417157398,False,False,[0.16032096 0.32155023 0.44175575]
1125.290223,200,1162.862631,0.027490994089543856,False,False,[0.15721705 0.64645841 0.12423264]
1610.434327,200,1163.174434,0.02525024420651304,False,False,[0.54157302 0.41181199 0.42476242]
1266.436989,200,1163.48356,0.06367567780358427,False,False,[ 0.53903438 -0.09358048  0.50091042]
1378.393876,200,1163.893061,0.017190789217537607,False,False,[0.68214794 0.32929231 0.2989945 ]
235.435639,190,1164.195915,0.07674121231084763,True,False,[0.28871082 0.43989806 0.1169804 ]
1339.575897,200,1164.515655,0.02154173031065527,False,False,[0.39561762 0.51929728 0.16348014]
1577.169732,200,1164.827397,0.03284383985969315,False,False,[0.31127751 0.16082331 0.6768908 ]
1719.788861,200,1165.132466,0.03565974322875402,False,False,[0.37655528 0.01817906 0.64165293]
1118.348256,200,1165.462892,0.03934384311231121,False,False,[0.11885249 0.4360967  0.2806083 ]
1096.68873,200,1165.760499,0.07443011830993942,False,False,[0.24759697 0.05247649 0.77034717]
1626.288768,200,1166.549385,0.02942083900065293,False,False,[0.51942025 0.0776161  0.55720524]
1605.968479,200,1166.861818,0.018074595274242496,False,False,[0.39414724 0.33797437 0.33252364]
1229.83478,200,1167.162293,0.04544691824604323,False,False,[0.1652539  0.38305664 0.15867044]
664.402656,28,1167.300376,0.025353355300053407,False,True,[ 0.71481135 -0.02017678  0.42001704]
1313.771954,200,1167.71798,0.017137915889348324,False,False,[0.21568088 0.0687182  0.16991397]
1531.048206,200,1168.035838,0.022002877459654315,False,False,[0.3968499 0.0317547 0.2193079]
1114.779366,200,1168.344411,0.06340666731982467,False,False,[0.25670255 0.69053061 0.28408034]
1075.143015,200,1168.655355,0.05720584794121486,False,False,[ 0.30904482 -0.09789256  0.70242745]
1333.260774,200,1168.963559,0.0562984378386333,False,False,[0.14029521 0.23006654 0.27923589]
1304.465058,200,1169.280276,0.052844982543712254,False,False,[0.72338473 0.20252648 0.17220778]
1075.315435,200,1169.594235,0.08036979696962827,False,False,[0.2900156  0.61318349 0.30964423]
1418.355702,200,1170.383053,0.028453452552638855,False,False,[0.18884437 0.36848883 0.4869494 ]
-2.770039,23,1170.515334,0.09437226414910194,True,False,[0.44946209 0.23063705 0.10840844]
1240.226307,200,1170.828969,0.028726122639145292,False,False,[0.12910837 0.33261356 0.44578809]
1596.235863,200,1171.147134,0.04886397958310857,False,False,[0.50480385 0.08515564 0.38270151]
822.71732,167,1171.423013,0.046036081977022324,True,False,[0.16188264 0.60708548 0.12060555]
1377.216377,200,1171.739794,0.035609898020265415,False,False,[0.62329709 0.26784698 0.21231189]
1346.227804,200,1172.13915,0.056674634566430196,False,False,[0.1373643  0.37923401 0.29325684]
1074.281281,200,1172.445045,0.07692228147882854,False,False,[0.22750536 0.02291541 0.17139087]
1194.775467,200,1172.749426,0.042668501589600887,False,False,[0.14352548 0.36646684 0.70423911]
1701.071926,200,1173.060844,0.018553105970814658,False,False,[0.44783689 0.15013043 0.57433541]
1605.907267,200,1173.374212,0.016391818014035275,False,False,[ 0.64337469 -0.00431497  0.3013383 ]
1308.183285,200,1174.174834,0.03532293488553575,False,False,[0.20130278 0.41036573 0.45407993]
1039.939652,200,1174.476205,0.06434524980421326,False,False,[0.16573875 0.61425692 0.38045209]
1373.892064,200,1174.793335,0.021780830935462483,False,False,[0.42038515 0.0666209  0.22177265]
1666.439947,200,1175.107495,0.011717877522351766,False,False,[0.52858121 0.31878496 0.49721976]
1209.847236,200,1175.403517,0.06602222753355841,False,False,[0.1548005  0.10596784 0.48954189]
1195.504559,200,1175.717279,0.028606994452378805,False,False,[0.15416308 0.56935735 0.22763599]
1356.166288,200,1176.062649,0.02793454957750343,False,False,[0.23057734 0.16504522 0.28491543]
1391.601417,200,1176.371063,0.02239484288056555,False,False,[0.45283109 0.09237055 0.35244852]
1224.928562,200,1176.674913,0.06745617584213312,False,False,[0.33550644 0.6607573  0.35656282]
1275.026977,200,1176.994747,0.058419522554070166,False,False,[ 0.52587316 -0.08703193  0.35607194]
1222.966801,200,1177.800438,0.05118817284563429,False,False,[0.55753845 0.41507474 0.19564446]
-30.63406,38,1177.945917,0.4541535872829951,True,False,[0.20418845 0.40050681 0.20235328]
1478.132661,200,1178.245658,0.03748588174504495,False,False,[0.49437587 0.12662034 0.39365826]
1116.457652,200,1178.555139,0.08168742096548097,False,False,[0.16590679 0.12562764 0.18002968]
1210.22424,200,1178.875217,0.035389038887019116,False,False,[0.18608477 0.04258544 0.36259499]
1405.097636,200,1179.180355,0.033420328426074675,False,False,[0.25746293 0.31457872 0.24778311]
1426.837877,200,1179.498377,0.011410241722503907,False,False,[0.53007926 0.23386639 0.5671024 ]
1361.036289,200,1179.821761,0.046177250984183356,False,False,[0.46464632 0.41808092 0.17605494]
1521.164371,200,1180.134429,0.04102024136230278,False,False,[0.37237541 0.04551205 0.48866676]
1029.483921,200,1180.444469,0.06938736743258306,False,False,[ 0.14819137 -0.00579065  0.55712214]
1231.305258,200,1180.7605,0.05801051523154626,False,False,[0.18513474 0.17277331 0.2998504 ]
1082.935711,200,1181.560951,0.07038223825469653,False,False,[0.23124377 0.52214834 0.1625193 ]
1340.24586,200,1181.870401,0.024870613728991055,False,False,[0.4204643  0.03572288 0.40731021]
117.677931,45,1182.026057,0.08434652543000912,True,False,[0.68128877 0.3213298  0.14346165]
1332.172153,200,1182.424798,0.01473621318283898,False,False,[0.26604983 0.23388286 0.72982499]
1530.239493,200,1182.733884,0.038670580325615975,False,False,[0.38598315 0.39420149 0.53796552]
1419.050961,200,1183.034598,0.030715809003789958,False,False,[ 0.53503717 -0.09665252  0.29044919]
1270.614857,200,1183.444586,0.041775844143136946,False,False,[ 0.23917815 -0.01664031  0.50438429]
1329.509847,200,1183.74248,0.05516553266051536,False,False,[0.23941879 0.55708202 0.44101362]
1398.420145,200,1184.050313,0.038518587405929894,False,False,[0.25818625 0.04745394 0.64807843]
1272.206071,200,1184.349499,0.030599923580606442,False,False,[0.10367769 0.31248979 0.55411991]
1053.272471,200,1184.661211,0.12062816938242962,False,False,[0.15222255 0.68673897 0.43219173]
1373.096599,200,1185.471278,0.011444105512325163,False,False,[0.37556176 0.42947095 0.62732482]
1374.771231,200,1185.780392,0.025372520197315226,False,False,[0.56659682 0.11022226 0.4468006 ]
1519.015885,200,1186.094176,0.03273517873828284,False,False,[ 0.40513928 -0.0874397   0.51046417]
1312.008633,200,1186.40528,0.027192263222328074,False,False,[ 0.47342261 -0.02902544  0.63884746]
1403.039256,200,1186.711482,0.017420210276653768,False,False,[0.67764736 0.02723088 0.46578648]
1396.320908,200,1187.021181,0.06306860921687585,False,False,[0.56718581 0.25345646 0.29147396]
394.926789,200,1187.332475,0.03901564085302154,False,False,[0.46161028 0.20788752 0.24242784]
64.839049,37,1187.484605,0.021528485347186502,True,False,[0.69252419 0.27594762 0.10465805]
1554.883667,200,1187.780844,0.03912170093726222,False,False,[0.67510074 0.3095511  0.25494048]
-14.77475,38,1187.929008,0.41754146236362,True,False,[0.25962646 0.30528793 0.22940108]
1524.737639,200,1188.240921,0.11084282749954194,False,False,[0.63663227 0.39169154 0.34073884]
1440.420606,200,1188.647064,0.04342004671683189,False,False,[0.29404998 0.1813155  0.30752465]
1203.185057,200,1189.451977,0.04207090920681845,False,False,[0.20094265 0.46190462 0.12293866]
946.943191,200,1189.757206,0.10116832450203009,False,False,[ 0.14041715 -0.05693939  0.34212574]
1250.637934,200,1190.073704,0.02539844220446407,False,False,[0.19779659 0.41957317 0.11130911]
1321.998485,200,1190.417674,0.04322736686086692,False,False,[0.35938289 0.05479868 0.1802975 ]
1553.849737,200,1190.729802,0.019902186096691928,False,False,[0.63510282 0.41684005 0.35305032]
1372.556077,200,1191.144268,0.031901691045861255,False,False,[0.3838421  0.07826587 0.39186509]
1314.058339,200,1191.453426,0.06320091537091285,False,False,[0.43005559 0.41451547 0.46886045]
1303.033356,200,1191.773518,0.0035475816005934393,False,False,[0.41890769 0.59939422 0.34158953]
1417.085948,200,1192.104707,0.03835146701183306,False,False,[0.32741277 0.21973588 0.38346678]
1155.497922,200,1192.430771,0.05918337711135092,False,False,[0.22637557 0.16717697 0.77047605]
1253.279909,200,1193.229521,0.028808149426167343,False,False,[0.12061446 0.55814892 0.35547924]
1430.7373,200,1193.537856,0.03264419359751106,False,False,[0.25698444 0.28151346 0.36709946]
1408.232106,200,1193.834887,0.03729594073076818,False,False,[0.5509353  0.2296939  0.56738892]
1307.33711,200,1194.144747,0.0473176947110835,False,False,[0.24404246 0.04779236 0.44823052]
1402.27285,200,1194.45439,0.032461098568904716,False,False,[0.27487092 0.08324746 0.56317902]
1336.17714,200,1194.769749,0.06370455071988516,False,False,[ 0.70824281 -0.09099333  0.26355234]
1640.227573,200,1195.175716,0.024492058863706253,False,False,[ 0.48341045 -0.02508612  0.42332987]
1399.228653,200,1195.482425,0.019987249982247678,False,False,[0.29911074 0.45039087 0.61039583]
599.229351,139,1195.721845,0.3026245085107449,True,False,[ 0.17406916 -0.09341188  0.42992598]
1359.875151,200,1196.048942,0.07042258546451777,False,False,[0.41757108 0.49936157 0.51810742]
1362.507969,200,1196.353361,0.02664404450427847,False,False,[0.2005209  0.21049348 0.35000345]
1057.378047,200,1197.14495,0.08902705190248963,False,False,[0.58630743 0.55242435 0.22919704]
1357.759584,200,1197.45158,0.0352872350895794,False,False,[ 0.60157845 -0.01451142  0.58195169]
1344.214437,200,1197.763664,0.00952140707788743,False,False,[0.27047677 0.55867422 0.32482014]
1478.509358,200,1198.0762,0.022896026376229752,False,False,[0.28189456 0.28805049 0.29215723]
895.126214,68,1198.258103,0.019106320638689205,False,True,[0.10333026 0.21337499 0.57160786]
1251.987002,200,1198.568518,0.04273604501433847,False,False,[0.44320436 0.50820149 0.41814454]
1049.750017,200,1198.875987,0.1058799017780604,False,False,[ 0.15652106 -0.02738708  0.42771441]
1203.099755,200,1199.18163,0.025884320635399603,False,False,[0.62919415 0.44970937 0.15361914]
1583.715208,200,1199.58302,0.044281942648132865,False,False,[ 0.57108432 -0.09042103  0.50006696]
1366.721284,200,1199.991905,0.039814408594890154,False,False,[ 0.73525144 -0.03010332  0.37371097]
1414.094895,200,1200.30776,0.015339425989884145,False,False,[0.28099141 0.27250128 0.64396654]
1310.904536,200,1201.093137,0.027749550661055396,False,False,[0.17009607 0.3404189  0.24939881]
1348.333593,200,1201.393658,0.05216213372158962,False,False,[ 0.24845262 -0.04216954  0.41220346]
1052.450589,200,1201.707544,0.05895877153178075,False,False,[0.18977865 0.00214887 0.7193324 ]
1404.813686,200,1202.029222,0.012219349339051323,False,False,[0.35322329 0.17405996 0.4369869 ]
1228.977761,178,1202.310262,0.07039875042202726,True,False,[0.3072613  0.50268186 0.14079381]
1524.867791,200,1202.618783,0.023828341077968204,False,False,[0.64489796 0.19265533 0.36839264]
1118.180038,200,1202.923452,0.1008034286124337,False,False,[0.43758009 0.66079961 0.30429171]
1150.91977,200,1203.234317,0.02374049682445538,False,False,[0.11098165 0.67846426 0.4577644 ]
1627.395725,200,1203.533046,0.02565502953863662,False,False,[0.25844793 0.29962202 0.34778637]
1425.577634,200,1203.845487,0.02979897580994876,False,False,[0.58357649 0.02330188 0.28052645]
1345.323436,200,1204.622589,0.0396080445966142,False,False,[ 0.54893049 -0.09752543  0.30671096]
873.244767,200,1205.024438,0.12303931932869198,False,False,[ 0.12760306 -0.01327996  0.74238472]
1433.718441,200,1205.322409,0.03504898062947444,False,False,[0.15658671 0.44294047 0.48230091]
1288.938773,122,1205.55445,0.02284670115160727,False,True,[0.18480439 0.21212882 0.39379275]
1058.667033,200,1205.861372,0.046274105622545164,False,False,[0.19701372 0.55046223 0.41295233]
1377.605187,200,1206.171341,0.035262346984339187,False,False,[0.62428503 0.32531479 0.45025225]
1321.836313,200,1206.489791,0.02852842968123394,False,False,[0.62114051 0.18135872 0.18266949]
1255.530513,200,1206.798194,0.024730813137492594,False,False,[0.28588516 0.58930063 0.34674551]
1427.753183,200,1207.102866,0.03333577926296081,False,False,[0.6450366  0.0462916  0.54643755]
1256.432247,200,1207.401019,0.050669785411191194,False,False,[ 0.55509863 -0.00963239  0.15509575]
1259.76752,200,1207.714364,0.09749291888098002,False,False,[0.28805862 0.67249197 0.35447784]
987.426267,200,1208.511209,0.07193850561940379,False,False,[ 0.14178583 -0.06984824  0.27647935]
236.583686,80,1208.692585,0.020005087857640637,True,False,[0.21332569 0.68581506 0.10274121]
1193.000972,200,1209.033556,0.040205837358862455,False,False,[0.16304799 0.40685236 0.29411807]
1482.910651,200,1209.327604,0.032893051392056866,False,False,[0.29435103 0.40255794 0.22667109]
1143.140732,200,1209.640429,0.07653653727969507,False,False,[0.19356557 0.23730749 0.14186374]
1318.539468,200,1209.958223,0.04339540539547973,False,False,[0.6982241  0.25989007 0.27455401]
1588.181628,200,1210.27308,0.019569974684220254,False,False,[0.26243005 0.25844345 0.35243056]
1387.012387,200,1210.591141,0.025320165239228098,False,False,[0.28964994 0.3034779  0.41385633]
1498.791332,200,1210.900663,0.040738689304399195,False,False,[0.48319422 0.44611359 0.14056787]
1320.806516,200,1211.208836,0.014933726512249985,False,False,[0.25744577 0.56006101 0.42379331]
1454.35345,200,1211.511288,0.023969277815739674,False,False,[0.31296041 0.40306611 0.45812744]
1364.000845,200,1212.311938,0.022824310313689478,False,False,[0.37170845 0.35177016 0.39682998]
1180.551131,200,1212.628146,0.07185867501896913,False,False,[ 0.22435069 -0.05120795  0.37509963]
1370.133404,200,1212.939552,0.0357721611114074,False,False,[0.33131674 0.17949957 0.16833132]
1445.002606,200,1213.244935,0.044244749156114684,False,False,[0.74449372 0.21036449 0.29788987]
1391.355595,200,1213.56162,0.040636153923459886,False,False,[0.25054197 0.365982   0.6813299 ]
1345.487855,200,1213.871944,0.04336231588963606,False,False,[0.23665758 0.30819008 0.42679998]
1604.958823,200,1214.185116,0.01929869287054716,False,False,[ 0.51749156 -0.02023729  0.40618949]
1447.13976,200,1214.586354,0.0464457698882725,False,False,[ 0.31649667 -0.03666278  0.38354235]
1191.066978,200,1214.891104,0.06194068369961534,False,False,[0.34693699 0.06334345 0.14307561]
1406.022002,200,1215.200732,0.0036027117493484806,False,False,[0.22488169 0.39508035 0.48223568]
828.419103,200,1216.008082,0.12446092929951198,False,False,[ 0.18458826 -0.09892217  0.1319005 ]
1412.199763,200,1216.315271,0.03986853678212242,False,False,[0.40519403 0.33654476 0.64058196]
751.505053,39,1216.462312,0.020072786881152237,False,True,[0.38416894 0.31043767 0.61741465]
1228.045815,108,1216.684869,0.014897826141217516,False,True,[0.29725693 0.1010321  0.2483771 ]
1189.435415,200,1216.984873,0.056473562567310724,False,False,[0.14152889 0.03647359 0.45861018]
1469.896039,200,1217.285709,0.02023415157097255,False,False,[0.4578063  0.10187474 0.50513955]
1214.463921,200,1217.586056,0.055865660163633764,False,False,[ 0.40183555 -0.06911374  0.70617967]
1270.374284,200,1217.904098,0.02235292383091684,False,False,[0.56680058 0.2317253  0.17203574]
1343.357588,200,1218.21062,0.010423115448326442,False,False,[0.35181946 0.44731117 0.56364123]
1204.494146,200,1218.521718,0.10526744723717928,False,False,[0.58198337 0.47393132 0.30171236]
1394.467189,200,1218.833464,0.16714917506675595,False,False,[ 0.30149359 -0.01884079  0.42048936]
1312.397716,200,1219.625343,0.03739559494714015,False,False,[0.62896102 0.34867616 0.26589151]
1315.004354,200,1219.927121,0.03952419736847942,False,False,[0.26040374 0.51346861 0.36453583]
1130.371203,200,1220.231407,0.044613732394897306,False,False,[0.1596066  0.64756144 0.41066064]
1391.948079,200,1220.542099,0.02970691436535256,False,False,[0.3149009  0.22152565 0.39065763]
1308.766519,200,1220.837813,0.021947468787328558,False,False,[0.7110307  0.05191296 0.25566782]
1316.004541,200,1221.14985,0.05472113411034934,False,False,[0.3869757  0.58032089 0.39235844]
1781.739576,172,1221.434191,0.007196064129629185,False,True,[0.33647017 0.21218181 0.58415306]
1236.248591,200,1221.744614,0.038085064855593806,False,False,[0.22774434 0.19708302 0.38408937]
1062.681574,89,1221.949057,0.012520690994252872,False,True,[0.25633692 0.30023856 0.29461392]
1240.326831,200,1222.254869,0.06089766772092967,False,False,[0.66543243 0.17049847 0.26741209]
1433.130467,141,1222.510177,0.04201639274713872,False,True,[0.71186291 0.07601131 0.3613711 ]
1441.621548,200,1222.809373,0.046718599111098325,False,False,[0.36685775 0.20268318 0.63554659]
1348.612407,200,1223.594594,0.016414803956720472,False,False,[0.29666177 0.54727276 0.23472025]
1286.930468,200,1223.90235,0.03661348949702322,False,False,[0.29563767 0.59259001 0.18893968]
1316.247239,200,1224.202627,0.04376599669032279,False,False,[0.23058113 0.10480101 0.51781007]
1552.540986,200,1224.590147,0.03154842655198707,False,False,[ 0.58828683 -0.06438337  0.35665598]
1798.964926,200,1225.006415,0.021399566412969716,False,False,[0.72802178 0.01504392 0.27547885]
1346.831484,200,1225.318944,0.04356506363906445,False,False,[0.58289953 0.33165015 0.24605109]
1565.332643,200,1225.629782,0.022123087808124824,False,False,[ 0.55124439 -0.0257261   0.41712436]
1596.74543,200,1226.043622,0.07233113229339846,False,False,[0.67458585 0.24927352 0.28025532]
1428.220528,200,1226.349719,0.024180434518435386,False,False,[ 0.36954062 -0.02865579  0.29438831]
-37.789664,21,1226.48325,0.15211271434692145,True,False,[ 0.74611399 -0.09611283  0.10181035]
1243.851639,200,1226.8894,0.03829022547535095,False,False,[0.15224381 0.10477528 0.49622978]
1232.318927,200,1227.670089,0.045195220607120064,False,False,[0.14897351 0.42616186 0.19335365]
1279.139438,123,1227.90736,0.028944460882576996,False,True,[0.47909375 0.47318    0.1883128 ]
1417.063834,133,1228.152098,0.040400556748801435,False,True,[0.63990607 0.23916769 0.40560394]
1561.140772,178,1228.440482,0.027082383335764588,False,True,[0.34152288 0.67347645 0.36611711]
958.182933,65,1228.614139,0.03140328862025785,False,True,[0.57056356 0.0918603  0.3104503 ]
1178.760899,200,1228.923567,0.07374073093815507,False,False,[0.11526908 0.42071543 0.22960845]
1236.658703,200,1229.231554,0.03972238117867081,False,False,[ 0.6298102  -0.00269194  0.15113714]
1472.631702,200,1229.524545,0.029562303900187187,False,False,[0.49280824 0.1912091  0.40116566]
1369.780793,200,1229.845979,0.03088905252808946,False,False,[0.27517215 0.44496768 0.47676555]
1886.285026,200,1230.159628,0.02166065069294295,False,False,[0.55416083 0.22915923 0.49514166]
1406.434179,200,1230.467737,0.025360297525742197,False,False,[0.53492476 0.41074644 0.36125546]
682.542474,200,1231.261362,0.22460040154755015,False,False,[ 0.20961039 -0.09183194  0.80068186]
1204.473598,200,1231.568196,0.061001087318825004,False,False,[0.14819116 0.60536195 0.40941483]
60.389849,35,1231.716084,0.02662788063274714,True,False,[0.684726   0.09089856 0.10398905]
1325.193468,200,1232.03601,0.05705623108738546,False,False,[ 0.7106071  -0.03876532  0.32425353]
20.753641,38,1232.185677,0.37602775952149975,True,False,[0.37107418 0.12231512 0.34640267]
1332.557078,200,1232.504123,0.051890955255486274,False,False,[0.1721392  0.20589616 0.25023271]
1206.091816,200,1232.812362,0.0734758146548161,False,False,[0.16017774 0.23824346 0.79509128]
1094.081698,200,1233.127154,0.09551876565919772,False,False,[ 0.33320061 -0.08439741  0.71226192]
817.676644,200,1233.424261,0.14018792623255225,False,False,[ 0.12316624 -0.05512259  0.71227557]
1305.104849,200,1233.729228,0.04204416385820815,False,False,[0.27651019 0.51770119 0.58006981]
1248.111071,200,1234.048537,0.042839116686573205,False,False,[0.38064029 0.62309453 0.30250903]
1226.620698,200,1234.353511,0.047295400303075476,False,False,[0.17202611 0.28381559 0.18640097]
1379.465644,200,1235.168092,0.025291293133111337,False,False,[0.28600935 0.00900965 0.61210109]
1467.662117,200,1235.476986,0.007687771943771829,False,False,[0.38193427 0.25012894 0.32372519]
1357.476105,200,1235.782238,0.03948718179401482,False,False,[0.61756906 0.10209403 0.41610154]
1314.925899,200,1236.096471,0.01686647741198252,False,False,[ 0.35034591 -0.02741767  0.68353875]
1386.16606,200,1236.394211,0.04336819138427322,False,False,[ 0.42782828 -0.0734134   0.50096072]
1212.237867,200,1236.708225,0.06705001922985758,False,False,[ 0.33071116 -0.07382124  0.64128592]
1195.021521,200,1237.02661,0.05993643607098945,False,False,[0.17088716 0.05474713 0.42302625]
1378.167041,200,1237.334637,0.03642335985101758,False,False,[0.30044038 0.18791489 0.58187882]
1236.326842,200,1237.647861,0.09744252740415744,False,False,[0.36344584 0.54187868 0.40364097]
1372.085362,200,1237.953439,0.006873010159267885,False,False,[0.24542571 0.15210206 0.22975289]
1710.840373,200,1238.27488,0.034703978350709354,False,False,[0.18075069 0.49630474 0.41483956]
1302.033063,200,1239.066537,0.06011016918994448,False,False,[0.61269272 0.13016727 0.31250566]
1638.13117,200,1239.372039,0.023386827661873163,False,False,[0.20135659 0.30556412 0.38258504]
1363.070164,200,1239.672909,0.04775848368487431,False,False,[ 0.37038632 -0.09314925  0.53343522]
1264.064468,200,1239.980773,0.03538697855379573,False,False,[0.58074933 0.26898203 0.19079538]
1161.729688,200,1240.373958,0.08516764618096508,False,False,[0.20880901 0.68840934 0.4207237 ]
1251.655987,200,1240.684727,0.036123445869652306,False,False,[0.62394055 0.34710263 0.23992224]
1709.610201,200,1241.090654,0.01405072096208296,False,False,[0.38138032 0.17916479 0.51074213]
1215.603836,200,1241.407774,0.057840123646544,False,False,[0.40997102 0.66822194 0.17728949]
1001.303535,200,1241.723073,0.09395262020558318,False,False,[ 0.22519719 -0.04441907  0.71654056]
1485.554631,200,1242.035449,0.015604957921348818,False,False,[0.52101854 0.07687102 0.35520986]
1299.651386,200,1242.830995,0.07065607665310422,False,False,[0.23613058 0.10409415 0.36693146]
1152.392136,200,1243.147752,0.07072227290470852,False,False,[0.16917613 0.03547045 0.35566599]
1402.962385,200,1243.452025,0.06322490082846073,False,False,[0.4173638 0.4009726 0.4277761]
1369.891374,200,1243.750475,0.025617473822847882,False,False,[0.45725394 0.07889224 0.69467828]
1164.629631,200,1244.06338,0.061479322000008226,False,False,[0.39491677 0.18735174 0.10382562]
35.31236,30,1244.203879,0.04990965908044776,True,False,[0.58030054 0.04273394 0.10673169]
1354.497592,200,1244.506205,0.022239092731545142,False,False,[0.33568065 0.53111222 0.33999167]
1215.572794,200,1244.831669,0.07286892816564282,False,False,[0.66180201 0.37590995 0.18015125]
1398.482344,200,1245.236416,0.06026606273053343,False,False,[0.65215011 0.18026106 0.43489445]
1454.057084,200,1245.526576,0.009073314542227928,False,False,[ 0.3437731  -0.04934296  0.54277611]
1468.14126,200,1245.839643,0.045010425535689125,False,False,[0.22179994 0.16937429 0.21956606]
1475.42392,200,1246.639409,0.01810263460225601,False,False,[0.55341266 0.17425275 0.45952148]
1074.407374,200,1246.947272,0.1359604553857377,False,False,[ 0.26236236 -0.05600347  0.26711076]
1245.497415,200,1247.251329,0.04839067594989485,False,False,[0.18993034 0.53901898 0.31033128]
1372.045288,200,1247.552714,0.024267964955556044,False,False,[0.47816546 0.42976961 0.48734279]
1229.669799,200,1247.868675,0.046394993225096146,False,False,[ 0.51544285 -0.07911944  0.1688928 ]
7.68535,48,1248.018834,0.5568866282392375,True,False,[0.6201321  0.1168626  0.13759313]
1545.503204,200,1248.323078,0.016250409621338967,False,False,[0.2674182  0.45190461 0.48982124]
1334.931611,200,1248.640833,0.022156931217922157,False,False,[0.10538743 0.24397335 0.58176821]
1376.319081,200,1249.017091,0.04547558292584288,False,False,[ 0.29495465 -0.08421458  0.30896713]
1539.946379,200,1249.334327,0.14800258501621047,False,False,[0.19933228 0.17987682 0.39599081]
-8.197467,29,1249.475272,0.12321474757871893,True,False,[ 0.80915043 -0.03954266  0.10889851]
1346.772066,200,1249.880436,0.027113807073007493,False,False,[0.68854194 0.20750034 0.42243547]
1392.371408,200,1250.657908,0.019593534243412227,False,False,[0.452015   0.26754932 0.56599697]
1377.217366,200,1250.975029,0.02781160256867852,False,False,[0.26798849 0.41049996 0.54444067]
1394.918689,200,1251.278402,0.018631904521809378,False,False,[ 0.40745852 -0.03849526  0.50453208]
1296.484336,200,1251.573852,0.05158152012276774,False,False,[0.33717036 0.63793547 0.44260289]
1472.810229,200,1251.881468,0.03539135177459384,False,False,[0.40756372 0.18796433 0.58050701]
1062.593919,200,1252.200817,0.05865313051573472,False,False,[ 0.41089201 -0.06681475  0.11350945]
1773.373853,200,1252.513604,0.03227396775565502,False,False,[0.47770337 0.41248786 0.39350197]
1164.030399,200,1252.829519,0.07333265949434659,False,False,[0.81122888 0.08510608 0.15916615]
1592.381362,200,1253.150197,0.03922933997314941,False,False,[ 0.44540235 -0.01328018  0.35481121]
1315.845219,200,1253.462736,0.05039198679077826,False,False,[0.51415997 0.10752704 0.46584291]
1207.664528,200,1254.250137,0.054450089158723604,False,False,[0.17535484 0.63335733 0.52671584]
1386.888955,200,1254.545738,0.033576656107326394,False,False,[0.34330454 0.48367805 0.39609175]
1156.7006,200,1254.858791,0.03506446534489345,False,False,[0.28474106 0.47854736 0.15886179]
1654.351663,197,1255.164889,0.04429104864341249,False,True,[0.15550513 0.6767887  0.16404353]
1148.054102,104,1255.38069,0.03632296552711975,False,True,[0.58988428 0.21063563 0.16123495]
1261.580425,200,1255.717377,0.07535383055727818,False,False,[ 0.57173612 -0.03590275  0.5674177 ]
1361.537585,200,1256.025059,0.04191573200368274,False,False,[0.67443911 0.2537482  0.23030208]
1307.286922,200,1256.329567,0.040467073680134316,False,False,[0.28813162 0.58566699 0.2059051 ]
1503.514967,200,1256.640562,0.018694720938596247,False,False,[0.7013118  0.30063202 0.36126666]
1031.153811,200,1257.061027,0.08266087598108886,False,False,[ 0.24771017 -0.05185132  0.70464224]
1661.330233,200,1257.362024,0.011854318597274743,False,False,[0.46474574 0.10217885 0.31890754]
1286.696662,200,1258.146448,0.061745640151153684,False,False,[0.18189386 0.39908623 0.12140985]
1483.142832,200,1258.454018,0.04798072316853677,False,False,[0.46905878 0.59968791 0.35961101]
1373.366616,200,1258.765629,0.028715634613385475,False,False,[0.12497637 0.35070053 0.32914186]
1204.819391,200,1259.069076,0.048981048779135616,False,False,[ 0.73348416 -0.00949518  0.23806629]
1434.637543,200,1259.359996,0.0692152688091387,False,False,[ 0.36105077 -0.03553245  0.60576117]
1042.943748,200,1259.665204,0.0736061731093881,False,False,[0.45470572 0.12812191 0.14011247]
1301.16084,200,1259.979379,0.05270832757904931,False,False,[0.19646392 0.13809136 0.33073434]
1037.859919,200,1260.286742,0.059518040325692335,False,False,[ 0.17369711 -0.04454739  0.45271727]
1465.550817,200,1260.586982,0.03254399453636025,False,False,[0.32724006 0.07296997 0.67687239]
1579.554903,200,1260.903435,0.033195956293876595,False,False,[0.51403188 0.06864412 0.57861755]
1410.929866,200,1261.689928,0.040010858589653246,False,False,[0.66696942 0.06234297 0.51810511]
1379.602951,200,1261.999499,0.049377486086728095,False,False,[0.65930717 0.04897698 0.53343041]
1453.040832,200,1262.302171,0.034486534666473875,False,False,[0.3213182  0.24607581 0.59459961]
1060.451253,200,1262.606773,0.0602477106468024,False,False,[ 0.26865046 -0.07288422  0.17351877]
1293.404921,107,1262.822412,0.025047065920675644,False,True,[0.47471321 0.13249102 0.30202688]
1336.330411,200,1263.122879,0.033726779008535636,False,False,[0.130568   0.26442854 0.59071686]
893.259061,68,1263.298942,0.023182912135371447,False,True,[0.6194441  0.0397964  0.25864342]
1326.965051,200,1263.610372,0.07678185319561928,False,False,[0.48656747 0.47505382 0.35716806]
1647.139105,200,1263.928424,0.016618115642851167,False,False,[0.21039976 0.28483992 0.62359443]
292.428056,68,1264.109645,0.0522903893738267,True,False,[0.76627512 0.04752047 0.14477328]
1057.687564,200,1264.420964,0.07332778064884933,False,False,[0.12565424 0.03182826 0.36462417]
1231.10836,200,1264.730062,0.040248808737389584,False,False,[0.10118868 0.2160497  0.52654   ]
1531.78092,200,1265.555972,0.01607874637368937,False,False,[ 0.71144445 -0.03119247  0.21109568]
1392.487322,200,1265.957697,0.03505979129628051,False,False,[0.29621997 0.08994094 0.53898854]
1348.610355,200,1266.261836,0.0653491284284634,False,False,[0.19341287 0.06304791 0.60714365]
105.695076,40,1266.413545,0.04666844275853919,True,False,[0.30601366 0.42891817 0.10252106]
1372.855204,200,1266.721024,0.022109886080115878,False,False,[0.3394394  0.43354618 0.21719599]
1358.556838,200,1267.041774,0.03993525873747621,False,False,[0.70363781 0.16119662 0.32018109]
1155.706964,200,1267.34577,0.05537758575510612,False,False,[0.10593705 0.05817191 0.70089782]
1410.297694,200,1267.658603,0.017326054550706915,False,False,[0.32562909 0.06248485 0.30608403]
1565.173763,200,1267.97106,0.004371766217515304,False,False,[0.54822383 0.46527465 0.3852323 ]
1588.898628,200,1268.273038,0.06973500540371039,False,False,[0.17558431 0.39458766 0.36297087]
1589.431105,200,1268.581379,0.02740482266054751,False,False,[0.22547077 0.4508036  0.60350039]
1355.115888,200,1269.376628,0.019441001786683093,False,False,[0.4067085  0.43640223 0.41531727]
1240.641359,200,1269.692997,0.029302652054748447,False,False,[0.35368823 0.63780196 0.27843773]
1017.753614,200,1269.995785,0.0749900507111419,False,False,[0.13802763 0.02673389 0.75549646]
1211.124921,200,1270.299505,0.052776968773487185,False,False,[ 0.48539266 -0.08266999  0.59752738]
1136.562062,200,1270.605993,0.01578607518004053,False,False,[0.15578902 0.68341823 0.30582903]
1479.000931,200,1270.919754,0.03623778040753598,False,False,[0.303079   0.17573423 0.57461004]
1215.205514,200,1271.213115,0.016636432665190957,False,False,[0.2215868  0.64589391 0.39092052]
1614.965602,200,1271.519275,0.06049089008753854,False,False,[0.57045617 0.12899701 0.54935109]
1184.245399,200,1271.841399,0.06605490777538235,False,False,[0.19571922 0.66565966 0.33488968]
1318.765075,200,1272.153171,0.02168364648111713,False,False,[0.29479463 0.47794993 0.23412724]
1531.950861,200,1272.94493,0.004279552872335419,False,False,[0.61654547 0.35525577 0.15940865]
1392.338062,200,1273.356425,0.03430763430920767,False,False,[ 0.49385846 -0.02476659  0.33836286]
1389.162897,200,1273.770305,0.02010495562434675,False,False,[0.63645572 0.41649507 0.30830293]
1398.753862,200,1274.169381,0.019199426420710545,False,False,[0.66567576 0.37067449 0.33270058]
364.46161,82,1274.460105,0.0817168308979391,True,False,[0.71458209 0.23746916 0.15655083]
1188.830829,105,1274.67535,0.023625982980309785,False,True,[0.60589486 0.01610059 0.26533853]
1206.885457,123,1274.908942,0.042824060959824495,False,True,[0.13877706 0.32544902 0.77274777]
1304.409908,200,1275.223254,0.02438736631316906,False,False,[0.29059499 0.40048009 0.1552144 ]
1349.413209,200,1275.534085,0.03667601819358854,False,False,[0.23212195 0.11856752 0.74333878]
1049.593064,200,1275.844013,0.06705953922399026,False,False,[0.14084666 0.19046203 0.5647524 ]
1324.450884,200,1276.152063,0.06195588042012262,False,False,[0.52574594 0.5007231  0.29427142]
1202.384488,200,1276.457913,0.07425170749662474,False,False,[0.17461874 0.64405113 0.20029702]
1399.552405,200,1277.253055,0.011687595807972415,False,False,[0.16712973 0.31820573 0.51994813]
1190.420041,200,1277.569201,0.05167397322319961,False,False,[0.29355909 0.62050129 0.43490199]
1408.052901,200,1277.869461,0.037572711276197795,False,False,[0.26376224 0.19780129 0.14144799]
1266.91786,200,1278.174736,0.0637414312695636,False,False,[0.44198192 0.53693791 0.26270897]
1436.584159,200,1278.487705,0.03655842625911917,False,False,[0.49208673 0.29672332 0.37987544]
1356.439637,200,1278.791119,0.04051141256026006,False,False,[ 0.30499945 -0.00063255  0.63097544]
1400.693645,200,1279.10517,0.03572263953921271,False,False,[0.64155189 0.22931673 0.39565891]
1682.899993,200,1279.413524,0.0332996381305122,False,False,[0.52301458 0.16880089 0.55876053]
1337.679319,200,1279.715382,0.06924851950616909,False,False,[ 0.40344314 -0.00941706  0.45045899]
1249.808168,200,1280.025779,0.05965561310240755,False,False,[0.65509682 0.41800631 0.28128527]
784.252496,200,1280.816195,0.14196910405366608,False,False,[ 0.2037148  -0.07191602  0.81460671]
64.477513,51,1280.980716,0.1550628733479452,True,False,[ 0.1765945  -0.07754691  0.11783715]
1649.02484,200,1281.285827,0.051904944716785265,False,False,[0.27061986 0.29513292 0.34288034]
301.80938,96,1281.492013,0.11133708761207246,True,False,[ 0.14422258 -0.07256662  0.14291296]
1168.595363,200,1281.803816,0.06008977474885214,False,False,[0.71303397 0.41764465 0.16382159]
1386.265718,200,1282.213231,0.03590214818578097,False,False,[0.19072552 0.17072752 0.67902028]
1419.337414,200,1282.517547,0.05982934596102315,False,False,[0.34195836 0.0387974  0.17470214]
1183.148482,200,1282.825714,0.0574519132583683,False,False,[0.11253222 0.09750488 0.68311392]
1385.927528,200,1283.144413,0.030062252453883054,False,False,[0.39035211 0.15336893 0.18099938]
1663.562075,200,1283.446116,0.04382067343802611,False,False,[0.43381362 0.07326034 0.34897991]
1576.441684,200,1283.751314,0.04780199763296124,False,False,[ 0.4492235  -0.01081513  0.57398419]
72.647135,46,1283.912224,0.08360567071374611,True,False,[0.11337183 0.02565116 0.15450672]
1409.337823,200,1284.706732,0.06755865051794557,False,False,[0.49273854 0.33003715 0.23128514]
1416.767196,200,1285.025532,0.03880038241044479,False,False,[0.32495488 0.26125075 0.48593536]
1330.007631,200,1285.333772,0.04621413584941403,False,False,[0.23965607 0.1283399  0.63469098]
1385.73102,200,1285.647367,0.039561953159673,False,False,[0.27627166 0.17653339 0.24100759]
1228.903727,200,1285.96959,0.07958382403958987,False,False,[0.36097811 0.42138802 0.60217437]
1405.550229,200,1286.278768,0.027792831918195312,False,False,[0.43488954 0.43501393 0.36489449]
1329.219184,200,1286.596881,0.0382676615979119,False,False,[0.24026542 0.38430121 0.42749933]
869.098646,200,1286.919229,0.12268061108264332,False,False,[ 0.12178213 -0.07122409  0.42157287]
1358.371423,200,1287.234302,0.040472067843624414,False,False,[0.33814114 0.37178336 0.41667869]
1479.565095,200,1287.529447,0.039296961646820394,False,False,[0.13856095 0.18521288 0.4715473 ]
1567.803172,200,1287.832157,0.018114371648814,False,False,[0.3352068  0.28094739 0.17661351]
1287.050451,200,1288.6248,0.06680736056949717,False,False,[0.28382895 0.5120985  0.35892   ]
1526.775345,200,1288.928986,0.07235586577843875,False,False,[0.55723886 0.46203676 0.35610871]
1151.988439,200,1289.242763,0.06396103223279485,False,False,[0.17397461 0.10004386 0.37799074]
1406.672757,200,1289.550418,0.043367956825496115,False,False,[0.32200778 0.12081066 0.28632408]
1342.266871,200,1289.850942,0.023815220434903424,False,False,[0.41198012 0.59795006 0.33149029]
1124.719378,200,1290.161019,0.05820640691250569,False,False,[ 0.21627428 -0.02424885  0.66649931]
1200.838048,200,1290.46865,0.03663198311706983,False,False,[0.29493661 0.01908045 0.72766544]
1011.019686,200,1290.770302,0.03827204409510912,False,False,[0.21003127 0.09496371 0.13441672]
282.921169,68,1290.948755,0.05192592016548663,True,False,[0.47741947 0.45725539 0.10287058]
992.444867,200,1291.242862,0.08427705187862705,False,False,[ 0.22855656 -0.01433129  0.12393751]
1447.80401,200,1291.561351,0.047603782355468305,False,False,[0.60689006 0.31327585 0.39888418]
1394.105912,200,1292.363607,0.05246466811447897,False,False,[0.40792126 0.03045346 0.51288542]
1395.798415,200,1292.671181,0.03411329283475995,False,False,[0.31646382 0.25125426 0.56712213]
1334.832781,200,1292.974096,0.05526595718012704,False,False,[0.61339801 0.42165939 0.39021509]
458.736637,99,1293.178515,0.0508650811760288,True,False,[0.50199661 0.51886825 0.13571153]
1585.883863,200,1293.486166,0.023845027944135726,False,False,[0.44088937 0.38399466 0.22493015]
1435.69997,200,1293.782119,0.015595006787369983,False,False,[0.50957459 0.12057262 0.40968958]
1636.787328,200,1294.088729,0.013346420452598004,False,False,[0.43365273 0.16973859 0.31563736]
844.466343,54,1294.255209,0.02929288501238997,False,True,[0.18687533 0.25342767 0.48130071]
1407.304422,200,1294.557168,0.011591657001532887,False,False,[ 0.31410418 -0.05545969  0.41428516]
1333.19473,200,1294.864324,0.04727340182600321,False,False,[0.3155262  0.1353395  0.27936026]
1380.977837,200,1295.176448,0.025132152173704868,False,False,[0.16751746 0.1609164  0.67758865]
1267.347549,200,1295.982897,0.06688362862288347,False,False,[0.29230432 0.06876395 0.55781285]
1332.16173,144,1296.228663,0.0437792644352197,False,True,[0.11545619 0.18173168 0.17416818]
1354.764528,200,1296.52943,0.040095568950726336,False,False,[ 0.59192781 -0.03323901  0.5015779 ]
588.33308,14,1296.753927,0.04550867552226525,False,True,[0.56651018 0.15727209 0.58840519]
647.49581,27,1296.886303,0.006702085519926952,False,True,[0.22189389 0.07227868 0.38900016]
1248.582265,116,1297.11639,0.015769003445822813,False,True,[0.31579272 0.19366051 0.23270493]
1358.260067,200,1297.431619,0.014253579411262027,False,False,[0.24464638 0.33431904 0.42337862]
1359.069508,200,1297.745452,0.03919921221321678,False,False,[0.54919294 0.3282235  0.25510759]
1079.630452,200,1298.140582,0.061698957007998045,False,False,[0.10199253 0.5305185  0.55563285]
1835.968756,190,1298.441741,0.03513834328820575,False,True,[0.15612455 0.1795581  0.78267008]
1233.341238,200,1298.741072,0.04058500135544658,False,False,[0.201467   0.08370308 0.4041986 ]
1200.255172,200,1299.052466,0.0660047126700597,False,False,[ 0.56236393 -0.08188381  0.1278871 ]
1034.214616,200,1299.364178,0.09074010004422134,False,False,[0.21897692 0.6357828  0.50312377]
1365.653184,200,1300.163331,0.022026083369223157,False,False,[0.36656287 0.02121544 0.46841677]
1267.052736,200,1300.468558,0.07005981432525502,False,False,[ 0.29021237 -0.00671213  0.59502352]
1249.019511,200,1300.767958,0.048154020786326836,False,False,[0.21932309 0.59521323 0.44861137]
1365.210308,200,1301.077435,0.02392032107407214,False,False,[ 0.21296934 -0.02796158  0.25404225]
1314.2568,200,1301.37715,0.05022450210689898,False,False,[ 0.4674799  -0.0636162   0.55339207]
1259.103128,200,1301.683059,0.060544598594235007,False,False,[0.38691078 0.47712835 0.15393708]
1177.874314,96,1301.889818,0.04576752484498589,False,True,[0.5000871  0.28326823 0.56895452]
1360.140869,200,1302.239892,0.031224870495086994,False,False,[0.23352517 0.19795318 0.7290288 ]
1606.290031,200,1302.539511,0.031531049360880144,False,False,[0.63573492 0.32496041 0.39994967]
1351.902488,200,1302.836823,0.030862552834477003,False,False,[0.30133639 0.0580201  0.27046372]
1365.533645,200,1303.150115,0.04549704269141195,False,False,[0.38671986 0.0627791  0.34349226]
1756.972267,200,1303.950681,0.021927413881479365,False,False,[0.62037203 0.04395321 0.30764785]
1346.35805,200,1304.26686,0.029577172759984005,False,False,[0.54079501 0.40381585 0.43527866]
562.200321,126,1304.512545,0.11261743024329479,True,False,[ 0.18423425 -0.05981771  0.23373861]
1375.700993,200,1304.813251,0.04572739379632471,False,False,[0.28571125 0.30768088 0.23212192]
806.199059,200,1305.117165,0.11940192339290417,False,False,[ 0.1803915  -0.0834548   0.59417415]
1280.630968,200,1305.413678,0.05209272926033352,False,False,[0.23944424 0.04462004 0.29367441]
1343.092335,200,1305.716107,0.0410632039032995,False,False,[0.33634529 0.55457683 0.29130489]
1807.666348,200,1306.029274,0.029047288478658312,False,False,[0.42127068 0.05592549 0.26962478]
1408.530907,200,1306.340714,0.031841655308333376,False,False,[ 0.48246257 -0.02898538  0.21190833]
1324.20588,200,1306.648788,0.05242811181111989,False,False,[0.30758564 0.01985955 0.45108883]
1392.836368,200,1307.447709,0.03632028563563793,False,False,[0.58870658 0.07967116 0.39412003]
1180.692343,200,1307.75728,0.01668806903363635,False,False,[0.55208021 0.55076941 0.20928452]
900.208274,64,1307.931436,0.027602842844993092,False,True,[0.21355901 0.29323497 0.76794858]
666.132683,26,1308.068307,0.015722893799003757,False,True,[0.35356605 0.1064408  0.58626118]
1287.110008,200,1308.373257,0.04459822316363594,False,False,[0.34926426 0.13148606 0.15640266]
1234.477078,200,1308.670465,0.03634233043700222,False,False,[ 0.35836382 -0.01103345  0.75150257]
1312.309578,200,1308.986834,0.07038623714289652,False,False,[0.23159271 0.03999515 0.40135343]
1324.670678,200,1309.288031,0.02586200541324387,False,False,[0.18908436 0.43190028 0.62181418]
1350.057009,200,1309.604076,0.04435074666970182,False,False,[0.66756022 0.32688976 0.3257294 ]
1329.943527,200,1310.009818,0.06797568573908869,False,False,[0.5209169  0.50014333 0.36009793]
53.001076,39,1310.156889,0.06970190426199602,True,False,[0.34234665 0.59567341 0.10220426]
1408.446276,200,1310.469501,0.029952112756722424,False,False,[0.16556    0.49141424 0.34459883]
1604.291428,200,1310.780526,0.03714675231635385,False,False,[0.44901451 0.04953825 0.23998336]
1193.116537,200,1311.589088,0.059994928406586955,False,False,[ 0.29547503 -0.04628129  0.6961022 ]
1457.644809,200,1311.889539,0.041219879134021045,False,False,[0.10878081 0.32037552 0.62489452]
1319.924213,200,1312.200561,0.025037962062790107,False,False,[0.51516478 0.2152641  0.17867758]
1305.709955,200,1312.506508,0.0378087124339784,False,False,[0.29666231 0.16226348 0.75755759]
1585.963854,200,1312.804722,0.04035004522476997,False,False,[0.60964647 0.04406106 0.35224511]
1609.983884,200,1313.117856,0.03655898519424595,False,False,[0.44264699 0.4175592  0.21464052]
1302.476695,200,1313.422157,0.048507681700232355,False,False,[0.55229382 0.25595554 0.12301555]
1213.552061,200,1313.82258,0.07288015988449939,False,False,[ 0.65544867 -0.03162087  0.17454501]
1554.211596,142,1314.084569,0.011796562459166169,False,True,[0.38974259 0.26014785 0.32920088]
1233.227688,200,1314.401405,0.06886613204277821,False,False,[ 0.27404716 -0.02444778  0.18204852]
933.74565,200,1315.196024,0.03847280284558588,False,False,[0.13466403 0.63117336 0.21971972]
1178.641953,200,1315.496789,0.06031110032208992,False,False,[0.69974101 0.23117246 0.17235201]
345.090089,200,1315.803933,0.09283211693857205,False,False,[ 0.55432789 -0.03203203  0.40537674]
1371.377756,200,1316.125434,0.031719918541278244,False,False,[0.38371917 0.39986865 0.20431172]
1292.553358,200,1316.429866,0.10708923769238757,False,False,[0.73108003 0.02716954 0.42912652]
1550.521255,200,1316.730799,0.026464864169119452,False,False,[0.19289493 0.21956889 0.43512661]
1230.47348,200,1317.04152,0.023663046104255885,False,False,[0.38782458 0.52868358 0.17897076]
1396.171588,200,1317.345383,0.015042563388755164,False,False,[0.3229678  0.00598991 0.67064231]
1339.960955,200,1317.659444,0.029032529162979433,False,False,[0.41377516 0.03393716 0.50676466]
1418.168572,200,1317.967841,0.011324666026971927,False,False,[0.51798392 0.35410186 0.33385955]
1433.199114,200,1318.273114,0.03067511649354464,False,False,[0.52167977 0.31440193 0.28566405]
1423.941314,200,1319.078029,0.02799095137352199,False,False,[0.29611788 0.35157482 0.34388017]
1391.913633,200,1319.382257,0.04942467854565869,False,False,[0.49911327 0.32028639 0.25121392]
755.48403,200,1319.699425,0.16107356021489166,False,False,[ 0.11598569 -0.09610047  0.63416919]
1457.677092,200,1320.005153,0.04330549923859935,False,False,[ 0.27362363 -0.00278376  0.22348041]
1420.355521,200,1320.313801,0.056062902082042926,False,False,[0.18993285 0.57966502 0.39327896]
1332.262963,200,1320.655315,0.03269222150817237,False,False,[0.41144161 0.00150302 0.38765159]
1343.717714,200,1320.972409,0.030771781406939237,False,False,[ 0.44925867 -0.0415315   0.43743813]
1568.686006,200,1321.278492,0.03151809329275077,False,False,[0.66457287 0.29909767 0.28490578]
1421.465433,200,1321.693305,0.0162842212024142,False,False,[0.33334303 0.23540669 0.28256607]
1296.37938,200,1322.021012,0.04000815379005278,False,False,[0.1848365  0.54132328 0.46196612]
1370.190123,200,1322.800497,0.045926758292475334,False,False,[0.63380053 0.01651414 0.2799152 ]
1296.41122,99,1323.009887,0.009150483719835682,False,True,[0.60491925 0.47319713 0.33910193]
1190.076987,200,1323.314701,0.08682670405027756,False,False,[0.18027224 0.117216   0.49857844]
1341.765601,200,1323.620156,0.04231089012391421,False,False,[0.54454162 0.32116672 0.1829172 ]
1422.007422,200,1324.026778,0.01674438986477008,False,False,[0.34172181 0.2130925  0.37091526]
1377.061273,200,1324.325316,0.034014090398003245,False,False,[0.53201648 0.43013604 0.23202223]
1381.323374,200,1324.642092,0.028214495009067916,False,False,[ 0.51630674 -0.02430671  0.36401765]
1396.862473,200,1325.046374,0.01818810578583189,False,False,[0.36790156 0.08433709 0.34712469]
1343.750726,200,1325.352331,0.044217531578128765,False,False,[0.26492189 0.3837124  0.2374215 ]
1275.984681,200,1325.649402,0.04759825290838563,False,False,[0.43051234 0.52551544 0.45912483]
1399.806052,200,1325.95788,0.05416693590890178,False,False,[0.19173603 0.42512986 0.49666931]
1368.802099,200,1326.751356,0.04411467373312542,False,False,[0.26844715 0.23007669 0.4606896 ]
1355.183611,200,1327.065738,0.01969499964427302,False,False,[0.64592277 0.27680527 0.45896106]
1422.051377,200,1327.362771,0.030287456439344038,False,False,[ 0.59298651 -0.00593328  0.29703836]
1595.546481,200,1327.67707,0.0333805060521296,False,False,[0.44991075 0.22175607 0.45293768]
1633.048878,200,1327.982577,0.029990214193296796,False,False,[0.62462776 0.18487623 0.45057958]
1188.770297,200,1328.292668,0.0452599359868514,False,False,[0.65304912 0.28187353 0.24990972]
1376.671258,200,1328.703252,0.0332823389840785,False,False,[0.57996537 0.28672702 0.23210251]
1153.814151,200,1329.117884,0.09485845277371316,False,False,[ 0.33802306 -0.03859732  0.39200105]
1443.691146,200,1329.42674,0.014576627946470704,False,False,[0.455584   0.23507003 0.47007935]
1298.712068,200,1329.732333,0.07847529337177267,False,False,[0.48259916 0.5599069  0.25968161]
1342.61099,200,1330.536844,0.05380592782337147,False,False,[ 0.60809323 -0.03457997  0.54646426]
1523.030205,200,1330.962279,0.01288681925577533,False,False,[0.22839262 0.28348283 0.728328  ]
1279.579114,200,1331.267492,0.10586574328996744,False,False,[ 0.32817874 -0.08218856  0.34103004]
1119.382198,200,1331.585001,0.05618248222557842,False,False,[0.16936455 0.00409622 0.42891727]
1482.441071,200,1331.896096,0.027747547807666927,False,False,[0.14323816 0.35890242 0.33538122]
1424.042591,200,1332.211683,0.04563368282075827,False,False,[0.62115769 0.03612575 0.54728469]
1630.063655,200,1332.517263,0.021230417945807375,False,False,[0.2604212  0.07996267 0.59099516]
1276.544324,123,1332.750024,0.04695922688058839,False,True,[0.28262396 0.28593611 0.17309674]
1424.081921,200,1333.067829,0.04252089962044608,False,False,[0.48613644 0.32200316 0.38537467]
1475.04657,200,1333.37823,0.054975275458665464,False,False,[0.54133801 0.225166   0.53805858]
965.296597,73,1333.563596,0.020740458629337627,False,True,[0.31027052 0.14997957 0.66229404]
1182.109317,200,1334.372782,0.03861852704245663,False,False,[0.12241603 0.27382321 0.22418782]
1451.069459,200,1334.677259,0.027863251467542604,False,False,[0.2976998  0.30103938 0.50105211]
834.555033,200,1334.983702,0.12666540655935415,False,False,[ 0.14659401 -0.08405102  0.28492214]
1120.933231,200,1335.298141,0.04228156837142643,False,False,[0.17442831 0.26837564 0.14670453]
1782.611515,187,1335.599197,0.024724236348029754,False,True,[0.23351646 0.31192196 0.61472531]
1407.506636,200,1335.921913,0.06986044837115973,False,False,[0.38412926 0.20536309 0.58217927]
1366.788078,156,1336.19087,0.047986166060578414,False,True,[0.17330024 0.0604664  0.77427879]
1259.340921,200,1336.501147,0.06576783111187255,False,False,[0.45000628 0.16672419 0.12285561]
1224.326329,200,1336.8131,0.04380216273310105,False,False,[0.16149183 0.18023534 0.15249086]
1273.260287,200,1337.120396,0.03948204261823044,False,False,[0.70003272 0.36113895 0.18944655]
1479.873648,200,1337.53356,0.013905202738300346,False,False,[0.35292122 0.27153271 0.28460761]
1407.338749,200,1338.345932,0.054781857081231684,False,False,[0.22196057 0.37741079 0.54766462]
151.460012,52,1338.502709,0.08464425436114878,True,False,[0.55793188 0.53389641 0.12197309]
1345.883608,200,1338.906564,0.01534359258819127,False,False,[0.1519682  0.29189824 0.25489956]
793.608144,200,1339.213526,0.13402077371653393,False,False,[ 0.22680964 -0.09033623  0.77544954]
1363.269174,200,1339.558466,0.03173255295174554,False,False,[0.55980026 0.07931723 0.28016656]
1275.712506,200,1339.872995,0.04681519218448622,False,False,[0.13047485 0.41066935 0.35181461]
1146.17459,200,1340.181309,0.05072134968997682,False,False,[0.10318353 0.43874928 0.66111434]
1545.097053,200,1340.486142,0.031121415737637097,False,False,[ 0.45502742 -0.04373342  0.26968236]
1286.508056,200,1340.799568,0.02213360996059257,False,False,[ 0.51839713 -0.03173518  0.41618154]
-38.001673,41,1340.947487,0.5918026059300565,True,False,[0.15200092 0.49025754 0.30006129]
1608.948534,200,1341.26046,0.03667217257834191,False,False,[0.67101448 0.04539606 0.30509035]
1620.616079,200,1342.04918,0.01591074721852478,False,False,[0.48376754 0.14213585 0.50127247]
1331.587327,200,1342.364815,0.032264410003177674,False,False,[0.23864786 0.56129396 0.35971326]
1575.830983,200,1342.673883,0.04014646512980092,False,False,[0.41653434 0.18060632 0.19611375]
1343.38578,200,1342.991495,0.0061058425913673164,False,False,[0.12425595 0.45876541 0.33421438]
1388.584351,200,1343.298625,0.05343501695268252,False,False,[0.23363606 0.43150476 0.26570563]
1142.7984,200,1343.589193,0.09868183594515051,False,False,[0.42370638 0.65906003 0.26699932]
1311.711292,200,1343.894896,0.010603038425611324,False,False,[0.73868729 0.0574459  0.16926624]
131.516248,59,1344.055025,0.08402737101152469,True,False,[ 0.12062794 -0.02054046  0.17978039]
-12.184733,24,1344.190426,0.0724564762918076,True,False,[0.59202371 0.40060491 0.10251183]
1404.920616,200,1344.608274,0.055538225714662826,False,False,[0.46877663 0.33865114 0.3603412 ]
1635.904946,200,1344.929011,0.02080712946481754,False,False,[0.58513504 0.25135286 0.27390061]
452.454471,200,1345.241087,0.05733017650306748,False,False,[ 0.62350815 -0.02712125  0.355986  ]
1379.083985,200,1346.030889,0.04782600984877604,False,False,[0.22045019 0.40056217 0.40549245]
1329.981446,200,1346.351775,0.09537627978676949,False,False,[0.73504133 0.03494628 0.35570119]
1315.708212,200,1346.657722,0.036265802197139485,False,False,[0.41008824 0.12624444 0.71617809]
1439.951387,200,1346.974386,0.020995355174127504,False,False,[0.40497708 0.12737221 0.44261243]
1276.998717,200,1347.281631,0.05546196324128557,False,False,[0.58071924 0.28393625 0.16973569]
1374.824516,200,1347.594034,0.04701202404242445,False,False,[0.15701195 0.18624937 0.21973176]
1257.465707,200,1347.903966,0.05267696340016788,False,False,[0.16479743 0.5281658  0.50128698]
1407.598024,200,1348.214135,0.029358069696228898,False,False,[0.42212434 0.08708874 0.49409773]
1674.337938,200,1348.523573,0.03218013548676063,False,False,[0.43838285 0.08724352 0.30966141]
1832.99988,200,1348.832923,0.013476566365781279,False,False,[0.35687606 0.33254981 0.24603435]
1171.427222,200,1349.61552,0.10857510170876655,False,False,[0.39461801 0.66984538 0.34002615]
1366.279844,200,1349.922419,0.0244427312192406,False,False,[0.2483188  0.27953355 0.62408887]
1358.913597,200,1350.238218,0.036773529383891126,False,False,[0.5529025  0.05603044 0.61065642]
1349.622681,200,1350.541893,0.021145796445768403,False,False,[0.29541518 0.15524611 0.4598963 ]
1188.906962,200,1350.854985,0.03458687989732745,False,False,[0.28417365 0.36668581 0.1254831 ]
1379.515873,200,1351.16285,0.03710750344108913,False,False,[0.45971405 0.5365296  0.4481218 ]
1244.061397,200,1351.470183,0.05165736241890503,False,False,[0.13297561 0.44493297 0.44986967]
1819.955565,200,1351.785237,0.02848243347582101,False,False,[0.47634136 0.13427571 0.60497398]
1505.537248,200,1352.118044,0.03902809758173159,False,False,[0.20224153 0.50134864 0.22879462]
1382.225894,200,1352.426297,0.028314631683519727,False,False,[0.20508273 0.04763233 0.24066696]
1604.418926,200,1352.727107,0.03587269675933353,False,False,[0.2620147  0.1422203  0.52007678]
1437.472939,200,1353.525147,0.02919012163448208,False,False,[0.43881853 0.2180953  0.57722509]
1377.009167,200,1353.836971,0.028070842357360935,False,False,[0.3604394  0.13952563 0.48683056]
1568.794014,200,1354.148038,0.04889369345491968,False,False,[0.42877526 0.02419653 0.61489494]
137.812016,50,1354.314886,0.07026191632200109,True,False,[0.71156274 0.29669877 0.10769336]
400.237923,200,1354.626773,0.0657589324351471,False,False,[ 0.39707294 -0.01672499  0.69186226]
1428.482678,128,1354.866112,0.04494902439963701,False,True,[0.62155222 0.12064353 0.387106  ]
996.902163,200,1355.162517,0.07450638035997975,False,False,[ 0.16397149 -0.03112328  0.59234062]
1327.331725,200,1355.4776,0.059974652087483885,False,False,[0.62276719 0.01328017 0.39991602]
1393.492872,200,1355.880211,0.02813960973425771,False,False,[0.48217719 0.4334845  0.40546007]
1336.583294,200,1356.205323,0.030211442989732263,False,False,[0.3067232  0.14250502 0.33243805]
1334.830568,200,1356.505164,0.03205483155695932,False,False,[ 0.47881086 -0.05920969  0.22631185]
1153.603358,200,1357.391235,0.08620191534270301,False,False,[0.12652815 0.22851008 0.53481252]
1170.642731,200,1357.68633,0.08400934857269052,False,False,[0.15064228 0.30639296 0.76409619]
1328.026749,200,1358.003886,0.015575096152940405,False,False,[0.28220433 0.1965627  0.41915595]
1081.929237,200,1358.310682,0.041902846610848817,False,False,[0.11312862 0.61270213 0.2758013 ]
1367.502268,200,1358.621323,0.026207005327335803,False,False,[0.2542974  0.39617521 0.31018447]
1276.069531,200,1358.957669,0.03816760473014563,False,False,[0.44499293 0.12926935 0.15061206]
789.496644,42,1359.111787,0.031128471549573596,False,True,[0.44535572 0.28433816 0.56795169]
1058.47677,200,1359.417375,0.09647365262243093,False,False,[0.11822932 0.51319485 0.42212036]
1306.980675,200,1359.724168,0.022762824655143163,False,False,[0.30541687 0.6117128  0.20905142]
1281.69879,200,1360.038286,0.0376078357904073,False,False,[0.71511528 0.08109703 0.15778066]
1400.518343,200,1360.351491,0.009936952945707511,False,False,[0.33535776 0.41511419 0.45533776]
1571.548352,200,1361.153976,0.021280515987678186,False,False,[0.22081654 0.39353101 0.50187287]
1410.940186,200,1361.461102,0.026723344777189417,False,False,[0.31326417 0.15630875 0.29255829]
1174.954838,200,1361.773001,0.045412557684326844,False,False,[0.11533626 0.10664551 0.65365587]
964.755422,172,1362.060827,0.04061801710364801,True,False,[0.17123967 0.12216542 0.21068273]
1412.62265,200,1362.380108,0.03410944525278611,False,False,[0.33539972 0.10617946 0.58214114]
1399.494934,200,1362.68493,0.03502298313630343,False,False,[0.42350546 0.44290194 0.33010545]
1219.122951,200,1362.997279,0.046616862511491976,False,False,[0.23381969 0.29214983 0.53699358]
1647.685201,200,1363.300097,0.0477740065434968,False,False,[0.36561552 0.19906287 0.24048311]
1308.598309,200,1363.612199,0.03299863963439547,False,False,[0.3980236  0.26222545 0.69337418]
1396.314436,200,1363.926239,0.04820739827960547,False,False,[0.17015082 0.31532303 0.36123483]
775.05215,166,1364.206356,0.11751133113675905,True,False,[ 0.76580381 -0.0983971   0.17848374]
1000.362167,200,1365.095285,0.14312742323564326,False,False,[0.26434939 0.6961384  0.34342198]
1306.328379,200,1365.399736,0.03826972597207509,False,False,[0.11674186 0.45939132 0.53054103]
1286.366487,200,1365.708318,0.0707103592063751,False,False,[0.1821679  0.59043659 0.40565119]
1238.782432,200,1366.024042,0.07076346066642045,False,False,[0.25357371 0.42791753 0.44363176]
1299.5524,200,1366.344853,0.06767506704594103,False,False,[ 0.58144389 -0.04044484  0.47211933]
46.909696,41,1366.490725,0.39192168816498585,True,False,[0.34493731 0.1102117  0.41521365]
1403.799088,200,1366.795421,0.030210541618971617,False,False,[0.31825608 0.22727195 0.64311004]
1254.344245,200,1367.123727,0.024441760727627607,False,False,[0.1540513  0.47979348 0.56724633]
1196.736729,200,1367.439784,0.07021154766846291,False,False,[0.30480883 0.48236582 0.19446813]
1243.034823,200,1367.746772,0.02889605366923429,False,False,[0.71498073 0.10869391 0.16288914]
1451.79117,200,1368.061492,0.1416456209519253,False,False,[0.33690907 0.04292147 0.46373016]
953.59806,200,1368.851702,0.073906853119641,False,False,[0.11305505 0.59771973 0.17552706]
1316.810242,200,1369.164566,0.03195927596180769,False,False,[0.52799508 0.45892466 0.12237315]
1269.743145,200,1369.478225,0.04691769731175734,False,False,[ 0.65705444 -0.02902945  0.1900614 ]
1567.732404,200,1369.793238,0.017558520293668372,False,False,[0.40056006 0.09820496 0.23412632]
1641.811542,200,1370.096991,0.03190816677847185,False,False,[0.48668353 0.31324631 0.34964464]
1437.629246,200,1370.423698,0.029096007331146857,False,False,[0.40978664 0.04486241 0.4533145 ]
-4.426784,32,1370.564383,0.12814115771594578,True,False,[ 0.82873422 -0.08137425  0.15447773]
1283.144869,200,1370.971384,0.04308542571419248,False,False,[0.17345465 0.63327853 0.51496536]
1198.015423,200,1371.282643,0.03818169555820846,False,False,[0.10222724 0.38954611 0.64341678]
1367.165595,200,1371.589609,0.02436649219608537,False,False,[0.24180086 0.22283362 0.23388463]
1384.826581,200,1371.898274,0.020177017283450373,False,False,[0.33874482 0.08443313 0.2915372 ]
1379.115813,200,1372.710663,0.08984727725700425,False,False,[0.62903899 0.26628588 0.42467105]
1820.856299,200,1373.023174,0.02304970646104983,False,False,[0.56095398 0.22855939 0.29130154]
1445.248482,200,1373.336471,0.04450898303362332,False,False,[0.32666861 0.17817356 0.27460747]
1329.856201,200,1373.648897,0.03420191414498891,False,False,[0.6790184  0.10751334 0.47705101]
1363.430202,200,1373.960481,0.0175644271219354,False,False,[0.51651573 0.36147356 0.43604384]
1383.274482,200,1374.267926,0.04564727459641265,False,False,[0.70932689 0.03371967 0.44997909]
1335.434188,200,1374.582287,0.06086169174607665,False,False,[0.34139872 0.53430213 0.36816367]
978.570126,62,1374.752289,0.013706898298297354,False,True,[0.40748262 0.1703246  0.5311421 ]
1367.087248,200,1375.061059,0.028677574160030243,False,False,[0.2773922 0.1699904 0.4777315]
1439.956597,200,1375.37998,0.060925593456316866,False,False,[0.4639057  0.34156995 0.60009517]
1420.364278,200,1375.676651,0.014422080995363188,False,False,[ 0.40090613 -0.05751129  0.58129438]
1399.669889,200,1376.496037,0.041578587178509756,False,False,[0.37764344 0.1796286  0.3667818 ]
1174.699497,200,1376.805904,0.06298352667630844,False,False,[0.40103372 0.63423561 0.32710972]
434.368607,87,1377.00122,0.03605012391334759,True,False,[0.39444159 0.4430004  0.12138506]
1378.336394,200,1377.320743,0.04318713282443369,False,False,[0.68719411 0.11230506 0.21815419]
1334.251273,200,1377.661093,0.03345225626692707,False,False,[0.38724129 0.26537444 0.70070036]
1219.856025,200,1377.97739,0.04124995501854361,False,False,[0.13364355 0.27550581 0.73197278]
872.090927,200,1378.29057,0.13627986260450226,False,False,[ 0.12801852 -0.00830469  0.46830379]
1333.025902,200,1378.615488,0.025501759649241017,False,False,[0.54865781 0.04243708 0.37084808]
1520.950677,200,1378.925648,0.05927029556903724,False,False,[0.59077462 0.26458917 0.18109143]
1378.353068,200,1379.224463,0.06490306685771413,False,False,[0.5060655  0.51458266 0.4040964 ]
1055.346397,200,1380.012773,0.05913360472462506,False,False,[0.21142663 0.08066891 0.11993426]
556.260479,114,1380.24347,0.055897286392637545,True,False,[0.43006419 0.57042339 0.1208009 ]
1812.54946,200,1380.558717,0.055913353730406845,False,False,[0.35448105 0.03330569 0.52492649]
1381.22602,200,1380.867362,0.028890830391469436,False,False,[0.13868897 0.14636394 0.57972423]
1228.878486,200,1381.182454,0.03882820312434258,False,False,[0.17810225 0.250918   0.16479973]
1399.902686,200,1381.471753,0.06287473578035871,False,False,[0.57740907 0.02784859 0.25659028]
1385.878487,200,1381.777019,0.013714538101657,False,False,[ 0.39361765 -0.07930111  0.45940573]
1417.365346,200,1382.086942,0.04142343466071098,False,False,[0.19240613 0.6176812  0.4151889 ]
1247.852779,200,1382.395268,0.06053335965534457,False,False,[0.55085248 0.3878234  0.22192845]
-10.450637,34,1382.542832,0.5585771934556747,True,False,[0.42823496 0.00605231 0.68619384]
893.766574,200,1382.861157,0.15231964338169465,False,False,[ 0.18767272 -0.00610567  0.81396104]
1324.303487,200,1383.173777,0.03932073096414511,False,False,[0.26700882 0.50376153 0.50512253]
1367.673479,200,1383.978158,0.04933769180626908,False,False,[0.28964053 0.17355793 0.69578923]
1350.017387,200,1384.280879,0.07207061873896915,False,False,[ 0.55769505 -0.05859089  0.37617538]
1163.873454,200,1384.691115,0.08799418363461378,False,False,[0.38722466 0.05883604 0.15051616]
1608.88387,200,1384.996779,0.02910792994894815,False,False,[0.31285952 0.1033824  0.46011336]
1356.260805,200,1385.317615,0.051241997305318074,False,False,[0.18235435 0.1609616  0.44885604]
1299.31035,183,1385.6182,0.04866731082490448,True,False,[0.35976648 0.49223845 0.12073098]
1336.232244,200,1385.936608,0.035174740716291286,False,False,[0.21108671 0.45537536 0.39487203]
1334.930861,200,1386.244706,0.021599637351035372,False,False,[0.49424289 0.2076954  0.17770818]
1305.968603,200,1386.569017,0.017814988043195135,False,False,[0.32823264 0.49782496 0.3273171 ]
1556.956534,200,1386.879513,0.010290257833597936,False,False,[0.3279731  0.11858391 0.48126927]
1410.668633,200,1387.700115,0.05003937262981967,False,False,[0.62242416 0.1324944  0.5004823 ]
1222.830746,200,1388.011027,0.046291963506009094,False,False,[0.51513846 0.20523809 0.16071676]
886.324162,200,1388.309638,0.13280692412178882,False,False,[0.21417499 0.69031038 0.16674439]
1295.631985,200,1388.632634,0.0764207761262321,False,False,[0.49976507 0.55007232 0.35619937]
1307.329065,200,1388.947305,0.022904315877800983,False,False,[0.29645309 0.19298463 0.75124251]
1628.530583,200,1389.26041,0.032088067595336,False,False,[0.64191182 0.02524512 0.39839378]
1256.648691,200,1389.576818,0.02614503831387427,False,False,[0.52032632 0.38593873 0.51501079]
1295.843514,200,1389.888318,0.06790513530422183,False,False,[0.56808819 0.49304427 0.2636608 ]
1195.943126,200,1390.194309,0.03953016969896919,False,False,[ 0.35253304 -0.09976982  0.34924807]
1232.293326,200,1390.503504,0.05124304194696611,False,False,[0.14551712 0.39274149 0.2176694 ]
1283.302378,200,1390.813867,0.05767776315694915,False,False,[0.65085311 0.32300626 0.23038764]
1418.754073,200,1391.69593,0.0504747435379462,False,False,[0.45130329 0.3723807  0.50871951]
1363.948865,200,1392.006691,0.011539488969050835,False,False,[0.36486538 0.44456339 0.24865195]
1420.220248,200,1392.329807,0.049430411195610556,False,False,[0.30858783 0.59042425 0.30560955]
729.475603,200,1392.656321,0.171905582229883,False,False,[ 0.10866854 -0.05894186  0.77693784]
1309.201559,200,1392.969374,0.018573998021176666,False,False,[ 0.49244578 -0.03672675  0.22231787]
1309.859651,200,1393.269939,0.06919837405136615,False,False,[0.30889312 0.16884401 0.62476446]
54.606086,37,1393.421317,0.08317430809384156,True,False,[0.73567491 0.26527574 0.11243021]
1147.718752,200,1393.842355,0.08672543161525678,False,False,[0.50317461 0.10990159 0.10045561]
1088.434278,200,1394.157645,0.06649949862241854,False,False,[0.26431235 0.06989278 0.10765773]
1260.321936,200,1394.47074,0.07495661580006845,False,False,[0.22533148 0.21178616 0.22353134]
1445.618467,200,1394.802591,0.015079963392934612,False,False,[0.46111819 0.3725711  0.27940695]
1301.179037,200,1395.606268,0.05758575426540232,False,False,[0.73669424 0.26538263 0.23812708]
1379.501478,200,1396.05154,0.04588518625677793,False,False,[0.63499403 0.21300411 0.52166259]
1277.32576,200,1396.350678,0.017607640811190147,False,False,[0.38187866 0.52792832 0.38704874]
1446.570897,200,1396.662811,0.040450978210791,False,False,[0.3414329  0.11852675 0.54149387]
1231.193602,200,1396.97222,0.026230360763971727,False,False,[ 0.23403303 -0.04247286  0.42472539]
494.051561,123,1397.210129,0.1460435174416528,True,False,[0.45203948 0.68480439 0.17448359]
1409.062755,200,1397.515022,0.057925523546661944,False,False,[0.59567052 0.27505885 0.40258667]
1251.675822,200,1397.829804,0.11008041226373114,False,False,[ 0.44901032 -0.07392929  0.70141424]
1003.224791,200,1398.138225,0.09826295261843424,False,False,[ 2.61567688e-01 -4.05950305e-04  8.04354319e-01]
1229.69482,200,1398.441527,0.024265688472429176,False,False,[0.19559797 0.12481327 0.16665924]
1271.617904,200,1399.234683,0.10124989727318094,False,False,[0.58310019 0.12923253 0.13059748]
1064.143162,200,1399.547408,0.05601917051092939,False,False,[0.12640338 0.04379533 0.43383668]
1360.501839,200,1399.855972,0.04952926969605778,False,False,[0.6500056  0.3674339  0.33872287]
1085.310695,200,1400.268958,0.07104981639767878,False,False,[0.1646844  0.66101387 0.371641  ]
1219.835684,200,1400.564583,0.019206326574006304,False,False,[0.16049134 0.55432534 0.36593484]
1375.670835,200,1400.887439,0.026321226439321343,False,False,[0.57428735 0.29520348 0.25041106]
1355.140037,200,1401.295506,0.06345894635165275,False,False,[0.64759019 0.01810873 0.39639807]
1440.460414,200,1401.706188,0.05607053511520026,False,False,[0.25221201 0.08936013 0.65130771]
1299.10927,200,1402.01003,0.04676007382088875,False,False,[0.26117055 0.21753846 0.77590139]
1349.999205,200,1402.319004,0.02366853967195068,False,False,[0.15575135 0.45419231 0.47468849]
1328.166842,200,1403.119961,0.08877600705660546,False,False,[0.76629538 0.01395321 0.33513049]
718.24646,200,1403.428907,0.16345562641430944,False,False,[ 0.10209075 -0.09727256  0.4575059 ]
1022.720785,200,1403.736229,0.06074070869503427,False,False,[ 0.75483992 -0.03740411  0.17209739]
1268.728895,200,1404.037495,0.04263803307031875,False,False,[0.52169993 0.56590383 0.2990903 ]
1219.310283,200,1404.346517,0.04441752037639351,False,False,[0.19897576 0.55951093 0.16111794]
1152.520037,200,1404.673545,0.04376272391028774,False,False,[0.41511966 0.16371863 0.12125618]
1409.620158,200,1404.998098,0.034758124540726784,False,False,[0.57599652 0.32072175 0.3038505 ]
1203.744035,200,1405.309504,0.058577240458226584,False,False,[0.30979409 0.64072445 0.45398839]
1205.182497,200,1405.618678,0.046154812522472846,False,False,[0.16214665 0.14467192 0.38523404]
90.40667,38,1405.767083,0.057871758135622384,True,False,[0.60715144 0.26415617 0.10894185]
-46.058923,42,1405.917322,0.729246600099661,True,False,[0.10652979 0.57400637 0.47372406]
1348.764894,200,1406.219599,0.02580975162176982,False,False,[0.65612867 0.19459669 0.21771299]
1377.031431,200,1407.019726,0.043302360266222965,False,False,[0.37563671 0.07147374 0.68914105]
895.461664,200,1407.326838,0.12934187761045776,False,False,[0.11253939 0.04243291 0.83997134]
1460.363907,200,1407.656208,0.016643949366415046,False,False,[0.31189201 0.28284166 0.6572085 ]
1170.734857,200,1407.957667,0.044721498053898745,False,False,[0.13768413 0.11438017 0.44562413]
1323.303277,200,1408.259705,0.02886813903101172,False,False,[0.16843406 0.38111086 0.29591641]
1331.591124,200,1408.557328,0.009088151788537262,False,False,[0.43133893 0.51230133 0.31859469]
1397.429503,200,1408.860254,0.028916640364440555,False,False,[0.46314985 0.1236426  0.67321456]
866.577627,200,1409.172996,0.12599373743255304,False,False,[ 0.11258073 -0.00864714  0.7453807 ]
1604.009556,200,1409.495496,0.04309155063230031,False,False,[0.31092551 0.15935912 0.32539402]
1326.636771,200,1409.809903,0.03634177186758276,False,False,[0.13753849 0.21240411 0.51599562]
1504.52984,200,1410.119318,0.02778378262401533,False,False,[ 0.57937558 -0.06215083  0.57694548]
1588.551372,200,1411.023658,0.015746496163207026,False,False,[ 0.53958261 -0.04976894  0.54731085]
1421.757199,200,1411.445466,0.06436704895636794,False,False,[0.54978082 0.22853234 0.36039046]
631.145668,94,1411.642536,0.06529291308662678,True,False,[0.29708213 0.37199732 0.10474981]
1235.481715,200,1411.946553,0.02281170965444928,False,False,[0.3103924  0.47613215 0.42174936]
1375.189577,200,1412.261113,0.053328406760209376,False,False,[ 0.49230357 -0.06734003  0.62325251]
1419.098813,200,1412.565868,0.029827683625368778,False,False,[0.15477888 0.25688909 0.45041813]
1328.887049,200,1412.872753,0.03027058179977308,False,False,[ 0.33848575 -0.01371002  0.23361103]
1421.812713,200,1413.184051,0.01703051538340543,False,False,[0.13679666 0.16919261 0.65264057]
1410.513117,200,1413.494947,0.03909126666465462,False,False,[ 0.42401162 -0.0393125   0.16858085]
1291.313816,200,1413.807094,0.0598711511480146,False,False,[0.14477348 0.14125529 0.71006368]
1398.73116,200,1414.590201,0.03617425256400419,False,False,[0.22538981 0.15474103 0.59364797]
1497.4914,200,1414.900495,0.05059658563575846,False,False,[0.17675389 0.10647279 0.28734414]
1407.107011,200,1415.210918,0.03878209877559889,False,False,[0.3087094  0.24576112 0.70994739]
1269.149274,200,1415.51803,0.05352036890051203,False,False,[0.63282804 0.41941433 0.21850235]
1435.11535,200,1415.919803,0.022719127919698854,False,False,[ 0.39936278 -0.00363229  0.58188902]
1435.18834,200,1416.221696,0.022710301500975787,False,False,[0.2862658  0.08687139 0.4839141 ]
1553.349193,200,1416.525531,0.05267405356261439,False,False,[0.15938093 0.50874888 0.59030443]
1498.792161,200,1416.832428,0.04930840731900708,False,False,[0.20591103 0.09161275 0.50197658]
1390.525596,200,1417.155506,0.05938900479663431,False,False,[0.42201363 0.30086662 0.17490893]
1283.212157,200,1417.462682,0.037916944373013996,False,False,[0.36120224 0.22849006 0.14697944]
1448.432634,200,1417.774006,0.026440781472010254,False,False,[0.24383426 0.18436512 0.56779237]
1209.261116,200,1418.572109,0.023433879989021158,False,False,[0.19414197 0.66049277 0.46618671]
1319.439738,200,1418.862161,0.012902029077762486,False,False,[0.59197784 0.37935386 0.24602042]
1115.406617,200,1419.266357,0.07394958138850276,False,False,[ 0.225788   -0.08502142  0.2879618 ]
1219.959587,200,1419.583055,0.09168613367228418,False,False,[0.34050973 0.01061601 0.49702415]
1439.881296,200,1419.883708,0.027312669319047217,False,False,[0.29042445 0.37243974 0.23427815]
1107.775403,200,1420.206491,0.06823835669854461,False,False,[0.14656798 0.33013714 0.14769163]
1211.018456,200,1420.512943,0.015887991084293483,False,False,[0.16225142 0.07537528 0.65326619]
1346.887335,200,1420.823983,0.06865802197596091,False,False,[0.37724274 0.57402564 0.47113319]
1674.528682,200,1421.141746,0.03847924461021846,False,False,[0.19477129 0.239526   0.42277751]
1208.045113,200,1421.456072,0.01366195482557817,False,False,[0.25055575 0.47159321 0.21604399]
1291.760004,200,1422.270865,0.023550597011977672,False,False,[0.62942566 0.19313551 0.18131384]
1534.041099,200,1422.5792,0.02550746974420358,False,False,[0.24454122 0.24600894 0.60887146]
1577.633559,200,1422.883235,0.021879407185215086,False,False,[0.44801907 0.49659533 0.50912071]
1057.750318,200,1423.187288,0.08128878942484814,False,False,[0.1562843  0.333094   0.12080181]
1126.89717,200,1423.490475,0.05524628007124972,False,False,[0.2660949  0.24048535 0.13336257]
1149.231948,200,1423.797899,0.061815367870850686,False,False,[0.10409582 0.41248607 0.6729174 ]
1592.281212,200,1424.110296,0.01623554589709504,False,False,[0.3153666  0.1407051  0.43487533]
1324.589731,200,1424.418101,0.04566810687217677,False,False,[0.60758049 0.35469778 0.38613422]
1406.607227,200,1424.73945,0.04367463130328479,False,False,[0.2213212  0.09256081 0.54347553]
110.57288,48,1424.901088,0.1027924927715327,True,False,[0.80598171 0.05982787 0.13115681]
1436.744452,200,1425.215609,0.04957924538090469,False,False,[0.70850445 0.09304128 0.16742869]
1392.085,200,1425.981571,0.02488264800811508,False,False,[0.36497939 0.07619803 0.14604153]
1434.416271,200,1426.294351,0.0372315022376391,False,False,[0.59555524 0.19016168 0.42536654]
926.249914,200,1426.594939,0.11820083039963743,False,False,[ 0.20397565 -0.03810494  0.71507823]
1166.080309,200,1426.900979,0.042410789389390226,False,False,[0.77178927 0.10044551 0.17002865]
1456.122595,200,1427.211081,0.006648397341996343,False,False,[0.36643686 0.26620491 0.29970737]
832.934865,129,1427.459726,0.08029537510746218,True,False,[0.41143231 0.503009   0.12605408]
1231.992377,200,1427.764931,0.04061324394282996,False,False,[0.14521339 0.43210281 0.69299174]
1480.599252,200,1428.075644,0.07724880959964761,False,False,[0.16880982 0.19325772 0.79266134]
1649.777695,200,1428.382365,0.018089792379576877,False,False,[0.30921531 0.19042864 0.26904901]
1424.485354,200,1428.684437,0.05207512619927928,False,False,[ 0.23689175 -0.00046199  0.34514139]
1187.84096,200,1429.480348,0.062047501000713684,False,False,[0.15002272 0.58083968 0.23346374]
1121.768089,200,1429.801422,0.05260924597770543,False,False,[ 0.35410016 -0.00521589  0.16846187]
1337.164643,200,1430.108369,0.02468135238942138,False,False,[0.14998103 0.105254   0.56965845]
1423.356194,200,1430.408952,0.0188464848343849,False,False,[0.51842664 0.30107802 0.32401918]
1207.772838,200,1430.710302,0.057115469502008916,False,False,[0.23813302 0.09045913 0.80993159]
1364.938352,200,1431.031201,0.021206651304441746,False,False,[0.47579311 0.24126994 0.15395281]
1610.321983,200,1431.348186,0.013477790663271346,False,False,[0.27216323 0.08356825 0.57611895]
1292.72123,200,1431.669621,0.036783132853119675,False,False,[0.25246117 0.62734517 0.28859572]
1393.606669,200,1431.980874,0.037010047738498864,False,False,[0.21910894 0.09823899 0.49493399]
1315.901957,200,1432.291078,0.038895841783683965,False,False,[ 0.44433866 -0.08956886  0.64586696]
1327.802999,200,1432.603293,0.033908215084872795,False,False,[0.52802443 0.47730241 0.23182123]
1470.275314,200,1433.391569,0.0037461225276816707,False,False,[0.35813087 0.01629446 0.59753532]
1472.310737,200,1433.697259,0.03263424898133194,False,False,[0.29498036 0.59853969 0.24334313]
1428.643915,200,1434.014944,0.03693534595554514,False,False,[0.50103207 0.36301209 0.37945789]
1319.079316,200,1434.324308,0.02440748426953717,False,False,[0.22971164 0.17511635 0.77830481]
1100.650132,200,1434.645055,0.05419159141853097,False,False,[ 0.36954967 -0.08804971  0.73724308]
1594.980225,200,1434.942386,0.07464738785450674,False,False,[0.65110109 0.16201658 0.27642377]
1282.959976,200,1435.253067,0.021475260836997134,False,False,[0.32817892 0.55010772 0.19365994]
177.538558,55,1435.414259,0.07193994787997234,True,False,[0.63738584 0.10122846 0.11713255]
157.702476,54,1435.572947,0.03597828622980449,True,False,[0.67832064 0.22106838 0.10481937]
1246.128602,200,1435.874786,0.08234477334741272,False,False,[0.24017637 0.53890373 0.17225638]
1583.757948,200,1436.192249,0.055374569850459875,False,False,[0.63566177 0.21993105 0.41772023]
1426.435643,200,1436.996695,0.018140482772704254,False,False,[0.64494618 0.20334517 0.31157178]
1452.135334,200,1437.403332,0.030353437687864873,False,False,[0.26078286 0.17386123 0.4989326 ]
1258.801858,200,1437.702157,0.053121922815376,False,False,[ 0.6528095  -0.07673261  0.18518562]
1125.773957,200,1438.112575,0.06718525156603072,False,False,[0.12206092 0.07991697 0.80582212]
1292.19496,200,1438.419369,0.054185248079030086,False,False,[0.5056202  0.4536559  0.46691033]
1234.826259,200,1438.732618,0.046534779360926835,False,False,[ 0.67701674 -0.08645306  0.33104232]
-15.733968,35,1438.880558,0.36075335822163596,True,False,[0.1323148  0.28012566 0.3358904 ]
1589.604935,200,1439.185055,0.033106494840708066,False,False,[0.47373966 0.42215027 0.31740355]
1402.114591,200,1439.490996,0.04274536844963523,False,False,[0.31863796 0.2102084  0.59829309]
824.695309,142,1439.746907,0.05235692678278671,True,False,[0.50438147 0.23822175 0.1125246 ]
1478.803263,200,1440.060313,0.02316371678203283,False,False,[0.27555682 0.26569744 0.25594664]
1110.958548,200,1440.37958,0.03217720412164262,False,False,[0.15210735 0.68067931 0.30302883]
1280.154333,200,1441.203457,0.036297595614780034,False,False,[0.63403652 0.37749665 0.27045844]
1072.775784,200,1441.600259,0.07118170652623203,False,False,[0.19059181 0.65599117 0.31246622]
1270.336875,200,1441.920842,0.03903317042284118,False,False,[0.76566923 0.01086039 0.18555588]
1289.807788,200,1442.233909,0.22543069746994243,True,False,[0.21115496 0.1336625  0.29392894]
1480.549527,200,1442.544772,0.02057599946217648,False,False,[0.49067015 0.2490048  0.60427115]
1640.583019,200,1442.849157,0.03627063368303328,False,False,[0.27195453 0.10783137 0.48758985]
1410.744315,200,1443.147236,0.021297276501743102,False,False,[0.53435653 0.24094314 0.21127741]
907.302458,200,1443.470408,0.10057971974243227,False,False,[ 0.21975611 -0.09529123  0.72600409]
1370.441367,200,1443.768111,0.009102540453973736,False,False,[0.30841478 0.50894064 0.52150105]
1371.325287,200,1444.099468,0.00991532427118221,False,False,[ 0.51890934 -0.05182882  0.47073563]
1370.803008,200,1444.99321,0.0408860201486912,False,False,[0.41728348 0.42741588 0.19103731]
1250.418141,200,1445.302909,0.03923829756373466,False,False,[ 0.51859161 -0.02072754  0.19772157]
1351.980254,200,1445.604642,0.056808644919575664,False,False,[0.57416515 0.30937458 0.38411145]
1231.776894,200,1445.907967,0.031277560207367806,False,False,[0.14416911 0.60113058 0.49118089]
1140.508662,200,1446.212583,0.0680060678826477,False,False,[0.28629367 0.23606587 0.16620861]
1358.742192,200,1446.512394,0.043712583740051485,False,False,[0.43465397 0.08770158 0.56511966]
1379.936446,200,1446.822075,0.046926699195574184,False,False,[0.73445659 0.02452355 0.31276465]
1246.582003,200,1447.139326,0.08698904226888114,False,False,[0.58619742 0.46613857 0.16760617]
1125.959255,200,1447.46422,0.018153504022352208,False,False,[0.37140682 0.39211366 0.12606374]
1240.234656,200,1447.789548,0.020542963032007748,False,False,[ 0.73628709 -0.07059719  0.15653465]
33.223337,50,1447.951483,0.46230238236904336,True,False,[0.27620588 0.12756966 0.51812936]
1427.594505,200,1448.781349,0.018369514689429094,False,False,[0.38683445 0.24742655 0.4815088 ]
1383.385557,200,1449.105336,0.015578055648505403,False,False,[ 0.29170756 -0.04532275  0.43112293]
1210.058136,200,1449.435609,0.044392169614094146,False,False,[0.29436901 0.26279714 0.17077589]
1391.421299,200,1449.737594,0.03376642206707203,False,False,[0.36631285 0.47090501 0.55496023]
1401.801711,200,1450.030045,0.031566143267482846,False,False,[0.29416696 0.38322844 0.48327169]
1586.303957,200,1450.336316,0.041481017193967205,False,False,[0.27760102 0.17466383 0.77898618]
1086.280918,200,1450.637598,0.06614052396133113,False,False,[0.18385013 0.32112975 0.14996621]
1311.513201,200,1450.982414,0.04380231141279813,False,False,[0.36516235 0.09992971 0.24844758]
1610.839961,200,1451.294781,0.05186532470272927,False,False,[0.42188925 0.04029226 0.39093992]
1655.852424,200,1451.612756,0.008278923894525735,False,False,[0.4850009  0.14126936 0.40029502]
1371.465855,200,1452.412646,0.0858300504567465,False,False,[0.18624863 0.21953835 0.39140949]
1222.637518,200,1452.721217,0.050604470403480366,False,False,[0.36005395 0.64574862 0.41079769]
1354.729928,200,1453.040363,0.042014640948615886,False,False,[0.15507907 0.11432208 0.60344165]
1425.876614,200,1453.347399,0.027301451157412424,False,False,[0.43290383 0.14407785 0.61657492]
1203.709278,200,1453.65893,0.03689689349809381,False,False,[0.35309017 0.12580446 0.17029009]
1378.424944,200,1453.988451,0.05811243246187937,False,False,[0.58208318 0.44489122 0.42597708]
1147.845054,200,1454.300262,0.06276600946789686,False,False,[0.5774014  0.20518093 0.11269889]
1405.205041,200,1454.598295,0.018162450685620533,False,False,[0.30665677 0.1605802  0.64315205]
18.802495,30,1454.741584,0.10666787886370865,True,False,[0.63479609 0.32012975 0.12281997]
1459.5443,200,1455.14276,0.021407319062801335,False,False,[0.55116024 0.24578111 0.57990925]
1561.918921,200,1455.453732,0.051770155651195526,False,False,[0.2477426  0.43729727 0.57670995]
1240.235635,200,1456.239345,0.04055428545961436,False,False,[0.17088816 0.05798863 0.67233989]
1426.288283,200,1456.550434,0.01858142746166857,False,False,[0.22825746 0.29599837 0.40082813]
1379.677871,200,1456.84765,0.04912494302265108,False,False,[0.38704288 0.09538843 0.27347036]
1246.413277,105,1457.066887,0.04097271071081894,False,True,[0.57483068 0.27748299 0.39535966]
1292.258329,200,1457.382587,0.0692629539293437,False,False,[0.65578944 0.20521378 0.24275737]
1427.53484,200,1457.704032,0.044752475167562505,False,False,[0.48943429 0.11428702 0.51691643]
1398.017168,139,1457.954019,0.04844703493030132,False,True,[0.52506868 0.57052191 0.29255354]
745.766961,200,1458.272642,0.21784379495578737,False,False,[ 0.14669318 -0.08387273  0.71405105]
1824.523876,193,1458.569304,0.040449252995833476,False,True,[0.47787125 0.3519931  0.38140499]
1112.797229,200,1458.871441,0.058255763615812285,False,False,[0.24451546 0.19007615 0.13233599]
912.079896,200,1459.179499,0.12817827527943296,False,False,[ 0.12066637 -0.05871726  0.38236952]
1465.916866,200,1459.98013,0.05046625411067222,False,False,[0.4498452  0.13621286 0.46703321]
1379.653222,200,1460.283858,0.06796923982323826,False,False,[0.63475987 0.24578753 0.27202521]
1303.855443,200,1460.597629,0.052465183069728374,False,False,[0.63120624 0.11324668 0.20159001]
1043.624982,200,1460.905637,0.07717818196634064,False,False,[0.17615369 0.0182997  0.54675745]
766.955844,200,1461.219807,0.15791919369871427,False,False,[ 0.20197333 -0.08070832  0.78880042]
1363.622215,200,1461.519399,0.04452970504874367,False,False,[0.25539551 0.39455228 0.34542116]
1300.687344,200,1461.84393,0.04315482388985259,False,False,[0.31200176 0.32291972 0.17233281]
1378.795883,200,1462.162135,0.015379803706871089,False,False,[0.1999282  0.321605   0.61284608]
1327.435093,200,1462.476702,0.049460030576812336,False,False,[ 0.4478975  -0.00871521  0.26745369]
1282.310419,200,1462.781215,0.056221917614912346,False,False,[ 0.33296659 -0.05778258  0.40302822]
1406.242227,200,1463.080546,0.010978453843442681,False,False,[0.39102029 0.35355671 0.33306728]
1361.038846,200,1463.875065,0.034738228462743395,False,False,[ 0.42651836 -0.00479105  0.11572936]
1629.458633,200,1464.188089,0.028375810777037262,False,False,[0.61314293 0.16298732 0.26296927]
1366.842125,200,1464.489304,0.05802173520444683,False,False,[0.11189153 0.20439011 0.3743642 ]
1235.29114,200,1464.814664,0.020268649758590954,False,False,[ 0.28389957 -0.01409464  0.18247846]
1334.125427,200,1465.1417,0.056712156832276484,False,False,[0.44762131 0.42231854 0.38557236]
1263.522519,200,1465.452214,0.053779939789949334,False,False,[ 0.28737132 -0.03004192  0.6277896 ]
822.665774,200,1465.775635,0.13487381745144839,False,False,[ 0.17356772 -0.0880386   0.6771725 ]
1135.645336,200,1466.096229,0.04504567466343641,False,False,[ 0.22953662 -0.03982188  0.55352101]
1296.696099,200,1466.410055,0.044760419347669694,False,False,[0.68533424 0.11782498 0.16286975]
1398.672433,200,1466.718457,0.03315254606862725,False,False,[0.21456879 0.39688493 0.53220007]
1240.356862,200,1467.50786,0.036759364164942326,False,False,[0.31420732 0.60456642 0.43865672]
1341.887864,200,1467.829043,0.08083055918150353,False,False,[ 0.42423885 -0.0116396   0.22434959]
1302.380903,200,1468.143995,0.02214489066285535,False,False,[0.30927794 0.57376856 0.23781964]
1383.653834,200,1468.455954,0.004966997595403441,False,False,[0.56580448 0.33311955 0.24236532]
1352.23567,200,1468.87237,0.020547530641388194,False,False,[0.51816725 0.53860936 0.23420378]
1389.479115,200,1469.171264,0.023629654684781252,False,False,[0.18081323 0.64277129 0.19615217]
1749.474546,200,1469.489036,0.03585407834322167,False,False,[0.37380774 0.36723597 0.47691436]
1602.596056,200,1469.803382,0.01539529652543744,False,False,[0.37423322 0.33125592 0.66540045]
1033.330928,200,1470.114244,0.10315715368790906,False,False,[ 0.13149772 -0.01614697  0.32003926]
1335.924985,200,1470.415776,0.0314097426178419,False,False,[0.32085584 0.16885259 0.70543812]
1300.542427,200,1471.209935,0.07673801425690237,False,False,[0.57256329 0.38729759 0.22909993]
1284.2858,200,1471.523308,0.026571144453655587,False,False,[ 0.58301266 -0.05871235  0.23816756]
1558.95442,200,1471.847614,0.04165802312673637,False,False,[0.55268464 0.37962951 0.29950745]
1403.441278,200,1472.142845,0.020025868073561093,False,False,[0.19213125 0.21458354 0.41769357]
1350.791208,200,1472.445898,0.05193740976300994,False,False,[ 0.62931901 -0.02765017  0.38033039]
994.518852,91,1472.742275,0.03644496669202615,False,True,[0.19243959 0.41852176 0.11266356]
1728.119754,185,1473.042006,0.027170979064324655,False,True,[0.31886813 0.09999826 0.71822649]
938.5621,200,1473.362549,0.13164282576764946,False,False,[ 0.16703285 -0.02992762  0.6805628 ]
1177.436734,200,1473.673475,0.10493278111794935,False,False,[0.24834298 0.69332084 0.30242888]
1377.050677,200,1473.995704,0.024196129725047633,False,False,[ 0.57462257 -0.06269221  0.37092275]
1262.595147,200,1474.394177,0.14930807532926985,False,False,[0.12892121 0.13023372 0.61924256]
1471.808552,200,1475.182334,0.05401388100857347,False,False,[0.48505469 0.53293753 0.23430369]
1377.107993,200,1475.481339,0.05037611064875439,False,False,[0.27912376 0.1677673  0.2739292 ]
1621.649216,200,1475.801157,0.026677964429672213,False,False,[0.34237671 0.08684099 0.35059218]
1362.443849,200,1476.152805,0.02857331710487373,False,False,[0.50540317 0.55558444 0.27060278]
1394.10065,200,1476.461891,0.053405128401206856,False,False,[0.26436712 0.08384087 0.3809673 ]
1558.932407,200,1476.770303,0.02989191425232463,False,False,[0.60002385 0.22210501 0.36139878]
4.536653,46,1476.925706,0.49927881499146237,True,False,[0.26169026 0.32017343 0.45547184]
491.893084,94,1477.128537,0.04887536319171678,True,False,[ 0.71327825 -0.0027218   0.12830369]
1240.820559,200,1477.44733,0.051346033155522816,False,False,[0.33553554 0.67099381 0.22624546]
1253.856628,200,1477.733579,0.07520637173676478,False,False,[0.79645642 0.01393874 0.27055252]
1782.157493,200,1478.033759,0.028606773069169745,False,False,[0.16328988 0.16258137 0.5575394 ]
1264.999522,200,1478.842566,0.03105183142209118,False,False,[0.30065781 0.62764258 0.24511949]
1042.539247,200,1479.146848,0.011070972211282951,False,False,[0.13871778 0.66557893 0.16714192]
1294.068098,200,1479.450364,0.03421621567841018,False,False,[0.13244592 0.41011754 0.58035758]
1328.631797,200,1479.752776,0.06118074632928489,False,False,[0.39280876 0.41828203 0.35547573]
992.869776,200,1480.060587,0.08259460970056517,False,False,[ 0.27949373 -0.01516116  0.14198462]
958.002975,200,1480.35406,0.12637297841818976,False,False,[0.10641841 0.50827938 0.37006132]
1419.901862,200,1480.662878,0.024271194051332705,False,False,[0.684801  0.1854739 0.4256303]
1435.696684,200,1480.990629,0.027055293109280593,False,False,[ 0.28970992 -0.03454638  0.32687458]
1182.146734,200,1481.303864,0.051195659787330726,False,False,[0.12688181 0.68010054 0.23825335]
1377.447779,200,1481.606334,0.028399615984367233,False,False,[0.28997803 0.33755007 0.19401871]
1408.304939,200,1481.922897,0.01545319366358269,False,False,[0.36812403 0.31319867 0.47744656]
1629.486537,200,1482.69911,0.04312984258597274,False,False,[0.30286053 0.080318   0.73920588]
1473.367315,200,1483.003568,0.04430593827510547,False,False,[0.11334068 0.50053278 0.51544526]
1551.60471,200,1483.306159,0.023040349989456938,False,False,[0.15850238 0.36064686 0.65930204]
1564.321182,200,1483.612986,0.02599348817017743,False,False,[0.53855771 0.28190451 0.41489928]
1589.386882,200,1483.932626,0.015068934483106061,False,False,[0.48455689 0.47300507 0.20586584]
1349.986453,200,1484.247691,0.05442793806923516,False,False,[ 0.45674006 -0.08602539  0.40372984]
1550.103258,200,1484.55549,0.02946342463424991,False,False,[0.6277938  0.16421619 0.14961626]
1007.224355,200,1484.869519,0.07577336203833748,False,False,[ 0.12423127 -0.01236354  0.38489826]
1082.501909,200,1485.190531,0.06683845847869709,False,False,[0.38140816 0.00251613 0.10136443]
1360.63695,200,1485.484538,0.03631646325043116,False,False,[0.65025705 0.28833879 0.31460191]
1546.289674,200,1486.389339,0.02977358415249712,False,False,[ 0.36361845 -0.0704813   0.31998297]
1539.040697,200,1486.682549,0.024291613774146438,False,False,[0.17898398 0.56173466 0.47550974]
1177.985733,200,1486.991748,0.003124852714276789,False,False,[0.15514035 0.42774349 0.13036034]
1593.738845,200,1487.300534,0.045643321184341466,False,False,[0.30212354 0.38339311 0.36116527]
1184.878292,200,1487.607751,0.051904284343115184,False,False,[0.14869088 0.6643611  0.32841875]
1340.191551,200,1487.922033,0.03684834260044995,False,False,[ 0.5640749  -0.03932618  0.53732547]
1356.656721,200,1488.329644,0.07041909262955898,False,False,[0.60550567 0.17253634 0.1825244 ]
1441.982249,200,1488.633933,0.02597939941282702,False,False,[0.43896927 0.31736596 0.1789736 ]
1446.379366,200,1488.927872,0.0038197770192242918,False,False,[0.29130392 0.34894706 0.48992598]
1386.716267,200,1489.226843,0.036965443628702674,False,False,[0.50579107 0.37918835 0.17321902]
1180.911307,200,1490.12303,0.059577194092852906,False,False,[ 0.43688629 -0.04719319  0.14846194]
1425.587943,200,1490.429044,0.01947738420172312,False,False,[0.4992054  0.19925969 0.59583672]
1427.930651,200,1490.745924,0.02816965626006311,False,False,[ 0.36916358 -0.01374032  0.60187641]
1393.48914,200,1491.057657,0.06549839469278929,False,False,[0.44027291 0.39384487 0.54497863]
-28.765767,26,1491.191475,0.16982201052270726,True,False,[0.83777177 0.07334854 0.10204239]
1298.612987,200,1491.494261,0.020859148448648862,False,False,[ 0.44291157 -0.06155855  0.57768479]
1444.154229,200,1491.801385,0.03131128875564591,False,False,[0.34538486 0.36941169 0.30243362]
1348.746715,200,1492.136371,0.049901739694989324,False,False,[0.45278127 0.47628686 0.48125304]
1409.177372,200,1492.440406,0.020751798579782727,False,False,[0.5316134  0.33471584 0.514085  ]
1404.926769,200,1492.755869,0.03425658775039522,False,False,[ 0.44804559 -0.02502326  0.55136316]
1253.496642,200,1493.070588,0.06056357539174703,False,False,[0.24176778 0.07437664 0.77988319]
1411.548552,200,1493.876495,0.05588599285006157,False,False,[0.50796768 0.12484239 0.25103636]
1400.001681,200,1494.190252,0.07990651272289588,False,False,[ 0.26576083 -0.06746337  0.56954378]
1320.886193,200,1494.501024,0.01958982789903216,False,False,[0.32617463 0.55498551 0.49977423]
1338.987353,200,1494.817368,0.03684611817335635,False,False,[0.31284812 0.42559651 0.181322  ]
1326.699315,200,1495.167526,0.034333215060645114,False,False,[0.19316147 0.47826962 0.25239675]
1387.757438,200,1495.470527,0.015541304643237249,False,False,[0.35263445 0.37028347 0.16670849]
1299.40871,200,1495.776234,0.03130281636462956,False,False,[0.11768181 0.32370972 0.59946855]
1350.995984,200,1496.106539,0.05107217158577226,False,False,[0.33072613 0.04461982 0.45321153]
1295.632129,200,1496.415486,0.050105218516112264,False,False,[0.12559382 0.34886502 0.36506639]
1429.984275,200,1496.719553,0.018016833729053227,False,False,[0.38325672 0.17010842 0.44956517]
1354.094967,200,1497.019913,0.047283729731766096,False,False,[0.67881007 0.09515423 0.15867555]
1225.672784,200,1497.800778,0.049506551430785646,False,False,[0.11863579 0.44850753 0.32010384]
149.42295,49,1497.958922,0.06450783850516441,True,False,[0.6303114  0.06554959 0.1045282 ]
1313.083549,200,1498.274827,0.03988213681578871,False,False,[0.10592333 0.30085101 0.27761993]
1612.570284,200,1498.58472,0.0401418293903574,False,False,[0.29788211 0.3731775  0.47249847]
1603.972806,200,1498.889179,0.014300623857189313,False,False,[0.32527559 0.48441246 0.58596303]
1417.025546,200,1499.19342,0.03324530425780308,False,False,[0.23373653 0.02753597 0.5633955 ]
1425.37179,200,1499.502986,0.014026417238044927,False,False,[0.36665322 0.32311744 0.3077772 ]
1116.016481,200,1499.805499,0.06734519984213803,False,False,[0.13027352 0.64302383 0.48683291]
1820.549985,200,1500.136606,0.024042571268230062,False,False,[0.25642162 0.0902437  0.2513875 ]
1319.318628,200,1500.448559,0.04186224818976971,False,False,[ 0.34542912 -0.0178965   0.74122777]
1417.821115,200,1501.253911,0.03737936806700652,False,False,[0.52157808 0.21756532 0.57481002]
1250.379736,200,1501.555164,0.020085433804403672,False,False,[0.72775358 0.13157723 0.21779728]
1338.899892,200,1501.87279,0.040081187130240545,False,False,[ 0.70744682 -0.00329253  0.30112039]
1352.097137,200,1502.191561,0.0206341917944003,False,False,[0.50134335 0.31755734 0.19729004]
1447.642218,200,1502.608745,0.02271503151753071,False,False,[0.43489242 0.16975568 0.59892349]
1776.990231,200,1502.916329,0.031680232237917216,False,False,[0.24853678 0.07509812 0.5320796 ]
1264.396097,200,1503.22924,0.05410416476781662,False,False,[ 0.36522906 -0.09317604  0.34096558]
1328.662663,200,1503.535782,0.05103509466696068,False,False,[0.12017381 0.14859125 0.78962723]
1420.782877,200,1503.842643,0.015294546775134572,False,False,[0.2165692  0.41767052 0.32713372]
1297.575914,200,1504.152256,0.06190497769696698,False,False,[0.70328748 0.37460628 0.24095772]
1254.159717,200,1504.562457,0.05197133925664462,False,False,[0.50005666 0.56659115 0.26122339]
1241.83017,200,1505.339524,0.04775636557313034,False,False,[0.11889395 0.2143984  0.71227559]
1330.24991,200,1505.641994,0.04077325633648203,False,False,[0.25188646 0.54098008 0.29528569]
1259.220639,200,1505.952572,0.011350522418599391,False,False,[0.2724152  0.35001816 0.11101834]
1246.596435,200,1506.271007,0.023029777166484626,False,False,[0.16699596 0.20557502 0.30759921]
1428.559526,200,1506.58693,0.07573029838393934,False,False,[0.16584455 0.54647182 0.45421485]
1150.952561,200,1506.896226,0.04849671395476449,False,False,[0.1872714  0.4163856  0.11384984]
1354.421554,200,1507.211422,0.05311410132277027,False,False,[ 0.44866113 -0.06547658  0.21656145]
1244.785529,200,1507.628132,0.041691301599893704,False,False,[0.2084465  0.13666296 0.40325352]
1320.799743,200,1507.937944,0.045658903505819595,False,False,[ 0.24098961 -0.04491573  0.29447162]
1336.112494,200,1508.24783,0.02152793930386451,False,False,[0.31435912 0.00098    0.27294082]
1406.059185,200,1509.053313,0.008637421324990227,False,False,[0.63329883 0.09177107 0.34981491]
1589.938653,200,1509.373867,0.04315646250676094,False,False,[0.32281513 0.13508158 0.35375693]
1316.473077,200,1509.680491,0.04522839914857361,False,False,[ 0.56200673 -0.04679886  0.36686202]
-54.930849,85,1509.876823,1.670256185891541,True,False,[0.66140105 0.39581325 0.23427845]
1262.127691,200,1510.178483,0.07594038508577677,False,False,[0.49318536 0.10191978 0.18664401]
1440.657004,200,1510.481273,0.005492601095195685,False,False,[ 0.39174944 -0.0286381   0.25592403]
1394.968629,200,1510.791451,0.0710327367915211,False,False,[0.55307684 0.43799225 0.41895326]
1347.594409,200,1511.107856,0.02667853598111528,False,False,[0.3900607  0.48884527 0.43353242]
985.854978,200,1511.416259,0.08010615274832937,False,False,[ 0.139988   -0.058938    0.34213001]
1376.204005,200,1511.72146,0.031334156783700814,False,False,[0.18865725 0.18143915 0.3095379 ]
1409.249666,200,1512.036481,0.06547415523188846,False,False,[0.68221387 0.07349565 0.26444075]
1372.034873,200,1512.839999,0.06873969293380175,False,False,[0.35280491 0.0901389  0.40834309]
1272.502076,200,1513.161319,0.04555948568016412,False,False,[0.14641567 0.25059665 0.77938666]
1107.637108,200,1513.460856,0.07852300534728636,False,False,[0.22077591 0.00722377 0.75722472]
1087.949692,200,1513.761259,0.06675892132382746,False,False,[0.13215879 0.62175669 0.25627223]
1225.686311,200,1514.103885,0.03301003481723041,False,False,[0.1808958  0.51720696 0.20223823]
766.629593,162,1514.384303,0.11265548599428224,True,False,[ 0.81543722 -0.08267326  0.1849739 ]
1338.579869,200,1514.792981,0.05034993002625649,False,False,[0.32957676 0.55178764 0.50655631]
1179.841225,200,1515.096973,0.03777230905618158,False,False,[0.10061145 0.36937252 0.23651407]
1591.47715,200,1515.40453,0.02601306201192702,False,False,[0.63493087 0.0559735  0.23042167]
1171.44713,200,1515.712947,0.05376994712768588,False,False,[0.10622447 0.47245447 0.62171261]
1332.543631,200,1516.515035,0.016051380025427272,False,False,[0.22542652 0.09316828 0.32633286]
4.389609,31,1516.654153,0.09516694843716349,True,False,[0.36845453 0.59910436 0.12962436]
1594.00241,200,1516.971741,0.03778520087726831,False,False,[ 0.45978354 -0.04722609  0.3606086 ]
1105.731835,200,1517.279754,0.03772638045280908,False,False,[ 0.29044957 -0.04171999  0.17633121]
1623.501451,200,1517.587036,0.01938547608753294,False,False,[0.31249022 0.00327982 0.25672289]
1658.772077,200,1517.898914,0.038231712674435696,False,False,[0.59109129 0.18295364 0.24183902]
1277.910056,200,1518.191868,0.019191614947613518,False,False,[0.11883476 0.43285465 0.53686523]
1629.08823,200,1518.504297,0.018073482788047202,False,False,[0.33391157 0.16734007 0.26894717]
1389.979838,200,1518.825511,0.04640040063990637,False,False,[0.47910846 0.28072503 0.34923329]
1175.237295,200,1519.139583,0.08554316986217748,False,False,[0.17042742 0.61028132 0.42524908]
1620.03791,200,1519.454809,0.01711826482832588,False,False,[0.1708716  0.38306261 0.46696029]
1153.001385,200,1520.248584,0.06121030831196109,False,False,[0.12646302 0.63308915 0.17090652]
1431.691927,200,1520.564019,0.08493822113215997,False,False,[0.49041088 0.17611782 0.3566524 ]
1402.281329,200,1520.871593,0.037127417567817435,False,False,[0.57159855 0.20386441 0.39322007]
1590.390909,200,1521.176305,0.023054204078182157,False,False,[ 0.36960371 -0.02518125  0.28641116]
1619.026776,200,1521.478397,0.03308534317222346,False,False,[0.38904707 0.30148418 0.47360345]
1249.761689,200,1521.799159,0.020340566599557724,False,False,[0.67615313 0.32302942 0.17735637]
897.287191,124,1522.144043,0.05513434545895889,True,False,[0.44797042 0.45134304 0.13611345]
1342.721274,200,1522.468229,0.060685837586498426,False,False,[0.24252092 0.27817189 0.29275741]
197.601105,65,1522.653339,0.048344524117380334,True,False,[0.11902839 0.06503153 0.11059411]
1392.791196,200,1522.96501,0.03958303432314849,False,False,[0.51510423 0.21297502 0.49273418]
1495.235455,200,1523.274225,0.03880155129167666,False,False,[0.30433487 0.16043935 0.64058593]
1093.182963,200,1523.585966,0.06403751736008799,False,False,[0.17325448 0.03813555 0.75787615]
1298.459271,200,1524.377946,0.05783974349123045,False,False,[ 0.49409114 -0.09194669  0.28295183]
1614.236751,200,1524.685716,0.04695191176488548,False,False,[0.50053147 0.21328198 0.57439955]
1517.193599,200,1524.99557,0.026276675929714683,False,False,[ 0.26567298 -0.05530165  0.51754094]
1603.586695,200,1525.310519,0.036843369670926954,False,False,[0.45470392 0.33932245 0.53864296]
1828.218226,149,1525.563166,0.02950974670443578,False,True,[0.17088548 0.59168405 0.55603918]
1334.697967,200,1525.874338,0.07566910960641911,False,False,[0.28702933 0.4363209  0.59562204]
1396.492356,200,1526.187683,0.01599258098615481,False,False,[ 0.35777446 -0.03923619  0.62606725]
1418.901832,200,1526.51696,0.017818003738927026,False,False,[0.18552853 0.26916866 0.3779621 ]
1229.773838,200,1526.833854,0.05629342113516636,False,False,[0.73541693 0.20031412 0.17010895]
1131.828277,200,1527.141336,0.06361317056558172,False,False,[0.12351887 0.3776892  0.71130608]
1332.51138,200,1527.957065,0.04050608286234041,False,False,[0.21586681 0.09075678 0.21354154]
1298.068148,200,1528.27303,0.01111993910669288,False,False,[0.14228772 0.24829693 0.73214648]
870.316689,154,1528.551941,0.05776548836090665,True,False,[0.64484623 0.2704643  0.11264976]
1451.656694,200,1528.849404,0.02217753402235395,False,False,[0.31820093 0.27247841 0.66243878]
1422.06605,200,1529.17032,0.022723643544614657,False,False,[0.34388886 0.46588614 0.52577208]
1324.176408,200,1529.484434,0.09614641716095226,False,False,[0.48464352 0.09738149 0.62224117]
1447.691618,200,1529.775851,0.017746969167066595,False,False,[0.31777473 0.11829311 0.34953486]
1455.444145,200,1530.089463,0.03724433368572951,False,False,[0.45357599 0.01221017 0.26988437]
1239.286418,200,1530.387199,0.036034695905191004,False,False,[0.17461736 0.16518875 0.17885625]
1314.731095,200,1530.700604,0.03419862591506185,False,False,[0.20764877 0.1983921  0.64255672]
1052.312448,200,1531.01409,0.09213910341546161,False,False,[ 0.19440397 -0.04429576  0.55954388]
1395.180957,200,1531.811157,0.037869434918632754,False,False,[0.53803184 0.03146595 0.44032878]
1267.417601,200,1532.128608,0.045370615786631686,False,False,[0.12260965 0.50258752 0.50627304]
1269.524971,200,1532.446664,0.057765343129971246,False,False,[0.37788582 0.17156481 0.15978595]
1358.834544,200,1532.754556,0.03843502246098692,False,False,[0.19765403 0.50649845 0.40795013]
1230.113929,200,1533.108385,0.04834274673405778,False,False,[0.11258223 0.37574557 0.58145317]
1389.091993,200,1533.414426,0.027299659220511096,False,False,[0.23319407 0.43632136 0.5850609 ]
1661.740186,200,1533.72364,0.03181480127906586,False,False,[0.31602659 0.16782373 0.71908888]
1301.591676,200,1534.035557,0.06162924895336306,False,False,[0.62905889 0.37681736 0.22209573]
1281.302745,200,1534.456268,0.0413134910449801,False,False,[0.60850342 0.34599181 0.17482147]
1373.121699,200,1534.875715,0.0490921320302771,False,False,[0.24973248 0.33075541 0.22893167]
1453.881605,200,1535.67535,0.053270551083153546,False,False,[0.27415473 0.1293946  0.57757671]
1258.755484,200,1535.974845,0.022444932976081477,False,False,[0.18315585 0.59346387 0.50737848]
1205.525519,200,1536.287541,0.03798127828841807,False,False,[0.32759829 0.68745479 0.31523035]
1392.198179,200,1536.591655,0.03503601759086385,False,False,[0.73847525 0.09074917 0.29287932]
1326.228874,200,1536.901166,0.01781044157201671,False,False,[0.45588978 0.50366146 0.18366523]
1422.342615,200,1537.214101,0.033797192259185545,False,False,[0.42776052 0.41864331 0.51243839]
1444.749344,200,1537.51394,0.037743460216816495,False,False,[0.3691664  0.01415637 0.48310288]
1569.500012,200,1537.815431,0.021364627290419543,False,False,[0.54401793 0.25000067 0.48246015]
757.939986,200,1538.128233,0.15105105098130175,False,False,[ 0.10670754 -0.09218561  0.47773633]
1413.271588,200,1538.432882,0.03511906416172507,False,False,[0.44712393 0.26582365 0.22820104]
298.608286,84,1538.627428,0.2760617973574287,True,False,[ 0.19201241 -0.07804403  0.39676108]
1353.868505,200,1539.419551,0.03140874679308182,False,False,[0.40771908 0.5410801  0.26117606]
1238.336279,200,1539.723033,0.03405983704636277,False,False,[0.12031365 0.25790293 0.2087242 ]
942.353362,200,1540.037562,0.07715380104085957,False,False,[ 0.17160921 -0.0695079   0.29976854]
1617.96233,200,1540.344756,0.03276453326379466,False,False,[ 0.32722662 -0.08964085  0.21413289]
1428.27496,200,1540.658571,0.036853360322810155,False,False,[0.37467946 0.39735186 0.39836028]
1401.621928,200,1540.969156,0.027767958869792487,False,False,[ 0.31265333 -0.08368048  0.55153642]
1163.457831,200,1541.278294,0.042808744770772615,False,False,[0.18463626 0.6821483  0.46767545]
-35.33948,27,1541.411541,0.1609799772404333,True,False,[0.27022294 0.66837648 0.10834737]
1627.234933,200,1541.727296,0.02476783427186148,False,False,[0.37173292 0.0810024  0.6290297 ]
1295.87693,200,1542.036149,0.04156357491661682,False,False,[0.29652033 0.65975807 0.37840999]
1411.535125,200,1542.325239,0.015457196517825456,False,False,[0.52403274 0.31767275 0.27625739]
1314.88518,200,1543.129349,0.026578909798938774,False,False,[0.512953   0.12890941 0.15432179]
1208.356199,200,1543.435102,0.05589181765295401,False,False,[ 0.66262187 -0.08768112  0.26266164]
406.481292,200,1543.74419,0.030754681043830542,False,False,[0.2879951  0.40996479 0.20914713]
1136.773536,200,1544.054542,0.07356810844015088,False,False,[0.1919731  0.01677774 0.66526001]
1274.359646,200,1544.369541,0.0310741135194885,False,False,[0.3378816  0.58641614 0.22373732]
1643.890876,200,1544.68105,0.047380340145776245,False,False,[ 0.43147543 -0.05120272  0.23978579]
1409.88528,200,1544.99453,0.0036350770752412564,False,False,[0.52631873 0.2732477  0.22974837]
1554.573553,200,1545.406467,0.009813862041072834,False,False,[0.39241248 0.45679911 0.49103516]
1401.267804,200,1545.702566,0.02950117146967483,False,False,[0.15801217 0.29365263 0.474714  ]
1256.771273,200,1546.022934,0.05555907791981347,False,False,[0.50359679 0.34061331 0.40174814]
1441.632783,200,1546.825,0.045673000005130575,False,False,[0.38507539 0.31441318 0.31836277]
1405.012344,200,1547.143436,0.053396375529489525,False,False,[0.38364761 0.21800595 0.43315121]
1418.167829,200,1547.43654,0.042551445501731,False,False,[0.43558272 0.34323981 0.27715282]
1334.665445,200,1547.747238,0.041645948696354386,False,False,[0.11487306 0.21331842 0.13179414]
1475.000248,200,1548.052266,0.038455104203413464,False,False,[0.55782024 0.51121783 0.34357915]
1378.342261,200,1548.358968,0.023387488800015854,False,False,[0.47929916 0.00396868 0.20242635]
1313.812682,200,1548.671192,0.05594454043165471,False,False,[0.20394184 0.00298007 0.52259277]
1265.19865,200,1548.982076,0.07837520716520514,False,False,[ 0.43852072 -0.08672791  0.49735026]
1194.684967,200,1549.282113,0.06851518701679608,False,False,[0.14579354 0.4454639  0.16192657]
1402.989674,200,1549.585498,0.012756858000431219,False,False,[ 0.39201871 -0.06234132  0.5605319 ]
1483.620247,200,1550.375755,0.02639604899795388,False,False,[0.36544174 0.24008056 0.29316986]
1242.036539,200,1550.69135,0.026192706444106876,False,False,[0.10763953 0.27145354 0.64923665]
1046.364944,200,1551.007322,0.14395588211161442,False,False,[ 0.26470702 -0.02477984  0.76817767]
1460.245716,200,1551.307092,0.05702592671218013,False,False,[0.25901105 0.25928662 0.32811149]
1229.936885,200,1551.607375,0.04017816654083658,False,False,[0.16756901 0.32506621 0.19012913]
1554.948763,200,1551.909914,0.021799613506372457,False,False,[0.40937301 0.56291735 0.41620695]
1449.501432,200,1552.255538,0.03881575012266187,False,False,[0.62547533 0.13376993 0.48379051]
1360.441426,200,1552.567343,0.0454737763393372,False,False,[0.5219624  0.1438013  0.20553189]
1148.914648,200,1552.895399,0.04822910034870075,False,False,[0.72411065 0.34255029 0.1913537 ]
1419.565621,200,1553.299777,0.02388361314311098,False,False,[0.20251975 0.19392477 0.59950969]
1400.762002,200,1554.11289,0.038787350185520264,False,False,[0.50352841 0.07164862 0.50734332]
1627.814934,200,1554.518092,0.010104494084348123,False,False,[ 0.34824017 -0.04577829  0.54343766]
1414.089009,200,1554.836128,0.036912862929023585,False,False,[0.51711441 0.20509133 0.257735  ]
1259.761904,200,1555.146623,0.039958872216862104,False,False,[0.66986949 0.01899797 0.27130841]
1109.042715,200,1555.462958,0.03840461281907522,False,False,[0.13340396 0.55132024 0.6008128 ]
1183.458179,200,1555.773327,0.019099473588061737,False,False,[ 0.72151489 -0.08672372  0.30861199]
1442.00932,200,1556.176906,0.015126400657842041,False,False,[0.24563732 0.35031872 0.43959931]
1203.705422,200,1556.482828,0.034053489360021595,False,False,[ 0.28173596 -0.00468604  0.19544781]
1298.924124,200,1556.788167,0.039562806083437055,False,False,[0.46231948 0.60676763 0.23871681]
1236.947134,200,1557.100879,0.05962344128383617,False,False,[0.73747121 0.33402884 0.16295193]
1157.106553,200,1557.519878,0.07408226728144625,False,False,[0.11479833 0.09915009 0.57514588]
1369.654737,200,1558.308146,0.050905558073420905,False,False,[0.22339139 0.09362967 0.60776081]
1971.461154,200,1558.606484,0.02983483554904184,False,False,[0.42859488 0.47477401 0.42668261]
1389.316995,200,1558.921186,0.018015375217705167,False,False,[0.19180117 0.13287862 0.6033943 ]
1397.294984,200,1559.223418,0.04208062851150856,False,False,[ 0.28362549 -0.08325253  0.36087313]
1201.738371,200,1559.5283,0.04382520673676173,False,False,[0.19740094 0.03859648 0.35120392]
1296.571558,200,1559.844941,0.03643571869666988,False,False,[0.64830445 0.3009382  0.23080215]
1622.792108,200,1560.251537,0.02421055369861657,False,False,[0.47469542 0.24083964 0.60482844]
1371.230976,200,1560.562952,0.010424849519752845,False,False,[0.27889933 0.42627335 0.45620882]
644.470341,139,1560.812608,0.03319273121160075,True,False,[0.13828861 0.04205878 0.15009161]
370.929751,78,1561.012847,0.08970773774502776,True,False,[0.55112928 0.27187432 0.11242616]
1479.495573,200,1561.326879,0.046639594859100506,False,False,[0.39117535 0.1939852  0.23588854]
1645.162324,200,1562.13546,0.04339593664524975,False,False,[0.40545867 0.23791166 0.6484428 ]
980.01775,200,1562.449809,0.09142626970658835,False,False,[ 0.12701454 -0.0099438   0.27994616]
1507.504553,200,1562.765948,0.028327225755949197,False,False,[0.13662241 0.44670413 0.26588493]
1445.269687,200,1563.07146,0.04157046998523359,False,False,[0.21476517 0.30786368 0.60349043]
1365.427937,200,1563.369199,0.053870819075090635,False,False,[0.3464388  0.4881703  0.28073678]
1373.719723,200,1563.687033,0.0757438028888371,False,False,[0.5537668  0.06000699 0.59970197]
1605.512593,200,1563.994663,0.014951109329229292,False,False,[0.28312808 0.15803972 0.50665451]
1391.754277,200,1564.29556,0.005194056848523222,False,False,[0.24246747 0.36965772 0.30800778]
1205.359626,200,1564.604382,0.09180305419969195,False,False,[0.33657476 0.42889157 0.27806467]
1359.89046,200,1564.920503,0.030551883281720118,False,False,[0.62377943 0.01349192 0.42306652]
1648.814258,200,1565.714086,0.026527216960245657,False,False,[0.49826513 0.0588878  0.2073449 ]
1187.150204,200,1566.029516,0.06149394296179597,False,False,[0.46650972 0.59212299 0.22035583]
1337.289018,200,1566.320122,0.04611540290430789,False,False,[0.50808397 0.52414308 0.37904121]
1346.589867,200,1566.628039,0.030734820191498688,False,False,[0.20235836 0.52260559 0.37386375]
1382.704171,200,1566.941669,0.0403174520776094,False,False,[0.42131671 0.23497066 0.40482083]
1164.359942,200,1567.239619,0.08683941897711359,False,False,[0.16987916 0.46574952 0.4465391 ]
1500.71257,200,1567.552125,0.019484234206158337,False,False,[0.66365564 0.05894212 0.34597295]
1632.38681,200,1567.868102,0.04993639237569566,False,False,[0.2888833  0.12371593 0.45073852]
1421.66348,200,1568.171494,0.023943406477330568,False,False,[0.21400974 0.30232998 0.3831788 ]
1348.840656,200,1568.477931,0.017017967098682484,False,False,[0.18497493 0.46408162 0.35897855]
1681.787812,200,1569.262621,0.013694761113133197,False,False,[0.27666799 0.27998395 0.62575462]
1381.177172,200,1569.586496,0.037985721647744775,False,False,[0.62480269 0.12064415 0.30078038]
1650.760308,200,1569.88833,0.04121312258321056,False,False,[0.47354327 0.20665157 0.21558362]
1332.343555,200,1570.192895,0.04413535045417105,False,False,[ 0.56645635 -0.03944827  0.30402508]
1336.613296,200,1570.593148,0.03934544035177535,False,False,[0.62484526 0.0068979  0.38504884]
1078.943873,200,1571.007582,0.06566561765986129,False,False,[ 0.18796688 -0.03786763  0.58756996]
1343.295935,200,1571.307323,0.021264541503122916,False,False,[0.19900294 0.50575362 0.44214866]
-45.565561,22,1571.441824,0.1857576626157863,True,False,[0.46108576 0.60164598 0.11039795]
1609.482266,200,1571.775949,0.03067873098456288,False,False,[0.34129358 0.38392311 0.62679888]
1086.335768,200,1572.089548,0.036405344104835424,False,False,[ 0.29737143 -0.0978731   0.67819901]
1207.236008,200,1572.390429,0.07257100277696404,False,False,[0.31771714 0.6463914  0.41156143]
1648.202982,200,1573.194311,0.05842803941219008,False,False,[0.3195617  0.08543333 0.47865401]
1494.27359,200,1573.501872,0.04940586818072606,False,False,[0.6746766  0.29363812 0.15460006]
1288.056202,200,1573.907375,0.06405922098605032,False,False,[0.7833337  0.11542093 0.30018062]
1384.414179,200,1574.207299,0.04430333477938265,False,False,[0.67106135 0.151661   0.33120785]
13.743177,35,1574.356369,0.10350181213689036,True,False,[0.10145312 0.02067963 0.15011147]
973.784447,200,1574.666764,0.03100015537376383,False,False,[0.13675961 0.69291986 0.15243327]
1238.294084,200,1574.979702,0.05077463776269471,False,False,[ 0.45673255 -0.09704269  0.52363737]
1428.181603,200,1575.293072,0.04132778438843458,False,False,[0.46666755 0.24413343 0.20761653]
1385.758648,200,1575.598124,0.01619210880665506,False,False,[0.47833458 0.04099565 0.40942349]
1351.208234,200,1575.89663,0.01671924898621521,False,False,[0.574271   0.42944378 0.31891903]
157.120371,48,1576.056019,0.06526092329566698,True,False,[0.49130001 0.47257485 0.11853661]
1382.232871,200,1576.367076,0.03162005315129924,False,False,[0.67729078 0.17746287 0.16667889]
1437.484242,200,1577.173958,0.06768568965272459,False,False,[0.50279852 0.05710621 0.4133408 ]
1472.407849,200,1577.48068,0.03128948356532688,False,False,[0.35889941 0.06438274 0.59481293]
1467.411889,200,1577.788303,0.039616482659406,False,False,[0.37969158 0.31053096 0.31501237]
1253.715656,200,1578.091751,0.047146775313746,False,False,[0.11909035 0.16962704 0.52148234]
1336.03381,200,1578.390816,0.016084307615948222,False,False,[0.44495203 0.45282406 0.55912687]
1385.18571,200,1578.6953,0.03539874273716509,False,False,[0.19159911 0.13637321 0.51615895]
1356.25654,200,1579.017267,0.029826180540502963,False,False,[0.59789684 0.32574915 0.48363796]
1271.468929,200,1579.326181,0.01579424773539944,False,False,[0.24601699 0.57158129 0.29092126]
1338.597015,200,1579.64369,0.035592589645788916,False,False,[ 0.50228539 -0.09160022  0.38255476]
1208.465783,200,1580.062454,0.07929134864697503,False,False,[0.12909192 0.14654423 0.53727756]
1044.10464,200,1580.370539,0.08918759144383964,False,False,[ 0.28151062 -0.08608252  0.16625167]
1198.25438,200,1581.178514,0.04244422535844417,False,False,[ 0.62923758 -0.0065444   0.18495714]
1535.760863,200,1581.49166,0.049463341005452265,False,False,[0.2387972  0.01205932 0.64812185]
948.886481,200,1581.798575,0.10062587394915923,False,False,[ 0.14623804 -0.01903251  0.62049028]
1562.837882,200,1582.115016,0.014753942062937684,False,False,[ 0.40100607 -0.05232469  0.41489356]
1332.44334,200,1582.42415,0.033895962013943355,False,False,[0.12245154 0.30734824 0.35970026]
1392.081273,200,1582.744533,0.03479975144344012,False,False,[0.5837031  0.26201791 0.29689763]
1159.167963,200,1583.054788,0.05270703410194104,False,False,[0.61379486 0.49874786 0.22425116]
75.786296,47,1583.216952,0.07924699151331059,True,False,[0.19191422 0.58278099 0.11579206]
1409.660409,200,1583.535294,0.038486496316934314,False,False,[0.64471052 0.07280333 0.5206549 ]
1646.735985,200,1583.847066,0.026922562431473358,False,False,[0.47224262 0.24325981 0.35819951]
1288.695277,200,1584.158172,0.030235672585009834,False,False,[0.6496808  0.36970904 0.1890345 ]
1339.280923,200,1585.054853,0.040931454769084163,False,False,[0.10914722 0.12541441 0.73872073]
1344.892212,200,1585.37446,0.03445473074473226,False,False,[0.20547642 0.31989586 0.59918675]
201.049479,73,1585.566078,0.0693318958159089,True,False,[0.16345888 0.5810646  0.10338887]
1437.052283,200,1585.869761,0.025060007437936578,False,False,[0.41264717 0.1123175  0.55664933]
974.532203,200,1586.176877,0.09501591259608427,False,False,[0.11491793 0.44119152 0.70270421]
1042.551725,200,1586.492446,0.09846083742392438,False,False,[0.12903625 0.3131112  0.77267284]
1305.629662,200,1586.797212,0.015521263121761419,False,False,[ 0.69329667 -0.04069576  0.18816985]
1364.453073,200,1587.20706,0.02113391900362187,False,False,[0.3442357  0.11973026 0.43549461]
990.815141,200,1587.511434,0.08361339921205127,False,False,[0.13592633 0.04143638 0.8323753 ]
1406.726205,200,1587.821296,0.021376899290206513,False,False,[0.41386133 0.26276054 0.2361853 ]
984.146151,200,1588.616019,0.09252259180050472,False,False,[ 0.1405588  -0.04023319  0.43184924]
1379.112288,200,1588.92743,0.03538085299035169,False,False,[0.2002741  0.15439388 0.54291855]
1475.490493,200,1589.22731,0.015623866018537644,False,False,[0.50761815 0.20566537 0.47690243]
1270.011224,200,1589.539846,0.08297146247904409,False,False,[0.50133532 0.04551445 0.13345302]
853.726921,200,1589.842822,0.14351068661273159,False,False,[0.12639606 0.02794476 0.82082162]
1627.336547,200,1590.160922,0.03934820548029571,False,False,[0.43202154 0.0917719  0.68486646]
1627.264285,200,1590.47008,0.026459615580543407,False,False,[0.29407862 0.38754664 0.54399163]
1255.689689,200,1590.78297,0.03512354853493205,False,False,[0.20743221 0.31755658 0.20717672]
1464.231843,200,1591.125048,0.009833044400797013,False,False,[0.35172644 0.05917655 0.62200039]
1377.908848,200,1591.439793,0.021715261531181976,False,False,[0.38011995 0.20327502 0.67684446]
1008.409326,72,1591.613875,0.01755749700896752,False,True,[ 0.32547507 -0.03505859  0.4214334 ]
1067.028907,200,1592.395243,0.06162005748268394,False,False,[0.12169746 0.59820995 0.23115766]
1252.537009,200,1592.696245,0.06164773879844534,False,False,[0.46189543 0.24646532 0.55864393]
1370.256063,200,1593.001276,0.02696775147586352,False,False,[0.21638246 0.32624979 0.75211238]
1131.650249,200,1593.315045,0.05159754891097888,False,False,[0.25446015 0.68164417 0.43893029]
1214.154643,200,1593.630375,0.0529213135837019,False,False,[0.62053765 0.47412233 0.27558462]
1317.785408,200,1593.934894,0.04037492531672959,False,False,[0.23445241 0.29377212 0.72383999]
1449.834643,200,1594.239538,0.030729036423309528,False,False,[0.39274909 0.20234056 0.60427455]
1369.100958,200,1594.551474,0.02839259957844018,False,False,[0.47716568 0.46502434 0.40763016]
975.81533,193,1594.862471,0.142058420701262,True,False,[0.50459485 0.63996428 0.17030368]
1264.075939,200,1595.182064,0.053073899691526975,False,False,[0.14492211 0.42689423 0.40648664]
1256.208422,200,1595.504389,0.05455409655523754,False,False,[ 0.29830623 -0.03245472  0.6879354 ]
1442.919505,200,1596.314125,0.02186571865083419,False,False,[0.54772166 0.28621255 0.22978279]
1500.7643,200,1596.621572,0.03163876813002986,False,False,[0.39063911 0.49487261 0.53443792]
1424.876092,200,1596.932669,0.030164890483469774,False,False,[0.39953608 0.41655889 0.21873902]
1342.668852,200,1597.242732,0.03144846683726117,False,False,[0.18910366 0.40318639 0.56784318]
-21.335437,24,1597.375298,0.11222355853669407,True,False,[ 0.66318903 -0.0827168   0.10733772]
1399.733552,200,1597.7741,0.08448006447799095,False,False,[0.41453645 0.22627676 0.49960747]
1350.544518,200,1598.080773,0.04135545781217835,False,False,[ 0.62704058 -0.03383367  0.40060728]
1376.598444,200,1598.489346,0.051875219814963944,False,False,[ 0.55642535 -0.019895    0.63084887]
1175.768725,200,1598.798034,0.03707257393842845,False,False,[0.16027747 0.12259637 0.16313143]
1050.409149,200,1599.106783,0.04796302003260664,False,False,[0.30197884 0.20332414 0.11275911]
1135.658385,200,1599.413527,0.02372767333683454,False,False,[0.28284927 0.03280779 0.21184374]
34.513156,36,1600.038338,0.10152598797265845,True,False,[0.64910695 0.43400412 0.10129282]
-26.586361,113,1600.265238,1.3704766105579547,True,False,[0.53256133 0.35476294 0.39950977]
1394.179923,200,1600.57583,0.014487716824227488,False,False,[0.40091935 0.37349431 0.46041871]
1412.747229,200,1600.882644,0.04909015210203475,False,False,[0.27864978 0.02530891 0.64322109]
1414.629738,200,1601.178799,0.04173805266592089,False,False,[0.56331155 0.25728416 0.16893197]
1617.726495,200,1601.597656,0.02053265196518762,False,False,[0.13050632 0.27166973 0.68292908]
1341.509137,200,1601.907024,0.01974304227048581,False,False,[0.54709051 0.46652011 0.41647461]
1525.211666,200,1602.218951,0.08906261811667834,False,False,[ 0.73097123 -0.02373003  0.39852662]
1261.367149,200,1602.530642,0.026997125526590133,False,False,[0.11621744 0.67730765 0.3497097 ]
-30.066796,29,1602.670059,0.1765215376721687,True,False,[0.32101078 0.6866581  0.10019623]
1260.777856,200,1602.982807,0.02761194170546745,False,False,[0.24328449 0.53416775 0.16651148]
1384.761057,200,1603.290796,0.04513814440203946,False,False,[0.35857339 0.03084471 0.37263226]
1348.916753,200,1604.093637,0.03407474405361943,False,False,[0.30323652 0.14544304 0.74076179]
1311.431093,200,1604.393962,0.03298088866027571,False,False,[0.46162912 0.45038975 0.28307688]
1088.480475,200,1604.71533,0.034903499938187296,False,False,[0.15498438 0.50466392 0.1673173 ]
1407.358648,200,1605.035235,0.03346433661629312,False,False,[0.38678946 0.12984083 0.50261559]
1340.089434,200,1605.340977,0.029427191847982436,False,False,[0.19286599 0.40454462 0.29488169]
1445.132244,200,1605.658736,0.015256265329045764,False,False,[0.24937705 0.14237677 0.39772937]
1472.632829,200,1605.961113,0.020155958130028608,False,False,[0.61029702 0.17271351 0.5081853 ]
1455.492783,200,1606.270143,0.02595827002611582,False,False,[0.28981976 0.31449481 0.49089261]
1426.49136,200,1606.577228,0.0354468696882874,False,False,[0.36123984 0.37597161 0.2800387 ]
1412.795978,200,1606.899123,0.03206840297853168,False,False,[0.50433647 0.01416519 0.39598746]
1382.285467,200,1607.685025,0.04679132260607221,False,False,[0.56830203 0.43168011 0.37806827]
1452.061853,200,1607.987931,0.010443995738049942,False,False,[0.52396899 0.23965146 0.44730885]
1376.419621,200,1608.30568,0.026008404333395758,False,False,[0.21370579 0.24712418 0.27942609]
1216.623922,200,1608.61857,0.051587270408413356,False,False,[0.33469438 0.21991934 0.54923309]
1359.859638,200,1608.939724,0.017709596888085235,False,False,[0.64076013 0.00783077 0.18821637]
1286.946952,200,1609.249123,0.031790245069144095,False,False,[0.22320535 0.56590193 0.50409866]
1334.341417,200,1609.551044,0.046167804281091206,False,False,[0.63221841 0.46160449 0.23088672]
1372.258225,200,1609.857358,0.06208410775296064,False,False,[0.64468176 0.23493257 0.2317806 ]
1356.051003,200,1610.200098,0.04759373882308009,False,False,[0.24442637 0.11517047 0.5427179 ]
1376.040611,200,1610.502258,0.027805050356556192,False,False,[0.46710442 0.03660009 0.28634855]
1305.450505,200,1610.811,0.031894749381720267,False,False,[ 0.45553509 -0.0919684   0.21278239]
-76.746597,95,1611.518071,1.4781391378095172,True,False,[0.53095513 0.46869127 0.21977529]
1468.29241,200,1611.826358,0.03880754855813243,False,False,[0.27114266 0.28750246 0.43604114]
1005.005895,200,1612.135089,0.07462165127990104,False,False,[0.46561949 0.65414389 0.23426763]
1547.476744,200,1612.453899,0.01652389277000896,False,False,[0.68862102 0.16909725 0.20484073]
1644.449573,200,1612.773981,0.042675031851102614,False,False,[0.46855839 0.14438945 0.54439261]
1339.690021,200,1613.091713,0.05451874646894816,False,False,[0.15245928 0.50006657 0.43948736]
1358.699652,200,1613.400509,0.0398505903706114,False,False,[ 0.59750085 -0.07159817  0.36254303]
1266.304931,200,1613.813811,0.04114376541210729,False,False,[ 0.27622847 -0.09213663  0.2642429 ]
1506.418884,200,1614.120968,0.03992829682724533,False,False,[0.1014979  0.36692554 0.40889511]
1612.111428,200,1614.420892,0.02162015325201331,False,False,[0.25173221 0.4285081  0.61196313]
1478.044484,200,1615.211219,0.06865657901846521,False,False,[0.24308737 0.40660756 0.49817711]
1603.322751,200,1615.517619,0.020437666219030395,False,False,[0.39634203 0.16802518 0.21407136]
1334.569144,200,1615.837376,0.07937317445568375,False,False,[ 0.4816391  -0.09426018  0.39226237]
1274.839407,200,1616.249781,0.018264553409922137,False,False,[0.20750482 0.36433355 0.21311905]
1414.061667,200,1616.554664,0.05616492233439428,False,False,[0.47332982 0.21578234 0.57154575]
1447.114108,200,1616.871665,0.006788851172323798,False,False,[0.63800906 0.27572627 0.35405093]
1461.622706,200,1617.186023,0.05023159219865367,False,False,[0.29611396 0.18734707 0.55092558]
1231.297479,200,1617.516832,0.06257130385425605,False,False,[0.11281663 0.1224708  0.58943964]
1401.96805,200,1617.824802,0.04914587392222583,False,False,[ 0.5137974  -0.01365232  0.1968316 ]
1412.535946,200,1618.132828,0.04297990016024774,False,False,[0.51170573 0.17415833 0.3928903 ]
1246.465005,200,1618.444506,0.04445940753516421,False,False,[0.45121442 0.46779851 0.17117325]
1458.059219,200,1619.235913,0.03378408805900186,False,False,[0.41367816 0.31596346 0.61085961]
1599.942324,200,1619.529099,0.026092196728190235,False,False,[ 0.36283841 -0.00664133  0.67001044]
1428.541842,200,1619.838614,0.04422642788499976,False,False,[0.59745807 0.14289818 0.52554364]
1096.933155,200,1620.155923,0.055861705470519565,False,False,[0.13999296 0.03580206 0.82350112]
1453.389101,200,1620.467701,0.05837634236720956,False,False,[0.45613633 0.17097955 0.40376196]
1392.504704,200,1620.775424,0.04113242586930071,False,False,[0.55657286 0.0566864  0.52190415]
1292.089279,122,1621.002708,0.019071108158317373,False,True,[0.13219408 0.18516383 0.66824455]
882.555223,63,1621.175364,0.02149228888262458,False,True,[0.57866454 0.47315291 0.33824041]
1286.439047,200,1621.500034,0.03406213558037851,False,False,[0.24657406 0.49468281 0.14003294]
1045.127247,200,1621.809695,0.06399872591564963,False,False,[0.14805364 0.1458957  0.14112597]
1333.0987,200,1622.119411,0.06919402682324546,False,False,[ 0.68432775 -0.04861307  0.33916839]
1376.677923,200,1623.012364,0.04523930705930913,False,False,[0.42338898 0.40386505 0.3220378 ]
1329.608004,200,1623.3165,0.02005807352334112,False,False,[0.44962832 0.25364097 0.11692702]
1385.434363,200,1623.626041,0.051041699750580774,False,False,[0.40746734 0.40029265 0.56557987]
1294.903335,200,1623.953449,0.03129170383318209,False,False,[0.2341331  0.47432274 0.16074886]
1388.284689,200,1624.264411,0.04411924114209952,False,False,[0.24375041 0.2865771  0.3186357 ]
1314.345052,200,1624.583462,0.024223279442391853,False,False,[0.49431155 0.24248871 0.12583728]
1457.142073,200,1625.000318,0.0432245257853754,False,False,[0.62514047 0.0904738  0.52236606]
991.082792,200,1625.304452,0.1265122195212773,False,False,[ 0.18566238 -0.00635653  0.66216869]
1342.710186,200,1625.617116,0.045122340958594874,False,False,[0.21448494 0.33105735 0.25170863]
1387.636334,200,1625.932689,0.024111337242267362,False,False,[0.64369987 0.21253209 0.22379435]
1291.51897,200,1626.715169,0.02313441061577147,False,False,[0.50258432 0.42753339 0.34645952]
1361.093308,200,1627.038714,0.040906688972799796,False,False,[0.1494893  0.39139887 0.35161826]
1316.742318,200,1627.352509,0.030845797233774747,False,False,[0.52885556 0.31582479 0.25635868]
1256.732213,200,1627.655024,0.05237901859366505,False,False,[ 0.21835481 -0.02636596  0.33458045]
1074.804537,200,1627.965761,0.04554811333062763,False,False,[ 0.17688504 -0.03960112  0.29335268]
1409.898912,200,1628.273932,0.028931807451888194,False,False,[0.30332016 0.48518566 0.59628106]
1420.613868,200,1628.583718,0.0161319215993094,False,False,[0.49356745 0.02143819 0.45233263]
1352.68669,200,1628.894113,0.0401487094161417,False,False,[0.21502089 0.01773212 0.49243414]
1320.885119,200,1629.196725,0.01391590647252402,False,False,[0.30602672 0.60438607 0.15782723]
1489.614151,200,1629.501587,0.05345969901377547,False,False,[0.42549635 0.57072265 0.27613807]
1343.117799,200,1630.30731,0.031269455348890904,False,False,[0.34993673 0.12679166 0.21448412]
1349.406636,200,1630.623474,0.013212648684683043,False,False,[0.39637544 0.34139139 0.14765615]
923.90875,154,1630.890997,0.32176096164080714,True,False,[ 0.33803641 -0.02761541  0.30079305]
1365.343778,200,1631.207304,0.03198494658759751,False,False,[ 0.52379209 -0.07301674  0.48804009]
1169.847391,200,1631.622165,0.061614798506378805,False,False,[0.1216395  0.30211299 0.73637533]
1404.701215,200,1631.94077,0.03346788891139571,False,False,[0.18578231 0.31912152 0.40317816]
1666.52144,200,1632.260456,0.00858499080811672,False,False,[0.53153434 0.21072603 0.35284628]
1366.792095,200,1632.570882,0.0249031479991267,False,False,[0.27693026 0.23181161 0.25119721]
1332.871673,200,1632.878538,0.04395380574906722,False,False,[0.51618707 0.38975146 0.54179649]
1365.671777,200,1633.187543,0.04287057880823235,False,False,[0.3527218  0.39205489 0.29454642]
1471.949541,200,1633.493144,0.0445559529470394,False,False,[0.49132782 0.12370183 0.55331148]
891.56156,200,1634.29381,0.22296366774780918,False,False,[ 0.14123737 -0.04311481  0.38267527]
1569.786119,200,1634.603922,0.02794823095050715,False,False,[0.43169706 0.26571932 0.14639136]
1311.519845,200,1634.915909,0.07538239001359295,False,False,[0.31317823 0.62314623 0.45503916]
1362.439369,200,1635.22409,0.06513214222411051,False,False,[0.29523194 0.34431965 0.34992063]
1175.506765,200,1635.542699,0.06919490342152958,False,False,[ 0.19799492 -0.03156003  0.52688793]
1581.946634,200,1635.852776,0.02324527307832785,False,False,[0.64804335 0.05437615 0.24404207]
1438.044192,200,1636.15907,0.007137068228070852,False,False,[0.50667299 0.40317201 0.21718092]
1254.463029,200,1636.4613,0.06696972033004288,False,False,[0.76211004 0.14251247 0.23364841]
1361.505381,200,1636.779868,0.0036191363499296805,False,False,[0.6975707  0.11814838 0.27341329]
1395.294768,200,1637.091243,0.06165670275860029,False,False,[ 0.45844422 -0.04921581  0.43054473]
1643.118018,200,1637.88789,0.041052636676214234,False,False,[0.43719272 0.30461238 0.30954661]
1436.678662,200,1638.193943,0.027777641084397002,False,False,[0.61672482 0.07842727 0.43367835]
1339.019907,200,1638.510938,0.05863948189179123,False,False,[0.47899861 0.11224177 0.18097011]
1426.522661,200,1638.826302,0.029698997688566146,False,False,[0.52629825 0.33189962 0.38589637]
1418.130193,200,1639.140466,0.05348178797026753,False,False,[0.33561279 0.14954956 0.32155196]
1419.641298,200,1639.438759,0.05886127341302345,False,False,[0.45637968 0.26754821 0.31833139]
1018.543496,200,1639.740211,0.2209504452941715,False,False,[ 0.1984168  -0.07264899  0.41505122]
1228.498021,200,1640.064818,0.06534253872712584,False,False,[ 0.28560093 -0.01685102  0.70223959]
1446.808848,200,1640.359662,0.02608018346437265,False,False,[0.3301763  0.04871223 0.56012148]
1377.613371,200,1640.673891,0.04284014175320789,False,False,[ 0.36284926 -0.04578886  0.54209848]
1277.181832,200,1641.477445,0.051767422330837407,False,False,[0.49831065 0.02668286 0.43801652]
1235.47997,200,1641.792414,0.034604008866870276,False,False,[0.34961713 0.10259809 0.20800633]
-10.69089,23,1641.923714,0.06102766368798067,True,False,[0.48664636 0.43433468 0.1295131 ]
1556.442755,200,1642.224956,0.0336952000969501,False,False,[0.33104464 0.12773639 0.6628141 ]
1375.953906,200,1642.522051,0.010263017812231155,False,False,[3.67201551e-01 6.64290607e-05 5.96670487e-01]
1248.776873,200,1642.824521,0.043241323939382514,False,False,[ 0.45852228 -0.08125291  0.64844747]
1293.791256,200,1643.130016,0.04411602436653499,False,False,[0.18927651 0.07202746 0.14342653]
1290.25471,200,1643.449668,0.0446511907670813,False,False,[0.12368816 0.42689469 0.60469216]
1378.741792,200,1643.748567,0.029386467031670537,False,False,[0.22671533 0.09934615 0.34091371]
1069.206072,170,1644.038703,0.0518217188172959,True,False,[0.49925971 0.18946623 0.13570575]
1361.884092,200,1644.36819,0.03476566316001072,False,False,[0.55415068 0.20059097 0.15124438]
1458.833511,200,1644.684316,0.045840384806065504,False,False,[0.20302439 0.60219113 0.24902137]
1380.767453,200,1645.46655,0.029603104995326937,False,False,[0.61632186 0.17923703 0.30868126]
1159.188566,200,1645.775591,0.062065909957519184,False,False,[ 0.49006749 -0.08671897  0.11595425]
1376.514351,200,1646.085518,0.04567189002402941,False,False,[0.21986142 0.31219561 0.31556081]
1085.820882,200,1646.388074,0.06096227923222793,False,False,[0.19474386 0.32362329 0.10418225]
1419.79175,200,1646.698109,0.02564766835218955,False,False,[ 0.47373376 -0.02595565  0.28326477]
1311.102305,200,1647.107809,0.027817108786505784,False,False,[0.37629297 0.04199376 0.70515833]
1411.3105,200,1647.412094,0.016273284840075678,False,False,[0.41512059 0.4530757  0.26686223]
1212.308975,200,1647.717605,0.05234435091872193,False,False,[0.16457212 0.66616692 0.44585834]
753.792379,200,1648.023146,0.1483661735973102,False,False,[ 0.10149528 -0.09970032  0.32258412]
1281.6292,200,1648.343544,0.0525555439554698,False,False,[0.22335659 0.55600582 0.3264229 ]
1360.047384,200,1649.181387,0.029615206774082914,False,False,[0.47269847 0.39446014 0.30670085]
1556.44977,200,1649.497107,0.02645178286825404,False,False,[0.35576122 0.28394723 0.25779082]
982.220976,200,1649.813605,0.06495120231618243,False,False,[ 0.20765093 -0.05372326  0.67649917]
1430.494502,200,1650.12708,0.019829190476494396,False,False,[0.52579777 0.12074424 0.28565861]
1240.058126,200,1650.444921,0.039649520115872285,False,False,[0.36395168 0.42203272 0.35757472]
1616.063218,200,1650.746668,0.04147467630594512,False,False,[0.3380489  0.22014261 0.28187081]
1242.776867,200,1651.057753,0.03772914257010582,False,False,[ 0.28894723 -0.00993087  0.20514892]
1434.56999,200,1651.369479,0.02920082396682951,False,False,[ 0.27339187 -0.03372099  0.30391132]
1185.384137,200,1651.670137,0.04700589743203943,False,False,[0.49839801 0.00196345 0.11302987]
1343.426238,200,1651.986841,0.055301724637128756,False,False,[0.27593015 0.38306489 0.68279822]
65.67231,35,1652.125929,0.23349636251422715,True,False,[0.24752441 0.10215704 0.39499533]
1423.207592,200,1652.920789,0.008791756346406582,False,False,[0.35124411 0.40224928 0.4961005 ]
1282.741707,200,1653.228832,0.0354025342070135,False,False,[0.50428885 0.57606149 0.31349753]
732.5281,200,1653.547004,0.1664044963760788,False,False,[ 0.20467683 -0.09886886  0.69704942]
1638.921902,200,1653.85833,0.04661096194457441,False,False,[0.30943061 0.35725429 0.44493842]
1042.908175,200,1654.184299,0.12240528666544827,False,False,[ 0.22904439 -0.01385312  0.74501445]
1289.228098,200,1654.498825,0.06400870993613915,False,False,[ 0.7059099  -0.0062289   0.18025537]
236.501122,200,1654.810267,0.024993790441605917,False,False,[0.42788174 0.38473502 0.37017119]
1380.270534,200,1655.118623,0.05948894393803348,False,False,[0.58361908 0.39862438 0.32102006]
159.594713,63,1655.290173,0.0827070740537474,True,False,[ 0.14353525 -0.01118763  0.17229873]
1103.00163,200,1655.594188,0.08094888429672933,False,False,[0.21487983 0.31699248 0.10679255]
1420.49634,200,1655.918153,0.01930605561301177,False,False,[0.44218874 0.15201965 0.42105798]
1422.065503,200,1656.722399,0.04468213906560492,False,False,[0.3948888  0.30100501 0.56505259]
1593.274887,200,1657.027209,0.06631718834796155,False,False,[0.31546514 0.41133226 0.58689099]
1500.449987,200,1657.341082,0.03736617194065061,False,False,[0.15685822 0.47859083 0.50663824]
1246.239293,200,1657.644994,0.03558154947686198,False,False,[0.18554138 0.01896772 0.41103637]
1223.556299,200,1657.967263,0.047679481356659614,False,False,[0.12183202 0.28364521 0.24261943]
1173.144606,200,1658.283677,0.062265896558159915,False,False,[ 0.18891236 -0.01511842  0.31456236]
152.812293,73,1658.465625,0.10534205102286512,True,False,[ 0.13242067 -0.09690759  0.1288274 ]
1367.607224,200,1658.768844,0.026730609384448354,False,False,[0.58768805 0.05269893 0.18212175]
1447.633551,200,1659.080334,0.06228849069282106,False,False,[0.14252903 0.13402606 0.79919537]
1413.968936,200,1659.378754,0.04561268817222404,False,False,[0.37361142 0.38237481 0.36537876]
-16.425885,30,1659.51829,0.14619620676992862,True,False,[0.45503667 0.67215868 0.10414388]
1403.957931,200,1660.304459,0.053458338771253076,False,False,[ 0.56297963 -0.03027936  0.26048449]
1649.355953,200,1660.621375,0.04174216769409488,False,False,[0.3731243  0.24107055 0.30757122]
1587.525417,200,1660.933774,0.05421312885597547,False,False,[0.64089593 0.08682614 0.28897622]
1222.458737,200,1661.237638,0.055039718581438773,False,False,[0.39620186 0.56979297 0.20087117]
144.058634,45,1661.390589,0.07571669239877113,True,False,[0.62233732 0.13442324 0.13109387]
1406.46769,200,1661.699326,0.03083161941229834,False,False,[0.60243924 0.19639008 0.5200613 ]
1217.918419,200,1662.019206,0.02647646606735529,False,False,[ 0.46511386 -0.09724793  0.22734713]
1127.245114,200,1662.43026,0.02663474843337178,False,False,[ 0.1443506  -0.00731157  0.29321328]
1256.541814,200,1662.744968,0.042773839104483916,False,False,[0.15170904 0.34547646 0.22401797]
1641.456498,200,1663.040061,0.037725954347523676,False,False,[0.44054777 0.4379731  0.46520982]
1333.412253,200,1663.353508,0.038267612112528916,False,False,[0.5413996  0.13721481 0.14949037]
1375.68532,200,1663.661832,0.03229907772900748,False,False,[0.1584762  0.17333519 0.51305485]
1163.532699,200,1664.453828,0.059829026098874534,False,False,[0.11129521 0.44013712 0.62125133]
1583.830873,200,1664.764316,0.04035645443381166,False,False,[0.39186646 0.24535193 0.55581402]
1649.082917,200,1665.079612,0.011261160792448566,False,False,[0.44191093 0.41767125 0.528618  ]
1401.974713,200,1665.388683,0.07121690298193684,False,False,[ 0.74946639 -0.05129371  0.34891185]
783.621247,39,1665.631362,0.02183435795276752,False,True,[0.39645522 0.25060857 0.4104278 ]
1457.949052,200,1665.943017,0.03126873722626782,False,False,[0.43413021 0.28089885 0.51523505]
1246.662437,200,1666.259068,0.061491816480338246,False,False,[ 0.22356756 -0.06436122  0.3661943 ]
1456.599693,150,1666.510617,0.0375226115078484,False,True,[0.56014376 0.19758779 0.13534693]
265.842493,65,1666.780738,0.06983338725030178,True,False,[0.69276759 0.15283573 0.11442706]
1226.942741,200,1667.090698,0.034172488710642004,False,False,[0.10246846 0.24781112 0.35731989]
1401.84629,200,1667.388936,0.0445035796435855,False,False,[0.34125185 0.38801167 0.63392109]
1057.213979,200,1668.206972,0.05857042178855216,False,False,[ 0.17380606 -0.05386989  0.38994215]
1432.025277,200,1668.515753,0.061288701135176316,False,False,[0.25397442 0.208609   0.44191358]
1219.624276,200,1668.82523,0.045476888228149,False,False,[0.13114994 0.33422117 0.65850793]
1446.105369,200,1669.131267,0.04042390381310406,False,False,[0.55983787 0.30362139 0.3937649 ]
1364.457611,200,1669.44348,0.03970967881773864,False,False,[0.15271063 0.41587422 0.52255001]
1368.351737,200,1669.766652,0.07399062716171387,False,False,[0.54900651 0.1358694  0.20749307]
1399.695459,200,1670.091475,0.015973019916485084,False,False,[0.61561536 0.12982593 0.41234866]
1069.067212,200,1670.402062,0.06714375423063304,False,False,[0.10270275 0.67517768 0.4865744 ]
1380.738051,200,1670.71112,0.05163024836117748,False,False,[0.38977499 0.13111411 0.34220271]
1371.189527,200,1671.026802,0.03314448506554319,False,False,[0.22890347 0.33707429 0.53732962]
1006.29835,200,1671.329847,0.09125585760583249,False,False,[ 0.13846917 -0.00741718  0.28045315]
1306.60629,200,1672.115646,0.02073002388759024,False,False,[0.41541862 0.02310502 0.18318748]
1517.659668,200,1672.425941,0.05842489503698701,False,False,[ 0.3770141  -0.03677783  0.37348007]
1556.078505,200,1672.737607,0.06984378657217177,False,False,[0.40475352 0.05147077 0.67590008]
1564.099416,200,1673.043119,0.018609674695459856,False,False,[0.21844636 0.42083398 0.2872392 ]
1331.503571,200,1673.34509,0.052477858832941274,False,False,[0.28276109 0.46167326 0.42199294]
1580.319929,200,1673.661804,0.027855527301776505,False,False,[0.43309585 0.0138929  0.22785379]
1476.851787,200,1673.9666,0.0637505057622611,False,False,[ 0.68951975 -0.04749891  0.49330682]
-65.072487,101,1674.178686,1.5579756845088422,True,False,[0.47796289 0.51924712 0.46106879]
1356.901278,200,1674.489696,0.027101522939129125,False,False,[0.36463439 0.60310986 0.32215391]
1310.396614,116,1674.712665,0.010047030300017459,False,True,[0.36341885 0.35816095 0.20650338]
1281.864524,200,1675.017797,0.056410005198005625,False,False,[0.29028258 0.61696273 0.27339923]
1393.342698,200,1675.82467,0.01242217015001817,False,False,[0.25123804 0.0432186  0.33861236]
1464.337819,200,1676.141062,0.04383015583030159,False,False,[0.57612117 0.24782603 0.49684887]
1424.217154,200,1676.452619,0.029521390591754234,False,False,[0.63425977 0.33250833 0.43973021]
1107.851656,200,1676.766904,0.042166479279662154,False,False,[ 0.1295219  -0.02429257  0.27890608]
1199.289751,200,1677.065395,0.09508266945558436,False,False,[0.27464331 0.39411765 0.65110493]
1429.498149,200,1677.370896,0.023809477489670553,False,False,[0.39439635 0.05371353 0.61742999]
1360.265476,200,1677.682797,0.03147574210244984,False,False,[0.43463643 0.14142571 0.67320541]
1236.949237,200,1677.987996,0.029879549994138305,False,False,[0.23450013 0.59711856 0.2259953 ]
1363.514105,151,1678.250795,0.04704332221647551,False,True,[0.11168898 0.39959746 0.20757085]
1376.570189,200,1678.560174,0.05198535141690718,False,False,[0.42585076 0.06895148 0.26027709]
1322.073273,200,1679.35664,0.03716251923194915,False,False,[0.15987321 0.26274253 0.70525589]
827.56168,49,1679.51485,0.039089801131374315,False,True,[0.3701359  0.04116605 0.31876213]
1173.912224,200,1679.821678,0.042500888551406144,False,False,[0.15038533 0.35825929 0.72248645]
1062.530028,200,1680.119766,0.10101740829292934,False,False,[0.12386259 0.50067111 0.37700053]
880.764977,60,1680.295036,0.01330702494071434,False,True,[ 0.5231227  -0.0195026   0.43386702]
889.903861,200,1680.607465,0.12408401920466651,False,False,[ 0.22367133 -0.04539173  0.78263249]
679.049553,24,1680.74182,0.014518173850949832,False,True,[0.39358414 0.09272302 0.45871868]
1345.193451,200,1681.041891,0.01827775348215273,False,False,[0.46315596 0.4341462  0.3806679 ]
1230.803085,200,1681.355234,0.053843595871262945,False,False,[0.46795823 0.23919858 0.12371571]
1199.803958,200,1681.656566,0.05252872761768162,False,False,[0.15601475 0.09251628 0.70150656]
1351.11319,200,1681.968715,0.056360228974499126,False,False,[0.31242494 0.00921859 0.23571858]
1466.969586,200,1682.292124,0.06522854117779808,False,False,[0.13841688 0.4894841  0.30510092]
123.241335,46,1682.445029,0.060554535300866186,True,False,[0.47015109 0.52371804 0.12783734]
1433.492529,200,1682.74497,0.032127383501356264,False,False,[0.57276652 0.04624181 0.50565279]
1612.086887,200,1683.535751,0.034043504926123416,False,False,[0.15866291 0.32482569 0.32231287]
1250.007988,200,1683.846173,0.053371180341366446,False,False,[0.4549644  0.14062615 0.14115812]
1391.800067,200,1684.159381,0.04302405681167298,False,False,[0.29205473 0.11939423 0.20087557]
1228.992416,200,1684.47682,0.04788795166456893,False,False,[0.10133295 0.51195415 0.24985417]
1403.509209,200,1684.781055,0.04144483216119665,False,False,[0.68811871 0.23436999 0.40070255]
1400.806719,200,1685.0925,0.04887015924814023,False,False,[0.17591934 0.45555967 0.45727607]
1339.687671,200,1685.404723,0.011048950925441166,False,False,[0.12118381 0.2929491  0.38759706]
1403.455855,200,1685.704212,0.0604067766901773,False,False,[0.31207566 0.09116879 0.18206285]
1326.035172,200,1686.01481,0.01935801448079923,False,False,[0.60051721 0.46344996 0.36196462]
1384.760701,200,1686.320286,0.03636695447838931,False,False,[0.41216716 0.01414325 0.34700534]
1373.417983,200,1687.129682,0.02188360206854044,False,False,[ 0.2856488  -0.09907223  0.42898009]
1382.057185,200,1687.430561,0.014745218597139018,False,False,[0.72138902 0.17403656 0.36747434]
-33.223201,21,1687.562746,0.10211744601019292,True,False,[0.45896122 0.5267056  0.12274515]
1434.117827,200,1687.8681,0.032796614303980724,False,False,[0.55720164 0.38510233 0.45617318]
1582.975554,200,1688.176679,0.02099705203526197,False,False,[ 0.37244047 -0.00373222  0.37727438]
1316.887961,200,1688.490507,0.0297531135744493,False,False,[0.1161564  0.29984215 0.55319635]
1399.875625,200,1688.818006,0.021245403826259685,False,False,[0.35592629 0.5800706  0.32548156]
1454.168279,200,1689.126137,0.050334780735287854,False,False,[0.44829094 0.08180848 0.25322094]
1372.710837,200,1689.429438,0.06368567017752538,False,False,[0.46500742 0.43263565 0.42059907]
1502.980961,200,1689.734784,0.02490803753468758,False,False,[0.12697731 0.46564633 0.44033042]
1235.262624,200,1690.034426,0.04309033344060948,False,False,[0.62156045 0.46152368 0.13960508]
985.575021,200,1690.931738,0.09298216603909401,False,False,[ 0.10794962 -0.00987712  0.50242484]
1343.609354,200,1691.229944,0.015139059755362222,False,False,[0.48517539 0.00143931 0.15428655]
1268.564207,200,1691.542473,0.03511960150005861,False,False,[0.18942923 0.46885566 0.47199003]
1387.024104,200,1691.853621,0.06867398877162528,False,False,[0.51056146 0.05711026 0.55603929]
1192.480243,200,1692.163225,0.055794638432595814,False,False,[0.2717407  0.01983615 0.40593536]
1337.619237,200,1692.475893,0.05538729968604735,False,False,[0.36543445 0.00802608 0.35054922]
883.233447,200,1692.788922,0.08101643186865638,False,False,[ 0.24157004 -0.01814916  0.1102621 ]
1266.466564,200,1693.102981,0.05413751036886851,False,False,[ 0.47836063 -0.09673684  0.31661469]
1242.783002,200,1693.504079,0.10256652755957811,False,False,[0.17120229 0.47557179 0.198503  ]
1375.775372,200,1693.810023,0.05607716913069086,False,False,[0.33010408 0.04933121 0.51964909]
1237.953818,200,1694.596949,0.04279309629924594,False,False,[0.23486597 0.54150478 0.16423358]
1275.786117,200,1694.901767,0.02766768917491747,False,False,[0.20263105 0.3178058  0.2132035 ]
1371.961238,200,1695.214462,0.03933834176517666,False,False,[0.43862486 0.52621331 0.39328434]
1174.985603,200,1695.538131,0.06294850876780186,False,False,[0.22966452 0.08995512 0.47872782]
1514.369499,200,1695.855991,0.022813334071468443,False,False,[ 0.55847131 -0.06033485  0.2381828 ]
1340.181361,200,1696.261632,0.084417331978265,False,False,[ 0.39434184 -0.02803911  0.43041488]
1311.082177,200,1696.569709,0.0703179580496325,False,False,[ 0.70963507 -0.01381788  0.22351346]
1367.954664,200,1696.882227,0.032063469566094877,False,False,[ 0.3613545  -0.08423341  0.34941178]
1372.392407,200,1697.199581,0.05918334174390673,False,False,[0.32591401 0.25054458 0.51019068]
1327.930113,200,1697.501775,0.0354876533833641,False,False,[0.29347948 0.55716369 0.45726072]
1592.846416,200,1697.80255,0.023112778988750995,False,False,[0.50178251 0.2197274  0.17494161]
1262.341687,200,1698.580301,0.04100274821896222,False,False,[0.28147093 0.49823398 0.43178932]
1545.963151,200,1698.907798,0.05144340239175402,False,False,[0.15241806 0.24355632 0.67030962]
1197.940165,200,1699.215142,0.04765716240846537,False,False,[0.14629757 0.66834432 0.32157258]
1382.650425,200,1699.518349,0.02712686175266244,False,False,[0.23618518 0.65932183 0.35827651]
1461.806597,200,1699.818989,0.05880979388002784,False,False,[ 0.61963477 -0.05754713  0.33327482]
1398.238616,200,1700.134499,0.04227675862211331,False,False,[0.61546655 0.30596283 0.46913684]
230.497136,52,1700.300091,0.2146195958762648,True,False,[0.53336704 0.0577313  0.16863718]
1356.918141,200,1700.616345,0.038752877364229096,False,False,[0.41766622 0.08706182 0.65035691]
1396.525482,200,1700.94256,0.030271589286285327,False,False,[0.46522798 0.47655607 0.30067459]
1560.710696,200,1701.257446,0.024952445650392917,False,False,[0.13140985 0.3568536  0.50963804]
1400.183216,200,1701.565558,0.014256688101153056,False,False,[0.20734758 0.18827348 0.6358513 ]
1406.015402,200,1702.373635,0.019514394050319846,False,False,[0.18943967 0.31158782 0.48213454]
1098.729745,200,1702.696438,0.07292168282809057,False,False,[0.38777659 0.03771385 0.10309723]
1342.322456,200,1703.020664,0.07067534329214696,False,False,[0.33981412 0.03072244 0.13417876]
1390.560886,200,1703.325829,0.035038362003935626,False,False,[0.25511656 0.16756911 0.4575696 ]
1497.798723,200,1703.627234,0.05139758313391343,False,False,[0.66961306 0.39850387 0.20888398]
1340.714725,200,1704.031831,0.033833523215061445,False,False,[0.42905988 0.53598122 0.2384707 ]
1276.566293,200,1704.347789,0.04826734693667912,False,False,[ 0.62292757 -0.01099188  0.44987681]
967.313553,200,1704.751717,0.12749861527117368,False,False,[ 0.13532883 -0.02921357  0.58309138]
1715.306603,200,1705.054237,0.06998325490007856,False,False,[0.61207045 0.5032142  0.2791222 ]
1341.143299,200,1705.462136,0.009478134637224073,False,False,[ 0.50778153 -0.02939757  0.15472415]
1327.626819,200,1706.287177,0.03388543006191515,False,False,[0.43492479 0.51249719 0.26113072]
1246.406783,200,1706.590166,0.05118361770781298,False,False,[0.39051355 0.64534237 0.33240194]
1495.869607,200,1706.905905,0.021090882439074733,False,False,[0.29174199 0.52846797 0.15548753]
1024.545775,86,1707.105012,0.04350343849954833,False,True,[ 0.31963159 -0.07989474  0.440044  ]
1226.384187,200,1707.413952,0.024936728797613206,False,False,[0.11459876 0.22625629 0.77345336]
1542.791962,158,1707.687752,0.0329086722288681,False,True,[0.56489883 0.44434611 0.3263865 ]
1244.161488,200,1708.002775,0.027674299477568786,False,False,[0.55813631 0.55226981 0.19816505]
1225.112978,200,1708.319077,0.05039790711066166,False,False,[ 0.35666979 -0.00162719  0.20178815]
1264.301445,200,1708.622132,0.031162765427551364,False,False,[0.28078513 0.20994325 0.16571062]
1299.54152,200,1708.937702,0.03197369789832586,False,False,[0.33772892 0.39832128 0.12225774]
1381.861915,200,1709.24656,0.0573458665440356,False,False,[0.41722484 0.41953626 0.38641411]
1336.321232,200,1710.03053,0.04894914378610563,False,False,[ 0.31644866 -0.09223542  0.32257491]
1262.143511,200,1710.354833,0.03113382461684302,False,False,[0.57417335 0.54051334 0.22103424]
953.162167,200,1710.664746,0.08784590213375887,False,False,[ 0.10065383 -0.01008649  0.35857515]
1318.797471,200,1710.984769,0.050511678760965587,False,False,[0.32516452 0.12495552 0.63983564]
1184.870903,200,1711.299351,0.03533989773351515,False,False,[0.26651643 0.01872489 0.1628553 ]
1372.900254,200,1711.596362,0.02853515413859619,False,False,[0.43998677 0.46337119 0.25881339]
1638.271157,200,1711.90099,0.03625893640967785,False,False,[0.31243525 0.18930065 0.40159011]
1368.213414,200,1712.217813,0.031219414589205935,False,False,[0.60784057 0.20442746 0.27188032]
1253.291393,200,1712.508262,0.05779562958077053,False,False,[0.23745066 0.51346291 0.21892593]
1609.84496,200,1712.817883,0.03290347668328393,False,False,[0.22515112 0.23467139 0.29020796]
1363.116953,200,1713.637701,0.043237505683708155,False,False,[0.68837106 0.0220312  0.20484494]
312.902212,117,1713.862506,0.17004584452498478,True,False,[ 0.14633475 -0.05282056  0.17014753]
1197.395363,200,1714.18895,0.05327770010442803,False,False,[0.72111075 0.02103602 0.21657053]
1369.23796,200,1714.507789,0.036886420373693524,False,False,[0.56367181 0.36457862 0.44752581]
1366.343525,200,1714.815789,0.040178801455651635,False,False,[0.29967    0.02302431 0.28055671]
1284.860042,200,1715.130554,0.019461037452678697,False,False,[0.20336737 0.22175903 0.19316227]
1369.564678,200,1715.445217,0.037343272031829196,False,False,[ 0.32326243 -0.02530723  0.532598  ]
1136.602886,200,1715.747494,0.029839629252658876,False,False,[ 0.24953074 -0.06300387  0.6150457 ]
1468.295945,200,1716.066714,0.03262776852940752,False,False,[0.38372236 0.37151877 0.59493066]
1234.000283,200,1716.376143,0.04303225342722967,False,False,[0.39370214 0.60477562 0.35986771]
1541.529745,200,1716.673519,0.023948595043281052,False,False,[0.30871168 0.53420903 0.48870077]
1302.16663,200,1717.462212,0.02661351870468223,False,False,[0.21714142 0.51510517 0.39896697]
1333.33304,200,1717.753715,0.03346893592917418,False,False,[0.16172474 0.4715219  0.28478115]
1381.991617,200,1718.061764,0.011625865117799184,False,False,[0.21488994 0.08080543 0.58975884]
467.431556,93,1718.264815,0.03294612678247667,True,False,[0.52812752 0.41138578 0.11721256]
1435.051854,200,1718.587955,0.012650025290692878,False,False,[0.32298379 0.06416835 0.70638127]
1521.433566,200,1718.892596,0.02743204417118089,False,False,[0.44398298 0.0286878  0.63111595]
1391.578947,200,1719.213557,0.018323257624861672,False,False,[0.49541612 0.05394992 0.66211702]
1418.158155,200,1719.516424,0.026741854971430026,False,False,[0.42865306 0.14991749 0.30899739]
1217.062382,200,1719.829436,0.01573521319902445,False,False,[0.13199072 0.60193316 0.41812555]
1431.8895,200,1720.143235,0.03588406600581741,False,False,[0.56270281 0.15184297 0.48158675]
1156.024039,200,1720.929419,0.05265996602069206,False,False,[0.21786741 0.04875443 0.81118589]
1067.268426,200,1721.248273,0.06202089911298123,False,False,[ 0.17375344 -0.02387003  0.50102603]
1444.402299,200,1721.565195,0.03810883573870847,False,False,[0.32111598 0.57074299 0.33908878]
1428.095129,200,1721.869755,0.0437357409698999,False,False,[0.34057292 0.03214223 0.64503173]
1578.036636,200,1722.193924,0.02838033249204398,False,False,[0.39114887 0.09685228 0.31011181]
1355.6579,200,1722.501006,0.03866482865185139,False,False,[ 0.44476974 -0.00803984  0.5879114 ]
1440.880676,200,1722.81188,0.03583753031613851,False,False,[0.36585094 0.30535818 0.46218194]
1183.476712,200,1723.128814,0.047424412867361716,False,False,[0.33814337 0.01462022 0.21179233]
1773.151499,200,1723.43919,0.05065551657176137,False,False,[0.74414419 0.07007684 0.36031502]
1138.518023,200,1723.763127,0.05142652170669754,False,False,[0.12019721 0.11154625 0.34490342]
551.816483,181,1724.058246,0.13906237132209837,True,False,[ 0.15374919 -0.07946282  0.10947106]
-24.932394,24,1724.192002,0.13127348262605854,True,False,[0.69460095 0.40536487 0.13458534]
1287.415804,200,1725.071861,0.021916823434663273,False,False,[ 0.6708132  -0.05350783  0.25033034]
1298.090955,200,1725.479523,0.0299513256394453,False,False,[0.27931093 0.07032512 0.16743055]
1353.149293,200,1725.787088,0.02814904494262264,False,False,[0.18291    0.20642989 0.27184213]
1293.234456,200,1726.105294,0.06771472544883732,False,False,[0.79594198 0.01969162 0.24434616]
1281.970381,200,1726.426805,0.023596821556013753,False,False,[0.11726961 0.40810178 0.50193089]
1230.608423,200,1726.739726,0.042647449895857836,False,False,[0.76892393 0.00518459 0.22139223]
1403.814626,200,1727.061535,0.011057447598650036,False,False,[0.25648407 0.25203809 0.65244199]
1272.749623,200,1727.369806,0.025385803981328302,False,False,[0.50069533 0.09569065 0.12676548]
245.477309,70,1727.553214,0.14050949148640893,True,False,[0.12228964 0.10294839 0.26577256]
1364.859588,200,1727.863114,0.026878119272273952,False,False,[0.58489028 0.02166596 0.32938233]
1311.471865,200,1728.1803,0.08097369144015441,False,False,[ 0.58093802 -0.07837883  0.25928486]
1323.498744,200,1729.063358,0.02247975481645898,False,False,[0.59716887 0.30615128 0.18493584]
1070.17475,200,1729.461932,0.06807007293976798,False,False,[0.1206004  0.0691934  0.33185524]
1412.686094,200,1729.777874,0.034096811719501754,False,False,[0.32967719 0.14705473 0.2371578 ]
1247.293977,200,1730.096657,0.07313739447925338,False,False,[0.1271217  0.13003933 0.53466223]
1357.472859,200,1730.395493,0.0383078344155137,False,False,[0.18971425 0.14200313 0.35327749]
1875.3901,200,1730.690618,0.041185066143992276,False,False,[0.5088807  0.2973155  0.28497976]
1287.310538,200,1731.005703,0.02239869124227255,False,False,[0.65473069 0.12437134 0.14576654]
1536.275406,200,1731.32557,0.0458492747066231,False,False,[0.59940905 0.19923321 0.55322478]
1391.057471,200,1731.63416,0.045711747293840074,False,False,[0.57970432 0.39397186 0.2791604 ]
1354.868627,200,1731.940461,0.056437675108643705,False,False,[0.24857155 0.15552821 0.76049513]
1386.600463,200,1732.727039,0.03607826784644267,False,False,[0.68556671 0.10902116 0.46193698]
1333.537252,200,1733.032489,0.04762180347274036,False,False,[0.26949607 0.44834396 0.50043465]
1238.460079,200,1733.347555,0.10232763968062862,False,False,[ 0.31198528 -0.09459608  0.54564284]
1295.951179,200,1733.660824,0.03358928967399388,False,False,[0.27341274 0.09020855 0.35931344]
1353.880326,200,1733.976556,0.02014361738708189,False,False,[0.57419845 0.03591488 0.4617937 ]
1208.480849,200,1734.290473,0.03455156054271349,False,False,[0.63607262 0.43407904 0.21043377]
1377.445428,200,1734.602481,0.01733863221507906,False,False,[0.14370069 0.31750708 0.32787384]
1517.927794,200,1734.903956,0.05028086720754536,False,False,[ 0.43901193 -0.04930607  0.45586236]
1141.009686,200,1735.21938,0.03840209912979553,False,False,[0.21503914 0.57024809 0.21483632]
1324.471522,200,1735.536073,0.0176088700267883,False,False,[0.59962275 0.19771106 0.22658952]
1510.935222,200,1736.34119,0.03958577389139614,False,False,[0.30135352 0.33340022 0.25550512]
1883.631341,200,1736.651559,0.0435398828630511,False,False,[0.64990452 0.14511136 0.50636367]
77.684885,37,1736.799528,0.05455511029089308,True,False,[0.60857544 0.11874496 0.10047118]
1358.322792,200,1737.113536,0.0471399949356004,False,False,[0.69048535 0.27499665 0.39742155]
-50.680096,92,1737.326522,1.3049614279768895,True,False,[0.26116559 0.6182882  0.19764569]
1498.266628,200,1737.635971,0.0654816525123647,False,False,[0.38745175 0.00888908 0.16356428]
1314.742885,200,1737.940493,0.03625713305418432,False,False,[ 0.43504286 -0.0880956   0.40372715]
1320.285936,200,1738.249411,0.04313523224843811,False,False,[0.13707987 0.46113518 0.46088448]
1497.579122,148,1738.510541,0.04308053804568826,False,True,[ 0.36656941 -0.03257989  0.36749466]
1349.542576,200,1738.827068,0.052231229324347074,False,False,[0.25478012 0.15332494 0.70664067]
1370.644839,200,1739.144127,0.05444467284837848,False,False,[ 0.62597362 -0.01611609  0.29043292]
1184.36305,200,1739.539199,0.1168047942324573,False,False,[0.30660546 0.06859466 0.68550736]
1281.4913,200,1740.330713,0.04209504242808581,False,False,[0.27125456 0.04837734 0.19251637]
1137.139206,200,1740.626709,0.03996570511397196,False,False,[0.17230871 0.14275523 0.241171  ]
1346.118833,200,1740.934608,0.02969281812861905,False,False,[ 0.66674449 -0.05845587  0.51563502]
1338.988749,200,1741.374331,0.04216753207508621,False,False,[0.30991239 0.47358411 0.33759073]
1251.1077,200,1741.68027,0.0765402027866845,False,False,[ 0.38514969 -0.07149005  0.43566149]
1185.161076,200,1741.999561,0.05356523441106274,False,False,[0.25743489 0.60359849 0.33066966]
1361.112156,200,1742.305296,0.07980973478106565,False,False,[ 0.48741753 -0.01726881  0.39744074]
1997.715981,200,1742.608921,0.02357390369928804,False,False,[0.33482437 0.14658358 0.36564484]
1399.99294,200,1742.908655,0.023738838279893062,False,False,[0.37256545 0.34349567 0.45147886]
1048.907766,200,1743.220887,0.1036458920803619,False,False,[0.16463094 0.0287775  0.72132538]
1578.262434,200,1744.012375,0.06140104893336237,False,False,[0.46313913 0.41162198 0.20991921]
1440.470234,200,1744.354676,0.04040857974953181,False,False,[0.45195033 0.35199376 0.42416793]
1269.801285,200,1744.665389,0.057924990703867585,False,False,[0.39891248 0.1455744  0.73103337]
1403.089785,200,1744.979645,0.019987268555079207,False,False,[0.58022102 0.2867022  0.46231557]
1239.988976,200,1745.285403,0.047327548693411395,False,False,[0.12040592 0.36527083 0.69533853]
1378.764453,200,1745.590119,0.012085986440883366,False,False,[0.52577084 0.43454478 0.28974872]
1165.112843,200,1745.903148,0.043296159300331344,False,False,[0.2013024  0.01406271 0.70907753]
1236.586752,200,1746.22231,0.04571774182285531,False,False,[0.34619837 0.06673957 0.73299671]
1233.051883,200,1746.548832,0.05415543757784253,False,False,[0.12668668 0.16850323 0.16370448]
1612.764606,200,1746.856894,0.02751196425107131,False,False,[0.44925423 0.46003354 0.27272409]
1389.78046,200,1747.641241,0.021342765067306525,False,False,[ 0.33974357 -0.06634064  0.27646932]
1694.476411,200,1747.941117,0.052317871739285496,False,False,[0.41935226 0.2311215  0.46487916]
1366.86675,200,1748.25846,0.02240806814873199,False,False,[0.42514844 0.49364225 0.52405381]
1371.178489,200,1748.566305,0.01838424207130525,False,False,[0.2241498  0.43072784 0.31472299]
1028.451993,200,1748.875181,0.10888821024240344,False,False,[ 0.23702451 -0.08672433  0.66544347]
1952.993751,200,1749.190179,0.023616814920637164,False,False,[0.57827617 0.38588812 0.21451788]
1169.360538,200,1749.610438,0.07539914288071949,False,False,[0.1177351  0.08181841 0.7142145 ]
1292.388259,200,1749.928387,0.049548883455345784,False,False,[ 0.4238863  -0.04548797  0.24496497]
1575.52448,200,1750.247206,0.022985903987102842,False,False,[0.17497096 0.38987532 0.54400203]
948.674802,200,1750.563831,0.08980437893021435,False,False,[0.14613636 0.67880076 0.13848814]
1405.384789,200,1750.868134,0.029538767950171723,False,False,[0.21546431 0.14963157 0.29280775]
460.930176,101,1751.588858,0.08784429863020418,True,False,[0.44416726 0.62315664 0.17939011]
1605.67621,200,1751.892215,0.022299973045505826,False,False,[0.53363686 0.2016901  0.18500972]
1321.771973,200,1752.200894,0.04109614264757716,False,False,[0.6420706  0.40167817 0.19438763]
1129.686244,200,1752.605923,0.03961934142067034,False,False,[0.27269797 0.67820679 0.36116509]
1434.882242,200,1752.915271,0.017336848933045258,False,False,[0.44490428 0.27725646 0.29345581]
1332.540149,200,1753.225185,0.05968362760328749,False,False,[ 0.65332551 -0.07507126  0.36952679]
1530.987291,200,1753.634922,0.007194388462510166,False,False,[ 0.39388945 -0.07884186  0.51800486]
1201.252743,200,1753.939067,0.052587586374666304,False,False,[0.12186467 0.60539098 0.44561986]
1436.073395,200,1754.243438,0.0541016830535233,False,False,[0.524858   0.11300081 0.48164676]
1344.039279,200,1754.55276,0.026202511238515306,False,False,[0.29596279 0.40269005 0.31070011]
1445.19694,200,1755.346887,0.03904018998249285,False,False,[0.52239602 0.18688638 0.53554106]
1444.049517,200,1755.662963,0.029954519551803595,False,False,[0.26402492 0.28022202 0.60636244]
1328.277465,200,1755.98455,0.021631732997723006,False,False,[0.67328408 0.02738513 0.13960674]
1431.886289,200,1756.300227,0.013795777798713323,False,False,[0.38468951 0.05164555 0.30304418]
1429.701764,200,1756.603022,0.03453693802560127,False,False,[0.36914198 0.28019441 0.49906595]
1403.019417,200,1756.906739,0.02019483233274489,False,False,[0.24429781 0.13756505 0.2104429 ]
1118.436783,200,1757.213072,0.07966471671789202,False,False,[0.14578792 0.62312632 0.424868  ]
101.067496,38,1757.363446,0.06571437325885443,True,False,[0.62883867 0.34924781 0.13642614]
1312.552206,200,1757.769068,0.009268581301809924,False,False,[0.34463114 0.46095363 0.47111457]
1410.473289,200,1758.082111,0.09156164675922121,False,False,[0.42826333 0.3662915  0.20348117]
1374.871145,200,1758.387434,0.04277905309878452,False,False,[0.43565588 0.16059129 0.5238063 ]
1579.045632,200,1759.20264,0.015572071051311481,False,False,[0.14290641 0.32448238 0.29703019]
1058.025417,200,1759.52251,0.07868848940213226,False,False,[0.11760771 0.64873212 0.19538135]
1355.527362,200,1759.84194,0.02357394313325439,False,False,[0.28367545 0.44810116 0.20955635]
1629.944673,200,1760.160869,0.04812097575580937,False,False,[0.57448176 0.11338229 0.4116691 ]
1394.710268,200,1760.469283,0.03870287986641505,False,False,[0.33909111 0.25436453 0.60784646]
389.088202,90,1760.663146,0.024972950619608497,True,False,[ 0.50736214 -0.0571408   0.10350642]
1209.345933,200,1761.072535,0.06004950335907884,False,False,[0.2242168  0.07242996 0.74329359]
1126.346289,200,1761.383784,0.07037584745526847,False,False,[0.12500587 0.06712906 0.63631708]
1377.09682,200,1761.697589,0.06077942293062809,False,False,[0.13579672 0.07765702 0.22661897]
1485.626414,200,1762.023322,0.04904671864027001,False,False,[0.70719174 0.36011137 0.19645517]
-16.770696,102,1762.236926,1.6390500434259585,True,False,[0.68177133 0.06282951 0.38615136]
1360.377706,200,1762.541691,0.041983692471244366,False,False,[0.28890589 0.42137918 0.54827895]
1349.200698,200,1763.35314,0.020616281129623278,False,False,[0.53667186 0.44820582 0.17257865]
1420.155811,200,1763.660855,0.06938552800561433,False,False,[0.40371559 0.17830508 0.44092393]
1319.035352,200,1763.976628,0.0710292974364827,False,False,[0.67969292 0.11982727 0.193972  ]
1399.450124,200,1764.285606,0.03760555865114332,False,False,[0.33428865 0.05267449 0.3656072 ]
1186.536,200,1764.604033,0.048270557788152924,False,False,[0.10149733 0.45300225 0.16849526]
1427.946523,200,1764.908736,0.02322790463379406,False,False,[0.36668131 0.31158854 0.37686932]
1614.867325,200,1765.210521,0.02386887222074401,False,False,[0.42035225 0.0895178  0.54245319]
1321.376877,200,1765.537088,0.022621382703149284,False,False,[0.11603645 0.27584579 0.25215227]
1147.078356,200,1765.842934,0.02391140288662563,False,False,[0.39972171 0.64359702 0.20854717]
1276.287124,200,1766.160189,0.04648636429095998,False,False,[0.44277886 0.5879453  0.28182743]
1420.877066,200,1766.972776,0.0228817275036447,False,False,[0.31841768 0.37058716 0.53393571]
1426.961007,200,1767.285054,0.027668317712399353,False,False,[0.3524108  0.04041202 0.37625622]
1317.218936,200,1767.598279,0.02452648167516835,False,False,[0.4283755  0.27652771 0.13975987]
1330.045752,200,1767.915944,0.08407077433887937,False,False,[ 0.3416322  -0.09901798  0.34727464]
1263.006613,200,1768.225196,0.03868457465676136,False,False,[0.39299327 0.0048804  0.74792212]
1173.207297,200,1768.537117,0.05829878127952962,False,False,[0.36806026 0.09120996 0.11083262]
1297.046309,200,1768.855818,0.014969697113736472,False,False,[0.20976008 0.43850294 0.5607345 ]
1202.718257,200,1769.171016,0.04998653858679727,False,False,[0.10768055 0.43771734 0.29106602]
1436.795527,200,1769.481826,0.01718435557306509,False,False,[0.56416412 0.25239262 0.45837042]
1359.436135,200,1769.80452,0.021219617562435414,False,False,[0.39836499 0.5174506  0.53710095]
1449.222269,200,1770.598418,0.024636017316883092,False,False,[0.57574982 0.26431607 0.35874025]
1345.484156,200,1770.907699,0.07345602837891277,False,False,[0.35527056 0.32060888 0.16505249]
1316.445243,200,1771.215378,0.03195703157968951,False,False,[0.64459225 0.42191978 0.2956558 ]
809.407808,200,1771.529846,0.11834362091631721,False,False,[ 0.16464984 -0.06178406  0.76725244]
1357.716599,200,1771.848476,0.04142746925516989,False,False,[ 0.47912582 -0.05156739  0.58664306]
1401.835447,200,1772.165865,0.04863354665138654,False,False,[0.37750531 0.30295059 0.69111286]
1370.968809,200,1772.4682,0.035590099412136526,False,False,[0.30794861 0.11521125 0.59784557]
1398.360507,200,1772.775261,0.06464549631414782,False,False,[0.493869   0.20674489 0.19553869]
1272.44414,200,1773.092731,0.04388977138691228,False,False,[0.29965399 0.60271305 0.40668606]
1586.344674,200,1773.398365,0.017723254853775183,False,False,[0.12256726 0.41359644 0.50082376]
1272.54419,200,1774.167536,0.061954492679033385,False,False,[0.75610535 0.0759807  0.24333359]
1297.701844,200,1774.466187,0.04188881408700633,False,False,[0.31517882 0.4844724  0.18782986]
1351.118308,200,1774.773612,0.0659727131547554,False,False,[0.41015499 0.40247342 0.19124429]
1380.448014,200,1775.088394,0.04690914995943083,False,False,[ 0.42906549 -0.06344466  0.35732533]
20.995822,33,1775.232654,0.05630885660326022,True,False,[0.25456434 0.54333959 0.11779443]
1047.770784,200,1775.539491,0.049605659731555826,False,False,[0.10580757 0.62083763 0.15224481]
1621.394913,200,1775.856079,0.028526589253008976,False,False,[0.52681899 0.46460255 0.38801762]
1110.629621,200,1776.180367,0.04291785026915135,False,False,[0.11424197 0.53903232 0.176645  ]
1360.883016,200,1776.495766,0.05690660642106683,False,False,[0.66556229 0.29988554 0.39585168]
1325.253601,200,1776.80895,0.05102095747590739,False,False,[0.72975778 0.00686685 0.23239392]
1342.804751,200,1777.12598,0.054342047182776874,False,False,[ 0.2734018  -0.02592494  0.40708004]
1421.958419,200,1777.93514,0.024136785878918123,False,False,[0.53491292 0.16503725 0.46461331]
1412.809382,200,1778.259709,0.06117902999435735,False,False,[0.57131447 0.16197318 0.45592064]
1761.796067,200,1778.575651,0.01341182860987795,False,False,[0.30657095 0.21711861 0.2199102 ]
1235.045157,200,1778.889395,0.06308714450689566,False,False,[0.52134852 0.15482733 0.18193715]
1618.458681,200,1779.204338,0.09078480580012933,False,False,[0.42497376 0.41679876 0.20971209]
1389.555369,200,1779.504298,0.05675935000654698,False,False,[0.59573259 0.34135103 0.46871416]
1040.034183,200,1779.813428,0.0673522130446277,False,False,[0.12334001 0.06821285 0.82899855]
1615.262481,200,1780.120656,0.044860246986098834,False,False,[ 5.58932223e-01 -2.95783482e-04  4.60060772e-01]
1162.335391,200,1780.53818,0.05514426872036414,False,False,[ 0.35617594 -0.02547465  0.1601773 ]
1429.703585,200,1780.850065,0.025463975801846322,False,False,[0.30158982 0.31242884 0.44671277]
1005.030729,200,1781.157484,0.0697918667277824,False,False,[0.17303857 0.68695551 0.35195029]
1386.23293,200,1781.966741,0.014484660117533113,False,False,[0.27720704 0.23742363 0.62065038]
1313.877247,200,1782.27053,0.06447684104562368,False,False,[0.33086625 0.19390935 0.70018732]
1340.829124,200,1782.58513,0.0434494601853426,False,False,[0.39964895 0.25964674 0.16339465]
581.121001,120,1782.813917,0.10632515355149035,True,False,[ 0.76581148 -0.05584693  0.17036805]
378.475931,200,1783.115088,0.15376007139386438,False,False,[ 0.33117093 -0.03355949  0.68192822]
1333.974452,200,1783.43458,0.05030058089207017,False,False,[0.4121324  0.42699518 0.18250863]
1320.088721,200,1783.749762,0.05531543345974768,False,False,[0.51001695 0.44461297 0.25104718]
1477.396777,200,1784.150048,0.050169855590546014,False,False,[0.4454048  0.62070361 0.3072463 ]
1339.10422,200,1784.473418,0.03325811020735571,False,False,[0.22084121 0.43220037 0.690803  ]
1448.511905,200,1784.774626,0.03709867877565409,False,False,[0.46360187 0.22873163 0.2519432 ]
1371.263879,200,1785.581825,0.011162792968039764,False,False,[0.32518378 0.35969973 0.59356516]
1399.926264,200,1785.904159,0.05088151295388805,False,False,[0.65903519 0.44071789 0.20356171]
1447.905754,200,1786.318503,0.07307173764314714,False,False,[0.18355906 0.06419129 0.26196734]
1399.135521,200,1786.625585,0.027559442755461124,False,False,[0.3883821  0.28526012 0.30419863]
1262.012538,200,1786.923602,0.06586889022397104,False,False,[0.36773375 0.60830589 0.25572763]
1220.905445,200,1787.239376,0.022879686841217908,False,False,[0.28852598 0.65040371 0.40367954]
361.147269,84,1787.432473,0.060580573891072784,True,False,[0.30745904 0.42830852 0.11187727]
1621.655416,200,1787.749258,0.011956362909635131,False,False,[0.28147763 0.13986431 0.27382823]
1199.548111,200,1788.064853,0.0077971300245850425,False,False,[0.34813403 0.66806883 0.366578  ]
1258.166884,200,1788.376535,0.0349254939459527,False,False,[0.11391764 0.52959269 0.34441692]
1461.147816,200,1788.683027,0.027858151887874757,False,False,[0.28862108 0.35739411 0.28552862]
1542.160591,200,1789.486007,0.0593777521814633,False,False,[0.3367034  0.50682194 0.53419373]
1476.973429,200,1789.798577,0.04884977267714962,False,False,[0.32373467 0.02665803 0.72279277]
1401.991147,200,1790.117087,0.03293490837318768,False,False,[0.27414633 0.27661645 0.65042266]
90.123582,44,1790.263417,0.08354247008452911,True,False,[ 0.72600133 -0.0871667   0.16023162]
898.117463,65,1790.543447,0.038195412460914464,False,True,[ 0.25491472 -0.05870419  0.44935143]
1257.737404,200,1790.850462,0.04670439893205606,False,False,[0.24761796 0.60361309 0.33415357]
1431.943689,200,1791.167785,0.030600065796854217,False,False,[0.54470661 0.16338485 0.38959962]
1215.076926,200,1791.477821,0.047707018648365684,False,False,[0.15578864 0.66411177 0.35389559]
1403.174913,200,1791.788805,0.018266737717748456,False,False,[0.32815413 0.12320148 0.39260521]
1430.061951,200,1792.112432,0.029624337834686727,False,False,[0.53944949 0.16489376 0.53019919]
1039.419149,200,1792.417451,0.07757736835179248,False,False,[ 0.2578282  -0.09684895  0.61569526]
1541.891495,200,1792.737097,0.029368823695581334,False,False,[0.76558533 0.06021745 0.36161295]
1337.403578,200,1793.531479,0.06772102330916763,False,False,[0.4454004  0.47026867 0.27749112]
1493.462474,200,1793.833856,0.037572580206139274,False,False,[0.66278836 0.40311048 0.17800735]
855.813229,200,1794.247995,0.11753686857474335,False,False,[ 0.11079765 -0.05537202  0.45213605]
-32.787664,23,1794.38325,0.13187181539479698,True,False,[0.78477099 0.14807657 0.11365031]
1414.915246,200,1794.690823,0.017276083525488845,False,False,[0.29735193 0.42132125 0.65567227]
1266.239104,200,1795.008472,0.04701201098057937,False,False,[0.34379428 0.43442964 0.27111065]
1306.649886,200,1795.32751,0.032582048038382626,False,False,[0.24442569 0.17531167 0.29415562]
1417.609663,200,1795.634048,0.048482156677466436,False,False,[0.26800352 0.33110816 0.55746401]
1256.768973,200,1795.946177,0.05604646214686482,False,False,[0.14859493 0.26179944 0.50520382]
1421.779763,200,1796.254519,0.029598042968277786,False,False,[0.57746293 0.00553362 0.2749532 ]
1301.661412,200,1796.567342,0.03452980359094247,False,False,[0.26284411 0.12981728 0.15438719]
1335.284966,200,1797.361747,0.036896408522463835,False,False,[0.16477584 0.15335866 0.26345447]
1442.49418,200,1797.696131,0.05250356930979953,False,False,[ 0.51345735 -0.0555283   0.49652643]
875.135537,200,1798.00157,0.10760868566137703,False,False,[ 0.2005052  -0.03131985  0.78854286]
1248.707418,200,1798.312083,0.05712303844337997,False,False,[0.28891763 0.22954108 0.13537273]
1364.965874,200,1798.615469,0.030850527967966928,False,False,[0.40699093 0.38742408 0.16253312]
1335.746857,200,1798.924827,0.0576408630046413,False,False,[0.15813304 0.27469658 0.22411469]
1449.279573,200,1799.236359,0.06827200258535322,False,False,[0.29640132 0.24070235 0.32817945]
1510.619119,200,1799.558029,0.0377372567960693,False,False,[0.41111103 0.45118794 0.43646698]
1491.36812,200,1799.87715,0.050157529350946174,False,False,[0.62827184 0.08441457 0.1533826 ]
1338.119468,200,1800.189475,0.011682552000859011,False,False,[0.31789247 0.46661145 0.44014021]
1006.629808,200,1800.981562,0.11610460693524678,False,False,[ 0.24401397 -0.07979552  0.61845871]
1392.357214,200,1801.287472,0.07101249983753642,False,False,[0.22962212 0.14872657 0.30049992]
1402.996884,200,1801.586001,0.030206890485022838,False,False,[0.2954496  0.30796675 0.51002534]
1173.525082,200,1801.896814,0.013265061141380482,False,False,[0.13350266 0.6663233  0.38475923]
1352.83695,200,1802.224283,0.03601886199348098,False,False,[0.174613   0.30824145 0.59124748]
1362.043405,200,1802.52564,0.0957056775709963,False,False,[0.40953607 0.40788114 0.35472312]
1712.357697,200,1802.827858,0.06513191827357315,False,False,[0.51112976 0.0245033  0.45782218]
1404.200213,200,1803.124325,0.04217284561957398,False,False,[0.31522544 0.12517928 0.36295831]
1407.481254,200,1803.444585,0.02436345787722767,False,False,[0.53012543 0.10415168 0.26518774]
1229.02096,200,1803.730747,0.02865481087358338,False,False,[ 0.3119459 -0.0138751  0.7218677]
1324.065879,200,1804.531185,0.04330937486468907,False,False,[0.71062905 0.32217026 0.1953095 ]
626.499714,30,1804.666964,0.045214279861015005,False,True,[0.12922741 0.34308419 0.26740229]
1324.878536,200,1804.967592,0.03171977427804722,False,False,[0.36681628 0.55140212 0.20214599]
1090.618339,200,1805.282932,0.05619896249656664,False,False,[ 0.36690085 -0.02478657  0.10320549]
1205.026188,107,1805.497069,0.01081643862104637,False,True,[0.461796   0.25254543 0.63853227]
1363.752015,200,1805.79034,0.04719992553783095,False,False,[0.28026889 0.03874867 0.39273982]
1329.37987,200,1806.111544,0.04434002983644129,False,False,[0.26528839 0.5830565  0.38250149]
1483.377583,173,1806.395917,0.04923968783776769,False,True,[0.1530982  0.58470477 0.33312488]
1221.069379,200,1806.71138,0.035220827224230984,False,False,[0.145568   0.08830301 0.52999473]
1372.91539,200,1807.033154,0.025182594261541597,False,False,[0.33233455 0.05413826 0.52185443]
-11.598557,29,1807.170434,0.1256526166526622,True,False,[ 0.75944713 -0.03943479  0.10039056]
1373.345787,200,1807.572486,0.06715294972316907,False,False,[0.15214483 0.30786319 0.53572974]
1439.016307,200,1807.889016,0.05525951397502755,False,False,[0.34661275 0.35443649 0.36300798]
1318.832054,200,1808.689417,0.04239776275148577,False,False,[0.28956372 0.08466137 0.19101594]
1332.339134,200,1809.011316,0.0337978529373605,False,False,[ 0.52112771 -0.02974888  0.65994677]
1816.130809,200,1809.32438,0.010890750593064736,False,False,[0.26074295 0.30431024 0.70034475]
1433.927585,200,1809.641931,0.03489699957709131,False,False,[0.61491019 0.14574213 0.26961566]
1349.612509,200,1809.960368,0.017986266807008103,False,False,[0.20288673 0.37884088 0.33676684]
1621.828431,200,1810.270953,0.044252360379084026,False,False,[0.66660773 0.06010011 0.50532505]
1441.414172,200,1810.684375,0.06617306111403767,False,False,[0.41978623 0.22851501 0.48967172]
1291.621912,200,1810.996635,0.04659528840772318,False,False,[0.39053119 0.59713538 0.20776063]
1231.456287,200,1811.305353,0.05618356750142339,False,False,[0.13406137 0.40791965 0.64790427]
1385.234132,200,1811.622554,0.030129695169036016,False,False,[0.28426142 0.15998174 0.56817167]
1256.527976,200,1812.448449,0.02906994144799705,False,False,[0.15096579 0.47502422 0.45470045]
1377.73509,200,1812.761639,0.045488576553735685,False,False,[0.36649628 0.55423489 0.3958243 ]
1296.573613,200,1813.082858,0.03780239970086277,False,False,[0.24703048 0.18088353 0.78473377]
1253.661989,200,1813.386907,0.03355210149797224,False,False,[0.47646677 0.15872136 0.12885171]
1123.311416,200,1813.691263,0.10663305624996312,False,False,[0.76607771 0.02774681 0.34782573]
1574.778561,200,1814.001066,0.028252261162818183,False,False,[0.42697704 0.45685651 0.30245544]
161.16522,47,1814.155813,0.03250681350057363,True,False,[ 0.68978117 -0.00240678  0.11028316]
1407.011532,200,1814.562041,0.03218881075832413,False,False,[0.42680307 0.13470234 0.21057087]
1356.729089,200,1814.869458,0.056297092241457986,False,False,[0.26931651 0.37075504 0.40310227]
1336.565012,200,1815.183535,0.030526615346611403,False,False,[ 0.61715704 -0.01872839  0.29957494]
1325.512087,200,1815.495709,0.036976698412266744,False,False,[ 0.60116272 -0.04324124  0.30151109]
1325.826132,200,1816.391397,0.025344970363119,False,False,[0.24414053 0.46591539 0.34052405]
1330.57448,200,1816.699505,0.05481476137868501,False,False,[0.20845939 0.0799895  0.43512438]
1097.499479,200,1817.046419,0.06277594396500634,False,False,[0.23686601 0.05517354 0.53022738]
1360.819007,200,1817.355855,0.15549890271407288,False,False,[0.10461188 0.16828111 0.59515996]
1321.850143,200,1817.671001,0.03602798648517754,False,False,[0.43587878 0.15831251 0.6958544 ]
1610.022341,200,1817.975328,0.022425373029353348,False,False,[0.60864185 0.04348937 0.18978435]
1366.280338,200,1818.295053,0.046202056240638646,False,False,[0.4101944  0.46691977 0.44346629]
1368.912724,200,1818.604461,0.036536623123654924,False,False,[ 0.5286061  -0.09776874  0.25328703]
58.335677,36,1818.849779,0.0572050250672707,True,False,[ 0.74727726 -0.00753032  0.14332946]
1155.439964,200,1819.249481,0.0510082177271813,False,False,[0.14086205 0.25978442 0.75230982]
1369.13214,200,1819.548338,0.05303921753469529,False,False,[ 0.26791223 -0.01280099  0.2291311 ]
1175.020194,200,1820.335129,0.039359813892869834,False,False,[0.25320457 0.43025359 0.10873928]
964.317951,200,1820.645797,0.08597878701406203,False,False,[0.10511309 0.00258131 0.37135473]
945.350333,200,1820.954742,0.12122212109130492,False,False,[ 0.17215586 -0.07613008  0.37330199]
1424.325401,200,1821.273366,0.03852256577473823,False,False,[0.38617264 0.19881461 0.61555753]
1579.739257,200,1821.576681,0.00801883700824789,False,False,[ 0.35604702 -0.01045444  0.62767917]
1426.442177,200,1821.87214,0.018215336845254494,False,False,[0.27770127 0.26846734 0.64814062]
1296.462535,200,1822.185817,0.02364312422519265,False,False,[0.10991042 0.32829577 0.65424116]
1569.203886,200,1822.499584,0.038467001745066016,False,False,[0.43634808 0.22614334 0.39267711]
1213.214348,200,1822.825781,0.09884846529543652,False,False,[0.1931607  0.14226669 0.42565388]
16.829544,24,1822.959227,0.02788228962702505,True,False,[0.5449341  0.23044851 0.11531611]
1382.013053,200,1823.374192,0.010363485995590255,False,False,[0.3725191  0.39133638 0.39690313]
1370.636859,200,1824.17334,0.045511071843457526,False,False,[0.5989416  0.3603402  0.46498661]
1040.052759,200,1824.489514,0.06848887471596155,False,False,[0.16168427 0.27112265 0.11263418]
1324.472792,200,1824.795904,0.0228406389698832,False,False,[0.10835586 0.3340017  0.41700566]
1248.899531,200,1825.11674,0.03894099758033385,False,False,[0.16482609 0.51175124 0.35131792]
1418.02803,200,1825.420635,0.018658440550251322,False,False,[0.29431796 0.10410773 0.59018349]
1397.198057,200,1825.731242,0.027345880991571998,False,False,[0.49337246 0.24301713 0.26465825]
1370.749055,200,1826.05411,0.05394765628115219,False,False,[0.32582557 0.43294943 0.59341399]
1415.993339,200,1826.362772,0.030036303206260023,False,False,[0.5261878  0.30442254 0.58228411]
1465.829897,200,1826.676648,0.07024702898319689,False,False,[0.25506565 0.39331398 0.15021588]
1623.838657,200,1826.984939,0.022173380063739073,False,False,[0.35005465 0.30216392 0.26668664]
1161.380764,200,1827.290866,0.03938999968383464,False,False,[0.79946851 0.16416683 0.21731739]
1260.909022,200,1828.067348,0.051729054831662964,False,False,[ 0.70282289 -0.05337363  0.43017689]
-45.966048,46,1828.220816,1.091221410948985,True,False,[0.73445057 0.31909387 0.14025464]
1980.135346,200,1828.54326,0.047379144692706,False,False,[0.41086103 0.45918134 0.32383711]
101.630137,49,1828.704248,0.08803183541399759,True,False,[0.45181299 0.66210323 0.12880077]
-23.289807,19,1828.833274,0.10394637356148007,True,False,[0.40416121 0.21730326 0.10191538]
644.483115,36,1828.979209,0.04418088976295601,False,True,[0.14742303 0.49609004 0.49809516]
1210.883831,200,1829.283778,0.033798103314942284,False,False,[0.13095977 0.18821281 0.18223995]
1192.652191,200,1829.587507,0.03226857705448384,False,False,[ 0.68599146 -0.06228423  0.20035819]
1878.290926,187,1829.975645,0.017224163754510108,False,True,[0.3635395  0.21839027 0.37582585]
1139.54748,200,1830.286038,0.04369116781911769,False,False,[ 0.32060978 -0.05676173  0.70072016]
1079.537184,200,1830.600831,0.06419125683396534,False,False,[0.16991362 0.07353458 0.8142362 ]
1724.257779,175,1830.890144,0.025855830736662953,False,True,[0.38150946 0.0137831  0.36775944]
1387.45482,200,1831.198954,0.05671136754633495,False,False,[0.5610906  0.08979427 0.53627342]
1296.563063,200,1831.984972,0.02605153685460245,False,False,[0.33933626 0.53753789 0.31010309]
1275.304817,200,1832.281601,0.049745919664388794,False,False,[0.42537423 0.56565331 0.1556116 ]
1488.095693,200,1832.597096,0.01411324154333066,False,False,[0.32227098 0.37391976 0.27011688]
1049.630042,200,1832.914345,0.07753916555365295,False,False,[0.13540173 0.43685098 0.15971504]
804.902441,54,1833.080634,0.03923471765458233,False,True,[0.2176321  0.44424898 0.48955433]
1402.45209,122,1833.308635,0.03458947968080625,False,True,[0.50096965 0.1114793  0.56490357]
1385.77992,200,1833.626707,0.03551036118887511,False,False,[0.57108456 0.00537425 0.32854448]
1343.339646,200,1833.952322,0.04875485730528136,False,False,[ 0.53127653 -0.03003848  0.64514032]
1253.103425,107,1834.168042,0.015187910333652323,False,True,[0.60947335 0.12423906 0.25317103]
1434.450821,200,1834.480099,0.01838036864499004,False,False,[0.47378829 0.15461995 0.23886383]
1393.855265,200,1834.791198,0.046105753543511534,False,False,[0.63321439 0.34568325 0.34753263]
1461.171483,200,1835.100016,0.02518619780722079,False,False,[0.23699701 0.30767256 0.37700916]
1281.799413,119,1835.329065,0.015409166490676668,False,True,[ 0.2824763  -0.01825347  0.45605142]
1214.943643,200,1836.140144,0.028985602677273434,False,False,[ 0.51510809 -0.00534303  0.1757391 ]
1460.084413,200,1836.554359,0.04980239171548092,False,False,[0.44751593 0.14850134 0.4796307 ]
1401.681062,200,1836.862823,0.03871631158994702,False,False,[0.25225181 0.13417863 0.72137338]
1158.132823,200,1837.170087,0.049926362402005854,False,False,[0.32462629 0.12415734 0.11085372]
1314.33082,200,1837.474635,0.015998910006024363,False,False,[0.30017049 0.44628947 0.21961955]
1475.171965,200,1837.77849,0.050597623094694885,False,False,[0.22335386 0.03341941 0.22795567]
1160.573946,200,1838.087307,0.06957322918377691,False,False,[0.13275078 0.05329405 0.64924205]
1482.978752,200,1838.399749,0.020391656814210114,False,False,[0.13895915 0.5456768  0.5309914 ]
1470.279957,200,1838.717304,0.04311277787803534,False,False,[0.37893182 0.09496245 0.25058816]
1248.879825,200,1839.02891,0.061541214961159184,False,False,[0.30695949 0.59788407 0.14669376]
1656.537173,200,1839.812081,0.01722668315271932,False,False,[0.38885561 0.12261243 0.57859506]
1291.053294,200,1840.136939,0.03817562054795487,False,False,[0.48659793 0.09714121 0.11589204]
1040.062788,200,1840.444156,0.048130848796539186,False,False,[ 0.29081231 -0.04878941  0.16512043]
506.671181,123,1840.683586,0.16899408204267732,True,False,[ 0.21230736 -0.01525343  0.24526903]
1517.905677,200,1840.997463,0.013882926757462886,False,False,[0.41993245 0.39262609 0.13216918]
1479.894298,200,1841.397846,0.05273596830077746,False,False,[0.58005588 0.42459785 0.2845616 ]
1334.578723,200,1841.707775,0.030821962577858308,False,False,[0.67931744 0.07700138 0.48408068]
1640.630632,200,1842.026307,0.027144999232477235,False,False,[0.44873107 0.24497993 0.18842893]
904.974514,200,1842.338723,0.10438805214062331,False,False,[ 0.13414887 -0.09457925  0.27114161]
1458.178931,200,1842.647564,0.0434846005446432,False,False,[0.40031573 0.17057108 0.61909416]
1424.078416,200,1843.446829,0.027308297248860795,False,False,[0.23746723 0.08112804 0.59806371]
35.730872,37,1843.593014,0.07463263766236264,True,False,[0.74012247 0.38012525 0.10591009]
1568.713446,200,1843.990468,0.029911043109715662,False,False,[0.64764932 0.37925217 0.3881089 ]
1331.620222,200,1844.395778,0.026807604280096726,False,False,[0.1637241  0.13578463 0.70102964]
262.378762,68,1844.575911,0.07593126275624,True,False,[0.36254804 0.58412381 0.14825222]
1257.159732,200,1844.893144,0.03503884103395097,False,False,[0.80470365 0.16056184 0.19798234]
1473.990254,200,1845.183874,0.007277727995903838,False,False,[0.433288   0.11416883 0.25026096]
1376.152313,200,1845.487648,0.03382284166618538,False,False,[ 0.6942014  -0.02048002  0.38673235]
15.299935,34,1845.631478,0.24910204911245024,True,False,[ 0.40120846 -0.0075581   0.17426687]
1599.257739,200,1845.946187,0.04558141760921282,False,False,[0.21977147 0.21206518 0.5283569 ]
1303.243544,200,1846.258864,0.035381008471857565,False,False,[0.35252795 0.16923564 0.5770293 ]
1237.724307,200,1846.577765,0.04516698392972202,False,False,[0.16214019 0.09997048 0.71608144]
1182.354933,200,1846.892168,0.04920861594081405,False,False,[0.26465113 0.31190541 0.1112143 ]
1619.031803,200,1847.671579,0.056553029722677735,False,False,[ 0.38997744 -0.06362721  0.35833572]
1217.38647,200,1848.085127,0.03603406281598202,False,False,[0.39486127 0.68760792 0.19529315]
1576.551567,200,1848.39994,0.04080396848895341,False,False,[0.36854516 0.54444139 0.32539283]
1420.991845,200,1848.71293,0.013871488416837255,False,False,[0.32517149 0.28904783 0.69505059]
304.355316,69,1848.893733,0.04111904942687548,True,False,[0.58860501 0.1907884  0.10764374]
1397.58141,200,1849.206094,0.020544291179694894,False,False,[0.65711855 0.12514357 0.19276197]
1336.408692,200,1849.505845,0.04493976286188614,False,False,[0.38096078 0.56787786 0.32003003]
1546.67686,200,1849.8055,0.031448146751165786,False,False,[0.55660717 0.45651182 0.29342321]
1833.092038,200,1850.123666,0.038708698091842866,False,False,[0.36916565 0.35104203 0.42353334]
110.072977,47,1850.277577,0.08718117058559545,True,False,[0.62102404 0.46598414 0.13255899]
326.078586,71,1850.558204,0.07237474548528332,True,False,[0.40980408 0.3081144  0.1026786 ]
1286.673741,200,1850.882456,0.040050770626377484,False,False,[0.68670937 0.31868843 0.23979072]
1393.851639,200,1851.772648,0.038748110318772074,False,False,[0.57371905 0.24495522 0.25836717]
989.807938,200,1852.097464,0.0479912500411897,False,False,[0.11214478 0.52239528 0.47373821]
1468.809886,200,1852.419289,0.02527228701701198,False,False,[0.54931434 0.06838928 0.54342494]
1364.282355,200,1852.729521,0.029295626655467973,False,False,[0.22986102 0.35683392 0.68548094]
1659.478926,200,1853.042389,0.02076909173429288,False,False,[0.42330277 0.20928952 0.32116844]
1307.143004,200,1853.350275,0.04067400684316123,False,False,[0.16216544 0.10501044 0.69285594]
1214.129421,200,1853.662701,0.015464911211507268,False,False,[0.18745241 0.26283559 0.76566837]
1457.368843,200,1853.956585,0.016737289682594803,False,False,[0.45548432 0.22964087 0.31338903]
1276.176129,200,1854.275728,0.027561178400288766,False,False,[0.15565727 0.41199154 0.41160378]
1227.455181,200,1854.588029,0.013905921697465764,False,False,[0.24603411 0.6415922  0.31293133]
1384.473306,200,1854.914014,0.062431123192274014,False,False,[ 0.3962902  -0.0818177   0.42458549]
1372.0497,200,1855.690511,0.03401494254001655,False,False,[ 0.60618606 -0.09834149  0.40378253]
1433.217507,200,1856.10614,0.04145865191107462,False,False,[0.39864951 0.26752782 0.21593929]
1242.539703,200,1856.42749,0.02876850591894223,False,False,[0.34758827 0.63234672 0.26556116]
594.628454,107,1856.644589,0.16711776673530182,True,False,[0.445185   0.11933247 0.15617939]
1347.320003,200,1856.961194,0.03874481608384198,False,False,[ 0.52218764 -0.02639168  0.37968865]
1310.309997,200,1857.273927,0.06053518088839038,False,False,[0.17909045 0.31731787 0.73389165]
1352.599027,200,1857.582144,0.022360856642279735,False,False,[0.1943332  0.33896295 0.6383804 ]
1304.1497,200,1857.886702,0.028477444676135614,False,False,[ 0.36125135 -0.01455993  0.69753765]
1371.847699,200,1858.190171,0.025705722642523143,False,False,[0.52044357 0.27569156 0.24184581]
1323.135933,200,1858.498277,0.03093521241763062,False,False,[0.40724785 0.24816816 0.16471943]
1298.695711,200,1859.286175,0.040783714780194366,False,False,[0.31945514 0.59674596 0.48332116]
1235.888752,200,1859.604084,0.03991627680091016,False,False,[0.37648128 0.19159048 0.1342065 ]
1174.554104,200,1859.905501,0.06310954760900342,False,False,[0.16320556 0.11547641 0.23495548]
1415.601577,200,1860.207634,0.034002573871637305,False,False,[0.38556806 0.22014701 0.50031892]
1437.340615,200,1860.525515,0.03417472796402894,False,False,[0.62987827 0.20109805 0.40700361]
1353.600081,200,1860.836189,0.03403496826605282,False,False,[0.43750759 0.52862316 0.42842758]
1125.642543,200,1861.153033,0.0904538127678194,False,False,[ 0.20708482 -0.00884338  0.48724907]
1669.016758,200,1861.467014,0.019571945096614154,False,False,[0.45662806 0.25378575 0.5617818 ]
1226.543123,200,1861.779516,0.05189956786156393,False,False,[0.58384262 0.5723207  0.13514622]
1339.964559,200,1862.18207,0.026643588947307496,False,False,[0.14108484 0.16766352 0.38371536]
1262.415275,200,1862.496835,0.059747262981142614,False,False,[0.16131565 0.14663829 0.30709595]
285.324006,82,1863.188021,0.14052488847371478,True,False,[0.17961357 0.0018355  0.20184481]
1392.006137,200,1863.498561,0.025694033731105653,False,False,[0.44937982 0.35223932 0.43951008]
1382.154627,200,1863.812468,0.029539920686957204,False,False,[0.22518818 0.08325188 0.45261905]
1225.700822,200,1864.130309,0.051843005376291884,False,False,[0.1212584  0.44479362 0.35288419]
1250.194363,200,1864.440028,0.04109941618123147,False,False,[0.12380538 0.46343056 0.36013875]
1370.121862,200,1864.750799,0.014511010521354166,False,False,[ 0.28110008 -0.00483142  0.54645986]
1250.887084,200,1865.069374,0.05852712752812187,False,False,[0.55934552 0.56917057 0.29003349]
966.137453,200,1865.375379,0.05791822075357805,False,False,[0.24021894 0.00497464 0.10715598]
1453.787787,200,1865.687544,0.024305088014054278,False,False,[0.44267484 0.19718013 0.38824224]
1328.381577,200,1865.995438,0.012375037368764275,False,False,[0.10972519 0.28830862 0.6691261 ]
