hyperparams/n_steps,hyperparams/seed,hyperparams/learning_rate,hyperparams/clip_range,hyperparams/ent_coef,hyperparams/gamma,hyperparams/batch_size,time/fps,time/total_timesteps,rollout/ep_len_mean,time/time_elapsed,time/iterations,rollout/ep_rew_mean,train/n_updates,train/loss,train/std,train/approx_kl,train/policy_gradient_loss,train/value_loss,train/clip_range,train/explained_variance,train/clip_fraction,train/learning_rate,train/entropy_loss
2048,2,5e-05,0.2,0.01,0.99,512,,,,,,,,,,,,,,,,,
,,,,,,,601,2048,200.0,3,1,1280.4566889,,,,,,,,,,,
,,,,,,,563,4096,192.38095238095238,7,2,1215.108550714286,10,101.61438751220703,263.7890930175781,0.007707172,-0.005493380993721075,209.7275602340698,0.2,0.9651372618973255,0.07333984375,5e-05,-23.213497972488405
,,,,,,,555,6144,194.83870967741936,11,3,1197.0971675483875,20,144.2155303955078,263.6774597167969,0.004229839,-0.005668349447660148,384.00640125274657,0.2,0.9550239853560925,0.031884765625,5e-05,-23.210351324081422
,,,,,,,555,8192,196.09756097560975,14,4,1223.8045557073171,30,218.9598846435547,263.6947326660156,0.0039970567,-0.0032393808418419213,771.8411727905274,0.2,0.9719195906072855,0.018994140625,5e-05,-23.209503269195558
,,,,,,,552,10240,195.92307692307693,18,5,1226.4524950961536,40,373.951171875,263.7589416503906,0.005571641,-0.002497069479431957,968.747525024414,0.2,0.9049243777990341,0.01650390625,5e-05,-23.20976972579956
,,,,,,,555,12288,195.74193548387098,22,6,1233.9526649354834,50,84.92696380615234,263.8412170410156,0.0065182326,-0.005207855210755952,280.40597038269044,0.2,0.9705046024173498,0.0666015625,5e-05,-23.210154008865356
,,,,,,,551,14336,196.3835616438356,26,7,1251.4059335479453,60,161.57435607910156,263.8127746582031,0.006244659,-0.003607889183331281,433.11312408447264,0.2,0.9281924515962601,0.036572265625,5e-05,-23.209733390808104
,,,,,,,549,16384,192.82142857142858,29,8,1234.3264238571428,70,417.79974365234375,263.7857360839844,0.007732138,-0.0046310601421282625,724.7035995483399,0.2,0.832211971282959,0.053662109375,5e-05,-23.20910325050354
,,,,,,,545,18432,191.83333333333334,33,9,1223.8985392083334,80,464.13421630859375,263.81951904296875,0.0036074214,-0.0005152713390998542,2197.154313659668,0.2,0.8207369297742844,0.014013671875,5e-05,-23.20942053794861
,,,,,,,542,20480,187.91,37,10,1208.72828109,90,1076.93017578125,263.8146057128906,0.0035160105,-0.0015917068172711878,1557.1697059631347,0.2,0.8710404932498932,0.012646484375,5e-05,-23.209598064422607
,,,,,,,544,22528,189.49,41,11,1214.4437217999998,100,237.52685546875,263.77911376953125,0.005159284,-0.0037914429558441043,643.4170280456543,0.2,0.9289410188794136,0.029638671875,5e-05,-23.20989327430725
,,,,,,,542,24576,185.69,45,12,1202.9290175,110,59.49320983886719,263.8583679199219,0.0057870788,-0.0020866631472017615,240.58335762023927,0.2,0.9404837973415852,0.022998046875,5e-05,-23.21041612625122
,,,,,,,542,26624,185.69,49,13,1211.0382598999997,120,328.7037353515625,263.9364318847656,0.003100704,-0.0013737085275352002,1108.8661071777344,0.2,0.8661571443080902,0.003955078125,5e-05,-23.21020312309265
,,,,,,,542,28672,186.21,52,14,1219.1949457,130,397.5570373535156,264.0303649902344,0.008137324,-0.005084140424150974,643.3591674804687,0.2,0.8017433732748032,0.073681640625,5e-05,-23.210679721832275
,,,,,,,543,30720,186.73,56,15,1221.05132073,140,284.6218566894531,264.1857604980469,0.006213699,-0.004089952021604404,509.50241355896,0.2,0.8920355960726738,0.043701171875,5e-05,-23.211961793899537
,,,,,,,543,32768,186.31,60,16,1212.7150378800002,150,189.14315795898438,264.35693359375,0.005027967,-0.0029743534192675724,454.3301612854004,0.2,0.9512275047600269,0.029345703125,5e-05,-23.212171268463134
,,,,,,,545,34816,189.7,63,17,1225.77352264,160,1207.3388671875,264.4257507324219,0.002044411,-0.0021211458253674207,1590.484915161133,0.2,0.811479851603508,0.005908203125,5e-05,-23.211481428146364
,,,,,,,544,36864,189.89,67,18,1231.1360673000001,170,19.973901748657227,264.60791015625,0.0076782955,-0.003878474107477814,72.58501462936401,0.2,0.9838426914066076,0.04501953125,5e-05,-23.211383438110353
,,,,,,,544,38912,193.06,71,19,1254.9353226300002,180,109.6023178100586,264.574462890625,0.0064384537,-0.004627052700379863,215.77695579528807,0.2,0.8633281737565994,0.058349609375,5e-05,-23.21245369911194
,,,,,,,543,40960,193.07,75,20,1267.58125239,190,183.84266662597656,264.4464416503906,0.006529705,-0.002660965290851891,365.000687789917,0.2,0.8824177756905556,0.0326171875,5e-05,-23.212916564941406
,,,,,,,542,43008,193.19,79,21,1261.12073047,200,964.7323608398438,264.4299621582031,0.0050427243,-0.002102302710409276,2069.9859161376953,0.2,0.83519047498703,0.01748046875,5e-05,-23.21344919204712
,,,,,,,542,45056,194.4,83,22,1259.7375659,210,157.723388671875,264.4765319824219,0.0048752585,-0.00244508471514564,275.21734580993655,0.2,0.9568740725517273,0.018359375,5e-05,-23.214188861846925
,,,,,,,541,47104,191.33,86,23,1249.50476679,220,268.373046875,264.7892150878906,0.0059218146,-0.0037200770879280754,523.5417091369629,0.2,0.8295089453458786,0.047509765625,5e-05,-23.216221141815186
,,,,,,,541,49152,190.93,90,24,1246.23673501,230,428.9181823730469,264.9222412109375,0.0065182876,-0.003338818106567487,1154.6398529052735,0.2,0.6942633390426636,0.020068359375,5e-05,-23.217385292053223
,,,,,,,540,51200,191.35,94,25,1253.7021186,240,322.5865173339844,264.93719482421875,0.003878661,-0.0015519262000452728,840.2719825744629,0.2,0.9487958699464798,0.005810546875,5e-05,-23.217582750320435
,,,,,,,539,53248,190.27,98,26,1248.46758091,250,152.34918212890625,264.9012756347656,0.0062175295,-0.003877953049959615,408.7036922454834,0.2,0.9558609277009964,0.01806640625,5e-05,-23.21764259338379
,,,,,,,540,55296,190.27,102,27,1249.2957178899999,260,780.0185546875,264.91204833984375,0.002333465,-0.0017549293232150375,1823.0691619873046,0.2,0.7136372327804565,0.003759765625,5e-05,-23.217394971847533
,,,,,,,541,57344,190.27,105,28,1252.2887922,270,64.90523529052734,265.145263671875,0.0077887997,-0.003969740692991763,255.508109664917,0.2,0.8596978932619095,0.05810546875,5e-05,-23.21845622062683
,,,,,,,541,59392,190.86,109,29,1255.2955727,280,79.14266967773438,265.2365417480469,0.008857515,-0.004161294817458838,291.9055070877075,0.2,0.9823679327964783,0.09404296875,5e-05,-23.220988750457764
,,,,,,,542,61440,192.98,113,30,1264.99990659,290,981.50146484375,265.2256774902344,0.006276484,-0.001676659082295373,2221.0699127197267,0.2,0.8212929517030716,0.015185546875,5e-05,-23.221078300476073
,,,,,,,541,63488,192.82,117,31,1277.45532637,300,142.07571411132812,265.2726135253906,0.007972492,-0.004287091002333909,447.99704360961914,0.2,0.9601888060569763,0.025341796875,5e-05,-23.2206889629364
,,,,,,,541,65536,190.92,120,32,1252.58262085,310,465.9375305175781,265.2519226074219,0.006836115,-0.0067218363867141305,812.6363105773926,0.2,0.9096663892269135,0.0796875,5e-05,-23.221523761749268
,,,,,,,542,67584,194.18,124,33,1274.90661927,320,627.6414794921875,265.240234375,0.0045320545,-0.0021687944885343314,2624.3248931884764,0.2,0.758313462138176,0.038671875,5e-05,-23.222038888931273
,,,,,,,542,69632,194.18,128,34,1266.38707522,330,27.76173973083496,265.246337890625,0.005642539,-0.00367402455303818,114.86295127868652,0.2,0.9721354227513075,0.024951171875,5e-05,-23.222736835479736
,,,,,,,541,71680,191.82,132,35,1244.2846674999998,340,167.75311279296875,265.1770935058594,0.0077990694,-0.001467481884174049,308.04793014526365,0.2,0.9748646076768637,0.041357421875,5e-05,-23.224271631240846
,,,,,,,541,73728,190.07,136,36,1233.90828558,350,239.58453369140625,265.0827941894531,0.005398697,-0.0031526879814919085,675.4566200256347,0.2,0.9376553073525429,0.027587890625,5e-05,-23.22378454208374
,,,,,,,541,75776,188.6,139,37,1210.33106693,360,82.01129913330078,265.1647644042969,0.008639955,-0.006565449968911707,219.31220378875733,0.2,0.9692955370992422,0.09326171875,5e-05,-23.2221736907959
,,,,,,,542,77824,189.55,143,38,1212.44838205,370,257.1644287109375,265.2064514160156,0.0069683306,0.0019313299853820354,794.2987640380859,0.2,0.9596219845116138,0.13046875,5e-05,-23.22008023262024
,,,,,,,541,79872,188.15,147,39,1206.1422945699999,380,99.91944885253906,265.4133605957031,0.0056770607,-0.004300737282028422,341.01258392333983,0.2,0.8985836878418922,0.040234375,5e-05,-23.220790004730226
,,,,,,,541,81920,187.0,151,40,1205.40762564,390,471.3522644042969,265.5549011230469,0.0077571943,-0.003963776561431587,936.2150466918945,0.2,0.9087899252772331,0.052978515625,5e-05,-23.22348232269287
,,,,,,,540,83968,187.36,155,41,1200.28864976,400,136.38536071777344,265.6415710449219,0.007535997,-0.008926823385991156,515.0447036743165,0.2,0.8849165216088295,0.076220703125,5e-05,-23.224601984024048
,,,,,,,541,86016,187.36,158,42,1211.7536122400002,410,380.456298828125,265.70074462890625,0.0012331965,-3.844912862405181e-05,1596.4350997924805,0.2,0.8343710601329803,0.010791015625,5e-05,-23.227265405654908
,,,,,,,541,88064,186.23,162,43,1204.0821856400003,420,364.5228271484375,265.8344421386719,0.003979823,-0.0019327809917740525,748.4348426818848,0.2,0.8256523162126541,0.01630859375,5e-05,-23.227651834487915
,,,,,,,541,90112,186.08,166,44,1216.09395008,430,698.68115234375,265.92938232421875,0.0014466275,-0.0013134381588315591,2640.1299240112303,0.2,0.8350455164909363,0.0001953125,5e-05,-23.22785339355469
,,,,,,,540,92160,184.74,170,45,1206.9624002599999,440,141.12867736816406,266.0032653808594,0.0047487793,-0.00523077116231434,302.809485244751,0.2,0.9593594036996365,0.04541015625,5e-05,-23.2284264087677
,,,,,,,541,94208,186.21,173,46,1232.85520169,450,180.48048400878906,266.1857604980469,0.004515336,-0.0020083318057004364,449.4232795715332,0.2,0.9659303203225136,0.0130859375,5e-05,-23.230256509780883
,,,,,,,541,96256,186.21,177,47,1223.0529185599999,460,171.7107391357422,266.1416320800781,0.005701189,-0.003842983004869893,369.7417167663574,0.2,0.9722199570387602,0.0357421875,5e-05,-23.232931327819824
,,,,,,,541,98304,186.11,181,48,1218.5303607600001,470,159.0347137451172,266.1089782714844,0.007564531,-0.0019398345553781836,460.0716011047363,0.2,0.9686808809638023,0.0234375,5e-05,-23.234169673919677
,,,,,,,541,100352,188.54,185,49,1225.6039985700002,480,432.1799011230469,266.1052551269531,0.0035445392,-0.002457407783367671,1141.2609298706054,0.2,0.9174062311649323,0.019873046875,5e-05,-23.23448510169983
,,,,,,,541,102400,189.1,189,50,1236.1100552,490,340.7561340332031,266.0398864746094,0.0054459344,-0.005905635823728517,969.1302612304687,0.2,0.904873251914978,0.047998046875,5e-05,-23.234429025650023
,,,,,,,541,104448,187.83,192,51,1227.98463112,500,270.3734436035156,265.9835510253906,0.0056635556,-0.004015482880640775,759.0061584472656,0.2,0.9324091523885727,0.023388671875,5e-05,-23.23423628807068
,,,,,,,541,106496,186.34,196,52,1219.33144908,510,176.9368438720703,265.9803771972656,0.00912692,-0.008171645196853206,316.74845695495605,0.2,0.950564481317997,0.087646484375,5e-05,-23.23400025367737
,,,,,,,541,108544,187.66,200,53,1218.68032015,520,395.91162109375,266.0213317871094,0.004154256,-0.0006639324768912047,1150.5273719787597,0.2,0.8757129237055779,0.02177734375,5e-05,-23.233169889450075
,,,,,,,541,110592,189.14,204,54,1235.3796469000001,530,321.8265380859375,266.0732421875,0.0037794479,-0.0020862026838585736,1193.1501220703126,0.2,0.8805898502469063,0.006103515625,5e-05,-23.233415126800537
,,,,,,,541,112640,189.14,207,55,1229.6677949700002,540,162.98577880859375,266.3164978027344,0.006358314,-0.00438258548383601,379.551598739624,0.2,0.9315862581133842,0.0404296875,5e-05,-23.234301376342774
,,,,,,,541,114688,187.66,211,56,1217.91051696,550,122.97428131103516,266.4176025390625,0.0044603636,-0.003969966655131429,379.19509811401366,0.2,0.9403984323143959,0.02958984375,5e-05,-23.2357536315918
,,,,,,,541,116736,187.4,215,57,1228.6894099600001,560,64.78678894042969,266.4517517089844,0.0063211485,-0.005260576622094959,300.0100208282471,0.2,0.9832057617604733,0.0533203125,5e-05,-23.235645055770874
,,,,,,,541,118784,186.26,219,58,1225.1016632699998,570,257.3005676269531,266.59881591796875,0.0048943865,-0.004347388935275376,757.3773475646973,0.2,0.9369456321001053,0.031396484375,5e-05,-23.234468603134154
,,,,,,,540,120832,183.04,223,59,1202.3224717800001,580,450.05120849609375,266.6783142089844,0.0036771817,-0.002000131452223286,1146.8293151855469,0.2,0.9375280067324638,0.004296875,5e-05,-23.23547339439392
,,,,,,,541,122880,182.62,227,60,1189.3671917699999,590,598.1594848632812,266.7154846191406,0.004708303,-0.0019302935601444916,2506.534201049805,0.2,0.8940513879060745,0.00966796875,5e-05,-23.236184072494506
,,,,,,,540,124928,184.39,231,61,1201.0590255,600,115.61842346191406,266.7065124511719,0.006081609,-0.0029966603411594405,350.3466667175293,0.2,0.9683064743876457,0.05888671875,5e-05,-23.236303567886353
,,,,,,,541,126976,187.51,234,62,1224.6062056199999,610,84.7483901977539,266.6812744140625,0.008253552,-0.004430240264628083,274.31012325286866,0.2,0.9702727496623993,0.07509765625,5e-05,-23.236253643035887
,,,,,,,541,129024,189.12,238,63,1235.68595288,620,170.6592254638672,266.68560791015625,0.0070702545,-0.005601367016788572,394.6333354949951,0.2,0.9456363543868065,0.074072265625,5e-05,-23.235753870010377
,,,,,,,541,131072,187.55,242,64,1213.6079555699998,630,201.5550994873047,266.9548645019531,0.0052863723,-0.0035337992245331406,578.3759323120117,0.2,0.940653633326292,0.042626953125,5e-05,-23.236105966567994
,,,,,,,541,133120,188.7,245,65,1233.32029961,640,214.34381103515625,267.1318359375,0.0059259785,-0.00370771280140616,469.67292709350585,0.2,0.9713325835764408,0.049609375,5e-05,-23.237264013290407
,,,,,,,541,135168,188.76,249,66,1243.3950959600002,650,249.3462371826172,267.2201232910156,0.0058861095,-0.005151433928404003,554.0812732696534,0.2,0.9676908254623413,0.051220703125,5e-05,-23.237546157836913
,,,,,,,541,137216,190.3,253,67,1249.82044294,660,297.8119812011719,267.2570495605469,0.0067498167,-0.00136911291629076,466.7283004760742,0.2,0.966213122010231,0.01953125,5e-05,-23.238188409805296
,,,,,,,542,139264,191.86,256,68,1250.9227539099998,670,38.13507080078125,267.17864990234375,0.005039319,-0.004107739101164043,107.73694591522217,0.2,0.9835460893809795,0.04013671875,5e-05,-23.238824224472047
,,,,,,,542,141312,192.02,260,69,1245.7933206799999,680,158.56195068359375,267.1861572265625,0.0073320493,-0.0033467642759205775,413.9570964813232,0.2,0.9326200187206268,0.038037109375,5e-05,-23.238984775543212
,,,,,,,541,143360,190.96,264,70,1233.0550185999998,690,24.060266494750977,267.24188232421875,0.0062863613,-0.005809193933964707,101.0661117553711,0.2,0.9942223289981484,0.037548828125,5e-05,-23.238966321945192
,,,,,,,541,145408,190.96,268,71,1250.8794019700001,700,85.85623168945312,267.3319396972656,0.0058269217,-0.0019838650448946284,269.64768543243406,0.2,0.9838316552340984,0.0326171875,5e-05,-23.240583610534667
,,,,,,,540,147456,190.96,272,72,1247.4546727100003,710,429.9630126953125,267.3757629394531,0.0060309004,-0.003880015261529479,1073.1113571166993,0.2,0.8480633348226547,0.05087890625,5e-05,-23.24088521003723
,,,,,,,541,149504,190.8,276,73,1242.2118794500002,720,92.18848419189453,267.3334655761719,0.008819799,-0.003331848100060597,257.26188373565674,0.2,0.9469088241457939,0.05927734375,5e-05,-23.240983533859254
,,,,,,,540,151552,189.53,280,74,1214.35489394,730,118.06519317626953,267.38330078125,0.00807207,-0.0012932297482620924,488.2598449707031,0.2,0.9446929059922695,0.04443359375,5e-05,-23.239946031570433
,,,,,,,540,153600,190.16,284,75,1217.9534918499999,740,300.4277648925781,267.4571228027344,0.006338508,-0.0038172119879163803,1129.189170074463,0.2,0.9018866643309593,0.02099609375,5e-05,-23.240221738815308
,,,,,,,540,155648,188.8,287,76,1219.2972297000001,750,201.84962463378906,267.4396057128906,0.008265289,-0.004768459213664755,561.1605903625489,0.2,0.9021032825112343,0.043505859375,5e-05,-23.240339756011963
,,,,,,,540,157696,184.97,291,77,1198.93840494,760,1580.094482421875,267.3676452636719,0.0040884675,-0.0017297077924013139,2911.007875061035,0.2,0.26022398471832275,0.022802734375,5e-05,-23.240199708938597
,,,,,,,540,159744,183.35,295,78,1200.52323271,770,343.638427734375,267.3619689941406,0.005833974,-0.0036971979949157684,1213.6069595336915,0.2,0.9404150620102882,0.017724609375,5e-05,-23.239737892150877
,,,,,,,540,161792,186.1,299,79,1225.5736606300002,780,1305.7720947265625,267.3504943847656,0.0032048011,-0.0015663276833947748,3555.3275939941404,0.2,0.8561856746673584,0.00302734375,5e-05,-23.239990520477296
,,,,,,,540,163840,184.14,303,80,1210.63660737,790,87.89417266845703,267.4023132324219,0.0055009034,-0.004078629065770656,244.00542144775392,0.2,0.9668438546359539,0.0490234375,5e-05,-23.239722061157227
,,,,,,,540,165888,184.14,306,81,1222.2088657699999,800,251.45211791992188,267.4183044433594,0.0050086672,-0.004562845203327015,550.3903358459472,0.2,0.8564739525318146,0.0560546875,5e-05,-23.23874673843384
,,,,,,,540,167936,182.38,310,82,1218.5396461999999,810,321.9031066894531,267.57177734375,0.005632801,-0.0033066126226913182,879.2670440673828,0.2,0.77083620429039,0.036279296875,5e-05,-23.239542531967164
,,,,,,,540,169984,183.65,314,83,1245.7193044599999,820,112.34170532226562,267.8581237792969,0.0068150437,-0.005595424969214946,359.0433887481689,0.2,0.97862802259624,0.052880859375,5e-05,-23.239085626602172
,,,,,,,540,172032,185.05,318,84,1256.1350411499998,830,266.68603515625,267.9907531738281,0.0052095945,-0.0008251857274444774,725.8713813781739,0.2,0.9185192212462425,0.01806640625,5e-05,-23.239596462249757
,,,,,,,540,174080,185.98,322,85,1255.9928164799999,840,39.853641510009766,268.12322998046875,0.007116574,-0.003870680829277262,110.722021484375,0.2,0.9547973684966564,0.04453125,5e-05,-23.240679693222045
,,,,,,,540,176128,189.71,325,86,1274.7063257300001,850,585.7219848632812,268.1979064941406,0.0019787038,-0.0011838357720989734,1285.8481353759767,0.2,0.883832149207592,0.002734375,5e-05,-23.242497873306274
,,,,,,,540,178176,191.88,329,87,1287.46212787,860,541.3756713867188,268.2509460449219,0.002668597,-0.0011645531572867184,1021.293212890625,0.2,0.959891315549612,0.00166015625,5e-05,-23.24290590286255
,,,,,,,540,180224,194.02,333,88,1305.18403984,870,155.06219482421875,268.3359069824219,0.005949433,-0.0077444113790988926,377.4890613555908,0.2,0.8380260914564133,0.07666015625,5e-05,-23.242789220809936
,,,,,,,540,182272,192.41,337,89,1284.98131625,880,21.14771270751953,268.5035705566406,0.0067825867,-0.00556409215205349,64.22749137878418,0.2,0.9562278129160404,0.0556640625,5e-05,-23.24011974334717
,,,,,,,540,184320,194.37,341,90,1289.4880746300003,890,69.58349609375,268.5943908691406,0.007026799,-0.005422510503558442,351.65159072875974,0.2,0.9742030892521143,0.097705078125,5e-05,-23.235429191589354
,,,,,,,540,186368,196.86,344,91,1296.85128608,900,221.53121948242188,268.677734375,0.004653694,-0.0020485988294240086,434.92395210266113,0.2,0.9347101598978043,0.019140625,5e-05,-23.235254287719727
,,,,,,,540,188416,194.57,348,92,1265.39322214,910,99.86148834228516,268.7899169921875,0.0058704596,-0.0056134421960450705,250.95359802246094,0.2,0.9419270865619183,0.028857421875,5e-05,-23.236350727081298
,,,,,,,540,190464,194.57,352,93,1265.56114655,920,116.27355194091797,269.1866760253906,0.007389441,-0.004295059177093208,219.64034214019776,0.2,0.9856900665909052,0.046337890625,5e-05,-23.2365713596344
,,,,,,,540,192512,192.76,356,94,1254.3695997099996,930,44.21920394897461,269.3365783691406,0.00395568,-0.00012714448967017234,171.855277633667,0.2,0.9746190700680017,0.062451171875,5e-05,-23.235933351516724
,,,,,,,540,194560,191.44,360,95,1254.51508246,940,562.6268310546875,269.4623107910156,0.009204985,-0.004402355686761439,1011.9291275024414,0.2,0.9043051898479462,0.06455078125,5e-05,-23.23597025871277
,,,,,,,540,196608,191.54,363,96,1256.09682883,950,102.54450225830078,269.5938415527344,0.011691788,-0.008681805606465786,183.28916244506837,0.2,0.9762481153011322,0.13671875,5e-05,-23.23657202720642
,,,,,,,540,198656,191.54,367,97,1246.49190923,960,16.16351890563965,269.5798034667969,0.009062465,-0.00584323569200933,57.757495975494386,0.2,0.9872053461149335,0.069140625,5e-05,-23.23622784614563
,,,,,,,540,200704,191.54,371,98,1241.8668668700002,970,259.14007568359375,269.5780944824219,0.010899966,-0.000832226884085685,558.9934844970703,0.2,0.9515443183481693,0.085498046875,5e-05,-23.235445261001587
,,,,,,,540,202752,190.05,375,99,1214.9547405399999,980,31.63113784790039,269.7001037597656,0.0060624285,-0.003498296212637797,134.16121349334716,0.2,0.9606152512133121,0.018603515625,5e-05,-23.235900354385375
,,,,,,,540,204800,188.3,379,100,1209.24989893,990,448.2165222167969,269.7892761230469,0.0052363067,-0.0017022735439240933,1633.9611892700195,0.2,0.9054179340600967,0.020166015625,5e-05,-23.23751034736633
,,,,,,,540,206848,186.52,382,101,1209.78386676,1000,211.42300415039062,269.76763916015625,0.0069574555,-0.005411892523989081,374.6064147949219,0.2,0.953053142875433,0.0572265625,5e-05,-23.237024450302123
,,,,,,,539,208896,184.53,386,102,1222.72324236,1010,529.2330932617188,269.803466796875,0.0066246646,-0.0007331986562348902,1535.7310317993165,0.2,0.7670711427927017,0.0638671875,5e-05,-23.23590064048767
,,,,,,,539,210944,180.88,391,103,1200.5871124500002,1020,334.5148010253906,269.82440185546875,0.0041051074,-0.001994128548540175,628.9915077209473,0.2,0.8616201281547546,0.0259765625,5e-05,-23.236172819137572
,,,,,,,539,212992,181.25,395,104,1208.28605222,1030,812.1182250976562,269.8531188964844,0.0025173486,-0.0008488626102916896,2323.6066284179688,0.2,0.8948810026049614,0.001123046875,5e-05,-23.23641037940979
,,,,,,,539,215040,181.25,398,105,1210.6865326,1040,213.77467346191406,269.8930969238281,0.004224848,-0.0021201303170528263,413.38924102783204,0.2,0.8576551228761673,0.0203125,5e-05,-23.237002277374266
,,,,,,,539,217088,181.25,402,106,1210.90889231,1050,180.45091247558594,269.90252685546875,0.0016351981,-0.000559857307234779,691.7341354370117,0.2,0.938685454428196,0.0001953125,5e-05,-23.237928771972655
,,,,,,,539,219136,182.79,406,107,1236.39793255,1060,119.2686767578125,270.1554260253906,0.009590138,-0.006747605686541647,370.5079257965088,0.2,0.6920469999313354,0.08876953125,5e-05,-23.238749313354493
,,,,,,,539,221184,182.77,410,108,1244.1089450200002,1070,31.65415382385254,270.28790283203125,0.0046016057,-0.004180355032440275,110.95914125442505,0.2,0.9652399756014347,0.0302734375,5e-05,-23.240116930007936
,,,,,,,539,223232,184.52,413,109,1257.34680721,1080,288.8451843261719,270.3150939941406,0.0042049233,-0.003789143945323303,1283.5736572265625,0.2,0.9125207588076591,0.007373046875,5e-05,-23.240928411483765
,,,,,,,539,225280,186.3,417,110,1263.53197828,1090,123.92449188232422,270.3272705078125,0.00634935,-0.0030806254013441502,504.045361328125,0.2,0.9503923803567886,0.018310546875,5e-05,-23.241182804107666
,,,,,,,539,227328,189.16,421,111,1270.69472836,1100,316.1557312011719,270.3194885253906,0.003251369,-0.0019710587046574803,732.1323341369629,0.2,0.9506007693707943,0.00234375,5e-05,-23.241317653656004
,,,,,,,539,229376,189.47,425,112,1260.18172927,1110,442.62689208984375,270.3728332519531,0.008544028,-0.0030822766304481773,1036.2660675048828,0.2,0.9104147255420685,0.04453125,5e-05,-23.24163179397583
,,,,,,,539,231424,187.02,429,113,1252.20827116,1120,51.62978744506836,270.4933166503906,0.009045279,-0.005422368983272463,214.75584087371826,0.2,0.9133564159274101,0.0974609375,5e-05,-23.24245729446411
,,,,,,,538,233472,180.99,433,114,1221.4945535,1130,217.1529541015625,270.56402587890625,0.0024863475,0.0011316883086692543,548.2995384216308,0.2,0.8852042481303215,0.06650390625,5e-05,-23.242584705352783
,,,,,,,538,235520,180.99,437,115,1219.2698845999998,1140,338.7349548339844,270.5890197753906,0.0072875177,-0.004916225041961297,863.2972007751465,0.2,0.9252825379371643,0.043505859375,5e-05,-23.242407941818236
,,,,,,,538,237568,180.99,440,116,1222.38270745,1150,433.295654296875,270.5903625488281,0.007815759,-0.002252604573732242,720.0066505432129,0.2,0.9410271421074867,0.018994140625,5e-05,-23.242282485961915
,,,,,,,538,239616,182.57,444,117,1238.08987857,1160,111.34713745117188,270.5871887207031,0.0054526497,-0.0013825519607053138,299.16496868133544,0.2,0.9626712799072266,0.017626953125,5e-05,-23.242194366455077
,,,,,,,538,241664,182.57,448,118,1229.94000767,1170,233.46676635742188,270.5420837402344,0.0078030117,-0.002661433315370232,638.6027130126953,0.2,0.7533151358366013,0.0353515625,5e-05,-23.241610717773437
,,,,,,,538,243712,180.9,452,119,1230.04597811,1180,280.1408386230469,270.60906982421875,0.005657169,-0.004006571089848876,689.3015396118165,0.2,0.9286344274878502,0.052294921875,5e-05,-23.240531492233277
,,,,,,,538,245760,178.92,456,120,1217.9379128400003,1190,285.95135498046875,270.6574401855469,0.008043091,-0.004206390195759013,522.6561965942383,0.2,0.6937850713729858,0.055322265625,5e-05,-23.240591049194336
,,,,,,,538,247808,182.54,460,121,1225.81975717,1200,267.88909912109375,270.6814880371094,0.0035396009,-0.0008965322049334645,1222.60382232666,0.2,0.9138127863407135,0.012109375,5e-05,-23.240541076660158
,,,,,,,537,249856,183.78,464,122,1234.58683317,1210,262.89007568359375,270.7071228027344,0.0041211164,-0.0008186365943402052,600.0557373046875,0.2,0.960686668753624,0.005078125,5e-05,-23.240809631347656
,,,,,,,537,251904,187.08,468,123,1255.55318965,1220,551.2498779296875,270.7143859863281,0.004723542,-0.0017683976853732019,2014.1521270751953,0.2,0.7745901495218277,0.018017578125,5e-05,-23.24076223373413
,,,,,,,537,253952,188.45,472,124,1259.62777478,1230,409.52044677734375,270.7627258300781,0.006086683,-0.0020991313154809176,910.3047027587891,0.2,0.9537282548844814,0.013623046875,5e-05,-23.240648460388183
,,,,,,,538,256000,188.45,475,125,1247.71088494,1240,154.54486083984375,270.5296630859375,0.004367491,-0.002369335142429918,270.2482389450073,0.2,0.9531418494880199,0.036328125,5e-05,-23.240863370895386
,,,,,,,538,258048,187.42,479,126,1230.00774236,1250,123.14656829833984,270.5655822753906,0.0095457025,-0.007982087344862521,302.6351167678833,0.2,0.9468442089855671,0.09560546875,5e-05,-23.240435743331908
,,,,,,,537,260096,187.42,483,127,1241.3675823500002,1260,454.0550842285156,270.6669616699219,0.0034225965,-0.001110676112875808,1353.6691909790038,0.2,0.8417646437883377,0.01044921875,5e-05,-23.24158682823181
,,,,,,,537,262144,187.15,487,128,1241.6877031499998,1270,235.8902587890625,270.72802734375,0.005375365,-0.00420104170916602,516.6829933166504,0.2,0.8684558719396591,0.0484375,5e-05,-23.241769790649414
,,,,,,,537,264192,187.63,491,129,1241.57311358,1280,305.6121826171875,270.6962585449219,0.007923156,-0.005148592290061061,758.0637664794922,0.2,0.33369821310043335,0.085498046875,5e-05,-23.239499187469484
,,,,,,,537,266240,186.71,495,130,1233.16162523,1290,450.1276550292969,270.6595764160156,0.0054395455,-0.0020596832211595027,1195.5537139892579,0.2,0.940254483371973,0.0294921875,5e-05,-23.236445474624634
,,,,,,,537,268288,188.12,499,131,1238.1363881200002,1300,331.351318359375,270.63714599609375,0.001742387,-0.0008851765916915611,1166.552098083496,0.2,0.9668593406677246,0.0005859375,5e-05,-23.23529772758484
,,,,,,,537,270336,188.12,502,132,1227.76795587,1310,170.2194061279297,270.60601806640625,0.004900712,-0.004189308825880289,661.4183097839356,0.2,0.9377804547548294,0.044921875,5e-05,-23.235036897659302
,,,,,,,537,272384,189.48,506,133,1250.1291162399998,1320,146.03585815429688,270.4958190917969,0.0073459297,-0.005523657094454393,327.63066444396975,0.2,0.836739256978035,0.047998046875,5e-05,-23.235324954986574
,,,,,,,537,274432,187.85,510,134,1234.23037699,1330,110.64148712158203,270.4534606933594,0.0009939487,-0.00024810495669953526,438.52670135498045,0.2,0.9489291831851006,0.0,5e-05,-23.235058116912843
,,,,,,,537,276480,187.85,514,135,1240.15189234,1340,188.1454620361328,270.47479248046875,0.004558861,-0.0024587665364379065,1167.6754104614258,0.2,0.9260423704981804,0.00615234375,5e-05,-23.235205221176148
,,,,,,,537,278528,184.25,518,136,1206.75898455,1350,212.48629760742188,270.5301513671875,0.008657797,-0.00503429482341744,355.1037826538086,0.2,0.8339306563138962,0.051904296875,5e-05,-23.23611969947815
,,,,,,,537,280576,186.19,522,137,1203.93176544,1360,546.3859252929688,270.52996826171875,0.0024582192,-0.0008852874045260251,2159.1501037597654,0.2,0.8529215604066849,0.00390625,5e-05,-23.238141345977784
,,,,,,,537,282624,188.83,525,138,1213.4048280700001,1370,195.6062774658203,270.4814758300781,0.005212345,-0.0061229743820149455,462.73794708251955,0.2,0.9047688096761703,0.0470703125,5e-05,-23.2381000995636
,,,,,,,537,284672,188.79,529,139,1212.73179374,1380,787.5521850585938,270.4620056152344,0.002861609,-0.0004129868641030043,2597.863296508789,0.2,0.3602333664894104,0.01318359375,5e-05,-23.236633014678954
,,,,,,,537,286720,187.58,533,140,1202.19298926,1390,154.1510009765625,270.4870300292969,0.002090043,-0.002883830975042656,506.92275352478026,0.2,0.9730658493936062,0.010009765625,5e-05,-23.23593635559082
,,,,,,,537,288768,187.58,537,141,1218.16972142,1400,948.129638671875,270.5466003417969,0.0063823657,-0.00241313295555301,2547.0789108276367,0.2,0.7629937380552292,0.017236328125,5e-05,-23.235496234893798
,,,,,,,537,290816,185.21,540,142,1210.53222395,1410,287.83502197265625,270.6764221191406,0.0028057909,-0.002614749287022278,921.4347091674805,0.2,0.8125904351472855,0.002734375,5e-05,-23.235625314712525
,,,,,,,537,292864,183.99,544,143,1216.16645445,1420,103.5701675415039,270.6653747558594,0.0047244537,-0.004685174900805578,274.68224754333494,0.2,0.9365567043423653,0.05,5e-05,-23.235968828201294
,,,,,,,537,294912,182.78,548,144,1213.01413248,1430,134.71722412109375,270.5362854003906,0.0048115468,-0.002824282622896135,483.9144474029541,0.2,0.9733918812125921,0.017822265625,5e-05,-23.234777212142944
,,,,,,,537,296960,185.07,552,145,1237.6292936399998,1440,538.2203369140625,270.5390625,0.0052214283,-0.0021868742245715112,1210.7208312988282,0.2,0.9012148827314377,0.026171875,5e-05,-23.234351301193236
,,,,,,,537,299008,185.07,556,146,1229.85548432,1450,349.7171936035156,270.6527404785156,0.004759001,-0.0040341789135709405,776.7808967590332,0.2,0.9593319408595562,0.015478515625,5e-05,-23.234491729736327
,,,,,,,537,301056,183.4,560,147,1222.20059915,1460,458.6546630859375,270.72430419921875,0.0055118836,-0.003049851133255288,777.7348068237304,0.2,0.9281515702605247,0.015283203125,5e-05,-23.235435581207277
,,,,,,,537,303104,185.68,563,148,1240.41281294,1470,674.4130859375,270.7560119628906,0.0019308899,-0.00180489718914032,1695.9894256591797,0.2,0.9146034941077232,0.00146484375,5e-05,-23.235951948165894
,,,,,,,537,305152,188.31,567,149,1256.56233998,1480,74.23351287841797,270.6039123535156,0.0034451531,-0.0019149431958794595,263.6030744552612,0.2,0.9502854086458683,0.028662109375,5e-05,-23.23645167350769
,,,,,,,537,307200,185.19,571,150,1226.04215897,1490,126.91873168945312,271.2784729003906,0.00891541,-0.003332683118060231,204.57149600982666,0.2,0.8633442521095276,0.0705078125,5e-05,-23.24021272659302
,,,,,,,537,309248,185.89,575,151,1220.52601016,1500,170.6144256591797,271.5550842285156,0.0038545283,-0.0003845448198262602,447.133687210083,0.2,0.9643978886306286,0.054541015625,5e-05,-23.246751165390016
,,,,,,,537,311296,186.88,579,152,1227.85582985,1510,508.74658203125,271.5436706542969,0.005014069,-0.0018641864706296473,1204.338461303711,0.2,0.9276242703199387,0.012158203125,5e-05,-23.24651575088501
,,,,,,,537,313344,186.63,582,153,1219.89249967,1520,338.3279724121094,271.5348815917969,0.0054395106,-0.002222196914954111,834.935132598877,0.2,0.8226972669363022,0.0130859375,5e-05,-23.246079921722412
,,,,,,,537,315392,188.97,586,154,1223.07504585,1530,272.9032287597656,271.5745544433594,0.005383867,-0.0027269957470707597,593.629052734375,0.2,0.970994558185339,0.01875,5e-05,-23.245751810073852
,,,,,,,537,317440,187.59,590,155,1217.10146621,1540,27.05364990234375,271.4600524902344,0.00745495,-0.005171424479340203,92.43312368392944,0.2,0.9666391462087631,0.060546875,5e-05,-23.2454430103302
,,,,,,,537,319488,186.26,594,156,1198.9654553500002,1550,166.73704528808594,271.5063781738281,0.0044692755,-0.0013723874784773217,335.06440963745115,0.2,0.9685191921889782,0.0294921875,5e-05,-23.245575761795045
,,,,,,,537,321536,185.7,598,157,1197.89605689,1560,148.24066162109375,271.5790100097656,0.00675477,-0.002896250708727166,814.7803016662598,0.2,0.9566147401928902,0.0208984375,5e-05,-23.246400356292725
,,,,,,,537,323584,181.42,602,158,1162.72568129,1570,132.26751708984375,271.5799865722656,0.0044604475,-0.0016928194207139313,430.0338451385498,0.2,0.9777701068669558,0.008740234375,5e-05,-23.24665265083313
,,,,,,,537,325632,184.54,605,159,1187.52726772,1580,199.1748046875,271.5869140625,0.002679896,-0.0016281090123811738,1013.3687469482422,0.2,0.969976169988513,0.004150390625,5e-05,-23.246487855911255
,,,,,,,537,327680,186.21,609,160,1193.5721649900001,1590,161.08106994628906,271.70379638671875,0.0073450156,-0.005491274647647515,361.15296173095703,0.2,0.9126649051904678,0.058203125,5e-05,-23.246640157699584
,,,,,,,537,329728,186.33,613,161,1193.82959691,1600,127.0704574584961,271.8067321777344,0.007356368,-0.0030892931856215,284.4915313720703,0.2,0.9577077105641365,0.02744140625,5e-05,-23.246909141540527
,,,,,,,537,331776,184.74,617,162,1174.9690475400002,1610,125.2598648071289,271.8642578125,0.0023376786,-4.849543038289994e-05,607.0424407958984,0.2,0.9668482914566994,0.0037109375,5e-05,-23.24716353416443
,,,,,,,537,333824,182.26,621,163,1154.2505217700004,1620,1124.90576171875,271.87554931640625,0.0020486636,-0.0006888080388307571,2410.1675720214844,0.2,0.896339900791645,0.000341796875,5e-05,-23.247319364547728
,,,,,,,537,335872,182.11,625,164,1155.78033001,1630,226.88046264648438,271.8130798339844,0.005704951,-0.0063181699078995734,591.5128982543945,0.2,0.976205013692379,0.031103515625,5e-05,-23.247556924819946
,,,,,,,537,337920,183.41,629,165,1174.6941176299997,1640,997.3751220703125,271.76434326171875,0.0021543202,-0.001624744408763945,2359.326727294922,0.2,0.8659229576587677,0.0015625,5e-05,-23.247788190841675
,,,,,,,537,339968,183.16,632,166,1160.5053126999999,1650,387.8965759277344,271.756591796875,0.005285324,-0.003046936452301452,1479.263934326172,0.2,0.8443770110607147,0.019775390625,5e-05,-23.247835874557495
,,,,,,,536,342016,184.05,636,167,1186.6618190199997,1660,235.58905029296875,271.787841796875,0.0060576033,-0.0025742320402059706,701.2470993041992,0.2,0.9771456755697727,0.0123046875,5e-05,-23.24833493232727
,,,,,,,536,344064,183.25,640,168,1178.63405366,1670,100.66094970703125,271.7563171386719,0.0046859467,-0.004454964795149863,431.80608253479005,0.2,0.7803475707769394,0.044677734375,5e-05,-23.24999623298645
,,,,,,,536,346112,180.52,644,169,1167.0176280900002,1680,47.83296203613281,271.5499267578125,0.007008657,-0.010130819026380777,190.50165576934813,0.2,0.948612704873085,0.106884765625,5e-05,-23.25387773513794
,,,,,,,536,348160,182.26,648,170,1186.35945969,1690,270.3135681152344,271.4643249511719,0.0067135463,-0.004829346289625391,631.0330200195312,0.2,0.9605062007904053,0.05712890625,5e-05,-23.252616214752198
,,,,,,,536,350208,182.76,652,171,1211.5074051000001,1700,275.9278869628906,271.6582946777344,0.008078931,-0.0030448962352238595,550.5248649597168,0.2,0.5691421329975128,0.046728515625,5e-05,-23.25374126434326
,,,,,,,536,352256,184.31,656,172,1240.7878136,1710,367.5376281738281,271.7602233886719,0.00850673,-1.7469283193349838e-05,1625.447817993164,0.2,0.8872702941298485,0.109326171875,5e-05,-23.25631628036499
,,,,,,,536,354304,183.37,660,173,1231.52107743,1720,84.35420227050781,271.95928955078125,0.009117906,-0.006829097523586824,159.6498414993286,0.2,0.7386032044887543,0.090673828125,5e-05,-23.25753140449524
,,,,,,,536,356352,181.78,664,174,1204.9660068700002,1730,195.91656494140625,272.0904235839844,0.004186932,-0.0008438880380708724,842.9269943237305,0.2,0.9596435278654099,0.02060546875,5e-05,-23.260957622528075
,,,,,,,536,358400,179.52,668,175,1209.8604682399998,1740,25.075214385986328,271.95208740234375,0.0067528533,-0.006628016522154212,121.31847648620605,0.2,0.9864011183381081,0.05478515625,5e-05,-23.261667585372926
,,,,,,,536,360448,177.44,672,176,1188.42537101,1750,148.0555419921875,271.9303894042969,0.0022777799,-0.0008698345336597413,522.3612266540528,0.2,0.8734028190374374,0.003466796875,5e-05,-23.26185460090637
,,,,,,,536,362496,177.44,675,177,1190.46919817,1760,613.2296142578125,271.9773254394531,0.006784009,-0.0049707549740560355,1490.9941909790039,0.2,0.926005408167839,0.065234375,5e-05,-23.262180662155153
,,,,,,,536,364544,175.85,679,178,1170.63153662,1770,130.74021911621094,272.0639953613281,0.005957895,-0.005756141350138933,350.2954788208008,0.2,0.9670688472688198,0.040380859375,5e-05,-23.262824964523315
,,,,,,,535,366592,174.06,683,179,1134.3011308400003,1780,284.3409423828125,272.0304260253906,0.0043734536,-0.0033119883737526834,701.306307220459,0.2,0.9737867172807455,0.031396484375,5e-05,-23.2638277053833
,,,,,,,535,368640,174.36,687,180,1132.6590731000001,1790,560.3410034179688,272.0130920410156,0.0072916066,-0.005470413842704147,1592.277146911621,0.2,0.9184942245483398,0.02841796875,5e-05,-23.26337637901306
,,,,,,,535,370688,171.61,691,181,1110.7058236499997,1800,394.54931640625,272.02764892578125,0.004498204,-0.0020342558971606197,959.5462463378906,0.2,0.9401368424296379,0.0103515625,5e-05,-23.263388872146606
,,,,,,,535,372736,175.17,695,182,1138.57585676,1810,82.80271911621094,272.0059509277344,0.0068601486,-0.0018134552025003358,266.485605430603,0.2,0.9733796361833811,0.022021484375,5e-05,-23.26296305656433
,,,,,,,535,374784,175.09,699,183,1150.94084746,1820,244.3985137939453,272.052490234375,0.0063939574,-0.004090495040873066,709.1931838989258,0.2,0.8877748623490334,0.042822265625,5e-05,-23.263361120223998
,,,,,,,535,376832,179.97,703,184,1170.1097577200003,1830,492.1851501464844,272.0977478027344,0.0053563477,-0.002716423955280334,1240.9532821655273,0.2,0.9273062869906425,0.011376953125,5e-05,-23.26500153541565
,,,,,,,535,378880,182.97,707,185,1187.5108103999999,1840,752.6651000976562,272.0838928222656,0.0033513498,-0.002159407187718898,1642.8086029052733,0.2,0.9298536330461502,0.00419921875,5e-05,-23.265755319595335
,,,,,,,535,380928,181.72,710,186,1176.56084607,1850,225.47500610351562,272.0615539550781,0.0047064777,-0.002540826390031725,776.1064102172852,0.2,0.9496739767491817,0.01064453125,5e-05,-23.266111135482788
,,,,,,,535,382976,186.04,714,187,1214.8999026499998,1860,152.79428100585938,272.0351257324219,0.0038867272,-0.003333927277708426,477.22234573364256,0.2,0.9543718881905079,0.02431640625,5e-05,-23.266166591644286
,,,,,,,535,385024,186.83,718,188,1218.60540892,1870,122.20612335205078,272.04669189453125,0.0048597353,-0.0025025415408890693,522.988151550293,0.2,0.9213315322995186,0.0087890625,5e-05,-23.26665253639221
,,,,,,,535,387072,188.07,722,189,1227.82678593,1880,214.442138671875,272.2222900390625,0.005494993,-0.004951683967374265,399.5589298248291,0.2,0.9717579390853643,0.049462890625,5e-05,-23.267061233520508
,,,,,,,535,389120,188.75,726,190,1232.5067813299997,1890,50.59537887573242,272.2873840332031,0.0088195745,-0.0057784526376053694,215.15904502868653,0.2,0.9784272238612175,0.06787109375,5e-05,-23.26786208152771
,,,,,,,535,391168,186.71,730,191,1209.25880787,1900,1324.863037109375,272.3295593261719,0.0057347766,-0.0009342987556010485,2298.727751159668,0.2,0.8459197133779526,0.03837890625,5e-05,-23.26842041015625
,,,,,,,535,393216,187.73,734,192,1219.7601771099999,1910,635.7294311523438,272.3500671386719,0.0067632576,-0.003115238033933565,1510.9132125854492,0.2,0.8266735076904297,0.02890625,5e-05,-23.2688768863678
,,,,,,,535,395264,190.86,737,193,1236.56347688,1920,609.6781005859375,272.357666015625,0.0035427937,-0.002342585695441812,2078.3180541992188,0.2,0.7999581843614578,0.003857421875,5e-05,-23.26888952255249
,,,,,,,535,397312,190.86,741,194,1220.8515192999998,1930,95.65267944335938,272.3618469238281,0.007066127,-0.005211902491282672,258.59355545043945,0.2,0.916580393910408,0.063916015625,5e-05,-23.268486499786377
,,,,,,,535,399360,190.86,745,195,1230.4010799199998,1940,77.67823791503906,272.40313720703125,0.009781178,-0.004791534226387739,217.49083423614502,0.2,0.9453860521316528,0.0759765625,5e-05,-23.26850266456604
,,,,,,,535,401408,187.78,749,196,1199.9486615,1950,87.09671020507812,272.2000427246094,0.006001096,-0.005217730469303206,208.37436876296997,0.2,0.9258688315749168,0.07822265625,5e-05,-23.269725465774535
,,,,,,,535,403456,187.76,753,197,1202.71007338,1960,270.06634521484375,272.09014892578125,0.0059760567,-0.0005178554507438094,955.7249206542969,0.2,0.9598137028515339,0.066357421875,5e-05,-23.26984715461731
,,,,,,,535,405504,187.76,756,198,1196.93133594,1970,99.21180725097656,272.3505554199219,0.009067314,-0.006477380421711132,315.7871006011963,0.2,0.9711098615080118,0.075927734375,5e-05,-23.2711802482605
,,,,,,,535,407552,191.01,760,199,1221.7016644199998,1980,55.75860595703125,272.7195129394531,0.011664867,-0.005807583796558902,194.5887933731079,0.2,0.8516476005315781,0.077978515625,5e-05,-23.273941373825075
,,,,,,,535,409600,191.56,764,200,1230.19880027,1990,178.80941772460938,272.7469787597656,0.0036099472,-0.0012334395971265622,372.3352645874023,0.2,0.9776591211557388,0.015625,5e-05,-23.273762369155882
,,,,,,,535,411648,190.55,768,201,1227.17665641,2000,391.9564208984375,272.7206115722656,0.004775601,-0.0039613424276467414,1875.4704559326171,0.2,0.6398240625858307,0.019580078125,5e-05,-23.273062801361085
,,,,,,,535,413696,188.91,772,202,1219.1654568200001,2010,522.4459838867188,272.7084655761719,0.0039028202,-0.0018131445969629568,1096.3391021728517,0.2,0.9489984959363937,0.0064453125,5e-05,-23.27350172996521
,,,,,,,535,415744,187.54,775,203,1220.09992943,2020,92.87548065185547,272.7969665527344,0.007443172,-0.003143699752399698,260.82947731018066,0.2,0.9118476957082748,0.031689453125,5e-05,-23.27378878593445
,,,,,,,535,417792,187.54,779,204,1226.22102726,2030,279.4425048828125,272.9594421386719,0.0057596215,-0.0028199077118188144,404.57931022644044,0.2,0.9716094546020031,0.039404296875,5e-05,-23.27364468574524
,,,,,,,535,419840,186.74,784,205,1243.9270528,2040,185.07131958007812,273.0062561035156,0.0077114673,-0.005325117876054719,566.7665924072265,0.2,0.9022091031074524,0.085107421875,5e-05,-23.273632335662843
,,,,,,,535,421888,184.61,788,206,1223.1945596100004,2050,245.324951171875,272.9866027832031,0.0035840713,-0.0020736674196086824,679.5906196594239,0.2,0.9550871513783932,0.031396484375,5e-05,-23.274072217941285
,,,,,,,535,423936,183.64,791,207,1221.68180828,2060,373.3920593261719,273.0124816894531,0.004756353,-0.0028332751651760192,703.4860046386718,0.2,0.96439553424716,0.02509765625,5e-05,-23.27316269874573
,,,,,,,535,425984,181.01,795,208,1200.28578856,2070,1096.1806640625,273.0287170410156,0.0036349888,-0.0016666686336975546,2210.500778198242,0.2,0.8483297526836395,0.0044921875,5e-05,-23.27251543998718
,,,,,,,535,428032,182.5,799,209,1207.28655691,2080,200.9306640625,273.0274353027344,0.005417019,-0.003931145905517042,611.2387687683106,0.2,0.9644712805747986,0.02177734375,5e-05,-23.272455883026122
,,,,,,,535,430080,184.2,803,210,1225.61290091,2090,106.2507095336914,273.1559143066406,0.009066625,-0.003731989036896266,230.03277702331542,0.2,0.941634863615036,0.047900390625,5e-05,-23.272249841690062
,,,,,,,535,432128,182.5,806,211,1200.05267943,2100,125.13310241699219,273.2914123535156,0.0037226395,-0.0011499257816467434,422.336141204834,0.2,0.9275828674435616,0.048095703125,5e-05,-23.274362421035768
,,,,,,,535,434176,180.62,810,212,1179.36405133,2110,646.6676025390625,273.331298828125,0.0011257476,-0.0008261249982751906,1578.6653839111327,0.2,0.9487796165049076,0.000146484375,5e-05,-23.27507824897766
,,,,,,,535,436224,181.84,814,213,1178.44080116,2120,22.85478401184082,273.38848876953125,0.010863244,-0.005002556624822319,83.05583000183105,0.2,0.9932666760869324,0.06337890625,5e-05,-23.275161695480346
,,,,,,,535,438272,185.17,818,214,1205.27138402,2130,240.5492401123047,273.42010498046875,0.0036333248,-0.0023437638184987007,809.0769142150879,0.2,0.9419514238834381,0.06708984375,5e-05,-23.2753643989563
,,,,,,,535,440320,188.35,822,215,1227.03422328,2140,234.54830932617188,273.6162109375,0.009426577,-0.004617237235652283,469.160880279541,0.2,0.8877699673175812,0.07138671875,5e-05,-23.275841808319093
,,,,,,,535,442368,188.88,826,216,1222.52563963,2150,478.4216613769531,273.7268371582031,0.0034096343,-0.0018601091171149165,1022.989289855957,0.2,0.8901103585958481,0.0033203125,5e-05,-23.277140426635743
,,,,,,,535,444416,189.32,829,217,1239.41183955,2160,61.189395904541016,273.8575744628906,0.0066995174,-0.004858081258134916,176.97282667160033,0.2,0.9565896391868591,0.05986328125,5e-05,-23.27762198448181
,,,,,,,535,446464,192.59,833,218,1272.2358634500001,2170,450.6290283203125,273.9595031738281,0.0026740485,-0.0006167948886286467,764.9625137329101,0.2,0.9277589321136475,0.018701171875,5e-05,-23.27806329727173
,,,,,,,535,448512,192.59,837,219,1271.45091495,2180,369.92694091796875,273.9367370605469,0.006562161,-0.0033017464564181866,600.4441040039062,0.2,0.9275286421179771,0.044140625,5e-05,-23.277929019927978
,,,,,,,535,450560,192.64,841,220,1293.61223354,2190,235.04917907714844,274.0908203125,0.006094644,-0.0025068990886211394,679.7994331359863,0.2,0.8886725157499313,0.022119140625,5e-05,-23.27713704109192
,,,,,,,535,452608,189.28,845,221,1308.28979099,2200,201.71063232421875,274.4465026855469,0.008109685,-0.004300708032678813,486.96290435791013,0.2,0.8291458338499069,0.0462890625,5e-05,-23.278686904907225
,,,,,,,535,454656,186.91,849,222,1318.6352657399998,2210,341.8441162109375,274.6174011230469,0.0043094065,-0.002170426247175783,911.5337776184082,0.2,0.8625046163797379,0.023876953125,5e-05,-23.280090045928954
,,,,,,,535,456704,183.92,853,223,1299.48775473,2220,224.441162109375,274.5462646484375,0.006381059,-0.004363508580718189,613.5207061767578,0.2,0.6280899941921234,0.069970703125,5e-05,-23.281746006011964
,,,,,,,534,458752,178.19,857,224,1256.7901489399999,2230,366.88983154296875,274.544921875,0.00794163,-0.0032651067071128637,913.3490447998047,0.2,0.8893288001418114,0.048046875,5e-05,-23.28520836830139
,,,,,,,535,460800,178.19,861,225,1248.6678939600001,2240,721.5149536132812,274.5589599609375,0.005209028,-0.0027385161898564546,2298.5985748291014,0.2,0.9135797768831253,0.01123046875,5e-05,-23.285599327087404
,,,,,,,535,462848,176.35,865,226,1228.6993456999999,2250,255.71920776367188,274.62744140625,0.0040982445,-0.0023350848467089238,543.5235832214355,0.2,0.969326626509428,0.020068359375,5e-05,-23.28559455871582
,,,,,,,535,464896,174.98,868,227,1218.78985958,2260,510.2818908691406,274.6658020019531,0.0033548626,-0.0013267556438222527,1673.4218475341797,0.2,0.8526295274496078,0.00439453125,5e-05,-23.285400676727296
,,,,,,,535,466944,174.98,872,228,1209.2136203100001,2270,83.8607177734375,274.7728271484375,0.014745824,-0.006614018260734156,260.6267448425293,0.2,0.9813820980489254,0.102783203125,5e-05,-23.28617639541626
,,,,,,,535,468992,178.35,876,229,1202.70977358,2280,62.35932540893555,274.9196472167969,0.005914628,-0.004889182763872668,222.66348667144774,0.2,0.9420092292129993,0.054443359375,5e-05,-23.287896156311035
,,,,,,,535,471040,183.18,880,230,1218.2877741399998,2290,53.51487350463867,274.96820068359375,0.0017488928,-0.0008269188576377929,396.6531356811523,0.2,0.973386449739337,0.002392578125,5e-05,-23.288409996032716
,,,,,,,535,473088,185.55,883,231,1215.04060812,2300,394.42755126953125,274.9584655761719,0.011922386,-0.004156678833533078,861.5977828979492,0.2,0.9042712822556496,0.069091796875,5e-05,-23.289104604721068
,,,,,,,535,475136,189.12,887,232,1226.45085703,2310,134.5194854736328,274.898681640625,0.005288893,-0.002609928447054699,464.67451705932615,0.2,0.9098478704690933,0.031396484375,5e-05,-23.290564203262328
,,,,,,,535,477184,190.16,891,233,1231.68496756,2320,78.87086486816406,275.0063781738281,0.00882634,-0.0036532200872898104,209.51459503173828,0.2,0.9331884384155273,0.0814453125,5e-05,-23.289598417282104
,,,,,,,535,479232,191.77,895,234,1256.63296076,2330,945.4448852539062,275.0432434082031,0.0026278258,4.167869919911027e-05,1510.3588470458985,0.2,0.9435489065945148,0.02451171875,5e-05,-23.28578362464905
,,,,,,,535,481280,192.33,899,235,1275.61251623,2340,187.34732055664062,275.1639099121094,0.009515887,-0.005305731692351401,549.0236549377441,0.2,0.692035436630249,0.062646484375,5e-05,-23.285579013824464
,,,,,,,535,483328,192.59,903,236,1271.50302595,2350,363.9175109863281,275.29986572265625,0.004903503,-0.0059320958913303915,647.2362091064454,0.2,0.9676037356257439,0.06962890625,5e-05,-23.286441850662232
,,,,,,,535,485376,191.92,906,237,1247.85868817,2360,630.9153442382812,275.3660888671875,0.0022914442,-0.0006183082761708647,1563.6577407836915,0.2,0.9561469480395317,0.003125,5e-05,-23.2869833946228
,,,,,,,535,487424,190.85,910,238,1251.95471129,2370,625.22412109375,275.4441833496094,0.0024252282,-0.0036741745367180555,1587.015428161621,0.2,0.9208600297570229,0.0064453125,5e-05,-23.287451028823853
,,,,,,,535,489472,192.55,914,239,1257.70481216,2380,922.255126953125,275.4981384277344,0.0036406934,-0.001891499845078215,2546.5601547241213,0.2,0.8779163882136345,0.0109375,5e-05,-23.287550687789917
,,,,,,,535,491520,192.55,918,240,1244.66614544,2390,183.56044006347656,275.5480651855469,0.005545885,-0.004612581251421943,281.43223304748534,0.2,0.9274140745401382,0.03251953125,5e-05,-23.287520599365234
,,,,,,,535,493568,192.55,921,241,1247.06296666,2400,101.5728988647461,275.64459228515625,0.009896629,-0.006529704292188398,223.9567533493042,0.2,0.9341433420777321,0.08515625,5e-05,-23.289341259002686
,,,,,,,535,495616,192.59,925,242,1236.73187835,2410,148.82156372070312,275.6209716796875,0.0074721724,-0.003090990037890151,228.6518346786499,0.2,0.9629733897745609,0.04384765625,5e-05,-23.291029596328734
,,,,,,,535,497664,192.59,929,243,1225.07134057,2420,1035.5743408203125,275.6246643066406,0.004792101,-0.0024812335905153304,2118.2433746337892,0.2,0.8231429904699326,0.03076171875,5e-05,-23.29090037345886
,,,,,,,535,499712,192.63,933,244,1207.57823348,2430,152.97232055664062,275.8164367675781,0.009082155,-0.003084206097992137,621.7545471191406,0.2,0.9184613674879074,0.065673828125,5e-05,-23.291518878936767
,,,,,,,535,501760,193.61,936,245,1203.92547202,2440,173.11289978027344,275.9258117675781,0.00767481,-0.0020893542328849434,460.5868541717529,0.2,0.9727443065494299,0.0466796875,5e-05,-23.291869163513184
,,,,,,,535,503808,195.63,940,246,1244.37385942,2450,290.452880859375,276.0204772949219,0.0062380824,-0.0012338606436969712,565.3392055511474,0.2,0.9006865099072456,0.018310546875,5e-05,-23.292003679275513
,,,,,,,535,505856,194.33,944,247,1228.9245443099999,2460,391.33489990234375,276.0359802246094,0.0038905805,-0.0032436812907690182,875.8145156860352,0.2,0.9421994313597679,0.02548828125,5e-05,-23.291287088394164
,,,,,,,535,507904,195.4,948,248,1236.42330368,2470,239.4120635986328,276.0466613769531,0.0065761404,-0.0044392496754881,727.5611507415772,0.2,0.8433701395988464,0.013330078125,5e-05,-23.291502285003663
,,,,,,,535,509952,195.4,951,249,1233.63956214,2480,148.04449462890625,276.2040100097656,0.0050691897,-0.0025832877203356476,429.0515472412109,0.2,0.971025014296174,0.0275390625,5e-05,-23.29190878868103
,,,,,,,535,512000,194.38,955,250,1231.4827629999997,2490,158.5854034423828,276.2716979980469,0.0051407046,-0.0035392734716879204,318.6621974945068,0.2,0.9388206340372562,0.046142578125,5e-05,-23.294315576553345
,,,,,,,535,514048,193.51,959,251,1227.9882200600002,2500,407.79241943359375,276.26806640625,0.0029272214,-0.0009268037625588477,2022.834390258789,0.2,0.8210287243127823,0.008544921875,5e-05,-23.29870810508728
,,,,,,,535,516096,195.03,963,252,1266.1060785100003,2510,299.46282958984375,276.3160705566406,0.0035772661,-0.001213598024332896,1040.87495803833,0.2,0.9443487040698528,0.00390625,5e-05,-23.2993953704834
,,,,,,,535,518144,195.03,966,253,1261.87299317,2520,253.5071258544922,276.2816467285156,0.004992268,-0.003079413325758651,527.3035041809082,0.2,0.7114623486995697,0.048828125,5e-05,-23.29905080795288
,,,,,,,536,520192,195.03,970,254,1281.51297346,2530,223.32772827148438,276.3013000488281,0.008381162,-0.006496696313843131,594.0075065612793,0.2,0.8894670680165291,0.064990234375,5e-05,-23.29652934074402
,,,,,,,535,522240,188.21,974,255,1252.20427871,2540,529.7925415039062,276.2335510253906,0.0055575473,-0.003483411246270407,889.6725563049316,0.2,0.8072351217269897,0.041552734375,5e-05,-23.295427989959716
,,,,,,,535,524288,189.08,978,256,1268.56717188,2550,1491.3531494140625,276.1817932128906,0.0046312176,-0.004188290151068941,3000.774493408203,0.2,0.7933572679758072,0.020166015625,5e-05,-23.29425630569458
,,,,,,,535,526336,188.12,982,257,1263.2737162100002,2560,200.0663299560547,276.1478576660156,0.0058062472,-0.00535080109257251,392.8598068237305,0.2,0.8894133046269417,0.059765625,5e-05,-23.294293642044067
,,,,,,,536,528384,187.58,985,258,1265.1670792399998,2570,229.50985717773438,276.27996826171875,0.0059105977,-0.0034602043218910695,432.37472877502444,0.2,0.9728297013789415,0.035986328125,5e-05,-23.295693159103394
,,,,,,,535,530432,185.28,989,259,1259.14478023,2580,261.2593994140625,276.3233947753906,0.0074070096,-0.002450028996099718,716.208984375,0.2,0.9329828768968582,0.051416015625,5e-05,-23.296710300445557
,,,,,,,535,532480,185.38,993,260,1272.6574061700003,2590,152.49168395996094,276.4032897949219,0.0052330825,-0.0024528887530323117,472.16982421875,0.2,0.948546078056097,0.023974609375,5e-05,-23.296579360961914
,,,,,,,535,534528,184.02,997,261,1255.4479852600002,2600,186.32301330566406,276.4465026855469,0.0076201647,-0.0035437431070022285,347.94739418029786,0.2,0.8178095370531082,0.04267578125,5e-05,-23.296437454223632
,,,,,,,535,536576,183.01,1001,262,1231.9203497100002,2610,57.31032943725586,276.3882751464844,0.00595351,-0.0016011739906389266,280.2190923690796,0.2,0.9623921401798725,0.0337890625,5e-05,-23.2952290058136
,,,,,,,536,538624,183.01,1004,263,1216.4475206400002,2620,882.9735717773438,276.3859558105469,0.0031591502,-0.0006887928466312587,2700.1109619140625,0.2,0.8167033493518829,0.0150390625,5e-05,-23.29591660499573
,,,,,,,535,540672,185.48,1008,264,1217.96501006,2630,159.7721405029297,276.5077209472656,0.0052771135,-0.00417918530292809,434.9582885742187,0.2,0.9197694137692451,0.033251953125,5e-05,-23.296997213363646
,,,,,,,535,542720,182.42,1012,265,1205.01077752,2640,266.08038330078125,276.5955810546875,0.0066346135,-0.0033200138015672563,824.01962890625,0.2,0.9404439032077789,0.041552734375,5e-05,-23.298798656463624
,,,,,,,535,544768,182.63,1016,266,1210.95696079,2650,708.868408203125,276.5934753417969,0.0021709315,-0.000878876680508256,1646.1768005371093,0.2,0.9063473641872406,0.001318359375,5e-05,-23.29928755760193
,,,,,,,535,546816,181.14,1020,267,1212.7052704499997,2660,182.92294311523438,276.6201171875,0.0027640364,-0.001906440145103261,939.4636711120605,0.2,0.8697695434093475,0.02080078125,5e-05,-23.299047994613648
,,,,,,,535,548864,181.72,1024,268,1220.5479470200003,2670,441.3769226074219,276.6403503417969,0.002827639,-0.0013442148396279664,1679.6570739746094,0.2,0.5276639461517334,0.00263671875,5e-05,-23.299178409576417
,,,,,,,535,550912,184.25,1027,269,1224.83885647,2680,261.5041198730469,276.85443115234375,0.010768282,-0.0035846859158482403,620.4283546447754,0.2,0.8362721651792526,0.04287109375,5e-05,-23.30004644393921
,,,,,,,536,552960,185.61,1031,270,1228.0762497300002,2690,95.23196411132812,277.0646667480469,0.00689774,-0.0029775872942991556,243.80031070709228,0.2,0.8910452574491501,0.0404296875,5e-05,-23.30286431312561
,,,,,,,535,555008,181.52,1035,271,1202.4932567399999,2700,195.63157653808594,277.185791015625,0.0061047524,-0.0006756737566320226,648.1332382202148,0.2,0.7044747769832611,0.0322265625,5e-05,-23.303053998947142
,,,,,,,535,557056,178.45,1039,272,1186.78688415,2710,436.49224853515625,277.1999816894531,0.0054033557,-0.0029186425555963067,2033.4745849609376,0.2,0.9340686351060867,0.027490234375,5e-05,-23.303682231903075
,,,,,,,535,559104,180.18,1043,273,1192.43539335,2720,123.04411315917969,277.2226257324219,0.0056122765,-0.003636798809748143,585.6703197479249,0.2,0.9504751078784466,0.013818359375,5e-05,-23.30389928817749
,,,,,,,535,561152,183.8,1047,274,1206.32843149,2730,308.95751953125,277.1831359863281,0.004520699,-0.0011803510307800025,792.9411056518554,0.2,0.9482949115335941,0.01025390625,5e-05,-23.30425696372986
,,,,,,,535,563200,180.77,1051,275,1170.77326214,2740,271.64739990234375,277.1759033203125,0.0049665,-0.0035224676772486418,498.3647884368896,0.2,0.9655266962945461,0.02802734375,5e-05,-23.30477981567383
,,,,,,,535,565248,182.66,1054,276,1174.4713191600001,2750,217.12619018554688,277.1744689941406,0.0037630154,-0.002793670492246747,777.7083106994629,0.2,0.967028945684433,0.01181640625,5e-05,-23.305098056793213
,,,,,,,535,567296,184.77,1058,277,1168.3847641,2760,135.2578887939453,277.1933288574219,0.006291115,-0.0026824528467841446,565.0486503601074,0.2,0.9670445248484612,0.028515625,5e-05,-23.305211544036865
,,,,,,,536,569344,181.8,1062,278,1132.77798554,2770,462.7445983886719,277.2146301269531,0.005204091,-0.0020810478468774817,1349.8779891967774,0.2,0.7949792891740799,0.009423828125,5e-05,-23.305045747756957
,,,,,,,535,571392,180.17,1066,279,1120.86950175,2780,249.08094787597656,277.289794921875,0.006274022,-0.0034986202255822716,638.2846000671386,0.2,0.9367468431591988,0.04375,5e-05,-23.305185174942018
,,,,,,,535,573440,185.27,1069,280,1167.50877548,2790,580.8963012695312,277.3341369628906,0.0021193991,-0.0013886527973227202,1469.9963775634765,0.2,0.9421930313110352,0.002783203125,5e-05,-23.306082344055177
,,,,,,,536,575488,186.91,1073,281,1179.8954828299998,2800,195.714599609375,277.4997863769531,0.007156158,-0.007180718815652654,470.182470703125,0.2,0.9469205178320408,0.0728515625,5e-05,-23.307124853134155
,,,,,,,536,577536,188.46,1077,282,1190.78219934,2810,243.2642059326172,277.5599060058594,0.005720962,-0.002722308278316632,855.2252922058105,0.2,0.9562717601656914,0.026513671875,5e-05,-23.309316205978394
,,,,,,,536,579584,186.81,1081,283,1187.9298883000001,2820,194.5577392578125,277.4105529785156,0.007562718,-0.007298156846081838,380.37569732666014,0.2,0.9205304756760597,0.10185546875,5e-05,-23.309574937820436
,,,,,,,536,581632,188.25,1084,284,1198.2990792499997,2830,547.6532592773438,277.3445129394531,0.003906935,0.00109597944538109,1339.936962890625,0.2,0.8725901395082474,0.017626953125,5e-05,-23.307585763931275
,,,,,,,536,583680,189.5,1088,285,1215.58969204,2840,225.89205932617188,277.2657165527344,0.0046083406,-0.001819934500963427,526.983837890625,0.2,0.9595181196928024,0.01328125,5e-05,-23.307253932952882
,,,,,,,536,585728,190.13,1092,286,1232.92859635,2850,336.30926513671875,277.3723449707031,0.0067367405,-0.002025101674371399,547.3294563293457,0.2,0.779244601726532,0.0251953125,5e-05,-23.30768961906433
,,,,,,,536,587776,191.52,1096,287,1248.72809599,2860,186.4735870361328,277.5886535644531,0.004595479,-0.002523200852738228,313.07873077392577,0.2,0.9114736095070839,0.047265625,5e-05,-23.310612869262695
,,,,,,,536,589824,191.67,1099,288,1246.7027994999999,2870,319.0813293457031,277.7248229980469,0.007268444,-0.003166768772643991,763.6360984802246,0.2,0.9622014425694942,0.047314453125,5e-05,-23.311785316467287
,,,,,,,536,591872,187.9,1103,289,1243.5583106899999,2880,113.43675994873047,277.7152404785156,0.0050981455,-0.0035455023811664433,236.67607345581055,0.2,0.9757454413920641,0.032861328125,5e-05,-23.312262201309203
,,,,,,,536,593920,187.9,1107,290,1240.0572432200001,2890,299.1396179199219,277.7120056152344,0.003691511,-0.0013717392517719417,584.071800994873,0.2,0.94540910795331,0.01572265625,5e-05,-23.310650205612184
,,,,,,,536,595968,187.81,1111,291,1239.29500446,2900,48.23666763305664,277.739013671875,0.0042165895,-0.004000327870016918,285.85151901245115,0.2,0.9739715177565813,0.037939453125,5e-05,-23.310186243057252
,,,,,,,536,598016,187.41,1115,292,1232.8175043200001,2910,339.2638244628906,277.6713562011719,0.0057336614,-0.0017613255768083036,579.2722137451171,0.2,0.9238256067037582,0.034912109375,5e-05,-23.310563039779662
,,,,,,,536,600064,189.89,1118,293,1261.33639372,2920,292.0682373046875,277.71142578125,0.0058104605,-0.00286153775814455,565.1796222686768,0.2,0.9116247594356537,0.036279296875,5e-05,-23.30908055305481
,,,,,,,536,602112,189.89,1122,294,1265.4148399900002,2930,84.64530944824219,277.78094482421875,0.01133522,-0.0051595899858511984,222.70960845947266,0.2,0.8438516855239868,0.08564453125,5e-05,-23.308737897872923
,,,,,,,536,604160,184.05,1126,295,1241.4788288099999,2940,87.8649673461914,277.811767578125,0.0050660344,-0.004693601734470576,169.87952461242676,0.2,0.9220798537135124,0.071728515625,5e-05,-23.306763315200804
,,,,,,,536,606208,185.06,1130,296,1258.0175830399999,2950,197.31607055664062,277.81475830078125,0.006275737,-0.003062341420445591,531.4715522766113,0.2,0.7398826777935028,0.0673828125,5e-05,-23.305708599090575
,,,,,,,536,608256,186.54,1134,297,1281.77064831,2960,60.06774139404297,278.1105041503906,0.0075077172,-0.004198243044083938,203.86383171081542,0.2,0.9142478480935097,0.05654296875,5e-05,-23.306069326400756
,,,,,,,536,610304,187.7,1137,298,1272.9951185500001,2970,749.8148803710938,278.2242126464844,0.012129895,-0.005272277945186943,1181.3010513305665,0.2,0.3838993310928345,0.08857421875,5e-05,-23.307841634750368
,,,,,,,536,612352,188.76,1141,299,1277.9913973,2980,499.3227233886719,278.352294921875,0.0046774093,-0.0015293725184164942,1031.7454498291015,0.2,0.9222897589206696,0.01259765625,5e-05,-23.307648372650146
,,,,,,,536,614400,190.28,1145,300,1289.96824295,2990,115.18269348144531,278.3734130859375,0.0058952784,-0.002205405617132783,268.38734855651853,0.2,0.906454049050808,0.021826171875,5e-05,-23.30782017707825
,,,,,,,536,616448,190.28,1149,301,1292.26981315,3000,246.5784912109375,278.3484191894531,0.0051844465,-0.003027285376447253,551.1715942382813,0.2,0.9395158067345619,0.025927734375,5e-05,-23.30779175758362
,,,,,,,536,618496,190.54,1153,302,1288.54500394,3010,129.67955017089844,278.6602478027344,0.0075558014,-0.004381766926962882,362.9650058746338,0.2,0.8898734375834465,0.0494140625,5e-05,-23.309107780456543
,,,,,,,536,620544,188.91,1157,303,1275.06894274,3020,487.40771484375,278.7890930175781,0.0056517525,-0.0007856264535803347,1567.6854232788087,0.2,0.7281913757324219,0.10068359375,5e-05,-23.31219439506531
,,,,,,,536,622592,188.12,1161,304,1245.25848792,3030,194.220703125,278.8061218261719,0.0048496914,-0.0026413872808916496,689.5331596374511,0.2,0.8273354023694992,0.01103515625,5e-05,-23.312866687774658
,,,,,,,536,624640,191.75,1164,305,1246.7210608999999,3040,215.07923889160156,278.8415832519531,0.0028019617,-0.0016082115238532425,1149.6115455627441,0.2,0.8677419871091843,0.002734375,5e-05,-23.313828945159912
,,,,,,,536,626688,190.03,1168,306,1233.6536475399998,3050,1172.6396484375,278.88116455078125,0.0029200432,-0.0021837202133610845,2693.977258300781,0.2,0.9347829297184944,0.002490234375,5e-05,-23.314462327957152
,,,,,,,536,628736,189.48,1172,307,1237.86597914,3060,373.28106689453125,278.83514404296875,0.0066097216,-0.0024783308850601315,862.5823722839356,0.2,0.8976310938596725,0.024658203125,5e-05,-23.314701795578003
,,,,,,,536,630784,189.48,1176,308,1236.46510656,3070,645.1345825195312,278.8071594238281,0.0047808,-0.002901702478993684,1339.210334777832,0.2,0.9112963527441025,0.0201171875,5e-05,-23.314447164535522
,,,,,,,536,632832,187.86,1180,309,1223.20115464,3080,79.46625518798828,278.9567565917969,0.0066484483,-0.002780985232675448,324.1796600341797,0.2,0.9626551158726215,0.02783203125,5e-05,-23.314506673812865
,,,,,,,536,634880,186.31,1183,310,1207.35527413,3090,55.66254806518555,278.86761474609375,0.006115592,-0.004467176819161978,258.7455156326294,0.2,0.9802955500781536,0.0447265625,5e-05,-23.314983987808226
,,,,,,,536,636928,184.56,1187,311,1192.04458724,3100,150.26016235351562,278.8401184082031,0.006274203,-0.004598801513202489,583.6477611541748,0.2,0.8841434940695763,0.0265625,5e-05,-23.312808322906495
,,,,,,,536,638976,186.19,1191,312,1199.36955513,3110,268.5902099609375,278.9021301269531,0.0079565495,-0.00349278855137527,746.5595687866211,0.2,0.9781450405716896,0.029541015625,5e-05,-23.312714672088624
,,,,,,,536,641024,187.32,1195,313,1222.7238743,3120,114.99735260009766,278.9061584472656,0.0069359653,-0.0028977606882108374,299.4741668701172,0.2,0.9713048730045557,0.02197265625,5e-05,-23.312992668151857
,,,,,,,536,643072,187.83,1199,314,1233.07101356,3130,812.8865356445312,278.8787536621094,0.0032872942,-0.0012348514166660607,1189.8234321594239,0.2,0.8850269541144371,0.026416015625,5e-05,-23.313294172286987
,,,,,,,536,645120,189.33,1203,315,1241.23248269,3140,133.20848083496094,278.8742370605469,0.006350442,-0.0013101309770718217,437.9654945373535,0.2,0.9696622956544161,0.0125,5e-05,-23.312664461135864
,,,,,,,536,647168,190.65,1206,316,1254.3653379999998,3150,1292.6480712890625,278.8885192871094,0.0047254693,-0.004182125889929012,2000.7330169677734,0.2,0.8244095742702484,0.025341796875,5e-05,-23.31273446083069
,,,,,,,536,649216,189.45,1210,317,1240.0395178099998,3160,179.909912109375,279.0320129394531,0.0051876763,-0.005669875961029902,319.2607788085937,0.2,0.9503804259002209,0.053857421875,5e-05,-23.31309332847595
,,,,,,,536,651264,191.07,1214,318,1260.59596145,3170,269.2666931152344,279.1416931152344,0.0027449718,0.0003456893202383071,736.5664237976074,0.2,0.9577984176576138,0.002587890625,5e-05,-23.313814783096312
,,,,,,,536,653312,190.09,1218,319,1261.61854098,3180,124.89313507080078,279.4889831542969,0.0076962914,-0.003761719964677468,375.91839637756345,0.2,0.950349498540163,0.048486328125,5e-05,-23.315610361099242
,,,,,,,536,655360,189.74,1221,320,1280.15294393,3190,145.22752380371094,279.7346496582031,0.0095634945,-0.006910175498342141,352.3443996429443,0.2,0.9598797149956226,0.0951171875,5e-05,-23.31730260848999
,,,,,,,536,657408,189.57,1226,321,1292.45136808,3200,198.88232421875,279.9542541503906,0.007435346,-0.0030060987017350273,385.31343307495115,0.2,0.7486271560192108,0.041796875,5e-05,-23.32061047554016
,,,,,,,536,659456,187.17,1229,322,1298.94228152,3210,450.8279113769531,280.0128479003906,0.0074839676,-0.0018401308509055525,926.70390625,0.2,0.8733339011669159,0.048095703125,5e-05,-23.324706077575684
,,,,,,,536,661504,185.22,1233,323,1261.0718101000002,3220,600.2651977539062,280.0286865234375,0.008962658,-0.0036008039431180807,996.0285079956054,0.2,0.8887450769543648,0.092919921875,5e-05,-23.324371814727783
,,,,,,,536,663552,185.44,1237,324,1265.1103982299996,3230,16.639507293701172,280.0146179199219,0.009537103,-0.009394510055426509,65.40170154571533,0.2,0.9940133159980178,0.102197265625,5e-05,-23.323699617385863
,,,,,,,536,665600,186.22,1241,325,1272.64746673,3240,104.72062683105469,279.79168701171875,0.007836218,-0.0029584486328531057,323.55926246643065,0.2,0.8335362523794174,0.04189453125,5e-05,-23.320304012298585
,,,,,,,536,667648,185.72,1245,326,1271.6417586,3250,142.91915893554688,279.8089904785156,0.009749993,-0.004351965745445341,325.084934425354,0.2,0.9477494992315769,0.059130859375,5e-05,-23.320591163635253
,,,,,,,536,669696,182.49,1249,327,1246.75688328,3260,68.16999816894531,279.84844970703125,0.0063593993,-0.0038944061961956322,291.8845672607422,0.2,0.9543525129556656,0.0390625,5e-05,-23.321710729598998
,,,,,,,536,671744,185.02,1252,328,1260.3947589499999,3270,178.02413940429688,279.8372497558594,0.006912502,-0.005249962094239891,392.0016185760498,0.2,0.9762475360184908,0.066552734375,5e-05,-23.320615386962892
,,,,,,,536,673792,186.01,1256,329,1261.9092023499998,3280,266.8720703125,279.8316650390625,0.007388196,-0.003934656642377377,768.6181747436524,0.2,0.965427715331316,0.020068359375,5e-05,-23.31991310119629
,,,,,,,536,675840,186.01,1260,330,1247.1860584699998,3290,119.00225830078125,279.9549560546875,0.0061600627,-0.004471539362566545,428.51725006103516,0.2,0.8867530897259712,0.0478515625,5e-05,-23.320234489440917
,,,,,,,536,677888,187.24,1263,331,1243.0292827600001,3300,257.6068115234375,280.2181396484375,0.0057633035,-0.0035412281577009708,486.76772537231443,0.2,0.8334842771291733,0.036865234375,5e-05,-23.322742986679078
,,,,,,,536,679936,188.91,1267,332,1282.6712285099998,3310,187.2981719970703,280.4662780761719,0.0044577233,-0.0022588491003261877,628.076471710205,0.2,0.9516360089182854,0.026708984375,5e-05,-23.325784635543823
,,,,,,,536,681984,188.91,1271,333,1278.74649193,3320,457.0913391113281,280.52239990234375,0.0017534706,-0.0011720594193320721,1367.5738845825194,0.2,0.737604558467865,0.00185546875,5e-05,-23.327557182312013
,,,,,,,536,684032,186.01,1275,334,1263.50829635,3330,229.3446807861328,280.4747314453125,0.006317687,-0.0018261050572618842,458.39108352661134,0.2,0.8900932744145393,0.020556640625,5e-05,-23.327578258514404
,,,,,,,536,686080,187.71,1279,335,1282.0093113,3340,170.2432098388672,280.4706726074219,0.007239422,-0.004303490038728342,994.3369995117188,0.2,0.8501777350902557,0.05458984375,5e-05,-23.32750234603882
,,,,,,,536,688128,185.16,1283,336,1257.3279299300002,3350,94.08769226074219,280.44573974609375,0.0076102875,-0.005015867986367084,368.59204864501953,0.2,0.9361347034573555,0.048095703125,5e-05,-23.327412700653078
,,,,,,,536,690176,186.87,1286,337,1266.4839197899998,3360,535.8798828125,280.43560791015625,0.004842095,-0.0016571719374042005,1313.4613372802735,0.2,0.9482978396117687,0.009326171875,5e-05,-23.3253080368042
,,,,,,,536,692224,186.54,1290,338,1250.88314223,3370,178.80157470703125,280.1459655761719,0.008343513,-0.004122488613938912,343.9021331787109,0.2,0.9145982563495636,0.0787109375,5e-05,-23.324338293075563
,,,,,,,536,694272,184.07,1294,339,1244.25038957,3380,120.6122817993164,279.99139404296875,0.005122805,-0.002650282031390816,413.8895179748535,0.2,0.9704727903008461,0.038818359375,5e-05,-23.321909952163697
,,,,,,,536,696320,182.55,1298,340,1240.5033537699999,3390,357.57965087890625,279.9969787597656,0.0031254091,-0.0019635769887827335,976.8629974365234,0.2,0.8784627914428711,0.01298828125,5e-05,-23.32160096168518
,,,,,,,536,698368,183.11,1302,341,1244.8954355399999,3400,241.6017303466797,280.03924560546875,0.0033850146,-0.0018758730060653762,717.504320526123,0.2,0.9314479380846024,0.00595703125,5e-05,-23.321796083450316
,,,,,,,536,700416,182.37,1305,342,1245.50885344,3410,190.28271484375,280.0527038574219,0.0041824756,-0.0032777060667285697,500.17350044250486,0.2,0.8636842370033264,0.02978515625,5e-05,-23.32202501296997
,,,,,,,536,702464,180.56,1309,343,1238.3440495399998,3420,476.8638000488281,280.0542297363281,0.0070028305,-0.0035134879231918602,1211.0663223266602,0.2,0.8709046691656113,0.054443359375,5e-05,-23.322186136245726
,,,,,,,536,704512,181.47,1313,344,1256.2241055499999,3430,189.78114318847656,280.22772216796875,0.0071068904,-0.003568178421119228,648.2212966918945,0.2,0.9208808392286301,0.043505859375,5e-05,-23.32230019569397
,,,,,,,536,706560,184.05,1317,345,1258.96216883,3440,202.25938415527344,280.3580322265625,0.007164567,-0.0038604687724728137,718.8819427490234,0.2,0.8758115395903587,0.061083984375,5e-05,-23.32217264175415
,,,,,,,536,708608,184.05,1321,346,1259.37082646,3450,71.51424407958984,280.4337463378906,0.0054710936,-0.004955836327280849,332.18625717163087,0.2,0.9748498499393463,0.037109375,5e-05,-23.322013092041015
,,,,,,,536,710656,184.36,1325,347,1279.57821557,3460,132.0625,280.61737060546875,0.0090516405,-0.007267482171300799,483.66965103149414,0.2,0.9196386858820915,0.070751953125,5e-05,-23.322781372070313
,,,,,,,536,712704,186.83,1328,348,1289.6730252199998,3470,199.6309814453125,280.7309265136719,0.0063498993,-0.006734643911477179,348.8377990722656,0.2,0.5256386697292328,0.082177734375,5e-05,-23.321997594833373
,,,,,,,536,714752,189.88,1332,349,1304.56830176,3480,181.0491485595703,280.9338073730469,0.008000257,-0.004410758556332439,405.0127727508545,0.2,0.6789189577102661,0.073046875,5e-05,-23.319515991210938
,,,,,,,536,716800,190.35,1336,350,1310.13082754,3490,432.99456787109375,280.9622802734375,0.009416893,-0.006502740038558841,819.6800605773926,0.2,0.752528727054596,0.087158203125,5e-05,-23.32141456604004
,,,,,,,536,718848,188.02,1340,351,1282.9653500200002,3500,102.08092498779297,280.9479064941406,0.0035713234,-0.0010094483848661184,259.1427516937256,0.2,0.9788649026304483,0.01953125,5e-05,-23.32135558128357
,,,,,,,536,720896,187.95,1344,352,1269.12486429,3510,232.04173278808594,280.8964538574219,0.006866319,-0.005510982044506818,758.7351806640625,0.2,0.9538933150470257,0.069677734375,5e-05,-23.321302509307863
,,,,,,,536,722944,189.56,1348,353,1283.60877514,3520,284.7920837402344,280.9215393066406,0.0031911945,-0.001011020940495655,1115.4239212036132,0.2,0.9573347941040993,0.004296875,5e-05,-23.32072687149048
,,,,,,,536,724992,190.14,1351,354,1304.3217624899999,3530,319.809814453125,281.06781005859375,0.0054899193,-0.0031547574035357684,545.9952934265136,0.2,0.7913857996463776,0.025341796875,5e-05,-23.320466613769533
,,,,,,,536,727040,187.92,1355,355,1282.8575869400001,3540,280.76251220703125,281.0832214355469,0.0055997036,-0.003299588628578931,694.2783988952636,0.2,0.8870743960142136,0.038720703125,5e-05,-23.320144367218017
,,,,,,,536,729088,187.35,1359,356,1266.6340977799998,3550,232.3276824951172,281.17181396484375,0.006692254,-0.004095749079715461,471.44739990234376,0.2,0.9697978142648935,0.056591796875,5e-05,-23.320017719268797
,,,,,,,536,731136,186.73,1363,357,1257.3112917600001,3560,181.63888549804688,281.2212219238281,0.004823643,-0.00019951077993027866,533.3157752990722,0.2,0.9321317449212074,0.006591796875,5e-05,-23.32056074142456
,,,,,,,536,733184,185.91,1367,358,1231.8360208499998,3570,1084.3509521484375,281.217529296875,0.0019095385,-0.0005703770264517515,2767.7421630859376,0.2,0.7000161111354828,0.001220703125,5e-05,-23.320363903045653
,,,,,,,536,735232,186.07,1371,359,1227.31855005,3580,225.28709411621094,281.2649230957031,0.0067893183,-0.0034147222933825104,535.6643417358398,0.2,0.9459392875432968,0.02255859375,5e-05,-23.32047939300537
,,,,,,,536,737280,187.76,1374,360,1262.3812505399999,3590,243.56605529785156,281.39215087890625,0.0016299309,-0.0009940600342815743,893.1334922790527,0.2,0.9482321664690971,0.000537109375,5e-05,-23.321141958236694
,,,,,,,536,739328,189.8,1378,361,1268.40933052,3600,443.6052551269531,281.3600158691406,0.00802025,-0.0012534690089523793,712.0771881103516,0.2,0.4490613341331482,0.032861328125,5e-05,-23.321953058242798
,,,,,,,536,741376,187.28,1382,362,1245.8458265099998,3610,449.8263854980469,281.3157043457031,0.005029412,-0.0025242796924430876,1132.9626113891602,0.2,0.9315473660826683,0.015625,5e-05,-23.32292184829712
,,,,,,,536,743424,187.11,1386,363,1240.47469969,3620,278.0302429199219,281.38323974609375,0.0045776325,-0.00352699251670856,1080.2152313232423,0.2,0.9392180778086185,0.015087890625,5e-05,-23.322748804092406
,,,,,,,536,745472,189.33,1390,364,1250.08635861,3630,555.3497924804688,281.44439697265625,0.004727136,-0.002276811764750164,1418.6701278686523,0.2,0.8668255507946014,0.0166015625,5e-05,-23.322955513000487
,,,,,,,536,747520,189.28,1393,365,1243.5265355399997,3640,96.03018188476562,281.5005798339844,0.0068411576,-0.002766879164846614,230.3468147277832,0.2,0.9678744077682495,0.048193359375,5e-05,-23.3232994556427
,,,,,,,536,749568,188.79,1397,366,1228.9279241000002,3650,169.75987243652344,281.5288391113281,0.0017747593,-0.00029840031638741495,397.76720504760743,0.2,0.9774009827524424,0.000830078125,5e-05,-23.324014329910277
,,,,,,,536,751616,190.72,1401,367,1246.52515911,3660,153.41110229492188,281.5372009277344,0.004890929,-0.002436361613217741,401.523327255249,0.2,0.9496482424438,0.017919921875,5e-05,-23.324002170562743
,,,,,,,536,753664,189.2,1405,368,1219.6191885300002,3670,31.97932243347168,281.5316467285156,0.010826844,-0.007846075965790077,102.79565124511718,0.2,0.9606393463909626,0.09541015625,5e-05,-23.32470235824585
,,,,,,,536,755712,190.58,1409,369,1212.3379501800002,3680,98.1186294555664,281.5328063964844,0.0061090356,-0.00432100185425952,460.7111763000488,0.2,0.9671930857002735,0.0166015625,5e-05,-23.32593412399292
,,,,,,,536,757760,190.65,1413,370,1223.16865322,3690,183.86483764648438,281.3101806640625,0.0085155405,-0.0050059380359016355,346.55662689208987,0.2,0.9527060575783253,0.057177734375,5e-05,-23.325126218795777
,,,,,,,536,759808,191.51,1416,371,1234.6422258999999,3700,279.97979736328125,281.26458740234375,0.009713538,-0.0038033190416172148,1005.2328117370605,0.2,0.7857444882392883,0.130224609375,5e-05,-23.321939992904664
,,,,,,,536,761856,193.34,1420,372,1247.1493438500002,3710,236.4473114013672,281.3213195800781,0.0061025294,-0.0024710651661735026,521.6098640441894,0.2,0.500899076461792,0.03505859375,5e-05,-23.32108783721924
,,,,,,,536,763904,191.82,1424,373,1237.80991878,3720,136.48501586914062,281.6557922363281,0.004801321,-0.005907354759983718,286.9273405075073,0.2,0.9221642091870308,0.054052734375,5e-05,-23.320088577270507
,,,,,,,536,765952,191.11,1427,374,1242.1689316700001,3730,215.0293731689453,281.7883605957031,0.005284871,-0.0012923931528348476,714.8928657531739,0.2,0.9562924541532993,0.0576171875,5e-05,-23.322547245025635
,,,,,,,536,768000,193.51,1431,375,1266.7356722700001,3740,522.7920532226562,281.7915954589844,0.00128771,-0.0009407181059941649,1395.1033874511718,0.2,0.943729430437088,9.765625e-05,5e-05,-23.322883987426756
,,,,,,,536,770048,190.6,1435,376,1258.81716082,3750,137.92874145507812,281.8059387207031,0.0058231917,-0.0038207079458516093,247.37879676818847,0.2,0.8367508500814438,0.061181640625,5e-05,-23.323184967041016
,,,,,,,536,772096,188.37,1439,377,1254.4451789,3760,404.9911193847656,281.8656921386719,0.006785784,-0.0033422638080082834,644.8956970214844,0.2,0.9697977565228939,0.066845703125,5e-05,-23.32305541038513
,,,,,,,536,774144,191.57,1443,378,1281.8951023900001,3770,393.0328063964844,281.8933410644531,0.0024568196,-0.0012933964695548638,1071.2467468261718,0.2,0.9312830418348312,0.0013671875,5e-05,-23.32254776954651
,,,,,,,536,776192,191.13,1447,379,1266.178099,3780,1060.48876953125,281.9183349609375,0.0052026603,-0.0010630061238771304,2901.8250366210937,0.2,0.6972885131835938,0.010791015625,5e-05,-23.322594261169435
,,,,,,,536,778240,191.13,1450,380,1265.63090195,3790,66.7144775390625,281.9512634277344,0.0022211755,-0.0013869148097001016,276.2374809265137,0.2,0.9720481410622597,0.00107421875,5e-05,-23.3231098651886
,,,,,,,536,780288,189.43,1454,381,1258.69545382,3800,312.1820068359375,281.97344970703125,0.0069511593,-0.004667942191008479,501.6779239654541,0.2,0.7590994536876678,0.075732421875,5e-05,-23.323519134521483
,,,,,,,536,782336,187.8,1458,382,1249.91492576,3810,153.18017578125,281.9838562011719,0.005589704,-0.001941405260004103,501.4760551452637,0.2,0.9714978095144033,0.035546875,5e-05,-23.32415418624878
,,,,,,,536,784384,190.03,1462,383,1261.36186972,3820,205.09373474121094,282.10418701171875,0.008857452,-0.00294191351858899,536.0929782867431,0.2,0.9389877207577229,0.054150390625,5e-05,-23.322589683532716
,,,,,,,536,786432,190.03,1465,384,1253.59997966,3830,17.086143493652344,282.1048278808594,0.012264535,-0.006342277023941278,57.52668685913086,0.2,0.9858573181554675,0.078076171875,5e-05,-23.31866321563721
,,,,,,,536,788480,190.03,1469,385,1253.8510748899998,3840,93.48603820800781,282.1062316894531,0.0063729594,-0.0009965698525775224,455.6607330322266,0.2,0.941622119396925,0.054931640625,5e-05,-23.319123840332033
,,,,,,,536,790528,193.35,1473,386,1288.21844259,3850,254.52366638183594,282.016845703125,0.003085903,-0.0027797080401796848,658.3357757568359,0.2,0.9160860776901245,0.017822265625,5e-05,-23.319567680358887
,,,,,,,536,792576,191.33,1477,387,1279.40767371,3860,71.36103820800781,281.80364990234375,0.010440292,-0.004821480985265225,266.8437244415283,0.2,0.9360533729195595,0.087646484375,5e-05,-23.318039894104004
,,,,,,,536,794624,191.33,1481,388,1275.0139775999999,3870,379.47491455078125,281.8445129394531,0.0035002292,-0.0006122861610492692,961.6718643188476,0.2,0.9627630449831486,0.00966796875,5e-05,-23.317706060409545
,,,,,,,536,796672,192.83,1484,389,1296.13452895,3880,29.917428970336914,282.1156921386719,0.008607068,-0.0059931557159870865,112.20002164840699,0.2,0.9732059296220541,0.04521484375,5e-05,-23.31926589012146
,,,,,,,536,798720,192.83,1488,390,1300.05981649,3890,374.7137756347656,282.2237243652344,0.008312536,-0.0013181422225898131,1117.8889190673829,0.2,0.8373151570558548,0.02685546875,5e-05,-23.318088674545287
,,,,,,,536,800768,193.74,1492,391,1299.5852559100001,3900,270.26171875,282.2438659667969,0.0066131847,-0.003284059721045196,522.7268333435059,0.2,0.8387510180473328,0.038671875,5e-05,-23.318196630477907
,,,,,,,536,802816,194.42,1496,392,1315.5770848599998,3910,17.828121185302734,282.5345764160156,0.0068288725,-0.005132260004756972,62.82567205429077,0.2,0.9863301580771804,0.049755859375,5e-05,-23.318133926391603
,,,,,,,536,804864,192.91,1499,393,1309.38486152,3920,88.52278900146484,282.7652282714844,0.0037883709,-0.0035752642259467395,246.81038990020753,0.2,0.8916818425059319,0.039208984375,5e-05,-23.323145055770873
,,,,,,,536,806912,192.91,1503,394,1321.6069733999998,3930,353.1389465332031,282.7883605957031,0.0032901214,-0.004225339135155081,765.5525131225586,0.2,0.9199949577450752,0.04990234375,5e-05,-23.323701858520508
,,,,,,,536,808960,194.0,1507,395,1314.60365401,3940,214.26055908203125,282.8294372558594,0.0048730574,-0.0028397655871231107,435.02419052124026,0.2,0.9024917632341385,0.04189453125,5e-05,-23.323652935028075
,,,,,,,536,811008,193.0,1511,396,1296.6475477000001,3950,134.91482543945312,282.802001953125,0.005663155,-0.0037184424116276206,231.10853424072266,0.2,0.8926380276679993,0.04501953125,5e-05,-23.32354145050049
,,,,,,,536,813056,195.22,1514,397,1310.8216694,3960,59.53471374511719,282.7389221191406,0.009272894,-0.006531389651354402,193.61511287689208,0.2,0.9917402267456055,0.10322265625,5e-05,-23.322271633148194
,,,,,,,536,815104,193.53,1518,398,1299.0369368299998,3970,499.65234375,282.704833984375,0.0044087023,-0.005798699439037591,1054.3605606079102,0.2,0.8726083189249039,0.035400390625,5e-05,-23.32235598564148
,,,,,,,536,817152,191.42,1522,399,1286.79432444,3980,315.93292236328125,282.6494140625,0.008620856,-0.0012428089685272425,1225.631997680664,0.2,0.8328496962785721,0.025,5e-05,-23.32217617034912
,,,,,,,536,819200,192.65,1526,400,1306.35822884,3990,757.65283203125,282.6426696777344,0.0075671514,-0.003959579044021666,1430.7920425415039,0.2,0.9037950411438942,0.029052734375,5e-05,-23.32213430404663
,,,,,,,536,821248,192.19,1530,401,1299.4244723699999,4000,320.3638610839844,282.61749267578125,0.0038489238,-0.0021354650874854998,1032.3325912475586,0.2,0.8740099966526031,0.007666015625,5e-05,-23.32261824607849
,,,,,,,536,823296,193.7,1534,402,1307.1791226399998,4010,138.52708435058594,282.5892028808594,0.0042791255,-0.00161648677312769,382.52490577697756,0.2,0.9727257452905178,0.010205078125,5e-05,-23.32313480377197
,,,,,,,536,825344,192.54,1537,403,1287.31430446,4020,72.44509887695312,282.8675537109375,0.01103781,-0.005857807357097044,197.92391471862794,0.2,0.8634155690670013,0.08173828125,5e-05,-23.322939729690553
,,,,,,,536,827392,190.81,1541,404,1278.63601183,4030,951.2972412109375,282.9529113769531,0.0051732864,-0.0010146476328372956,1689.0203163146973,0.2,0.811625212430954,0.102099609375,5e-05,-23.322612142562868
,,,,,,,536,829440,191.96,1545,405,1282.13854666,4040,266.27447509765625,282.9779968261719,0.0045629684,-0.001815082637767773,729.4218528747558,0.2,0.9382700771093369,0.020166015625,5e-05,-23.321885585784912
,,,,,,,536,831488,192.34,1548,406,1298.9201883800001,4050,169.3975830078125,283.0577697753906,0.004695284,-0.0042901693901512775,709.4957420349122,0.2,0.9603593274950981,0.0240234375,5e-05,-23.321434450149535
,,,,,,,536,833536,194.03,1552,407,1306.8730867200002,4060,195.91268920898438,283.1373596191406,0.006054041,-0.004512792231980711,463.2607131958008,0.2,0.8645329177379608,0.0470703125,5e-05,-23.32124810218811
,,,,,,,536,835584,194.03,1556,408,1294.8252262400001,4070,84.42884826660156,283.0865173339844,0.0074929446,-0.004926671565044671,215.55578365325928,0.2,0.9542917050421238,0.058740234375,5e-05,-23.321840381622316
,,,,,,,536,837632,194.82,1560,409,1293.1696544599997,4080,94.58444213867188,283.11102294921875,0.0063522295,-0.0029418460675515235,312.6100040435791,0.2,0.9387757256627083,0.04462890625,5e-05,-23.32268409729004
,,,,,,,536,839680,195.28,1564,410,1303.10271145,4090,1437.05029296875,283.1756286621094,0.0016563005,-0.00015465069736819714,2194.4882904052733,0.2,0.8564798384904861,0.003125,5e-05,-23.323246240615845
,,,,,,,536,841728,195.28,1567,411,1311.56181916,4100,184.36398315429688,283.2319030761719,0.007816207,-0.004259044310310855,327.30133666992185,0.2,0.9492439664900303,0.054443359375,5e-05,-23.323756742477418
,,,,,,,536,843776,193.5,1571,412,1299.45040459,4110,342.15032958984375,283.1075134277344,0.011187882,-0.007434982585255057,650.0846809387207,0.2,0.6289838254451752,0.131201171875,5e-05,-23.325702142715453
,,,,,,,536,845824,191.49,1575,413,1288.01481652,4120,352.1246337890625,283.05853271484375,0.0057010553,-0.002651538053760305,1277.5584526062012,0.2,0.7279368340969086,0.019091796875,5e-05,-23.326507139205933
,,,,,,,536,847872,193.22,1579,414,1309.2510164700002,4130,268.8206787109375,283.07452392578125,0.0039410032,-0.002090851037064567,944.039232635498,0.2,0.9429802894592285,0.004638671875,5e-05,-23.327162075042725
,,,,,,,536,849920,191.69,1583,415,1290.8628029400002,4140,26.23349380493164,282.786376953125,0.005951469,-0.0035985463531687857,70.02164964675903,0.2,0.971930393949151,0.045556640625,5e-05,-23.32589249610901
,,,,,,,536,851968,190.42,1587,416,1271.6373538300002,4150,191.1616973876953,282.6936340332031,0.007458099,0.0005916698166402057,669.6594436645507,0.2,0.9284351989626884,0.243310546875,5e-05,-23.32107186317444
,,,,,,,536,854016,189.14,1590,417,1269.17497818,4160,34.90336608886719,282.7359313964844,0.0041609695,-0.005237093579489737,132.2058837890625,0.2,0.9869500128552318,0.0232421875,5e-05,-23.319782638549803
,,,,,,,536,856064,189.07,1594,418,1252.7290669499998,4170,322.3755798339844,282.7084045410156,0.0101425415,-0.005134469683980569,656.5538955688477,0.2,0.9207452684640884,0.08330078125,5e-05,-23.31770524978638
,,,,,,,536,858112,189.14,1598,419,1246.4224827100002,4180,105.38308715820312,282.71063232421875,0.0062791742,-0.0025225613499060273,384.522114944458,0.2,0.9737337324768305,0.01953125,5e-05,-23.316866540908812
,,,,,,,536,860160,184.92,1602,420,1206.9725745800001,4190,151.4170684814453,282.5898132324219,0.006492734,-0.005088266439270228,243.4588134765625,0.2,0.9839812852442265,0.06259765625,5e-05,-23.316389274597167
,,,,,,,536,862208,186.7,1606,421,1219.50904631,4200,312.1293640136719,282.474609375,0.005946067,-0.0030952323519159108,983.8659820556641,0.2,0.9472972750663757,0.058642578125,5e-05,-23.31474361419678
,,,,,,,536,864256,188.35,1609,422,1233.56090691,4210,14.367634773254395,283.2288513183594,0.011461764,-0.006577255734009668,39.87795791625977,0.2,0.9696438666433096,0.08203125,5e-05,-23.31413826942444
,,,,,,,536,866304,188.82,1613,423,1235.08475765,4220,12.432120323181152,283.31591796875,0.007569488,-0.0054579794814344496,40.78571372032165,0.2,0.9399031586945057,0.100439453125,5e-05,-23.310258531570433
,,,,,,,536,868352,190.35,1617,424,1260.17930596,4230,395.5185546875,283.29095458984375,0.0026149526,0.0009891184687148779,740.3828338623047,0.2,0.9782801307737827,0.084765625,5e-05,-23.303371381759643
,,,,,,,536,870400,189.47,1621,425,1269.32077206,4240,218.81097412109375,283.2797546386719,0.004423651,-0.0032765462179668247,387.6190357208252,0.2,0.9496728479862213,0.017578125,5e-05,-23.303227949142457
,,,,,,,536,872448,189.47,1625,426,1273.2958301299998,4250,254.3863525390625,283.26416015625,0.003650957,-0.0018506342632463202,577.4357963562012,0.2,0.9269595220685005,0.00751953125,5e-05,-23.302885675430296
,,,,,,,536,874496,190.75,1628,427,1279.7037616,4260,27.87343406677246,283.29888916015625,0.0065032784,-0.004006909526651725,100.61028995513917,0.2,0.944297295063734,0.051953125,5e-05,-23.303023958206175
,,,,,,,536,876544,192.12,1632,428,1294.25136224,4270,67.2356185913086,283.29754638671875,0.004331244,-0.002613853442016989,310.61747856140136,0.2,0.9371711164712906,0.01171875,5e-05,-23.303368186950685
,,,,,,,536,878592,194.63,1636,429,1321.81559003,4280,1309.4649658203125,283.29443359375,0.009843744,-0.005470890912692994,2961.072888183594,0.2,0.36512207984924316,0.063671875,5e-05,-23.303409767150878
,,,,,,,537,880640,196.34,1639,430,1340.3638644,4290,225.0265655517578,283.3010559082031,0.0051075118,-0.004698609485058114,544.40152053833,0.2,0.9221372455358505,0.049853515625,5e-05,-23.303745126724245
,,,,,,,536,882688,194.27,1643,431,1319.4541023799998,4300,18.23126792907715,283.05767822265625,0.004057388,-0.0036180078401230275,49.1712082862854,0.2,0.9896636735647917,0.027734375,5e-05,-23.301605319976808
,,,,,,,537,884736,195.32,1647,432,1320.0501681300002,4310,1052.4576416015625,282.9537048339844,0.014152889,0.00020330754632595925,3889.4857391357423,0.2,0.5358484089374542,0.136865234375,5e-05,-23.296017789840697
,,,,,,,537,886784,193.67,1651,433,1298.27003854,4320,21.83133316040039,282.9234313964844,0.004033575,-0.0035769352805800738,70.56427755355836,0.2,0.9929403155110776,0.0158203125,5e-05,-23.295338582992553
,,,,,,,537,888832,192.3,1655,434,1263.53144236,4330,475.1739196777344,282.879638671875,0.0041552745,-0.00040014574769884346,2934.006185913086,0.2,0.6828714609146118,0.035205078125,5e-05,-23.294427013397218
,,,,,,,537,890880,191.48,1658,435,1249.4890806800001,4340,258.31805419921875,282.9151306152344,0.005891623,-0.004195747763151303,593.1242065429688,0.2,0.9641478210687637,0.0197265625,5e-05,-23.29421148300171
,,,,,,,537,892928,189.93,1662,436,1246.5232964699999,4350,186.51852416992188,282.97100830078125,0.006527675,-0.003310971101745963,558.3858169555664,0.2,0.9729966670274734,0.032861328125,5e-05,-23.29480242729187
,,,,,,,536,894976,186.93,1666,437,1235.57204755,4360,549.4185791015625,282.9857482910156,0.0034212456,-0.0013823551300447435,1284.3544555664062,0.2,0.8248776197433472,0.0048828125,5e-05,-23.295143795013427
,,,,,,,536,897024,186.93,1670,438,1228.87577391,4370,435.18011474609375,283.0452575683594,0.005783024,-0.0039123718859627845,852.355354309082,0.2,0.9488713331520557,0.042822265625,5e-05,-23.295160579681397
,,,,,,,537,899072,185.1,1674,439,1219.54917243,4380,24.655925750732422,283.1076354980469,0.006233642,-0.004266172554343939,68.67031202316284,0.2,0.9885909128934145,0.040380859375,5e-05,-23.29510154724121
,,,,,,,537,901120,186.68,1677,440,1235.9561520099999,4390,446.0139465332031,283.1037292480469,0.0075918217,-0.0041956291359383615,1153.2720611572265,0.2,0.9262649714946747,0.058984375,5e-05,-23.29496750831604
,,,,,,,536,903168,180.47,1681,441,1204.5258681300002,4400,40.78925704956055,283.1504821777344,0.008425109,-0.004185445595066994,160.11125135421753,0.2,0.9595142118632793,0.042041015625,5e-05,-23.29555721282959
,,,,,,,537,905216,182.12,1685,442,1222.29855542,4410,251.7131805419922,283.23858642578125,0.00859835,-0.0025222547177691013,834.319058227539,0.2,0.9312042370438576,0.031689453125,5e-05,-23.296518278121948
,,,,,,,537,907264,181.7,1689,443,1245.42829353,4420,283.6931457519531,283.1828308105469,0.0043985415,-0.0019207312492653728,538.4582626342774,0.2,0.7836546152830124,0.01474609375,5e-05,-23.29738893508911
,,,,,,,537,909312,184.67,1693,444,1257.23698713,4430,182.9945831298828,283.1522521972656,0.0026117235,-0.0005823377927299589,700.8264236450195,0.2,0.9675290323793888,0.001416015625,5e-05,-23.296663761138916
,,,,,,,537,911360,186.22,1696,445,1266.20743666,4440,18.371265411376953,283.2860412597656,0.008483367,-0.006553207128308714,54.03956499099731,0.2,0.9845179030671716,0.080078125,5e-05,-23.297367429733278
,,,,,,,537,913408,188.2,1700,446,1272.02794793,4450,130.96543884277344,283.30364990234375,0.009473476,-0.0037728730705566703,331.43553428649903,0.2,0.701890766620636,0.06650390625,5e-05,-23.298626232147218
,,,,,,,537,915456,188.2,1704,447,1274.4014121700002,4460,1028.8369140625,283.334716796875,0.0051413816,-0.0005488814495038241,2889.687152099609,0.2,0.21961861848831177,0.013134765625,5e-05,-23.29884099960327
,,,,,,,537,917504,187.63,1708,448,1277.16309862,4470,410.58685302734375,283.3597106933594,0.004512485,-0.0024284266168251635,888.9287887573242,0.2,0.8721907734870911,0.008056640625,5e-05,-23.299120903015137
,,,,,,,537,919552,188.47,1712,449,1278.0611324600002,4480,219.48779296875,283.3576965332031,0.0021518278,-0.0007348491984885186,580.1010261535645,0.2,0.9170256331562996,0.00087890625,5e-05,-23.29940881729126
,,,,,,,537,921600,192.8,1715,450,1292.98086412,4490,72.27415466308594,283.5066833496094,0.006812,-0.002732865104917437,361.57075958251954,0.2,0.9394058622419834,0.03447265625,5e-05,-23.300460720062254
,,,,,,,537,923648,193.27,1719,451,1297.37166494,4500,159.11032104492188,283.6427917480469,0.0051873783,-0.0035758697951678185,359.54881744384767,0.2,0.9711657427251339,0.03623046875,5e-05,-23.30390672683716
,,,,,,,537,925696,193.11,1723,452,1285.1870687,4510,139.6383819580078,283.7427978515625,0.007315822,-0.006173729151487351,422.5318199157715,0.2,0.9588762894272804,0.05771484375,5e-05,-23.304471349716188
,,,,,,,537,927744,191.81,1727,453,1278.98320879,4520,547.671875,283.79107666015625,0.0044146827,-0.002214109431952238,1272.9233932495117,0.2,0.9442538134753704,0.015966796875,5e-05,-23.304934978485107
,,,,,,,537,929792,191.81,1731,454,1286.4300469400002,4530,602.2296142578125,283.8045959472656,0.0009591921,-0.0008008562028408051,2079.992068481445,0.2,0.8461866676807404,9.765625e-05,5e-05,-23.304550695419312
,,,,,,,537,931840,191.81,1734,455,1279.1070503100004,4540,235.67575073242188,283.8243713378906,0.005320453,-0.0015929566114209592,647.5219635009765,0.2,0.9411285854876041,0.009130859375,5e-05,-23.304693031311036
,,,,,,,537,933888,190.06,1738,456,1269.2848131,4550,176.8254852294922,283.9985046386719,0.008952265,-0.008559683768544346,227.96129550933838,0.2,0.9175090938806534,0.083837890625,5e-05,-23.30466980934143
,,,,,,,537,935936,191.62,1742,457,1271.4466694100001,4560,346.5426025390625,284.1137390136719,0.005798439,-0.005365484146750532,798.4400924682617,0.2,0.9719061702489853,0.04072265625,5e-05,-23.303675365447997
,,,,,,,537,937984,191.62,1746,458,1281.03546796,4570,445.3965759277344,284.11865234375,0.004353003,-0.0019904274435248227,1000.2573989868164,0.2,0.9001792073249817,0.019091796875,5e-05,-23.30386848449707
,,,,,,,537,940032,192.45,1749,459,1291.65585861,4580,143.51551818847656,284.2846374511719,0.0071512163,-0.0029124522756319494,236.07264099121093,0.2,0.9126782864332199,0.0490234375,5e-05,-23.304667663574218
,,,,,,,537,942080,192.53,1753,460,1291.41588441,4590,425.3788146972656,284.3683166503906,0.0016379271,-0.0001837186428019777,1113.092347717285,0.2,0.9479202628135681,0.00263671875,5e-05,-23.30652585029602
,,,,,,,537,944128,190.91,1757,461,1280.12066663,4600,295.3136291503906,284.3799133300781,0.006558614,-0.0034228951670229437,910.4450935363769,0.2,0.8572355657815933,0.0251953125,5e-05,-23.3067476272583
,,,,,,,537,946176,190.78,1761,462,1281.9011642199998,4610,114.4611587524414,284.3571472167969,0.0073788483,-0.0035064424737356603,496.039278793335,0.2,0.9519046880304813,0.033154296875,5e-05,-23.306809377670287
,,,,,,,537,948224,192.08,1765,463,1291.70975703,4620,369.5742492675781,284.3484191894531,0.0058499137,-0.002002823509974405,1452.0463119506835,0.2,0.9253903701901436,0.017431640625,5e-05,-23.30720200538635
,,,,,,,537,950272,192.08,1769,464,1290.11866412,4630,59.02412033081055,284.39080810546875,0.0057898476,-0.0020273394184187055,241.19690895080566,0.2,0.9575273357331753,0.015673828125,5e-05,-23.30763511657715
,,,,,,,537,952320,194.79,1772,465,1306.8108086200002,4640,20.90735626220703,284.26507568359375,0.013373526,-0.0061648120579775425,70.22029962539673,0.2,0.9648074358701706,0.0826171875,5e-05,-23.3071879863739
,,,,,,,537,954368,193.64,1776,466,1294.2062153000002,4650,156.78237915039062,284.1788024902344,0.007984258,-0.0022834975156001748,213.7510787963867,0.2,0.9529829323291779,0.12841796875,5e-05,-23.303369760513306
,,,,,,,537,956416,193.64,1780,467,1292.09343888,4660,122.03652954101562,284.1485290527344,0.007032623,-0.0007537196739576757,284.6974048614502,0.2,0.967708308249712,0.054736328125,5e-05,-23.298070240020753
,,,,,,,537,958464,192.84,1784,468,1270.77692258,4670,207.8089599609375,283.9991455078125,0.0063510807,-0.0037229515495710076,689.5874168395997,0.2,0.8834253996610641,0.03662109375,5e-05,-23.297229862213136
,,,,,,,537,960512,192.67,1787,469,1274.0368729299998,4680,338.4461364746094,283.88836669921875,0.0068638627,-0.0029445292631862683,1059.641367340088,0.2,0.9246050342917442,0.0572265625,5e-05,-23.296920013427734
,,,,,,,537,962560,191.38,1791,470,1269.1837065299999,4690,405.49200439453125,283.879638671875,0.008755254,-0.0034258995787240566,1029.0062255859375,0.2,0.9078372418880463,0.04501953125,5e-05,-23.296620178222657
,,,,,,,537,964608,190.71,1795,471,1261.17955901,4700,228.1505889892578,283.8827209472656,0.0021261487,-0.0011127866862807422,945.8980155944824,0.2,0.7950955927371979,0.001806640625,5e-05,-23.296498584747315
,,,,,,,537,966656,191.69,1799,472,1272.0102226099998,4710,86.40372467041016,283.9097900390625,0.0026014545,-0.0014246318591176533,325.6064002990723,0.2,0.9625384397804737,0.001416015625,5e-05,-23.29635581970215
,,,,,,,537,968704,191.69,1803,473,1273.53545375,4720,154.40179443359375,283.89044189453125,0.005949519,-0.003985233255662024,574.2931991577149,0.2,0.9132442250847816,0.03310546875,5e-05,-23.296730756759644
,,,,,,,537,970752,187.08,1807,474,1254.7801059899998,4730,170.43490600585938,284.0266418457031,0.0054715537,-0.002123175346059725,325.2609069824219,0.2,0.8970832005143166,0.04091796875,5e-05,-23.296557426452637
,,,,,,,537,972800,188.75,1810,475,1276.5057643799998,4740,203.25009155273438,284.0960998535156,0.0053667654,-0.003745802107732743,513.525414276123,0.2,0.9534675180912018,0.039404296875,5e-05,-23.2971462726593
,,,,,,,537,974848,187.22,1814,476,1257.94834541,4750,259.24432373046875,284.23779296875,0.0071051004,-0.0036903824686305596,589.1945442199707,0.2,0.5705563426017761,0.0501953125,5e-05,-23.29793210029602
,,,,,,,537,976896,186.38,1818,477,1262.53692249,4760,115.1954116821289,284.400390625,0.007647911,-0.004333901981590315,265.01641273498535,0.2,0.9727513492107391,0.058349609375,5e-05,-23.300262260437012
,,,,,,,537,978944,185.78,1822,478,1252.56431942,4770,157.09213256835938,284.47216796875,0.005427289,-0.0011955840862356126,453.6920845031738,0.2,0.935669332742691,0.015966796875,5e-05,-23.302274656295776
,,,,,,,537,980992,188.69,1826,479,1264.85002771,4780,310.1922607421875,284.47515869140625,0.0035033142,-0.0029196028946898876,726.7042961120605,0.2,0.9213911443948746,0.01220703125,5e-05,-23.302664279937744
,,,,,,,537,983040,183.58,1830,480,1243.94702439,4790,111.52884674072266,284.36248779296875,0.0059209224,-0.003979194443672895,415.28402481079104,0.2,0.9375521540641785,0.05146484375,5e-05,-23.30339126586914
,,,,,,,536,985088,179.6,1834,481,1240.7144554000001,4800,698.6600952148438,284.30859375,0.0040287115,-0.0020428930351044984,1996.6657928466798,0.2,0.9175638109445572,0.00966796875,5e-05,-23.304152059555054
,,,,,,,537,987136,181.3,1838,482,1245.41593056,4810,438.93951416015625,284.3122863769531,0.0017621707,-0.0009665404097177089,980.9588562011719,0.2,0.9492344781756401,0.0001953125,5e-05,-23.30444278717041
,,,,,,,537,989184,183.44,1841,483,1255.05177966,4820,231.37896728515625,284.3048400878906,0.0015546363,-0.001166743692010641,755.0444076538085,0.2,0.9570474997162819,0.000830078125,5e-05,-23.3044499874115
,,,,,,,536,991232,178.83,1846,484,1214.1964873699999,4830,1039.862060546875,284.3066101074219,0.0010397121,-0.0006289187120273709,2769.1750366210936,0.2,0.9154767170548439,9.765625e-05,5e-05,-23.304301738739014
,,,,,,,536,993280,176.23,1850,485,1207.41096038,4840,381.0961608886719,284.2944641113281,0.0024365205,-0.0010993122676154598,1031.8999328613281,0.2,0.967148095369339,0.00126953125,5e-05,-23.30416808128357
,,,,,,,536,995328,177.87,1854,486,1227.2508546,4850,461.61676025390625,284.27471923828125,0.0051415367,-0.0039246088301297275,1300.7595504760743,0.2,0.9595377743244171,0.025927734375,5e-05,-23.303932905197144
,,,,,,,536,997376,178.7,1857,487,1231.5781597300002,4860,147.7825927734375,284.57696533203125,0.009311968,-0.004795594693860039,231.8832275390625,0.2,0.8677492141723633,0.05947265625,5e-05,-23.304562664031984
,,,,,,,536,999424,180.24,1861,488,1234.00083421,4870,834.7933349609375,284.7193298339844,0.0035233242,0.000942897266941145,2283.663289642334,0.2,0.2855420708656311,0.1005859375,5e-05,-23.305625867843627
,,,,,,,536,1001472,184.4,1865,489,1249.69331483,4880,150.78253173828125,284.7516784667969,0.0028682826,-0.0010442598519148304,542.2283966064454,0.2,0.9694234244525433,0.001318359375,5e-05,-23.30626482963562
