hyperparams/gamma,hyperparams/learning_rate,hyperparams/batch_size,hyperparams/n_steps,hyperparams/clip_range,hyperparams/ent_coef,hyperparams/seed,time/fps,time/iterations,rollout/ep_len_mean,time/time_elapsed,time/total_timesteps,rollout/ep_rew_mean,train/explained_variance,train/n_updates,train/entropy_loss,train/approx_kl,train/clip_range,train/value_loss,train/std,train/policy_gradient_loss,train/clip_fraction,train/loss,train/learning_rate
0.99,0.0003,512,2048,0.2,0.01,2,,,,,,,,,,,,,,,,,
,,,,,,,582,1,181.27272727272728,3,2048,1118.8453612727271,,,,,,,,,,,
,,,,,,,546,2,180.0,7,4096,1050.4325787272728,0.221000075340271,10,-20.294445323944093,0.022323601,0.2,2845.839636230469,104.82803344726562,-0.005060553460498341,0.1578125,1285.0457763671875,0.0003
,,,,,,,524,3,177.91176470588235,11,6144,1069.8248945588236,0.8093750476837158,20,-20.300676012039183,0.012724422,0.2,1791.6574417114257,104.61380004882812,-0.00740275489515625,0.17265625,618.6404418945312,0.0003
,,,,,,,518,4,172.2340425531915,15,8192,1012.7851110425534,0.6750237047672272,30,-20.31041851043701,0.025517222,0.2,1711.8234741210938,104.69156646728516,-0.004831593064591288,0.155126953125,371.2565002441406,0.0003
,,,,,,,518,5,177.10526315789474,19,10240,1073.5448085789474,0.89711594581604,40,-20.319419860839844,0.0084019555,0.2,1719.7090057373048,104.66958618164062,-0.0046416880330070855,0.11708984375,461.4869384765625,0.0003
,,,,,,,521,6,180.52238805970148,23,12288,1110.7934169104478,0.7955009341239929,50,-20.320682764053345,0.016636593,0.2,806.616828918457,104.66788482666016,0.000955652464472223,0.172998046875,146.94764709472656,0.0003
,,,,,,,518,7,181.40506329113924,27,14336,1116.7280888607595,0.947216808795929,60,-20.325906562805176,0.013745196,0.2,462.6451183319092,104.58361053466797,-0.000948885380057618,0.194287109375,151.8160858154297,0.0003
,,,,,,,519,8,181.76666666666668,31,16384,1129.2455486444442,0.9336816817522049,70,-20.337990283966064,0.032207742,0.2,423.0190818786621,104.41555786132812,-0.00035451417788863183,0.193896484375,108.34339904785156,0.0003
,,,,,,,519,9,180.51,35,18432,1127.21688163,0.7769680023193359,80,-20.34465103149414,0.016362155,0.2,834.4157455444335,104.70063018798828,0.0001799749123165384,0.183447265625,202.9518585205078,0.0003
,,,,,,,521,10,180.93,39,20480,1125.6177191300003,0.8468105494976044,90,-20.345450353622436,0.01057928,0.2,1017.1091583251953,104.69103240966797,0.0007207435439340771,0.15322265625,172.6780242919922,0.0003
,,,,,,,523,11,181.72,43,22528,1134.3089842400002,0.9290861189365387,100,-20.34242148399353,0.012810848,0.2,306.6567581176758,104.79251098632812,-0.0028041644138284026,0.16005859375,103.19390106201172,0.0003
,,,,,,,525,12,183.41,46,24576,1139.37627619,0.8999080657958984,110,-20.352662801742554,0.01562686,0.2,1271.141583251953,104.99295806884766,0.006424376298673451,0.297509765625,398.7421569824219,0.0003
,,,,,,,526,13,188.95,50,26624,1189.7046216699998,0.9353690221905708,120,-20.35646367073059,0.009558693,0.2,249.61981315612792,105.25887298583984,-0.003995541197946295,0.083154296875,54.42957305908203,0.0003
,,,,,,,526,14,187.64,54,28672,1162.70691616,0.9252539426088333,130,-20.356733894348146,0.025718812,0.2,233.56471309661865,105.0238265991211,-0.002693578996695578,0.183984375,143.28616333007812,0.0003
,,,,,,,527,15,186.23,58,30720,1140.61449488,0.8817960023880005,140,-20.352058124542236,0.012319012,0.2,1001.5141906738281,104.99270629882812,0.00987698528333567,0.321533203125,242.20309448242188,0.0003
,,,,,,,528,16,186.37,61,32768,1137.5551974,0.9023618847131729,150,-20.35011706352234,0.00776181,0.2,457.31900177001955,105.07884979248047,-0.0014478858560323716,0.210693359375,78.96859741210938,0.0003
,,,,,,,529,17,186.52,65,34816,1131.55323881,0.8469260632991791,160,-20.354212760925293,0.008272777,0.2,564.7473997116089,105.06572723388672,-0.004487511340994388,0.07431640625,169.1710205078125,0.0003
,,,,,,,530,18,189.6,69,36864,1133.0640874700005,0.9049403071403503,170,-20.36282057762146,0.015954632,0.2,658.4538360595703,105.69454956054688,-0.002877966727828607,0.177490234375,255.51980590820312,0.0003
,,,,,,,532,19,191.24,73,38912,1145.2992875099997,0.935834564268589,180,-20.377695560455322,0.006951448,0.2,126.66291084289551,105.76102447509766,0.0006143708946183324,0.18310546875,34.91651153564453,0.0003
,,,,,,,532,20,187.98,76,40960,1118.9734945700002,0.9291625320911407,190,-20.38506488800049,0.009809217,0.2,241.59181118011475,105.87932586669922,-0.0032973027555271983,0.1353515625,79.85132598876953,0.0003
,,,,,,,530,21,184.1,81,43008,1084.83232104,0.9570283405482769,200,-20.39177269935608,0.014799366,0.2,379.7421501159668,106.10175323486328,-0.006158129032701254,0.1365234375,124.8653793334961,0.0003
,,,,,,,531,22,184.1,84,45056,1088.5540436099998,0.872294157743454,210,-20.39221978187561,0.0071871905,0.2,2472.4300994873047,106.18965911865234,0.00018253845046274365,0.176611328125,1058.7080078125,0.0003
,,,,,,,531,23,183.69,88,47104,1084.1099847499997,0.9160576537251472,220,-20.391212224960327,0.020346079,0.2,476.52143478393555,106.62405395507812,0.0016934996587224306,0.239208984375,202.06732177734375,0.0003
,,,,,,,531,24,183.1,92,49152,1074.8780583500002,0.9641046486794949,230,-20.38868021965027,0.02684001,0.2,88.41668667793274,107.13262939453125,0.00408818461582996,0.246923828125,17.667606353759766,0.0003
,,,,,,,531,25,183.46,96,51200,1084.14892589,0.9536202326416969,240,-20.39443907737732,0.0170943,0.2,529.9701080322266,107.35050201416016,0.019499632169026882,0.4251953125,151.91275024414062,0.0003
,,,,,,,531,26,182.0,100,53248,1073.6915969899999,0.9787150658667088,250,-20.403307485580445,0.08936279,0.2,120.94592361450195,107.84982299804688,-0.003030623818631284,0.1900390625,15.893342971801758,0.0003
,,,,,,,529,27,171.78,104,55296,989.6023929899999,0.8245478272438049,260,-20.423182582855226,2.819027,0.2,1495.188949584961,108.0262680053711,0.12212893947726115,0.884375,519.85791015625,0.0003
,,,,,,,528,28,170.19,108,57344,960.5290713800001,0.8352648317813873,270,-20.429475831985474,0.005531431,0.2,1569.8052772521974,108.10488891601562,-0.0037081901857163755,0.035595703125,116.86360168457031,0.0003
,,,,,,,527,29,168.64,112,59392,938.1176137900001,0.8721448928117752,280,-20.433678817749023,0.005987153,0.2,1695.1016128540039,108.08930206298828,-0.005023538356181234,0.04697265625,394.588134765625,0.0003
,,,,,,,526,30,169.91,116,61440,918.8995186000002,0.9611255526542664,290,-20.434504795074464,0.010252518,0.2,536.8341934204102,108.15079498291016,-0.007277806580532342,0.079052734375,138.00291442871094,0.0003
,,,,,,,526,31,166.47,120,63488,876.66219829,0.9632946625351906,300,-20.436440849304198,0.006677623,0.2,433.2929141998291,108.26375579833984,-0.0034632596536539493,0.06396484375,89.73937225341797,0.0003
,,,,,,,527,32,168.6,124,65536,870.4232599,0.9680278934538364,310,-20.443017387390135,0.018458713,0.2,259.7439453125,108.31645965576172,-0.005061483685858547,0.19755859375,133.81837463378906,0.0003
,,,,,,,526,33,164.34,128,67584,817.37435744,0.9743758961558342,320,-20.447964906692505,0.007939834,0.2,119.48237285614013,108.5792236328125,0.000545577728189528,0.117822265625,23.733051300048828,0.0003
,,,,,,,526,34,164.18,132,69632,790.1719429799999,0.9632696136832237,330,-20.4529908657074,0.007711043,0.2,464.7399589538574,108.5038833618164,-0.008530686190351845,0.124365234375,134.71441650390625,0.0003
,,,,,,,527,35,170.05,135,71680,833.06433309,0.9518997259438038,340,-20.45207471847534,0.010960741,0.2,486.1260025024414,108.61231231689453,-0.0013478342792950571,0.068408203125,243.6551055908203,0.0003
,,,,,,,526,36,170.24,139,73728,844.76360319,0.9655767567455769,350,-20.45870156288147,0.009929135,0.2,343.4421459197998,108.65250396728516,-0.009286593948490917,0.140966796875,139.98353576660156,0.0003
,,,,,,,525,37,170.14,144,75776,830.8268641799997,0.9760284274816513,360,-20.463983488082885,0.024707712,0.2,243.32704944610595,108.56741333007812,-0.008083919738419354,0.172216796875,53.559749603271484,0.0003
,,,,,,,525,38,168.09,148,77824,821.4708944199999,0.9625432640314102,370,-20.469662618637084,0.003946634,0.2,505.9959182739258,108.60358428955078,-0.000355573178967461,0.1314453125,86.2978286743164,0.0003
,,,,,,,525,39,163.14,152,79872,789.49273305,0.9508541226387024,380,-20.467989492416383,0.005741412,0.2,1145.463661956787,108.7501449584961,-0.0031880132213700564,0.08388671875,460.09527587890625,0.0003
,,,,,,,525,40,166.81,155,81920,815.8941834900002,0.9000033289194107,390,-20.470601415634157,0.016417751,0.2,1024.7994522094727,108.79342651367188,-0.00685382453375496,0.100537109375,222.62750244140625,0.0003
,,,,,,,525,41,169.85,159,83968,839.2433296500001,0.931796133518219,400,-20.47345428466797,0.0072072414,0.2,470.86786499023435,108.864990234375,-0.005186512123327702,0.053759765625,139.22634887695312,0.0003
,,,,,,,526,42,169.22,163,86016,846.4991853799999,0.9732068162411451,410,-20.47546696662903,0.0067674574,0.2,200.46960201263428,108.86772918701172,-0.00789545673178509,0.077734375,55.90480422973633,0.0003
,,,,,,,525,43,166.71,167,88064,830.8274458100001,0.9557098783552647,420,-20.47857313156128,0.0106376065,0.2,583.6175689697266,108.87619018554688,-0.0012393373879604041,0.092236328125,110.05156707763672,0.0003
,,,,,,,525,44,168.19,171,90112,831.8337867,0.962791208177805,430,-20.481741762161256,0.01108378,0.2,310.47797718048093,108.8935546875,0.000556082880939357,0.17060546875,46.63384246826172,0.0003
,,,,,,,525,45,171.0,175,92160,854.55452218,0.9171321988105774,440,-20.482703161239623,0.009282377,0.2,1329.05295753479,109.01998138427734,-0.007060892329900525,0.09814453125,897.0302124023438,0.0003
,,,,,,,524,46,172.26,179,94208,870.03912186,0.9784686993807554,450,-20.494988107681273,0.012592501,0.2,182.0028136253357,109.15633392333984,-0.0049145650235004725,0.085205078125,44.5844612121582,0.0003
,,,,,,,525,47,175.0,183,96256,887.8073843,0.9045205637812614,460,-20.499774789810182,0.010462948,0.2,1153.5230411529542,109.25299072265625,-0.0064308123372029515,0.14033203125,542.007568359375,0.0003
,,,,,,,526,48,178.3,186,98304,925.8509184999999,0.818276971578598,470,-20.502332401275634,0.0123116635,0.2,1141.6253227233888,109.32239532470703,-0.0037545835832133887,0.06943359375,355.8692932128906,0.0003
,,,,,,,526,49,178.2,190,100352,934.6229603000002,0.9624507203698158,480,-20.504174661636352,0.021525905,0.2,223.97439813613892,109.24378204345703,-0.0017156998859718443,0.117138671875,69.53388214111328,0.0003
,,,,,,,526,50,177.7,194,102400,930.8931592899999,0.9760155752301216,490,-20.49424343109131,0.014305649,0.2,230.6002326965332,109.22393035888672,-0.0017633037990890444,0.157373046875,50.379547119140625,0.0003
,,,,,,,525,51,177.87,198,104448,928.3783753,0.984724230132997,500,-20.492370271682738,0.011278732,0.2,171.29406881332397,109.09583282470703,-0.005443145043682307,0.145654296875,32.833988189697266,0.0003
,,,,,,,525,52,172.87,202,106496,909.12470398,0.9543086066842079,510,-20.49305624961853,0.033041973,0.2,249.04364700317382,109.0541763305664,-0.000979954015929252,0.299462890625,55.308353424072266,0.0003
,,,,,,,525,53,175.76,206,108544,916.1654219300002,0.9406790621578693,520,-20.498601388931274,0.010028546,0.2,1088.649518585205,109.09996795654297,-0.0016030988714192062,0.086328125,314.39678955078125,0.0003
,,,,,,,524,54,166.97,210,110592,856.1620085400001,0.9438919611275196,530,-20.496857786178587,0.008206279,0.2,1035.9879753112793,109.0037612915039,-0.0015799720596987755,0.142431640625,647.6593627929688,0.0003
,,,,,,,524,55,169.53,214,112640,870.0018946700001,0.9297364056110382,540,-20.495383739471436,0.011231167,0.2,629.862551498413,108.96502685546875,-0.004828994598938152,0.124853515625,154.17990112304688,0.0003
,,,,,,,524,56,170.13,218,114688,871.3470791199999,0.9512919262051582,550,-20.4944637298584,0.008006673,0.2,143.11476945877075,108.87369537353516,-0.005558899790048599,0.089892578125,29.49448585510254,0.0003
,,,,,,,524,57,167.69,222,116736,855.3781350400001,0.9800773877650499,560,-20.488945150375365,0.014127195,0.2,262.35237407684326,109.02104949951172,-0.004591162188444286,0.12421875,54.771583557128906,0.0003
,,,,,,,524,58,165.84,226,118784,848.94804463,0.8644870221614838,570,-20.488541412353516,0.024120491,0.2,1969.8449157714845,108.95813751220703,-0.0031651578057790173,0.170166015625,263.4169616699219,0.0003
,,,,,,,524,59,166.6,230,120832,858.65502787,0.9100722745060921,580,-20.489022541046143,0.008573922,0.2,816.9750869750976,109.02288055419922,-0.003517620201455429,0.0677734375,178.9807586669922,0.0003
,,,,,,,524,60,169.18,234,122880,884.66384508,0.9428849145770073,590,-20.490879011154174,0.0069203367,0.2,874.4650177001953,109.0704574584961,-0.002308992203325033,0.04736328125,335.95855712890625,0.0003
,,,,,,,524,61,167.4,238,124928,874.3906724599998,0.9739932026714087,600,-20.494610929489134,0.010374165,0.2,272.6568878173828,109.07662963867188,-0.0022836597170680763,0.087255859375,142.36456298828125,0.0003
,,,,,,,525,62,170.52,241,126976,912.0929329500001,0.93362757563591,610,-20.503765106201172,0.010367941,0.2,834.563646697998,109.10284423828125,-0.0054224729596171525,0.10791015625,306.6277770996094,0.0003
,,,,,,,525,63,178.93,245,129024,974.3355757,0.9753950741142035,620,-20.508610820770265,0.016167875,0.2,591.7676307678223,109.49887084960938,-0.006850861832208466,0.131201171875,288.71026611328125,0.0003
,,,,,,,526,64,178.93,249,131072,994.07074337,0.9018733724951744,630,-20.514295768737792,0.007436279,0.2,921.5196296691895,109.5641098022461,0.0008198252005968242,0.188037109375,211.48300170898438,0.0003
,,,,,,,525,65,174.52,253,133120,965.5894627800002,0.9247802570462227,640,-20.513726425170898,0.024154384,0.2,431.7869052886963,109.8409652709961,-0.0023759840783895924,0.098095703125,116.4402084350586,0.0003
,,,,,,,525,66,174.02,257,135168,968.16255015,0.9735905509442091,650,-20.51406478881836,0.019547297,0.2,351.8921802520752,109.95330047607422,-0.006658342608716339,0.161962890625,148.24368286132812,0.0003
,,,,,,,525,67,178.62,261,137216,1016.9543366300001,0.9604403451085091,660,-20.51149926185608,0.025862182,0.2,417.2321552276611,110.06310272216797,-0.007026052608853206,0.1849609375,146.87132263183594,0.0003
,,,,,,,525,68,181.74,264,139264,1034.67679651,0.91460020840168,670,-20.527731800079344,0.017427925,0.2,855.1169708251953,110.16545867919922,0.01886389028513804,0.412451171875,269.0614318847656,0.0003
,,,,,,,526,69,183.7,268,141312,1050.81225567,0.917938269674778,680,-20.53329792022705,0.009329431,0.2,348.86056690216066,110.1286392211914,-0.0013232357625383884,0.17783203125,66.26420593261719,0.0003
,,,,,,,526,70,185.74,272,143360,1074.2723964799998,0.9326959997415543,690,-20.533912324905394,0.009386046,0.2,486.3282127380371,110.16006469726562,-0.0036668115470092745,0.130859375,118.52699279785156,0.0003
,,,,,,,526,71,185.09,276,145408,1073.32643338,0.9582552462816238,700,-20.533115768432616,0.017907366,0.2,339.78079662323,110.0049819946289,-0.0005780305538792164,0.1134765625,94.53041076660156,0.0003
,,,,,,,526,72,179.19,280,147456,1023.0219808700001,0.9155175685882568,710,-20.530905723571777,0.021013048,0.2,764.0598197937012,109.89298248291016,0.0008750686421990395,0.201416015625,187.1488800048828,0.0003
,,,,,,,526,73,176.43,284,149504,1030.1189000800002,0.9846660802140832,720,-20.527522993087768,0.00968254,0.2,272.6521114349365,109.84586334228516,-0.004718521179165691,0.1203125,69.90971374511719,0.0003
,,,,,,,526,74,181.8,287,151552,1056.9847080900001,0.965693075209856,730,-20.52769446372986,0.0056668525,0.2,601.6829345703125,109.9979476928711,-0.009186697052791714,0.146337890625,215.60643005371094,0.0003
,,,,,,,526,75,184.11,291,153600,1065.5149299799998,0.9684961102902889,740,-20.529383659362793,0.01287368,0.2,321.8092405319214,110.3486557006836,-0.0016317362140398472,0.137548828125,78.51531219482422,0.0003
,,,,,,,526,76,179.04,295,155648,1023.80556713,0.8893484473228455,750,-20.534988021850587,0.016138155,0.2,413.37731552124023,110.55316925048828,0.0008786318474449217,0.20830078125,62.04084777832031,0.0003
,,,,,,,526,77,177.82,299,157696,1024.85107737,0.98240508697927,760,-20.54026894569397,0.0069671287,0.2,297.1005052566528,110.68358612060547,0.0019377354299649596,0.20361328125,59.45103073120117,0.0003
,,,,,,,526,78,178.53,303,159744,1034.1503808,0.9697584770619869,770,-20.54626054763794,0.009412549,0.2,631.2975196838379,111.07217407226562,-0.0027597085922025145,0.080224609375,156.35324096679688,0.0003
,,,,,,,527,79,178.74,306,161792,1039.0965013599998,0.9551567882299423,780,-20.554890441894532,0.01185522,0.2,775.9961112976074,111.19788360595703,-0.0043740670371335,0.06767578125,404.96612548828125,0.0003
,,,,,,,527,80,179.39,310,163840,1046.67602722,0.9631552025675774,790,-20.55845789909363,0.112388656,0.2,341.0745105743408,111.6000747680664,0.007067612273385748,0.28115234375,111.04762268066406,0.0003
,,,,,,,527,81,185.61,314,165888,1110.38035874,0.9565761461853981,800,-20.574897146224977,0.016659789,0.2,572.2214546203613,111.8248519897461,0.0005827044864417985,0.209130859375,193.45880126953125,0.0003
,,,,,,,528,82,186.59,318,167936,1105.9259010500004,0.9732436314225197,810,-20.58614139556885,0.015239108,0.2,464.5501907348633,111.7819595336914,0.004990608445950784,0.2013671875,190.19775390625,0.0003
,,,,,,,528,83,188.37,321,169984,1118.6129696199998,0.9574518389999866,820,-20.590467405319213,0.025767058,0.2,273.7866729736328,111.8396987915039,0.008774696430191398,0.278515625,65.7442398071289,0.0003
,,,,,,,528,84,190.57,325,172032,1137.8917874,0.9735881704837084,830,-20.59526400566101,0.123962104,0.2,123.2378493309021,112.297119140625,0.02890151913743466,0.328271484375,26.095245361328125,0.0003
,,,,,,,528,85,194.21,329,174080,1167.5496045500001,0.9697801060974598,840,-20.606649541854857,0.026544198,0.2,208.42557373046876,112.47644805908203,-0.0017638858989812434,0.235546875,110.4718246459961,0.0003
,,,,,,,528,86,194.15,333,176128,1165.70378691,0.9728453438729048,850,-20.613407611846924,0.006622768,0.2,517.0556457519531,112.57071685791016,0.00020436843624338508,0.10595703125,202.02891540527344,0.0003
,,,,,,,528,87,194.15,336,178176,1166.66162733,0.962352454662323,860,-20.614070463180543,0.01081953,0.2,291.3036954879761,112.6046371459961,-0.00252240898553282,0.11865234375,78.705322265625,0.0003
,,,,,,,529,88,195.67,340,180224,1160.58880979,0.9719080347567797,870,-20.61683883666992,0.011835129,0.2,234.486674118042,112.45177459716797,-0.0024105879827402534,0.0955078125,137.71189880371094,0.0003
,,,,,,,529,89,195.67,344,182272,1151.86794069,0.9670351408421993,880,-20.613906574249267,0.0068852566,0.2,94.66817464828492,112.33768463134766,-0.002576197381131351,0.102685546875,19.6763858795166,0.0003
,,,,,,,529,90,195.67,348,184320,1153.1485798200001,0.9777048993855715,890,-20.608761501312255,0.008064846,0.2,136.00158042907714,112.20317840576172,-0.0008779442228842527,0.037744140625,37.471885681152344,0.0003
,,,,,,,529,91,193.9,351,186368,1139.32073516,0.9715390466153622,900,-20.6088387966156,0.0065556196,0.2,290.39648017883303,112.26165771484375,-0.003877789608668536,0.0626953125,131.04994201660156,0.0003
,,,,,,,529,92,189.08,355,188416,1089.97918829,0.9015283584594727,910,-20.60922474861145,0.014624931,0.2,1363.60565032959,112.18743896484375,-0.006074671138776466,0.11787109375,584.1124877929688,0.0003
,,,,,,,529,93,189.08,359,190464,1093.22935815,0.9668005183339119,920,-20.608518886566163,0.0066242423,0.2,237.81547164916992,112.2983627319336,-0.004278328642249108,0.108740234375,71.59117126464844,0.0003
,,,,,,,529,94,189.08,363,192512,1092.34481783,0.7790499478578568,930,-20.620651960372925,0.014874073,0.2,313.2248317718506,112.4582748413086,-0.0010854498308617623,0.165576171875,118.71939086914062,0.0003
,,,,,,,530,95,190.11,367,194560,1113.22737328,0.9375603087246418,940,-20.63089027404785,0.01759639,0.2,201.63502197265626,113.09171295166016,-0.0027191405883058906,0.16962890625,79.93382263183594,0.0003
,,,,,,,530,96,191.78,370,196608,1134.7948226899998,0.9632832854986191,950,-20.647214365005492,0.025066346,0.2,328.3997741699219,114.03207397460938,-0.0007071038649883121,0.213623046875,159.02627563476562,0.0003
,,,,,,,530,97,190.02,374,198656,1123.3870624699998,0.7776995003223419,960,-20.657436180114747,0.018479114,0.2,767.6541717529296,114.2332763671875,-0.002821492904331535,0.161083984375,295.71923828125,0.0003
,,,,,,,530,98,186.8,378,200704,1115.69509706,0.9797470793128014,970,-20.666781616210937,0.005774965,0.2,143.51294479370117,114.25698852539062,-0.001609132083831355,0.08837890625,29.695770263671875,0.0003
,,,,,,,530,99,186.05,382,202752,1105.9925219099998,0.9266686141490936,980,-20.673603677749632,0.0117382705,0.2,290.3271113395691,114.5520248413086,-0.003638750803656876,0.10107421875,89.30025482177734,0.0003
,,,,,,,530,100,184.27,386,204800,1080.27224637,0.7066428959369659,990,-20.68195171356201,0.006693541,0.2,1381.8570541381837,114.64142608642578,-0.0008757329254876822,0.0794921875,262.3857727050781,0.0003
,,,,,,,530,101,187.0,390,206848,1110.23490903,0.9792541973292828,1000,-20.681608629226684,0.00997151,0.2,360.61955375671386,114.70557403564453,-0.005024969612713903,0.08896484375,74.32380676269531,0.0003
,,,,,,,530,102,187.0,393,208896,1104.1011722299997,0.9791831616312265,1010,-20.682300567626953,0.014309029,0.2,253.47404432296753,114.60507202148438,-0.005835403583478183,0.129248046875,82.40570068359375,0.0003
,,,,,,,530,103,184.4,397,210944,1091.6564820899998,0.9004958048462868,1020,-20.679714298248292,0.021905659,0.2,361.47699012756345,114.4322509765625,-0.0022676546417642386,0.189697265625,189.8351287841797,0.0003
,,,,,,,530,104,184.4,401,212992,1082.0231291200002,0.9536468237638474,1030,-20.6840548992157,0.0055361264,0.2,521.2462959289551,114.57764434814453,-0.00025440207682549956,0.143603515625,236.43675231933594,0.0003
,,,,,,,530,105,182.7,405,215040,1060.89095221,0.9819346088916063,1040,-20.68312273025513,0.008033952,0.2,144.46421432495117,114.74823760986328,-0.0019225125899538398,0.10732421875,28.052202224731445,0.0003
,,,,,,,529,106,178.77,409,217088,1036.83254122,0.959999356418848,1050,-20.67917342185974,0.0071331183,0.2,211.99011640548707,114.76464080810547,-0.0021752929198555647,0.15234375,36.95381546020508,0.0003
,,,,,,,530,107,180.41,413,219136,1055.2242131499997,0.816843256354332,1060,-20.680789947509766,0.008513096,0.2,2470.1306243896483,114.80648803710938,-0.005327099782880396,0.15341796875,808.7095947265625,0.0003
,,,,,,,530,108,177.64,417,221184,1039.16120167,0.9695116225630045,1070,-20.68083724975586,0.03553745,0.2,231.7111604690552,114.54520416259766,0.00310854654526338,0.150146484375,118.98872375488281,0.0003
,,,,,,,530,109,178.78,421,223232,1050.4263127899999,0.944915521889925,1080,-20.681284284591676,0.10587323,0.2,639.698021697998,114.61193084716797,0.06719009003136307,0.578759765625,190.19564819335938,0.0003
,,,,,,,529,110,178.0,425,225280,1044.96622647,0.9659228213131428,1090,-20.68692879676819,0.008691704,0.2,264.5810513496399,114.85299682617188,-0.006763409037375823,0.1251953125,74.31808471679688,0.0003
,,,,,,,530,111,175.48,428,227328,1033.24984623,0.9421572647988796,1100,-20.693915557861327,0.008295344,0.2,605.0844692230224,115.037841796875,0.0014088859577896073,0.221240234375,120.93657684326172,0.0003
,,,,,,,530,112,177.28,432,229376,1053.16351299,0.9860625006258488,1110,-20.69422516822815,0.011079472,0.2,250.4210039138794,114.9897232055664,-0.004218065738677978,0.1029296875,128.2905731201172,0.0003
,,,,,,,530,113,178.55,436,231424,1069.6738367199998,0.9567748494446278,1120,-20.69578766822815,0.010171816,0.2,697.4936965942383,114.99694061279297,-0.001994285691762343,0.099609375,187.6280059814453,0.0003
,,,,,,,530,114,179.36,440,233472,1078.04178705,0.9601911902427673,1130,-20.700105142593383,0.0067307996,0.2,698.9837455749512,115.08515167236328,-0.003452913186629303,0.049072265625,332.5850830078125,0.0003
,,,,,,,530,115,183.42,443,235520,1099.14522749,0.7777617871761322,1140,-20.69814109802246,0.010545447,0.2,1887.5308891296386,115.35824584960938,-0.00365370805375278,0.09609375,1066.059326171875,0.0003
,,,,,,,530,116,183.33,447,237568,1093.10488467,0.9601060561835766,1150,-20.703700494766235,0.0053813756,0.2,425.6279037475586,115.45008087158203,-0.002477712632389739,0.087353515625,93.2542953491211,0.0003
,,,,,,,530,117,186.0,451,239616,1122.84786416,0.9666559845209122,1160,-20.70666241645813,0.03351675,0.2,292.9770812988281,115.75426483154297,-0.0029593077022582294,0.120068359375,66.15525817871094,0.0003
,,,,,,,530,118,184.54,455,241664,1103.5889498499998,0.7672677487134933,1170,-20.712244081497193,0.015211855,0.2,1534.5931884765625,116.3538589477539,0.0013764631061349065,0.2572265625,419.9285583496094,0.0003
,,,,,,,530,119,186.74,459,243712,1119.87338657,0.918652668595314,1180,-20.730295753479005,0.007204922,0.2,1163.0855354309083,116.6038589477539,-0.004284449006081559,0.10283203125,245.13685607910156,0.0003
,,,,,,,530,120,188.99,463,245760,1134.99226887,0.9239315986633301,1190,-20.73590941429138,0.007563057,0.2,726.2870223999023,116.88265991210938,-0.002599297696724534,0.04580078125,236.001220703125,0.0003
,,,,,,,530,121,188.66,467,247808,1125.30974796,0.783484473824501,1200,-20.745142889022826,0.028087627,0.2,1000.681774520874,116.9219741821289,-0.002788541337940842,0.2052734375,171.22048950195312,0.0003
,,,,,,,530,122,186.27,471,249856,1107.71782128,0.9018411561846733,1210,-20.753347063064574,0.013867065,0.2,593.173133468628,117.0174789428711,0.0035624827025458215,0.256640625,138.1847686767578,0.0003
,,,,,,,530,123,185.8,474,251904,1102.6266426900002,0.9151065573096275,1220,-20.753762817382814,0.011768452,0.2,754.0826644897461,117.14849853515625,-0.006028442186652683,0.10419921875,98.30831146240234,0.0003
,,,,,,,530,124,186.88,478,253952,1104.5472645300001,0.9709035288542509,1230,-20.765036058425903,0.01492859,0.2,273.20305042266847,117.87718963623047,-0.004083453392377123,0.101513671875,38.38002014160156,0.0003
,,,,,,,530,125,187.1,482,256000,1102.1103393600001,0.9075748026371002,1240,-20.778535270690917,0.012668178,0.2,316.0733549118042,118.39541625976562,0.0009263332758564502,0.162890625,80.72872161865234,0.0003
,,,,,,,530,126,188.69,486,258048,1114.1775858700003,0.9574586637318134,1250,-20.78196039199829,0.009971553,0.2,453.691481590271,118.5605239868164,-0.0018639426998561248,0.11123046875,116.95465087890625,0.0003
,,,,,,,530,127,189.57,489,260096,1130.0454723999999,0.975308870896697,1260,-20.778224182128906,0.014584215,0.2,255.41430168151857,119.08224487304688,-0.0025824109674431384,0.0962890625,79.78108215332031,0.0003
,,,,,,,531,128,190.36,493,262144,1144.4940986699999,0.8999558687210083,1270,-20.779834699630737,0.012487421,0.2,994.1043930053711,119.24515533447266,0.007221773779019713,0.297314453125,333.65655517578125,0.0003
,,,,,,,530,129,188.85,497,264192,1127.6330647300001,0.9725555814802647,1280,-20.775816822052,0.01819976,0.2,213.9977991104126,119.1961669921875,-0.00959875873522833,0.15263671875,84.57396697998047,0.0003
,,,,,,,531,130,187.25,501,266240,1116.1928304199998,0.9043545424938202,1290,-20.779003143310547,0.030456211,0.2,181.27119646072387,119.47360229492188,-0.008927211083937436,0.295947265625,18.952165603637695,0.0003
,,,,,,,531,131,190.14,504,268288,1146.21334747,0.8494902700185776,1300,-20.780035066604615,0.013019424,0.2,950.7981071472168,119.55846405029297,0.0022959007299505176,0.272412109375,269.83221435546875,0.0003
,,,,,,,531,132,187.75,508,270336,1135.44040283,0.8779192492365837,1310,-20.779401350021363,0.029097587,0.2,521.5548896789551,119.251708984375,0.0008014168590307236,0.121435546875,224.5453643798828,0.0003
,,,,,,,531,133,183.01,512,272384,1133.81146278,0.8321351259946823,1320,-20.778470993041992,0.010308828,0.2,581.5248485565186,119.32614135742188,0.007434660295257345,0.27353515625,108.25477600097656,0.0003
,,,,,,,530,134,179.7,516,274432,1130.2972775099997,0.8503464907407761,1330,-20.789630365371703,0.01269756,0.2,499.01675567626955,119.67967987060547,-0.002683038229588419,0.135302734375,194.40341186523438,0.0003
,,,,,,,530,135,169.79,521,276480,1074.6331934199998,0.953681118786335,1340,-20.79962821006775,0.0057364265,0.2,463.3618877410889,120.00202178955078,-0.002607000182615593,0.08212890625,89.46845245361328,0.0003
,,,,,,,530,136,168.28,524,278528,1069.96348515,0.9354847893118858,1350,-20.8062922000885,0.009540882,0.2,670.6747100830078,120.07323455810547,-0.005793055397225544,0.09892578125,125.532958984375,0.0003
,,,,,,,530,137,169.38,528,280576,1082.0852095999999,0.9657285585999489,1360,-20.81386489868164,0.008868817,0.2,251.68949394226075,120.0802001953125,-0.000347104191314429,0.1279296875,140.88941955566406,0.0003
,,,,,,,530,138,168.3,532,282624,1074.1464770999999,0.9025462493300438,1370,-20.832204580307007,0.025544759,0.2,2816.6167694091796,120.02747344970703,0.027164495864417403,0.379248046875,266.0724792480469,0.0003
,,,,,,,530,139,167.53,536,284672,1069.71126867,0.8729669004678726,1380,-20.836333990097046,0.009912805,0.2,1317.1482208251953,120.16663360595703,-0.005837975349277258,0.09169921875,347.47076416015625,0.0003
,,,,,,,530,140,170.46,540,286720,1079.90198763,0.9171046316623688,1390,-20.838864755630492,0.00823666,0.2,1238.695280456543,120.13030242919922,-0.003757581493118778,0.06357421875,686.8470458984375,0.0003
,,,,,,,530,141,173.56,544,288768,1071.9278070499997,0.9333202093839645,1400,-20.832636165618897,0.0059385803,0.2,1273.7009147644044,120.14554595947266,-0.005958459636894986,0.0595703125,173.7386016845703,0.0003
,,,,,,,530,142,175.14,548,290816,1076.5997875199998,0.9671262763440609,1410,-20.82948718070984,0.019872665,0.2,313.9515377044678,120.16946411132812,-0.0013326438667718322,0.133447265625,73.90333557128906,0.0003
,,,,,,,530,143,179.02,551,292864,1100.4132283,0.9719653762876987,1420,-20.832557249069215,0.009243043,0.2,143.3366445541382,120.45746612548828,0.005278655892470852,0.198583984375,27.35329246520996,0.0003
,,,,,,,530,144,187.47,555,294912,1147.97697636,0.9670924842357635,1430,-20.835637283325195,0.019915035,0.2,221.87198886871337,120.08490753173828,0.004892916296375916,0.240869140625,63.712406158447266,0.0003
,,,,,,,531,145,187.22,559,296960,1142.3803415099999,0.9316275864839554,1440,-20.82917728424072,0.021242563,0.2,655.8574638366699,119.79910278320312,0.036998886172659694,0.531640625,132.0418701171875,0.0003
,,,,,,,531,146,188.1,563,299008,1147.37042915,0.9033464416861534,1450,-20.83231916427612,0.0072093024,0.2,703.3509284973145,119.62403106689453,-0.005083868402289226,0.1189453125,133.7215576171875,0.0003
,,,,,,,531,147,192.24,566,301056,1197.64075832,0.9118175059556961,1460,-20.83500680923462,0.00779689,0.2,1293.293132019043,119.53790283203125,-0.006291551620233804,0.0607421875,367.0133056640625,0.0003
,,,,,,,531,148,191.6,570,303104,1199.81745092,0.8619876801967621,1470,-20.84055075645447,0.01821142,0.2,488.5858856201172,119.5071792602539,-0.0006718195276334882,0.129931640625,155.5727081298828,0.0003
,,,,,,,531,149,191.46,574,305152,1200.9321732,0.9512237869203091,1480,-20.859900140762328,0.008681775,0.2,526.2845348358154,120.2895278930664,-0.0021150333108380438,0.146728515625,259.4767150878906,0.0003
,,,,,,,531,150,193.1,578,307200,1215.73872226,0.9208419620990753,1490,-20.872969245910646,0.0124619175,0.2,359.09693546295165,120.68303680419922,-0.0029019348265137525,0.09306640625,76.449951171875,0.0003
,,,,,,,531,151,190.1,582,309248,1198.4657690699999,0.9497991055250168,1500,-20.893034887313842,0.024809659,0.2,164.23500719070435,121.1573715209961,0.0018773656629491597,0.186328125,70.8351821899414,0.0003
,,,,,,,531,152,191.74,585,311296,1211.84474341,0.9716574735939503,1510,-20.922846841812134,0.013805037,0.2,374.80577850341797,121.3714828491211,0.003437651167041622,0.336083984375,160.4513702392578,0.0003
,,,,,,,531,153,190.08,589,313344,1204.6075435199998,0.9424015134572983,1520,-20.93720932006836,0.029164923,0.2,186.7959108352661,121.4254379272461,-0.006130569463130087,0.155712890625,74.93017578125,0.0003
,,,,,,,531,154,189.72,593,315392,1189.49966436,0.8822449967265129,1530,-20.95607566833496,0.0103622405,0.2,973.7339233398437,121.56041717529297,0.0015462668816326186,0.263623046875,198.01104736328125,0.0003
,,,,,,,531,155,188.25,597,317440,1186.04257821,0.9254362732172012,1540,-20.95725483894348,0.00895921,0.2,994.8512367248535,121.68880462646484,-0.002943559375125915,0.080078125,310.4778137207031,0.0003
,,,,,,,531,156,184.43,601,319488,1165.9822353,0.9557042382657528,1550,-20.957072591781618,0.005689103,0.2,884.8817337036132,121.6845932006836,-0.002625750348670408,0.02685546875,348.0506896972656,0.0003
,,,,,,,531,157,186.76,605,321536,1187.0492429899998,0.9353978782892227,1560,-20.955281829833986,0.0064882822,0.2,741.4411117553711,121.68646240234375,-0.0028048754786141215,0.056591796875,219.6245574951172,0.0003
,,,,,,,531,158,182.78,609,323584,1155.31786628,0.8379798084497452,1570,-20.96493935585022,0.01388017,0.2,590.4722526550293,121.41593170166016,-0.004275309975491836,0.156884765625,236.6692657470703,0.0003
,,,,,,,531,159,182.78,613,325632,1153.96583494,0.8765285536646843,1580,-20.973751020431518,0.010145079,0.2,1142.9982429504394,121.43485260009766,0.0031756649434100835,0.24931640625,202.33445739746094,0.0003
,,,,,,,530,160,182.75,617,327680,1152.1890958099998,0.9614453501999378,1590,-20.982756042480467,0.02926617,0.2,159.13744735717773,121.27880096435547,-0.006232380564324558,0.181005859375,78.74600982666016,0.0003
,,,,,,,530,161,179.71,621,329728,1142.4839275099998,0.9433882422745228,1600,-21.00076322555542,0.014376931,0.2,527.6923370361328,121.25341033935547,0.027870565734338014,0.490869140625,74.68309783935547,0.0003
,,,,,,,531,162,181.5,624,331776,1150.1623680799999,0.9399607963860035,1610,-21.001319789886473,0.011060469,0.2,347.165075302124,121.13613891601562,-0.007128973997896537,0.082177734375,134.92002868652344,0.0003
,,,,,,,531,163,181.86,628,333824,1158.42067587,0.984319943934679,1620,-21.00628032684326,0.034088418,0.2,38.26014199256897,122.2614517211914,-0.0036212928011082114,0.202099609375,8.4862642288208,0.0003
,,,,,,,531,164,182.05,632,335872,1160.43160502,0.9605641327798367,1630,-21.027832221984863,0.017224735,0.2,398.99145278930666,122.78372192382812,0.03682296747865621,0.407861328125,162.10369873046875,0.0003
,,,,,,,531,165,182.36,636,337920,1160.63686071,0.9681678265333176,1640,-21.03340563774109,0.011554147,0.2,761.9459060668945,122.90898895263672,-0.0027184374688658864,0.074560546875,328.32269287109375,0.0003
,,,,,,,531,166,181.31,639,339968,1148.27177587,0.91573266685009,1650,-21.035334444046022,0.019057067,0.2,309.61871604919435,122.7223892211914,-0.004356917529366911,0.122998046875,82.85359191894531,0.0003
,,,,,,,531,167,184.36,643,342016,1161.8005331499999,0.8900684267282486,1660,-21.044560289382936,0.011077549,0.2,514.8266540527344,122.84175872802734,0.0049750347039662305,0.23505859375,130.74661254882812,0.0003
,,,,,,,531,168,182.74,647,344064,1148.97249079,0.8106759786605835,1670,-21.05016713142395,0.0067734392,0.2,1889.0054946899413,122.9443588256836,-0.002068215303006582,0.061083984375,1205.7191162109375,0.0003
,,,,,,,531,169,185.65,651,346112,1156.6420476399999,0.9456310793757439,1680,-21.052469539642335,0.017612956,0.2,377.75176467895506,122.8185043334961,-0.007625740661751479,0.121484375,62.48969650268555,0.0003
,,,,,,,531,170,188.69,655,348160,1166.59509723,0.9378689676523209,1690,-21.05031876564026,0.0075456635,0.2,448.78910999298097,122.78382110595703,-0.007113754574675113,0.074365234375,33.74858474731445,0.0003
,,,,,,,531,171,183.72,659,350208,1124.7237047400001,0.9784158002585173,1700,-21.051104164123537,0.010003481,0.2,372.00701065063475,122.87554931640625,-0.00416787932626903,0.07509765625,155.96470642089844,0.0003
,,,,,,,531,172,183.72,663,352256,1124.8187418200002,0.9431624040007591,1710,-21.052463245391845,0.009550823,0.2,474.6175483703613,123.14339447021484,-0.0027310173958539964,0.107470703125,74.36641693115234,0.0003
,,,,,,,531,173,186.17,666,354304,1141.98308696,0.9592782743275166,1720,-21.05930891036987,0.011420641,0.2,173.41740884780884,123.14599609375,-0.003853127232287079,0.121826171875,19.86539649963379,0.0003
,,,,,,,531,174,190.49,670,356352,1167.82439491,0.970160311087966,1730,-21.073269081115722,0.01188702,0.2,527.5732730865478,122.95040130615234,0.007722496020141989,0.24248046875,119.2573471069336,0.0003
,,,,,,,531,175,187.77,674,358400,1131.68698895,0.9763492923229933,1740,-21.0738564491272,0.008748221,0.2,549.7922157287597,122.82158660888672,0.0037381586036644874,0.1673828125,189.6951904296875,0.0003
,,,,,,,531,176,183.83,678,360448,1108.5584727699998,0.9172283038496971,1750,-21.071052312850952,0.006720946,0.2,1040.8062454223632,122.81758880615234,-0.0027201758697628976,0.0703125,287.5682067871094,0.0003
,,,,,,,531,177,182.81,682,362496,1107.7199853499997,0.9545643106102943,1760,-21.07268056869507,0.0094841365,0.2,538.6551658630372,122.59967803955078,-0.0056359460053499785,0.058154296875,157.3441925048828,0.0003
,,,,,,,531,178,182.81,686,364544,1113.4438632299998,0.8694708943367004,1770,-21.079409551620483,0.0053109797,0.2,1476.0030944824218,122.54492950439453,-0.0006067984737455845,0.17314453125,713.8316650390625,0.0003
,,,,,,,531,179,182.81,689,366592,1118.9844896,0.9271965846419334,1780,-21.079297876358034,0.006672937,0.2,339.50056648254395,122.32530975341797,-0.0025342667009681462,0.040185546875,70.1707992553711,0.0003
,,,,,,,531,180,186.24,693,368640,1146.65339006,0.9751751236617565,1790,-21.07318925857544,0.010297105,0.2,62.42752776145935,121.93350219726562,-0.006717212742660195,0.130078125,16.44365119934082,0.0003
,,,,,,,531,181,186.24,697,370688,1155.00316799,0.9356138184666634,1800,-21.081846523284913,0.00818253,0.2,543.5053527832031,121.80035400390625,-0.002553568402072415,0.0794921875,211.496826171875,0.0003
,,,,,,,531,182,182.52,701,372736,1119.7400609599997,0.9641927592456341,1810,-21.085246753692626,0.016074108,0.2,555.165193939209,121.90608978271484,-0.0033278328191954643,0.096728515625,301.9995422363281,0.0003
,,,,,,,531,183,183.21,705,374784,1136.52486776,0.8011722564697266,1820,-21.084793710708617,0.008628147,0.2,1822.3453399658204,121.98269653320312,-0.0005063361109932885,0.127880859375,511.13421630859375,0.0003
,,,,,,,531,184,182.67,709,376832,1138.15852504,0.9173463881015778,1830,-21.08855586051941,0.011766123,0.2,649.9242866516113,122.3411636352539,-0.005927618104033172,0.068017578125,241.1073760986328,0.0003
,,,,,,,531,185,189.41,712,378880,1185.2132448799998,0.9547848328948021,1840,-21.096811962127685,0.0071827243,0.2,292.6873184204102,122.5294189453125,-0.0014193684997735544,0.0728515625,150.24435424804688,0.0003
,,,,,,,531,186,189.33,716,380928,1184.8794946,0.9527590572834015,1850,-21.10466766357422,0.017703416,0.2,330.0202827453613,122.53076171875,-0.0033500970457680523,0.15869140625,66.93543243408203,0.0003
,,,,,,,531,187,190.38,720,382976,1189.4664183000002,0.8878159746527672,1860,-21.11199541091919,0.006173546,0.2,517.9961734771729,122.68407440185547,0.0004941302875522524,0.163623046875,128.85580444335938,0.0003
,,,,,,,531,188,190.38,723,385024,1199.31396804,0.9278107360005379,1870,-21.117065763473512,0.020793516,0.2,220.17977352142333,122.90115356445312,-0.0040334380930289624,0.13330078125,120.22667694091797,0.0003
,,,,,,,531,189,191.92,727,387072,1206.87221518,0.9362976849079132,1880,-21.121227407455443,0.014037456,0.2,514.9368881225586,123.06939697265625,-0.0047225480782799424,0.162353515625,116.11278533935547,0.0003
,,,,,,,532,190,191.92,731,389120,1221.19948593,0.9727615192532539,1890,-21.13732032775879,0.014872104,0.2,137.82220869064332,123.2549057006836,-0.002099206863204017,0.148876953125,37.52085876464844,0.0003
,,,,,,,531,191,192.99,735,391168,1213.73148057,0.8834914863109589,1900,-21.144202136993407,0.005863989,0.2,529.6197547912598,123.54086303710938,-0.004255497420672327,0.077734375,253.32228088378906,0.0003
,,,,,,,531,192,192.26,739,393216,1213.2888584300001,0.9365648552775383,1910,-21.142157316207886,0.006822268,0.2,595.5685066223144,123.58171844482422,-0.005247665802016854,0.0876953125,107.3267593383789,0.0003
,,,,,,,532,193,192.26,742,395264,1201.43617292,0.9595457464456558,1920,-21.143953704833983,0.015536153,0.2,790.0152717590332,123.56365966796875,-0.0056404876988381146,0.1279296875,318.98114013671875,0.0003
,,,,,,,532,194,192.36,746,397312,1207.4425830899997,0.980698749423027,1930,-21.150100660324096,0.010409584,0.2,351.08589057922364,123.81063842773438,-0.0014271613850723951,0.090966796875,146.0812530517578,0.0003
,,,,,,,532,195,193.77,750,399360,1235.23922877,0.8872451707720757,1940,-21.154658174514772,0.009593712,0.2,687.8218360900879,123.89236450195312,-0.0037852693552849815,0.10234375,230.65875244140625,0.0003
,,,,,,,532,196,192.57,754,401408,1211.2551028999999,0.7308988273143768,1950,-21.15440101623535,0.0042670323,0.2,1207.014250946045,123.86687469482422,-0.004115691620972939,0.08349609375,317.7505798339844,0.0003
,,,,,,,532,197,191.07,757,403456,1202.30817618,0.9494852721691132,1960,-21.15360736846924,0.024885522,0.2,626.8281410217285,123.98229217529297,-0.0018351228209212422,0.158203125,184.90887451171875,0.0003
,,,,,,,532,198,191.07,761,405504,1200.7982316099997,0.9509128704667091,1970,-21.1524959564209,0.013473875,0.2,952.8009590148926,124.0499496459961,-0.001654828735627234,0.10732421875,229.37100219726562,0.0003
,,,,,,,532,199,188.51,765,407552,1172.1595227,0.9441029727458954,1980,-21.155387020111085,0.0039817016,0.2,350.97760219573973,124.19183349609375,-0.0033056199608836323,0.0203125,60.44450759887695,0.0003
,,,,,,,532,200,187.56,769,409600,1172.1352511799998,0.9130804911255836,1990,-21.158915567398072,0.008508788,0.2,980.7758071899414,124.28549194335938,-0.004302077315514907,0.061083984375,347.3745422363281,0.0003
,,,,,,,532,201,191.28,772,411648,1197.9465083999999,0.959396630525589,2000,-21.162025690078735,0.0754465,0.2,338.2569469451904,124.54985809326172,-0.0003472406999208033,0.182666015625,98.43767547607422,0.0003
,,,,,,,532,202,189.73,776,413696,1190.3710815700001,0.9350940957665443,2010,-21.167947626113893,0.009290703,0.2,387.9734512329102,124.58135223388672,0.008241643791552632,0.248779296875,115.09132385253906,0.0003
,,,,,,,532,203,189.07,780,415744,1162.81211782,0.810102641582489,2020,-21.1666561126709,0.009005232,0.2,451.92470970153806,124.56793975830078,-0.0011892579728737473,0.176025390625,165.8414306640625,0.0003
,,,,,,,532,204,185.37,784,417792,1113.78862857,0.8407884687185287,2030,-21.165015697479248,0.0051697036,0.2,1260.8204612731934,124.46868133544922,-0.0034892832627519965,0.044384765625,363.3382568359375,0.0003
,,,,,,,532,205,184.99,788,419840,1121.14787816,0.9397620931267738,2040,-21.165194368362428,0.0063250186,0.2,785.1051071166992,124.47899627685547,-0.00464818681939505,0.058984375,322.1627502441406,0.0003
,,,,,,,532,206,184.93,792,421888,1107.4182246999999,0.949488703161478,2050,-21.167291021347047,0.0069257976,0.2,287.653825378418,124.43350982666016,-0.005003935564309359,0.077392578125,90.14275360107422,0.0003
,,,,,,,532,207,180.57,796,423936,1079.44502437,0.9667078629136086,2060,-21.171243047714235,0.009491801,0.2,570.7498279571533,124.27606964111328,-0.005700449302094057,0.096533203125,234.89210510253906,0.0003
,,,,,,,532,208,178.89,800,425984,1054.5275109000002,0.9663926362991333,2070,-21.174676847457885,0.027006095,0.2,556.6161228179932,124.13982391357422,-0.0028409538499545306,0.10126953125,173.1925506591797,0.0003
,,,,,,,532,209,178.2,803,428032,1049.44585747,0.8133736252784729,2080,-21.175503253936768,0.009188904,0.2,4602.1650390625,124.11878204345703,-0.0039052733656717463,0.11328125,2312.194580078125,0.0003
,,,,,,,532,210,174.32,807,430080,1016.3740666300001,0.9661131985485554,2090,-21.176377248764037,0.00987947,0.2,903.6704353332519,124.16909790039062,-0.008099040400702506,0.087060546875,324.0163879394531,0.0003
,,,,,,,532,211,178.04,811,432128,1043.3838827599998,0.9721100442111492,2100,-21.178884649276732,0.009000409,0.2,512.0676219940185,124.38726043701172,-0.005559252051170915,0.080224609375,194.63609313964844,0.0003
,,,,,,,532,212,180.71,815,434176,1075.7815510199998,0.9770958218723536,2110,-21.189321947097778,0.01131958,0.2,489.5616031646729,124.5945053100586,-0.0027819478942546993,0.044140625,168.8753204345703,0.0003
,,,,,,,532,213,179.78,819,436224,1076.2918313900002,0.9697180334478617,2120,-21.193441152572632,0.052817166,0.2,263.32830848693845,124.65792846679688,-0.0006269801291637122,0.15205078125,77.29297637939453,0.0003
,,,,,,,532,214,180.21,823,438272,1078.73925294,0.8907448872923851,2130,-21.196577167510988,0.021778833,0.2,1347.258568572998,124.76297760009766,0.03169803278287873,0.536083984375,365.3712463378906,0.0003
,,,,,,,532,215,181.37,826,440320,1095.77218266,0.9760133344680071,2140,-21.200013399124146,0.010499055,0.2,277.7313858032227,124.97826385498047,-0.005206416000146419,0.07421875,68.6670913696289,0.0003
,,,,,,,532,216,182.95,830,442368,1112.53455335,0.965680792927742,2150,-21.19661021232605,0.00693193,0.2,517.620980834961,124.75806427001953,-0.002682425267994404,0.064794921875,151.45884704589844,0.0003
,,,,,,,532,217,187.19,834,444416,1157.07289578,0.8834114298224449,2160,-21.18858857154846,0.02629514,0.2,899.7444583892823,124.54867553710938,0.001097568083787337,0.093212890625,277.8845520019531,0.0003
,,,,,,,532,218,189.45,838,446464,1168.45115785,0.9478888213634491,2170,-21.192738723754882,0.010488975,0.2,502.12327575683594,124.68238067626953,-0.004726990085327998,0.098681640625,229.3092803955078,0.0003
,,,,,,,532,219,188.38,842,448512,1154.54832675,0.986230868846178,2180,-21.20163426399231,0.011894792,0.2,68.35331954956055,124.99081420898438,-0.0018454450982972048,0.184033203125,21.29106903076172,0.0003
,,,,,,,532,220,188.41,846,450560,1142.08783468,0.7916576564311981,2190,-21.20581603050232,0.010912584,0.2,1437.478424835205,124.90170288085938,-0.003097071626689285,0.199853515625,381.4623107910156,0.0003
,,,,,,,532,221,187.27,849,452608,1131.9774671699997,0.9549975767731667,2200,-21.207044982910155,0.014812498,0.2,331.7860809326172,124.77332305908203,-0.004236623729229905,0.095849609375,64.74076843261719,0.0003
,,,,,,,532,222,187.38,853,454656,1116.9118192100002,0.964873731136322,2210,-21.202597904205323,0.0074573616,0.2,339.59930458068845,124.84646606445312,-0.0030128054233500732,0.137646484375,53.51971435546875,0.0003
,,,,,,,532,223,187.61,857,456704,1123.5172051,0.9564636163413525,2220,-21.20684494972229,0.0077792276,0.2,696.1472557067871,124.96050262451172,-0.0029758179793134333,0.097900390625,173.72584533691406,0.0003
,,,,,,,532,224,187.61,861,458752,1118.84631315,0.9544593580067158,2230,-21.210486030578615,0.012509998,0.2,433.8822403907776,125.0698013305664,-0.006073569488944486,0.119970703125,204.8536834716797,0.0003
,,,,,,,532,225,187.61,865,460800,1119.67326667,0.9814782328903675,2240,-21.213217544555665,0.0056449035,0.2,163.42903413772584,125.28549194335938,-0.0030572284711524846,0.07236328125,29.645545959472656,0.0003
,,,,,,,532,226,188.93,868,462848,1144.6054196999999,0.980000851675868,2250,-21.22146773338318,0.06565425,0.2,206.74999790191652,124.98137664794922,-0.0012257605063496157,0.189453125,72.98119354248047,0.0003
,,,,,,,532,227,187.96,872,464896,1142.7197056000002,0.9626394957304001,2260,-21.23241968154907,0.013560899,0.2,357.6112678527832,125.2452392578125,0.023866606628871523,0.36474609375,111.8121109008789,0.0003
,,,,,,,532,228,189.74,876,466944,1144.6365390899998,0.9701739866286516,2270,-21.247054672241212,0.011085193,0.2,468.49084930419923,125.43997192382812,-0.0032345418818295,0.159326171875,202.74880981445312,0.0003
,,,,,,,532,229,191.4,880,468992,1158.67119722,0.9836260676383972,2280,-21.2545503616333,0.007784332,0.2,316.6278196334839,125.5422592163086,-0.003834113950142637,0.065966796875,122.22660064697266,0.0003
,,,,,,,532,230,194.02,883,471040,1185.9591239800002,0.9521331340074539,2290,-21.262348556518553,0.009599887,0.2,423.01533699035645,125.60894012451172,-0.002170323411701247,0.084619140625,212.1787872314453,0.0003
,,,,,,,533,231,196.25,887,473088,1213.6596502500001,0.9708038344979286,2300,-21.26649742126465,0.006099685,0.2,252.43930358886718,125.73733520507812,-0.005419730569701642,0.066162109375,146.62765502929688,0.0003
,,,,,,,533,232,196.25,891,475136,1225.5614497600002,0.9566404819488525,2310,-21.26682605743408,0.00857953,0.2,810.431494140625,125.84680938720703,-0.00164586124883499,0.041650390625,507.9129943847656,0.0003
,,,,,,,533,233,197.57,895,477184,1237.9158320699999,0.9059953019022942,2320,-21.271302652359008,0.0202623,0.2,355.6859878540039,125.92444610595703,-0.003775075648445636,0.14130859375,122.52717590332031,0.0003
,,,,,,,533,234,195.88,898,479232,1226.34178831,0.9610327892005444,2330,-21.280601024627686,0.03286835,0.2,170.03866891860963,125.02233123779297,-0.0011730485159205273,0.20263671875,72.88726806640625,0.0003
,,,,,,,533,235,195.88,902,481280,1219.89974588,0.9629965089261532,2340,-21.270025300979615,0.016192235,0.2,125.0735634803772,124.35970306396484,0.030040576017927378,0.4501953125,25.614839553833008,0.0003
,,,,,,,533,236,196.47,906,483328,1217.7073082099998,0.9462681598961353,2350,-21.27543263435364,0.015514957,0.2,386.61896057128905,124.32400512695312,-0.0013616284704767168,0.126513671875,167.04449462890625,0.0003
,,,,,,,533,237,197.44,910,485376,1231.90445271,0.9260171055793762,2360,-21.27678155899048,0.014565307,0.2,863.3961082458496,124.28961181640625,0.009096748486626893,0.32060546875,420.782958984375,0.0003
,,,,,,,533,238,190.47,914,487424,1182.40054472,0.937375582754612,2370,-21.276409435272218,0.025601087,0.2,193.96309547424318,124.4763412475586,-0.007160055020358413,0.1619140625,110.84319305419922,0.0003
,,,,,,,533,239,188.89,918,489472,1169.1875819400002,0.8896595612168312,2380,-21.273646306991576,0.019933023,0.2,1611.068359375,124.61420440673828,0.028743635944556443,0.560009765625,434.01690673828125,0.0003
,,,,,,,533,240,188.89,922,491520,1158.50061902,0.9026100262999535,2390,-21.277374601364137,0.0035615545,0.2,583.2443763732911,124.7458267211914,-0.004240906792983878,0.099609375,207.1059112548828,0.0003
,,,,,,,533,241,187.7,925,493568,1142.9133900699999,0.9696026891469955,2400,-21.28348026275635,0.0063155084,0.2,191.01708927154542,124.90704345703125,-0.004737155951443128,0.059326171875,29.787019729614258,0.0003
,,,,,,,533,242,186.11,929,495616,1125.45755651,0.9694680403918028,2410,-21.28773283958435,0.008421327,0.2,428.2642078399658,124.99967193603516,-0.0038504974741954356,0.060986328125,152.65493774414062,0.0003
,,,,,,,533,243,186.7,933,497664,1128.9651094199999,0.9415550269186497,2420,-21.290747690200806,0.013004114,0.2,437.5303726196289,124.75414276123047,-0.008800988449365832,0.085009765625,179.05816650390625,0.0003
,,,,,,,533,244,186.7,937,499712,1125.14444821,0.9781554788351059,2430,-21.29062399864197,0.01511045,0.2,200.14439649581908,124.650634765625,-0.006227524019777775,0.12900390625,58.65156555175781,0.0003
,,,,,,,533,245,186.7,940,501760,1118.7559591499999,0.9698019828647375,2440,-21.285574674606323,0.008553334,0.2,358.59035606384276,124.56072235107422,-0.003192867070902139,0.10771484375,172.76344299316406,0.0003
,,,,,,,533,246,184.72,945,503808,1097.91422034,0.9721047878265381,2450,-21.2832631111145,0.005160152,0.2,374.6251953125,124.51162719726562,-0.0033227325446205215,0.1453125,79.75462341308594,0.0003
,,,,,,,533,247,188.57,948,505856,1135.4702830999997,0.9495376423001289,2460,-21.288029432296753,0.009708071,0.2,485.9050010681152,124.64647674560547,-0.0009812896780204028,0.13466796875,119.27091979980469,0.0003
,,,,,,,533,248,187.68,952,507904,1123.46999599,0.8842563182115555,2470,-21.295699501037596,0.009172711,0.2,1219.8351638793945,124.7241439819336,-0.005502865073503926,0.064697265625,273.4080810546875,0.0003
,,,,,,,533,249,182.64,956,509952,1093.4884517599999,0.9325183779001236,2480,-21.299322509765624,0.0060321935,0.2,716.2288787841796,124.86331939697266,-0.002425931970356032,0.035302734375,256.30792236328125,0.0003
,,,,,,,533,250,182.75,960,512000,1123.23861695,0.9443231225013733,2490,-21.309346008300782,0.009242703,0.2,518.2836814880371,124.88501739501953,-0.005128927499754354,0.1041015625,159.3331756591797,0.0003
,,,,,,,533,251,184.34,964,514048,1140.8977640900002,0.9242231696844101,2500,-21.31953830718994,0.011237669,0.2,256.1938570022583,124.50237274169922,-0.00405433111009188,0.087744140625,91.46774291992188,0.0003
,,,,,,,533,252,184.45,967,516096,1132.1963934999999,0.939201582223177,2510,-21.31120433807373,0.0084907785,0.2,532.8993522644043,124.35919952392578,0.0018070765596348791,0.18125,266.5693664550781,0.0003
,,,,,,,533,253,184.45,971,518144,1129.7641907700001,0.9491636008024216,2520,-21.3160352230072,0.009687258,0.2,468.171809387207,124.4290771484375,-0.005048153043026105,0.14228515625,88.34493255615234,0.0003
,,,,,,,533,254,184.45,975,520192,1134.9442944,0.9320220798254013,2530,-21.31977696418762,0.009225443,0.2,812.5285217285157,124.5157699584961,-0.0027947832946665584,0.100634765625,309.1654968261719,0.0003
,,,,,,,533,255,185.7,979,522240,1146.4382587100001,0.9632873833179474,2540,-21.324370288848876,0.0148803,0.2,218.74737453460693,124.69657135009766,-0.0014548066479619592,0.116259765625,87.52873229980469,0.0003
,,,,,,,533,256,187.15,983,524288,1165.56337203,0.9259953647851944,2550,-21.331342935562134,0.014704219,0.2,839.5831398010254,124.75897979736328,-0.0026158513763220982,0.18388671875,323.46295166015625,0.0003
,,,,,,,533,257,188.62,986,526336,1188.8202622200001,0.9235726296901703,2560,-21.33610668182373,0.027591959,0.2,419.6599346160889,124.5640869140625,-0.0022858933312818407,0.305322265625,130.26626586914062,0.0003
,,,,,,,533,258,189.84,990,528384,1185.76568393,0.9255455657839775,2570,-21.348776054382324,0.014228499,0.2,282.4006824493408,124.99044036865234,-0.002420226251706481,0.2197265625,96.24603271484375,0.0003
,,,,,,,533,259,192.76,994,530432,1189.28582505,0.8139447718858719,2580,-21.358582735061646,0.008975642,0.2,1307.1242225646972,125.39745330810547,-0.005080576133332215,0.146630859375,183.07437133789062,0.0003
,,,,,,,533,260,191.36,998,532480,1169.30777381,0.9788604229688644,2590,-21.368457746505737,0.0064370367,0.2,230.52307243347167,125.55984497070312,-0.004159451747545973,0.073193359375,81.69129180908203,0.0003
,,,,,,,533,261,190.84,1001,534528,1185.59265123,0.9632685333490372,2600,-21.36660056114197,0.0141347535,0.2,292.8116641998291,125.06024932861328,-0.008966500218957663,0.156005859375,116.09981536865234,0.0003
,,,,,,,533,262,190.84,1005,536576,1174.96905333,0.9173556119203568,2610,-21.358878135681152,0.022640826,0.2,585.1831031799317,125.14126586914062,-0.0031546791724395007,0.236669921875,168.2137451171875,0.0003
,,,,,,,533,263,190.84,1009,538624,1176.9340771999998,0.9911752194166183,2620,-21.36071734428406,0.058024827,0.2,47.91925754547119,124.89420318603516,0.003007270523812622,0.18046875,12.077082633972168,0.0003
,,,,,,,533,264,187.97,1013,540672,1151.24001278,0.9776822570711374,2630,-21.362910652160643,0.015985452,0.2,61.68676075935364,125.57247161865234,0.01683002944337204,0.30283203125,15.061463356018066,0.0003
,,,,,,,533,265,189.67,1017,542720,1159.81816027,0.9887032834812999,2640,-21.37730646133423,0.013133055,0.2,256.0866645812988,125.63705444335938,0.0007993782550329342,0.1595703125,134.8559112548828,0.0003
,,,,,,,533,266,192.24,1020,544768,1161.90009758,0.9184112995862961,2650,-21.373952531814574,0.0062326384,0.2,670.3366413116455,125.53875732421875,0.0034773446968756616,0.15146484375,348.51446533203125,0.0003
,,,,,,,533,267,192.24,1024,546816,1178.3306492000002,0.9581185504794121,2660,-21.376963806152343,0.0367531,0.2,309.09387283325196,125.73584747314453,-0.0017282955290284009,0.170947265625,155.8233184814453,0.0003
,,,,,,,533,268,188.96,1028,548864,1165.49062223,0.8777177408337593,2670,-21.385790205001832,0.022217546,0.2,466.06563835144044,125.87381744384766,0.006674829951953143,0.349462890625,144.13217163085938,0.0003
,,,,,,,533,269,190.61,1032,550912,1166.5770954299999,0.9352236464619637,2680,-21.39622893333435,0.014756611,0.2,513.2751937866211,126.2628173828125,0.002557652676478028,0.26513671875,214.9525909423828,0.0003
,,,,,,,533,270,190.5,1036,552960,1164.73088532,0.967216532677412,2690,-21.406406736373903,0.011852197,0.2,76.66585130691529,126.57982635498047,0.0028170574514660984,0.134521484375,13.37834358215332,0.0003
,,,,,,,533,271,189.8,1039,555008,1152.58734268,0.9739227313548326,2700,-21.41066632270813,0.014857839,0.2,221.7392894744873,127.44783782958984,0.0012223385972902178,0.23486328125,82.68925476074219,0.0003
,,,,,,,533,272,189.3,1043,557056,1138.3973311900002,0.9590114057064056,2710,-21.415248918533326,0.009496877,0.2,287.5293046951294,127.7059326171875,-0.0013677908340469004,0.20703125,36.57000732421875,0.0003
,,,,,,,533,273,190.99,1047,559104,1146.7327561799998,0.9465491659939289,2720,-21.41809825897217,0.007986587,0.2,383.6223571777344,127.62603759765625,-0.003885779099073261,0.077880859375,177.59271240234375,0.0003
,,,,,,,533,274,190.18,1051,561152,1141.80527723,0.8960733264684677,2730,-21.425819206237794,0.014952237,0.2,432.16271858215333,127.589599609375,-0.0005848449422046542,0.1078125,205.42291259765625,0.0003
,,,,,,,533,275,188.39,1055,563200,1124.12814978,0.9704902172088623,2740,-21.4355797290802,0.006717537,0.2,555.8929550170899,127.60808563232422,0.003022174601210281,0.177392578125,185.9439239501953,0.0003
,,,,,,,533,276,188.39,1059,565248,1117.39415882,0.9358232915401459,2750,-21.43907928466797,0.011426114,0.2,110.44847660064697,128.08111572265625,-0.0039113633276429026,0.08291015625,19.617998123168945,0.0003
,,,,,,,533,277,190.71,1063,567296,1141.8382961799998,0.9237358868122101,2760,-21.448611545562745,0.020798776,0.2,183.40989112854004,128.3253631591797,-0.002155151218175888,0.184326171875,52.742332458496094,0.0003
,,,,,,,533,278,190.71,1066,569344,1133.16680811,0.9524729438126087,2770,-21.446816158294677,0.022136327,0.2,1435.1321807861327,128.31112670898438,0.03096005498082377,0.411376953125,547.4060668945312,0.0003
,,,,,,,533,279,189.86,1070,571392,1114.42847597,0.9670867882668972,2780,-21.44519591331482,0.01856465,0.2,119.69780578613282,128.3412322998047,-0.0015376190713141114,0.092529296875,27.3236141204834,0.0003
,,,,,,,533,280,192.18,1074,573440,1134.09484584,0.8914766609668732,2790,-21.443594551086427,0.01547512,0.2,1010.3638679504395,128.42982482910156,0.0068210185505449775,0.33349609375,298.2997741699219,0.0003
,,,,,,,533,281,192.68,1077,575488,1145.6386450100001,0.9391527697443962,2800,-21.438460397720338,0.010632434,0.2,370.1938591003418,128.31092834472656,-0.001296147657558322,0.11630859375,82.19189453125,0.0003
,,,,,,,533,282,192.68,1081,577536,1166.0805844400002,0.8988124877214432,2810,-21.4290922164917,0.009696121,0.2,344.72383880615234,128.16017150878906,-0.004401458788197488,0.145703125,101.00814056396484,0.0003
,,,,,,,534,283,193.16,1085,579584,1165.58908346,0.9543265663087368,2820,-21.426081800460814,0.009972258,0.2,510.17676239013673,128.13406372070312,-0.004035736911464483,0.10888671875,210.0423583984375,0.0003
,,,,,,,533,284,196.06,1089,581632,1192.6969222100001,0.9512965343892574,2830,-21.42220072746277,0.014140726,0.2,354.412984085083,128.05860900878906,-0.004127014469122514,0.112841796875,167.93743896484375,0.0003
,,,,,,,533,285,194.47,1093,583680,1174.65269179,0.9420709870755672,2840,-21.42785792350769,0.015373182,0.2,695.6931381225586,128.0889434814453,-0.0019737950817216186,0.225341796875,219.22222900390625,0.0003
,,,,,,,534,286,194.47,1096,585728,1169.7113547,0.9868861837312579,2850,-21.440835905075073,0.029513936,0.2,59.741726112365725,129.26046752929688,-0.003326049563474953,0.15126953125,11.042424201965332,0.0003
,,,,,,,533,287,193.75,1100,587776,1195.62533321,0.9762102626264095,2860,-21.474214696884154,0.012860757,0.2,53.99796648025513,129.97842407226562,0.004582764609949663,0.237744140625,11.69460678100586,0.0003
,,,,,,,533,288,192.73,1104,589824,1215.01429219,0.7959756106138229,2870,-21.47671432495117,0.027573377,0.2,565.4175956726074,129.96348571777344,-0.0015905832406133413,0.16708984375,208.76937866210938,0.0003
,,,,,,,533,289,186.46,1108,591872,1199.92965352,0.9234016537666321,2880,-21.478993463516236,0.008687978,0.2,227.4703863143921,130.2753448486328,-0.003187560348305851,0.09248046875,62.53456115722656,0.0003
,,,,,,,533,290,184.98,1112,593920,1191.76948246,0.8648467063903809,2890,-21.47869987487793,0.0072800983,0.2,633.9810420989991,130.5011749267578,-0.0024561425525462255,0.0986328125,127.7070541381836,0.0003
,,,,,,,533,291,183.6,1116,595968,1172.15265347,0.9224091172218323,2900,-21.48357410430908,0.018265333,0.2,393.156960105896,130.73138427734375,-0.004658913466846571,0.14404296875,136.9279022216797,0.0003
,,,,,,,533,292,180.65,1120,598016,1146.44039699,0.7638524025678635,2910,-21.489027786254884,0.003721741,0.2,903.321925354004,130.66464233398438,-0.002139018592424691,0.0259765625,103.94926452636719,0.0003
,,,,,,,533,293,180.63,1124,600064,1159.01084718,0.8633991777896881,2920,-21.489884614944458,0.015308961,0.2,327.8636562347412,130.9354248046875,-0.010736795217962936,0.11669921875,31.868865966796875,0.0003
,,,,,,,533,294,180.4,1128,602112,1163.62805484,0.9454613663256168,2930,-21.500898933410646,0.010977609,0.2,281.6290096282959,131.0444793701172,0.004619118274422363,0.182763671875,46.30949401855469,0.0003
,,,,,,,533,295,179.55,1131,604160,1161.8074408300001,0.9464617744088173,2940,-21.50058307647705,0.0097548105,0.2,991.7225128173828,131.12440490722656,0.0007127332966774703,0.0962890625,176.65365600585938,0.0003
,,,,,,,533,296,181.98,1135,606208,1151.4691384999999,0.9776177741587162,2950,-21.502104091644288,0.008135204,0.2,448.55724029541017,131.35813903808594,-0.00018837266834452747,0.15693359375,192.31509399414062,0.0003
,,,,,,,533,297,181.35,1139,608256,1145.50952166,0.9707393683493137,2960,-21.501809930801393,0.0068333535,0.2,383.9220142364502,131.3460235595703,-0.0034741384559310974,0.102978515625,139.90997314453125,0.0003
,,,,,,,533,298,185.01,1143,610304,1146.1227859800001,0.8642281591892242,2970,-21.501023149490358,0.010795595,0.2,987.7125732421875,131.2207489013672,-0.0034287424641661346,0.146435546875,295.5413513183594,0.0003
,,,,,,,533,299,188.17,1147,612352,1154.17931713,0.9129924550652504,2980,-21.499183464050294,0.004797124,0.2,1177.097452545166,131.20297241210938,-0.0015333674324210732,0.021923828125,380.5798034667969,0.0003
,,,,,,,533,300,188.65,1151,614400,1166.10303952,0.9638183526694775,2990,-21.498973512649535,0.008406097,0.2,92.69518842697144,131.04835510253906,-0.00693482939968817,0.095849609375,29.802658081054688,0.0003
,,,,,,,533,301,187.26,1154,616448,1147.32887563,0.8539072722196579,3000,-21.496600961685182,0.009072129,0.2,879.4257186889648,130.891357421875,-0.005068584640685003,0.141552734375,390.7808837890625,0.0003
,,,,,,,533,302,189.61,1158,618496,1161.3972368,0.9088239073753357,3010,-21.49452395439148,0.008344848,0.2,1073.684287261963,130.88815307617188,-0.0013683638884685934,0.201611328125,274.2015075683594,0.0003
,,,,,,,533,303,189.55,1162,620544,1167.7829927700002,0.9053153321146965,3020,-21.493724584579468,0.016012197,0.2,437.9838333129883,130.67515563964844,-0.0032200305489823223,0.128466796875,68.00706481933594,0.0003
,,,,,,,533,304,189.28,1166,622592,1158.7151851499998,0.9077813848853111,3030,-21.49394826889038,0.01759201,0.2,745.8965057373047,130.7411346435547,-0.006521916668862105,0.213818359375,288.846435546875,0.0003
,,,,,,,533,305,189.28,1169,624640,1157.0093347900001,0.9526143968105316,3040,-21.494892740249632,0.008451538,0.2,554.0494297027587,130.7863006591797,-0.002116191346431151,0.049951171875,114.50750732421875,0.0003
,,,,,,,533,306,187.25,1174,626688,1149.93456051,0.9592862501740456,3050,-21.492812395095825,0.026188169,0.2,211.9872883796692,130.89027404785156,-0.005978924175724387,0.181298828125,49.4315299987793,0.0003
,,,,,,,533,307,187.43,1178,628736,1137.7423302899997,0.9625606201589108,3060,-21.491544914245605,0.010605811,0.2,710.8835700988769,131.03578186035156,-0.004995647288160399,0.102001953125,295.8187561035156,0.0003
,,,,,,,533,308,187.43,1181,630784,1153.39606451,0.9686800055205822,3070,-21.490682315826415,0.00600905,0.2,398.0038402557373,131.0995330810547,-0.006130676093744114,0.06171875,169.06719970703125,0.0003
,,,,,,,533,309,185.63,1185,632832,1145.9409442299998,0.9052884727716446,3080,-21.489473485946654,0.0047018463,0.2,249.5461736679077,131.07138061523438,-0.0027451232890598476,0.041796875,88.70880126953125,0.0003
,,,,,,,533,310,185.17,1189,634880,1152.29641482,0.9495678767561913,3090,-21.48676962852478,0.005292473,0.2,751.42426071167,131.14524841308594,-0.0016515703464392573,0.042333984375,112.82730865478516,0.0003
,,,,,,,533,311,184.84,1193,636928,1146.0223184899999,0.9732696786522865,3100,-21.490166997909547,0.012637153,0.2,411.6130126953125,131.4915008544922,-0.0056842598889488725,0.13515625,119.07701873779297,0.0003
,,,,,,,533,312,183.92,1197,638976,1135.2546420600002,0.9411685355007648,3110,-21.49912519454956,0.007837467,0.2,744.2236507415771,131.5914764404297,-0.004582377674523741,0.109033203125,166.50531005859375,0.0003
,,,,,,,533,313,183.38,1200,641024,1130.1832433299999,0.9376986734569073,3120,-21.501632738113404,0.010852748,0.2,435.75391311645507,131.6753387451172,-0.004555226484080776,0.086181640625,181.76113891601562,0.0003
,,,,,,,533,314,181.55,1204,643072,1116.15514923,0.9752225279808044,3130,-21.50389142036438,0.010535776,0.2,551.8625144958496,131.8119354248047,-0.006991298752836883,0.102294921875,174.20425415039062,0.0003
,,,,,,,533,315,186.21,1208,645120,1142.29661119,0.9604199156165123,3140,-21.506550788879395,0.012733454,0.2,398.54681396484375,132.00144958496094,-0.004101562855066731,0.066650390625,81.33999633789062,0.0003
,,,,,,,533,316,185.95,1212,647168,1156.48600856,0.9703198242932558,3150,-21.519194412231446,0.00812497,0.2,220.5224084854126,132.13558959960938,-0.0038506519573275,0.10263671875,111.9494857788086,0.0003
,,,,,,,533,317,185.95,1216,649216,1147.3465778999998,0.9483049176633358,3160,-21.52825870513916,0.008133639,0.2,731.0846870422363,132.1619873046875,-0.003195631183916703,0.105615234375,239.51670837402344,0.0003
,,,,,,,533,318,187.54,1219,651264,1166.7671617199999,0.9562340527772903,3170,-21.531521320343018,0.00997884,0.2,282.9075349807739,132.61280822753906,-0.006465717041282915,0.136865234375,79.10482025146484,0.0003
,,,,,,,534,319,191.6,1223,653312,1193.4415171,0.9749607536941767,3180,-21.529765844345093,0.06269242,0.2,215.29921054840088,132.79824829101562,-0.00035488511202856897,0.176708984375,79.84015655517578,0.0003
,,,,,,,534,320,191.83,1227,655360,1190.1317644599999,0.9749695044010878,3190,-21.520312452316283,0.029065926,0.2,212.88439807891845,133.3456573486328,0.01253336570225656,0.38994140625,98.67555236816406,0.0003
,,,,,,,534,321,194.47,1230,657408,1203.0157581699998,0.9398027434945107,3200,-21.535337495803834,0.012428267,0.2,580.9840950012207,133.7557830810547,0.0058641315437853335,0.18701171875,243.66085815429688,0.0003
,,,,,,,534,322,193.31,1234,659456,1203.2366965800002,0.8841446861624718,3210,-21.546386241912842,0.014066797,0.2,684.7201362609864,133.463134765625,-0.0036892481381073593,0.14169921875,218.64035034179688,0.0003
,,,,,,,534,323,194.31,1238,661504,1210.47634424,0.9361993968486786,3220,-21.55229768753052,0.008868345,0.2,502.5821481704712,133.75677490234375,-0.004482494702097028,0.147998046875,94.64872741699219,0.0003
,,,,,,,534,324,193.25,1242,663552,1192.9900206,0.9581449888646603,3230,-21.561310625076295,0.017835716,0.2,533.844556427002,133.78622436523438,-0.0010020437533967198,0.122998046875,301.923583984375,0.0003
,,,,,,,534,325,195.11,1245,665600,1213.95446057,0.8849499523639679,3240,-21.56043405532837,0.0073482916,0.2,663.7891986846923,133.8458709716797,-0.002377867663744837,0.13349609375,169.79324340820312,0.0003
,,,,,,,534,326,195.11,1249,667648,1225.4895886600002,0.9382802322506905,3250,-21.562571954727172,0.008796509,0.2,335.94627380371094,133.8109588623047,-0.003756457392591983,0.084814453125,171.0133514404297,0.0003
,,,,,,,534,327,192.14,1253,669696,1200.9220871799998,0.8870189040899277,3260,-21.568119621276857,0.016809326,0.2,499.53698272705077,134.43626403808594,-0.0019069948873948305,0.126220703125,254.9616241455078,0.0003
,,,,,,,534,328,188.82,1257,671744,1179.0793659800001,0.7755740135908127,3270,-21.587137937545776,0.0058106454,0.2,1165.9062240600585,134.84173583984375,0.004390560963656753,0.17412109375,264.13189697265625,0.0003
,,,,,,,534,329,187.41,1261,673792,1164.8229772200002,0.9833375904709101,3280,-21.59106297492981,0.026987039,0.2,162.90158128738403,134.91404724121094,-0.005241879256209359,0.1501953125,41.409568786621094,0.0003
,,,,,,,534,330,187.41,1264,675840,1170.0602444699998,0.9611356407403946,3290,-21.591970109939574,0.012688009,0.2,557.409321975708,134.88754272460938,0.03187073584995233,0.393896484375,180.43722534179688,0.0003
,,,,,,,534,331,184.69,1268,677888,1153.01606622,0.8953366950154305,3300,-21.599229717254637,0.02232787,0.2,185.4724489212036,135.18605041503906,0.0030445456970483063,0.207177734375,39.86899185180664,0.0003
,,,,,,,534,332,181.96,1273,679936,1122.7682865900001,0.8986581116914749,3310,-21.61346755027771,0.011885219,0.2,1241.4155563354493,135.34603881835938,-0.0013667378458194434,0.28828125,172.78567504882812,0.0003
,,,,,,,533,333,177.61,1277,681984,1090.85332812,0.9628336876630783,3320,-21.61682457923889,0.009597729,0.2,598.5900390625,135.33343505859375,-0.006464743375545368,0.0841796875,281.718017578125,0.0003
,,,,,,,533,334,171.46,1281,684032,1030.03012744,0.9674896486103535,3330,-21.614460945129395,0.016581826,0.2,598.3752395629883,135.30868530273438,-0.003550401219399646,0.117138671875,174.10867309570312,0.0003
,,,,,,,533,335,171.28,1285,686080,1024.86279185,0.9780538510531187,3340,-21.613992166519164,0.011793008,0.2,593.783130645752,135.38809204101562,-0.005643094086553902,0.0744140625,160.1219940185547,0.0003
,,,,,,,533,336,174.25,1288,688128,1041.68862902,0.9577532596886158,3350,-21.617171859741212,0.006077182,0.2,829.1453353881836,135.48150634765625,-0.003263210318982601,0.062109375,259.7340393066406,0.0003
,,,,,,,533,337,178.98,1292,690176,1077.8257909499998,0.8033520579338074,3360,-21.616777849197387,0.013049899,0.2,265.75381965637206,135.73167419433594,-0.005878417391795665,0.13544921875,84.70319366455078,0.0003
,,,,,,,534,338,178.61,1296,692224,1092.10772146,0.980854969471693,3370,-21.61736431121826,0.018357968,0.2,112.4552396774292,135.4666290283203,-0.0011885373198310845,0.181640625,27.372440338134766,0.0003
,,,,,,,534,339,178.61,1299,694272,1096.4753930699999,0.8403128832578659,3380,-21.605169677734374,0.01973059,0.2,1341.8835674285888,135.32130432128906,0.012975184241076932,0.3779296875,431.3590393066406,0.0003
,,,,,,,534,340,181.98,1303,696320,1114.82639004,0.9561910256743431,3390,-21.601965570449828,0.029298311,0.2,474.55249824523924,135.25389099121094,-0.0012032737053232268,0.156494140625,259.7999267578125,0.0003
,,,,,,,534,341,183.16,1307,698368,1136.5875442800002,0.9376988224685192,3400,-21.591597938537596,0.0063462416,0.2,1458.7809356689454,135.2681121826172,0.013727869157446549,0.32119140625,598.946533203125,0.0003
,,,,,,,534,342,187.35,1311,700416,1179.4713846700001,0.9179801866412163,3410,-21.587826251983643,0.013493032,0.2,369.239400100708,135.16534423828125,1.3882078928872942e-05,0.13232421875,92.1558609008789,0.0003
,,,,,,,534,343,191.72,1315,702464,1227.90369174,0.9627049937844276,3420,-21.5808856010437,0.016496578,0.2,585.5960800170899,135.3622283935547,-0.002190439682453871,0.19140625,218.31329345703125,0.0003
,,,,,,,534,344,191.72,1319,704512,1235.0509268100002,0.9790223855525255,3430,-21.586790227890013,0.027406286,0.2,195.9184446334839,135.51612854003906,0.004697349609341472,0.1890625,87.80187225341797,0.0003
,,,,,,,534,345,190.6,1322,706560,1226.45569214,0.8670471161603928,3440,-21.5920982837677,0.012254971,0.2,490.30850982666016,136.08840942382812,-0.0030843090382404624,0.141064453125,192.82363891601562,0.0003
,,,,,,,534,346,190.1,1326,708608,1222.59683791,0.737844318151474,3450,-21.60651206970215,0.013701019,0.2,1458.3817893981934,136.6707305908203,-0.003773858619388193,0.155322265625,521.0325317382812,0.0003
,,,,,,,533,347,187.25,1330,710656,1193.6287240999998,0.9163521602749825,3460,-21.621128177642824,0.005648884,0.2,955.2446205139161,136.8502197265625,-0.003294318338157609,0.09580078125,527.70068359375,0.0003
,,,,,,,533,348,183.45,1334,712704,1168.5804736499997,0.8220405578613281,3470,-21.6243426322937,0.009244918,0.2,881.4963014602661,136.81729125976562,-0.004798981791827828,0.075830078125,216.36514282226562,0.0003
,,,,,,,533,349,186.17,1338,714752,1178.8794789299998,0.7650516629219055,3480,-21.62593698501587,0.011036096,0.2,2485.473468017578,136.76412963867188,-0.00029119537794031203,0.07041015625,967.8690795898438,0.0003
,,,,,,,533,350,186.17,1342,716800,1172.0069154500002,0.9577206820249557,3490,-21.62697458267212,0.007680651,0.2,328.9362051010132,136.7984619140625,-0.004572471074061469,0.053076171875,77.9824447631836,0.0003
,,,,,,,533,351,187.46,1346,718848,1178.16193746,0.9334485679864883,3500,-21.630627155303955,0.0347853,0.2,184.37158584594727,137.24708557128906,-0.0002820853027515113,0.1001953125,35.28782272338867,0.0003
,,,,,,,533,352,189.25,1350,720896,1178.86751304,0.9764477666467428,3510,-21.638013553619384,0.012988091,0.2,212.63261060714723,137.46556091308594,0.014601178170414642,0.309423828125,53.64311218261719,0.0003
,,,,,,,534,353,191.0,1353,722944,1181.7910393,0.9821696449071169,3520,-21.639775609970094,0.020444773,0.2,63.2411548614502,136.8459014892578,-0.0006302426219917834,0.185693359375,20.523242950439453,0.0003
,,,,,,,534,354,192.3,1357,724992,1208.0016476800001,0.9414994642138481,3530,-21.62805132865906,0.0104721,0.2,175.8847541809082,136.8760223388672,0.0031187981774564834,0.256640625,66.01215362548828,0.0003
,,,,,,,534,355,192.3,1361,727040,1215.8281335499998,0.9087754040956497,3540,-21.622914695739745,0.011072105,0.2,660.138575744629,137.3059844970703,0.010310575214680285,0.299853515625,296.34600830078125,0.0003
,,,,,,,534,356,194.27,1364,729088,1228.04779307,0.7494726181030273,3550,-21.6346097946167,0.021178303,0.2,502.0473403930664,137.5484619140625,-0.0002862746303435415,0.130908203125,243.38890075683594,0.0003
,,,,,,,534,357,192.79,1368,731136,1215.0781655,0.9523518458008766,3560,-21.640184020996095,0.12677789,0.2,266.60991764068604,137.45005798339844,0.007786319503793493,0.255126953125,79.55937957763672,0.0003
,,,,,,,534,358,195.47,1372,733184,1228.80373069,0.9209606349468231,3570,-21.632721042633058,0.010162037,0.2,913.037264251709,137.50437927246094,0.02030517952516675,0.509033203125,206.69723510742188,0.0003
,,,,,,,534,359,194.99,1376,735232,1235.96183676,0.9759133197367191,3580,-21.643375730514528,0.02185081,0.2,59.71669607162475,138.4232177734375,-0.0058463563007535415,0.211865234375,18.02457618713379,0.0003
,,,,,,,534,360,194.99,1380,737280,1237.85456341,0.8889587596058846,3590,-21.666557264328002,0.0054259924,0.2,907.0544250488281,138.69784545898438,0.0007366094156168401,0.123291015625,305.9104919433594,0.0003
,,,,,,,534,361,194.99,1384,739328,1234.6726265400002,0.9162648096680641,3600,-21.66937232017517,0.045286834,0.2,192.06724872589112,138.8021240234375,0.00464816577732563,0.25263671875,82.07181549072266,0.0003
,,,,,,,534,362,194.02,1387,741376,1226.83195784,0.8853479400277138,3610,-21.669101238250732,0.028852839,0.2,193.60501613616944,139.27305603027344,0.001623277788166888,0.198828125,64.78510284423828,0.0003
,,,,,,,534,363,194.02,1391,743424,1214.69651282,0.8918071314692497,3620,-21.676745557785033,0.017908435,0.2,672.3612895965576,139.53176879882812,0.01599396790843457,0.41669921875,79.6704330444336,0.0003
,,,,,,,534,364,193.02,1395,745472,1197.6001026200001,0.9006018042564392,3630,-21.67685194015503,0.015670007,0.2,326.759228515625,139.84226989746094,-0.001934990422159899,0.112841796875,134.2426300048828,0.0003
,,,,,,,534,365,189.59,1399,747520,1155.41416509,0.7698097676038742,3640,-21.678413820266723,0.008287361,0.2,1226.8573280334472,139.9962921142578,-0.0022372430248651654,0.118896484375,341.67626953125,0.0003
,,,,,,,534,366,191.28,1403,749568,1170.53783529,0.9298128932714462,3650,-21.678140592575073,0.018431244,0.2,379.4783777236938,140.3082733154297,-0.005913992086425424,0.1029296875,46.544410705566406,0.0003
,,,,,,,534,367,191.28,1407,751616,1170.2248425700002,0.9743659254163504,3660,-21.679919958114624,0.015802234,0.2,266.36150550842285,140.78115844726562,-0.002777348685776815,0.21630859375,74.55323028564453,0.0003
,,,,,,,534,368,190.45,1411,753664,1168.6212584,0.9726842418313026,3670,-21.6974636554718,0.030974455,0.2,98.20236539840698,141.14468383789062,0.006068608607165515,0.2052734375,21.69636344909668,0.0003
,,,,,,,534,369,187.47,1414,755712,1152.77011506,0.9578948952257633,3680,-21.709618377685548,0.02900057,0.2,401.3156311035156,141.43692016601562,0.016673834744142368,0.328271484375,130.16864013671875,0.0003
,,,,,,,534,370,186.33,1418,757760,1142.12726863,0.9494489207863808,3690,-21.71473321914673,0.015884977,0.2,910.5986022949219,141.64161682128906,-0.0011695906228851526,0.160302734375,377.1733093261719,0.0003
,,,,,,,534,371,186.29,1422,759808,1154.5919623300001,0.9616848938167095,3700,-21.716450929641724,0.008648972,0.2,290.66735153198243,141.77444458007812,-0.0039016695169266312,0.05556640625,64.2829818725586,0.0003
,,,,,,,534,372,186.29,1426,761856,1141.34393273,0.9747680500149727,3710,-21.718812036514283,0.0067741494,0.2,226.73820667266847,141.8068084716797,-0.004183495414326899,0.103076171875,135.91851806640625,0.0003
,,,,,,,534,373,187.29,1430,763904,1148.08550156,0.9638206735253334,3720,-21.72300543785095,0.0077051865,0.2,141.5224000930786,142.0426025390625,-0.0032877606456167994,0.040087890625,19.21925926208496,0.0003
,,,,,,,534,374,187.29,1433,765952,1159.25422358,0.931337796151638,3730,-21.72922787666321,0.010246858,0.2,231.60618839263915,142.4054412841797,-0.0019352062576217578,0.173388671875,67.60749816894531,0.0003
,,,,,,,534,375,193.56,1437,768000,1213.86348224,0.9438079334795475,3740,-21.730700540542603,0.008506742,0.2,426.40582885742185,142.59478759765625,-0.003861452138517052,0.104443359375,176.69215393066406,0.0003
,,,,,,,534,376,193.56,1441,770048,1211.91858811,0.8090496212244034,3750,-21.725447702407838,0.016456287,0.2,418.81944808959963,142.40919494628906,-0.002226551645435393,0.148876953125,113.51741027832031,0.0003
,,,,,,,534,377,190.25,1445,772096,1191.5200034399998,0.9226370751857758,3760,-21.72664852142334,0.014213078,0.2,223.44035968780517,142.48635864257812,0.015106090228073299,0.303076171875,63.350608825683594,0.0003
,,,,,,,534,378,190.73,1449,774144,1185.57392277,0.9499971307814121,3770,-21.722591400146484,0.014751259,0.2,833.6697021484375,142.6221160888672,0.005414700723486021,0.2912109375,374.2477111816406,0.0003
,,,,,,,534,379,190.59,1453,776192,1173.71134761,0.9721332006156445,3780,-21.722984027862548,0.013119673,0.2,370.92180213928225,142.1983184814453,-0.005351424915716052,0.0943359375,121.45611572265625,0.0003
,,,,,,,534,380,190.59,1456,778240,1174.14184531,0.9491789415478706,3790,-21.718562746047972,0.010398201,0.2,327.0216857910156,142.32437133789062,-0.0029844026430509984,0.12890625,73.55876159667969,0.0003
,,,,,,,534,381,189.92,1460,780288,1177.09975154,0.9930600072257221,3800,-21.728478050231935,0.023968332,0.2,36.74958157539368,142.48765563964844,-0.0006902424269355833,0.247412109375,10.687294006347656,0.0003
,,,,,,,534,382,188.3,1464,782336,1157.216248,0.9793899487704039,3810,-21.734902811050414,0.016601516,0.2,176.3393741607666,142.59861755371094,0.012213116750353947,0.33447265625,52.67792510986328,0.0003
,,,,,,,534,383,188.3,1468,784384,1155.34904502,0.9705965500324965,3820,-21.72931761741638,0.018814927,0.2,179.43035507202148,142.6915740966797,-0.0016195823613088579,0.162646484375,70.78410339355469,0.0003
,,,,,,,534,384,188.3,1471,786432,1145.3211915,0.8640916794538498,3830,-21.731186628341675,0.018887712,0.2,502.43691940307616,143.10525512695312,-0.004694890871178359,0.214990234375,243.6074676513672,0.0003
,,,,,,,534,385,185.2,1475,788480,1112.7526187800001,0.9485341124236584,3840,-21.743434190750122,0.01311852,0.2,114.53422145843506,143.2230987548828,-0.0022868657717481254,0.11044921875,19.14597511291504,0.0003
,,,,,,,534,386,187.19,1479,790528,1114.68381304,0.7751250118017197,3850,-21.750529193878172,0.020662691,0.2,1318.3602378845214,143.10792541503906,0.011788132588844747,0.366845703125,194.8710174560547,0.0003
,,,,,,,534,387,188.03,1483,792576,1117.7088412799997,0.8756943419575691,3860,-21.751809644699097,0.008262052,0.2,1468.9066772460938,143.1700897216797,-0.0035105109098367395,0.06572265625,275.2962951660156,0.0003
,,,,,,,534,388,186.69,1487,794624,1099.4746017,0.8903025835752487,3870,-21.756584787368773,0.007835979,0.2,241.46876640319823,143.33880615234375,-0.0034732645319309084,0.083984375,106.10126495361328,0.0003
,,,,,,,534,389,183.14,1491,796672,1072.7822874199999,0.8750683814287186,3880,-21.761617994308473,0.00888847,0.2,2153.869034576416,143.4207000732422,-0.005742292758077383,0.101025390625,789.2326049804688,0.0003
,,,,,,,534,390,182.81,1495,798720,1061.54138659,0.9189351573586464,3890,-21.764866447448732,0.0056640813,0.2,891.6791465759277,143.41477966308594,-0.0026293023489415645,0.043603515625,180.91259765625,0.0003
,,,,,,,534,391,184.35,1499,800768,1070.37054806,0.9437810070812702,3900,-21.766570043563842,0.008445946,0.2,430.83507881164553,143.44540405273438,-0.003933541313745082,0.0443359375,128.87481689453125,0.0003
,,,,,,,534,392,182.79,1503,802816,1071.33897631,0.9542158767580986,3910,-21.768801498413087,0.012208328,0.2,630.0143924713135,143.5265655517578,-0.0042676844983361665,0.0626953125,274.8172607421875,0.0003
,,,,,,,534,393,182.79,1507,804864,1070.7911651499999,0.9074708968400955,3920,-21.767410373687746,0.0077333823,0.2,1266.9487548828124,143.6019287109375,-0.004201471793930977,0.064501953125,512.1011352539062,0.0003
,,,,,,,533,394,184.24,1511,806912,1095.0366746700001,0.9866082314401865,3930,-21.761181831359863,0.043064296,0.2,46.99482216835022,143.0061798095703,-0.0016940023502684197,0.192431640625,13.09575080871582,0.0003
,,,,,,,534,395,185.37,1514,808960,1106.8149996599998,0.9605167508125305,3940,-21.750337314605712,0.007939273,0.2,624.2175094604493,142.9502410888672,0.0266579496441409,0.367724609375,261.7083435058594,0.0003
,,,,,,,534,396,186.87,1518,811008,1116.90426583,0.9497498981654644,3950,-21.750241565704346,0.008524496,0.2,468.92592544555663,142.7013702392578,-0.004390304566186387,0.08408203125,166.55738830566406,0.0003
,,,,,,,534,397,189.53,1522,813056,1143.9851979100001,0.9621534198522568,3960,-21.741649627685547,0.023150012,0.2,247.69402694702148,142.4823455810547,-0.0032974338333588093,0.12294921875,84.22557067871094,0.0003
,,,,,,,534,398,193.49,1526,815104,1172.08946942,0.921166867017746,3970,-21.743758583068846,0.015094494,0.2,343.1257396697998,142.06898498535156,-0.004604671476408839,0.139013671875,190.75152587890625,0.0003
,,,,,,,534,399,187.8,1530,817152,1150.09891698,0.9270093664526939,3980,-21.73799934387207,0.012707614,0.2,295.6487297058105,142.6438446044922,-0.0059720193617977205,0.127978515625,60.99320983886719,0.0003
,,,,,,,533,400,185.36,1534,819200,1157.38075459,0.9605089724063873,3990,-21.746163177490235,0.009451947,0.2,789.397248840332,143.2900848388672,-0.007754242621012963,0.097216796875,257.9012451171875,0.0003
,,,,,,,533,401,185.02,1538,821248,1161.91759703,0.8667775541543961,4000,-21.75304756164551,0.009748209,0.2,1475.793017578125,143.54937744140625,-0.0064022883772850035,0.1166015625,665.0816650390625,0.0003
,,,,,,,533,402,180.76,1542,823296,1137.91689622,0.48993051052093506,4010,-21.756419801712035,0.0041153673,0.2,1393.753968811035,143.61085510253906,-0.0011498682317323983,0.0345703125,544.8966064453125,0.0003
,,,,,,,533,403,178.66,1546,825344,1125.8800569799998,0.8695680946111679,4020,-21.757365942001343,0.006669633,0.2,1231.3251968383788,143.70211791992188,-0.0011441329319495709,0.026953125,382.7735290527344,0.0003
,,,,,,,533,404,175.38,1550,827392,1113.45047076,0.9073098823428154,4030,-21.758540630340576,0.00791428,0.2,824.2353355407715,143.7542724609375,-0.004212964640464634,0.101123046875,283.9811706542969,0.0003
,,,,,,,533,405,174.02,1553,829440,1108.55979135,0.8730236440896988,4040,-21.75896224975586,0.014548035,0.2,1090.0742202758788,143.90945434570312,-0.006457680405583232,0.1166015625,260.5852355957031,0.0003
,,,,,,,533,406,174.02,1557,831488,1107.3600948600001,0.9247591346502304,4050,-21.761584043502808,0.006606511,0.2,815.8248832702636,143.9560089111328,-4.065809189341962e-05,0.041845703125,227.6064453125,0.0003
,,,,,,,533,407,171.33,1561,833536,1079.2592971999998,0.9693885762244463,4060,-21.76153063774109,0.008940955,0.2,629.1401618957519,144.0552978515625,-0.003995936771389097,0.044677734375,132.8779296875,0.0003
,,,,,,,533,408,179.36,1565,835584,1129.1995740300001,0.9064754322171211,4070,-21.763239669799805,0.0049517686,0.2,1524.1702102661134,144.2415313720703,-0.0033670244592940435,0.061962890625,340.58135986328125,0.0003
,,,,,,,533,409,178.39,1569,837632,1114.14172067,0.9109033197164536,4080,-21.765542554855347,0.010909276,0.2,603.3469871520996,144.37197875976562,-0.00799819000530988,0.088720703125,255.16885375976562,0.0003
,,,,,,,533,410,179.78,1572,839680,1112.38329374,0.9600911922752857,4090,-21.765323686599732,0.0057197334,0.2,449.16298446655276,144.4325408935547,-0.0013334668008610606,0.121826171875,153.34605407714844,0.0003
,,,,,,,533,411,182.48,1576,841728,1119.9056858200001,0.9907741732895374,4100,-21.7701114654541,0.006947196,0.2,122.24558067321777,144.80352783203125,-0.00500190193997696,0.06337890625,32.36212921142578,0.0003
,,,,,,,533,412,179.11,1580,843776,1088.09056795,0.9850652320310473,4110,-21.77942204475403,0.014496503,0.2,228.36406326293945,144.81655883789062,-0.006482192757539451,0.1298828125,159.34249877929688,0.0003
,,,,,,,533,413,182.39,1584,845824,1105.3971407699999,0.9253835752606392,4120,-21.780900287628175,0.007442791,0.2,681.557373046875,144.84840393066406,-0.0031901728245429693,0.086572265625,223.10153198242188,0.0003
,,,,,,,533,414,182.46,1588,847872,1112.9198984000002,0.9663880914449692,4130,-21.777083158493042,0.030085905,0.2,359.5851875305176,145.46827697753906,0.0007835884636733681,0.18330078125,118.54106140136719,0.0003
,,,,,,,533,415,181.01,1592,849920,1100.3884867400002,0.953418392688036,4140,-21.77046389579773,0.029357774,0.2,660.2486949920655,145.65914916992188,0.06047711137216538,0.605322265625,153.83485412597656,0.0003
,,,,,,,533,416,178.96,1596,851968,1095.8339299,0.9274125248193741,4150,-21.76917233467102,0.010717662,0.2,299.2634553909302,145.8748321533203,-0.0030132943880744278,0.130859375,98.20574188232422,0.0003
,,,,,,,533,417,178.95,1600,854016,1093.2515510199999,0.9466946348547935,4160,-21.76906728744507,0.00855924,0.2,1255.2166122436524,145.98214721679688,-0.0020799157035071405,0.05322265625,286.9458923339844,0.0003
,,,,,,,533,418,177.22,1604,856064,1077.01818912,0.9766234904527664,4170,-21.77204351425171,0.011854422,0.2,300.0370176315308,146.33323669433594,-0.0036732645763549953,0.0701171875,101.75548553466797,0.0003
,,,,,,,533,419,178.59,1607,858112,1089.7695576200001,0.977641899138689,4180,-21.778650426864623,0.0073821703,0.2,149.79250135421753,146.64492797851562,-0.006639022199669853,0.096630859375,32.53652572631836,0.0003
,,,,,,,533,420,178.77,1611,860160,1098.9724087900001,0.961370263248682,4190,-21.784854555130003,0.013173485,0.2,108.45456962585449,147.0894012451172,-0.002510985029221047,0.059423828125,24.9094181060791,0.0003
,,,,,,,533,421,183.38,1615,862208,1133.88144355,0.9486409425735474,4200,-21.797597694396973,0.010635223,0.2,600.7531875610351,147.5189208984375,0.002301582376821898,0.233984375,226.45315551757812,0.0003
,,,,,,,533,422,178.87,1619,864256,1101.99191086,0.957714706659317,4210,-21.804528379440306,0.013722154,0.2,344.61021385192873,147.7384490966797,-0.0013642548525240271,0.1369140625,90.6044921875,0.0003
,,,,,,,533,423,177.89,1623,866304,1106.08823899,0.9808163587003946,4220,-21.809196424484252,0.008024628,0.2,538.5434589385986,147.69004821777344,-0.0021473890345077963,0.116357421875,189.5016326904297,0.0003
,,,,,,,533,424,179.34,1627,868352,1115.51190988,0.956627618521452,4230,-21.8079053401947,0.035953157,0.2,1016.5241615295411,147.63394165039062,-0.0013976575282867998,0.218212890625,339.1144104003906,0.0003
,,,,,,,533,425,180.71,1631,870400,1110.0408765799998,0.9462178088724613,4240,-21.810610866546632,0.008713245,0.2,524.2163742065429,147.701416015625,-0.0015961090917699038,0.10009765625,172.32493591308594,0.0003
,,,,,,,533,426,183.52,1634,872448,1144.98712032,0.9494579918682575,4250,-21.810953044891356,0.008375891,0.2,865.1002952575684,147.5395965576172,-0.0036736713955178857,0.08974609375,286.88433837890625,0.0003
,,,,,,,533,427,185.18,1638,874496,1165.4834973000002,0.8247137367725372,4260,-21.813081550598145,0.023861,0.2,463.867733001709,147.5167999267578,-0.002102416369598359,0.110791015625,178.91773986816406,0.0003
,,,,,,,533,428,185.44,1642,876544,1173.92542912,0.9520885348320007,4270,-21.8234402179718,0.0051101474,0.2,632.4536933898926,147.67808532714844,0.012330891436431558,0.352978515625,154.0422821044922,0.0003
,,,,,,,533,429,188.47,1646,878592,1186.65099869,0.9318447783589363,4280,-21.82502818107605,0.015186342,0.2,350.22858200073244,147.90650939941406,-0.0036341771541628987,0.124560546875,97.18880462646484,0.0003
,,,,,,,533,430,188.47,1649,880640,1181.3901641300001,0.9667383581399918,4290,-21.829907417297363,0.01042935,0.2,155.72113599777222,147.89089965820312,-0.004114107193890959,0.117724609375,41.88314437866211,0.0003
,,,,,,,533,431,190.05,1653,882688,1194.0986127300002,0.9710507988929749,4300,-21.8356023311615,0.009841168,0.2,90.24638929367066,148.1697235107422,-0.0038492181163746865,0.108154296875,18.367191314697266,0.0003
,,,,,,,533,432,190.44,1657,884736,1197.4147692899999,0.9179248064756393,4310,-21.83495888710022,0.014446932,0.2,563.9652114868164,148.1837615966797,-0.006380800239276141,0.1232421875,294.44293212890625,0.0003
,,,,,,,533,433,190.34,1660,886784,1208.04516458,0.9278147593140602,4320,-21.83826861381531,0.0050353557,0.2,642.6549339294434,148.69407653808594,-0.0021618807688355444,0.061181640625,296.9548645019531,0.0003
,,,,,,,533,434,190.64,1664,888832,1213.78757542,0.9150608703494072,4330,-21.845857238769533,0.012604114,0.2,974.7023895263671,149.10751342773438,-0.004519831028301269,0.096484375,361.5702209472656,0.0003
,,,,,,,533,435,192.25,1668,890880,1226.2009664800003,0.9177456647157669,4340,-21.849577331542967,0.007602276,0.2,482.62606887817384,149.61619567871094,-0.0020581802702508865,0.07255859375,83.60615539550781,0.0003
,,,,,,,533,436,190.62,1672,892928,1212.56164524,0.9147643372416496,4350,-21.857717323303223,0.02800285,0.2,309.18989448547364,150.5049285888672,-0.0045820667059160766,0.169677734375,122.1629867553711,0.0003
,,,,,,,533,437,190.69,1676,894976,1215.79765681,0.9542603194713593,4360,-21.868605613708496,0.028173877,0.2,345.78544998168945,150.97247314453125,0.008993749285582452,0.286376953125,172.0940704345703,0.0003
,,,,,,,533,438,189.3,1680,897024,1216.2906252300002,0.834652453660965,4370,-21.879599857330323,0.011673877,0.2,756.8953689575195,151.30751037597656,0.007846627722028644,0.345703125,167.0872802734375,0.0003
,,,,,,,533,439,188.15,1684,899072,1214.7281893799998,0.8995686694979668,4380,-21.8864483833313,0.016063051,0.2,913.2529357910156,151.54383850097656,-0.0021189213846810164,0.120166015625,470.7567443847656,0.0003
,,,,,,,533,440,186.27,1688,901120,1200.34039539,0.9455758854746819,4390,-21.89621639251709,0.018658739,0.2,394.6857906341553,151.6472930908203,0.0008935020887292922,0.210107421875,97.94868469238281,0.0003
,,,,,,,533,441,187.95,1691,903168,1223.4382178,0.9321593940258026,4400,-21.90441746711731,0.007591315,0.2,266.9040342330933,151.82998657226562,-0.0018950652796775103,0.144677734375,41.971981048583984,0.0003
,,,,,,,533,442,189.78,1695,905216,1227.38079403,0.5333603620529175,4410,-21.91274027824402,0.008059949,0.2,990.9634445190429,152.9604034423828,-0.003954966075252741,0.065771484375,412.43536376953125,0.0003
,,,,,,,533,443,191.12,1699,907264,1220.83815581,0.83281409740448,4420,-21.925324583053587,0.008396564,0.2,200.48266658782958,153.0619354248047,-0.0038951431051827967,0.114404296875,101.7110595703125,0.0003
,,,,,,,533,444,191.12,1703,909312,1219.27929173,0.9400088861584663,4430,-21.922033834457398,0.0087379655,0.2,676.5174209594727,152.99354553222656,-0.002297321701189503,0.1201171875,168.5966339111328,0.0003
,,,,,,,533,445,192.75,1706,911360,1223.0199062800002,0.9776933249086142,4440,-21.91967816352844,0.014637231,0.2,105.30150594711304,152.85995483398438,0.0007280952879227698,0.17685546875,31.820011138916016,0.0003
,,,,,,,533,446,192.27,1710,913408,1212.9294446400002,0.9605766460299492,4450,-21.91930274963379,0.029368782,0.2,157.62415332794188,153.12445068359375,0.0026101892231963574,0.2484375,43.478214263916016,0.0003
,,,,,,,533,447,194.97,1714,915456,1228.9359428399998,0.827319473028183,4460,-21.918982648849486,0.058538303,0.2,1087.1886985778808,153.40452575683594,0.009421419649152085,0.4021484375,294.9391784667969,0.0003
,,,,,,,534,448,194.97,1718,917504,1223.5620388099999,0.950000423938036,4470,-21.922503423690795,0.0260957,0.2,407.15185089111327,153.79298400878906,-0.004518689040560275,0.125,109.06822204589844,0.0003
,,,,,,,534,449,196.12,1721,919552,1231.04174684,0.9265223518013954,4480,-21.92772889137268,0.010487908,0.2,559.1225269317626,153.70333862304688,-0.003682820382528007,0.134375,280.7255554199219,0.0003
,,,,,,,534,450,199.4,1725,921600,1250.7666784200003,0.9192871302366257,4490,-21.929684734344484,0.008274176,0.2,468.5333282470703,153.68568420410156,-0.006169225147459656,0.091455078125,228.38523864746094,0.0003
,,,,,,,534,451,199.4,1729,923648,1229.3146351399998,0.9652184247970581,4500,-21.928305244445802,0.007999911,0.2,248.56728820800782,154.07679748535156,-0.0025078061735257506,0.05263671875,82.8732681274414,0.0003
,,,,,,,534,452,195.26,1733,925696,1181.4334709399998,0.9739179443567991,4510,-21.93648953437805,0.03905583,0.2,67.06412801742553,154.49546813964844,-0.00031087812967598436,0.19794921875,16.62682342529297,0.0003
,,,,,,,534,453,194.44,1737,927744,1185.3534907399999,0.8994496613740921,4520,-21.958723783493042,0.09043628,0.2,607.8280952453613,154.7636260986328,0.1065426519839093,0.7375,78.04937744140625,0.0003
,,,,,,,534,454,191.53,1741,929792,1165.27751674,0.921821765601635,4530,-21.970494651794432,0.0052109277,0.2,901.4229621887207,154.90284729003906,0.0016516659437911586,0.125,210.91824340820312,0.0003
,,,,,,,534,455,192.01,1744,931840,1167.7555945,0.862088993191719,4540,-21.973180866241456,0.007848191,0.2,701.455553817749,155.13978576660156,-0.004730994818964973,0.060595703125,117.07826232910156,0.0003
,,,,,,,534,456,192.01,1748,933888,1151.22164625,0.9286362826824188,4550,-21.971415710449218,0.010825247,0.2,162.08728885650635,154.64820861816406,-0.003456697950605303,0.11630859375,68.14969635009766,0.0003
,,,,,,,534,457,192.01,1752,935936,1142.38205138,0.979569835588336,4560,-21.95922455787659,0.028540349,0.2,59.12433490753174,155.49696350097656,0.0008008580654859543,0.241943359375,14.107260704040527,0.0003
,,,,,,,534,458,190.61,1756,937984,1135.32489216,0.9781563319265842,4570,-21.957837533950805,0.011619001,0.2,138.05066585540771,155.8612518310547,0.010659485182259232,0.29580078125,42.07518768310547,0.0003
,,,,,,,534,459,190.61,1760,940032,1147.6232216,0.8171979337930679,4580,-21.96282000541687,0.008023588,0.2,883.8369728088379,156.07833862304688,-0.0008326538372784853,0.213916015625,188.50262451171875,0.0003
,,,,,,,534,460,190.61,1763,942080,1156.89843056,0.7987978756427765,4590,-21.970834016799927,0.021452758,0.2,194.42712440490723,156.86904907226562,-0.0035075156250968576,0.121435546875,32.6242790222168,0.0003
,,,,,,,534,461,189.35,1767,944128,1159.6434112800002,0.9004571512341499,4600,-21.9816171169281,0.020944972,0.2,238.22866668701172,156.67066955566406,-0.0006086263514589518,0.25859375,55.52630615234375,0.0003
,,,,,,,534,462,191.62,1771,946176,1182.2610558400002,0.8217091709375381,4610,-21.993301963806154,0.015878359,0.2,781.8317398071289,156.8099822998047,-0.00021985200583003462,0.13203125,308.1341552734375,0.0003
,,,,,,,534,463,194.3,1775,948224,1200.56278621,0.9558293707668781,4620,-22.003147697448732,0.0061568012,0.2,701.310962677002,156.98838806152344,-0.003041060670511797,0.10654296875,266.8943786621094,0.0003
,,,,,,,534,464,193.55,1778,950272,1207.0765639599997,0.9725678004324436,4630,-22.00721592903137,0.009580633,0.2,258.3765380859375,157.11297607421875,-0.004959854332264512,0.0953125,76.47120666503906,0.0003
,,,,,,,534,465,193.55,1782,952320,1202.34545394,0.9225583374500275,4640,-22.01310110092163,0.0051349383,0.2,847.0851722717285,157.34872436523438,-0.0057115291128866374,0.099658203125,284.99462890625,0.0003
,,,,,,,534,466,193.55,1786,954368,1211.74047335,0.9732139334082603,4650,-22.01834864616394,0.009121832,0.2,179.08926239013672,157.58717346191406,-0.003701259515946731,0.058642578125,25.40912437438965,0.0003
,,,,,,,534,467,191.94,1790,956416,1211.19177314,0.9597646221518517,4660,-22.017209339141846,0.0096263485,0.2,68.27147264480591,158.17831420898438,-0.004203633253928274,0.101611328125,17.80129623413086,0.0003
,,,,,,,534,468,191.7,1794,958464,1200.1641472499998,0.9275179505348206,4670,-22.0044753074646,0.009567337,0.2,534.9132659912109,158.56272888183594,-0.004003487643785775,0.207080078125,224.91128540039062,0.0003
,,,,,,,534,469,190.42,1798,960512,1180.1339079400002,0.9640480726957321,4680,-22.00771870613098,0.009374479,0.2,384.2234565734863,158.5458984375,-0.0022710296208970247,0.079638671875,169.2869415283203,0.0003
,,,,,,,534,470,189.08,1802,962560,1159.3300791499998,0.9139828309416771,4690,-22.01017189025879,0.0125837615,0.2,501.16397819519045,158.53103637695312,-0.0006024848495144397,0.168603515625,130.9830780029297,0.0003
,,,,,,,534,471,188.28,1805,964608,1146.8124803300002,0.9671473316848278,4700,-22.009573793411256,0.009910452,0.2,241.02308921813966,158.45823669433594,-0.004707780992612242,0.093505859375,31.954097747802734,0.0003
,,,,,,,534,472,189.34,1809,966656,1147.9719619200002,0.9088218957185745,4710,-22.006840658187866,0.008497947,0.2,1147.05193939209,158.73321533203125,-0.004674137840629556,0.0640625,358.6854248046875,0.0003
,,,,,,,534,473,189.65,1813,968704,1145.7100334200002,0.9692713040858507,4720,-22.009163045883177,0.019697731,0.2,335.897395324707,159.29600524902344,-0.005330234044231474,0.120556640625,92.90148162841797,0.0003
,,,,,,,534,474,189.53,1817,970752,1161.10573453,0.9407999627292156,4730,-22.010526943206788,0.006176531,0.2,612.6229522705078,159.5342559814453,-0.0012245488062035293,0.1494140625,307.15777587890625,0.0003
,,,,,,,534,475,187.9,1821,972800,1145.7862075599996,0.9467227309942245,4740,-22.011830186843873,0.0075361044,0.2,697.3766372680664,159.55389404296875,-0.004328573297243565,0.127099609375,316.7161865234375,0.0003
,,,,,,,534,476,189.51,1824,974848,1155.3683205799998,0.735471785068512,4750,-22.013572120666502,0.011141188,0.2,426.96893815994264,159.85980224609375,-0.005481531645637005,0.09482421875,25.824542999267578,0.0003
,,,,,,,534,477,189.48,1828,976896,1156.01595915,0.914501741528511,4760,-22.022070932388306,0.009340493,0.2,741.2545600891114,160.20120239257812,-0.004938861168920994,0.13125,142.75131225585938,0.0003
,,,,,,,534,478,185.1,1832,978944,1124.89091396,0.9725892655551434,4770,-22.024885129928588,0.012469505,0.2,393.91678657531736,160.8509063720703,-0.0037937073648208752,0.083154296875,224.83319091796875,0.0003
,,,,,,,534,479,187.23,1836,980992,1143.9036007200002,0.9153586700558662,4780,-22.025151777267457,0.007581467,0.2,977.5348106384278,161.06459045410156,-0.003153979202033952,0.186767578125,365.9200134277344,0.0003
,,,,,,,534,480,188.67,1840,983040,1150.42568472,0.9140722453594208,4790,-22.02388925552368,0.01059669,0.2,814.0620582580566,160.9044189453125,-0.0040477104252204296,0.105712890625,213.43067932128906,0.0003
,,,,,,,534,481,187.02,1844,985088,1137.9269281199997,0.8813756629824638,4800,-22.017854261398316,0.011007136,0.2,501.3037559509277,161.3628387451172,-0.0008131938229780644,0.08115234375,117.14103698730469,0.0003
,,,,,,,534,482,188.63,1848,987136,1161.4376255,0.9525846354663372,4810,-22.025404024124146,0.007237358,0.2,512.6724401473999,161.7532501220703,-0.002768169849878177,0.08349609375,67.62120056152344,0.0003
,,,,,,,534,483,188.4,1852,989184,1169.0121616899999,0.8678441047668457,4820,-22.029810190200806,0.008434562,0.2,999.3271011352539,161.96043395996094,-0.004067560430848971,0.069873046875,420.2412414550781,0.0003
,,,,,,,534,484,188.38,1855,991232,1172.18458292,0.9081269055604935,4830,-22.02882328033447,0.006205174,0.2,1464.9080459594727,162.04481506347656,-0.002307504531927407,0.0740234375,509.4051818847656,0.0003
,,,,,,,534,485,188.38,1859,993280,1177.7811948900003,0.9558056741952896,4840,-22.026130771636964,0.010156341,0.2,655.9817253112793,161.84910583496094,-0.003015172044979408,0.068408203125,270.3904113769531,0.0003
,,,,,,,534,486,187.06,1863,995328,1158.7346005099998,0.9566912241280079,4850,-22.02380061149597,0.011783998,0.2,143.82070713043214,162.06854248046875,-0.0061465959588531405,0.098583984375,28.205015182495117,0.0003
,,,,,,,534,487,190.2,1867,997376,1175.62033459,0.9078271463513374,4860,-22.026624059677125,0.0064333286,0.2,579.8060272216796,162.16502380371094,-0.003156387581839226,0.0505859375,199.78079223632812,0.0003
,,,,,,,534,488,188.23,1871,999424,1178.93791388,0.9674170389771461,4870,-22.021092176437378,0.012096568,0.2,94.07488803863525,161.2783203125,-0.005288461656891741,0.130615234375,17.166847229003906,0.0003
,,,,,,,534,489,186.58,1874,1001472,1186.89321804,0.9150631800293922,4880,-22.00393352508545,0.014990395,0.2,647.575401687622,161.00872802734375,0.015666451177094132,0.39931640625,143.8896026611328,0.0003
,,,,,,,534,490,186.6,1878,1003520,1196.1175479800002,0.8202748894691467,4890,-22.007788038253786,0.0069610043,0.2,1227.8130805969238,161.15371704101562,-0.007128913747146725,0.09345703125,244.97457885742188,0.0003
,,,,,,,533,491,183.37,1883,1005568,1169.90318338,0.9404526017606258,4900,-22.011768674850465,0.0053656516,0.2,645.7552947998047,161.218505859375,-0.0023746619350276887,0.0369140625,118.85359191894531,0.0003
,,,,,,,533,492,179.05,1887,1007616,1133.7063783899998,0.9468942545354366,4910,-22.013105344772338,0.00724287,0.2,1007.7034713745118,161.2323455810547,-0.0037461972489836624,0.05966796875,324.4004211425781,0.0003
,,,,,,,533,493,177.95,1891,1009664,1117.90680657,0.9654168039560318,4920,-22.016316986083986,0.009892001,0.2,358.4469223022461,161.7247772216797,-0.006137197033967823,0.1224609375,91.07884979248047,0.0003
,,,,,,,533,494,177.61,1895,1011712,1119.62641086,0.9770251549780369,4930,-22.023766040802002,0.024346257,0.2,240.08943824768068,161.94168090820312,0.00022698118118569255,0.122607421875,38.03413772583008,0.0003
,,,,,,,533,495,176.19,1898,1013760,1118.1888915800002,0.9591817855834961,4940,-22.033401203155517,0.0066956785,0.2,574.9434700012207,161.9116668701172,0.0007404051604680717,0.146728515625,161.73583984375,0.0003
,,,,,,,533,496,177.44,1902,1015808,1133.90406044,0.9763923045247793,4950,-22.034753608703614,0.0118932575,0.2,268.5741584777832,161.7537384033203,-0.0055343205167446285,0.106201171875,132.60150146484375,0.0003
,,,,,,,533,497,175.45,1906,1017856,1124.94909185,0.9107820466160774,4960,-22.02926206588745,0.0075349333,0.2,1165.0084503173828,161.7427215576172,-0.00011124942102469504,0.13701171875,474.7550048828125,0.0003
,,,,,,,533,498,178.92,1910,1019904,1132.9900780799999,0.7302275002002716,4970,-22.029667091369628,0.010588292,0.2,1672.435191345215,161.8633270263672,-0.007200833878596313,0.08017578125,399.2120056152344,0.0003
,,,,,,,533,499,178.74,1914,1021952,1134.14209319,0.9609734117984772,4980,-22.03350520133972,0.013042756,0.2,180.9511344909668,162.0899200439453,-0.004034455800137948,0.08779296875,36.953636169433594,0.0003
,,,,,,,533,500,181.87,1918,1024000,1155.38394042,0.8053308725357056,4990,-22.037748098373413,0.016158842,0.2,931.6387481689453,161.97901916503906,-0.002451046713395044,0.11435546875,419.21051025390625,0.0003
,,,,,,,533,501,182.03,1922,1026048,1170.41650025,0.969247730448842,5000,-22.03414888381958,0.01022405,0.2,299.598681640625,162.04127502441406,-0.0036342493316624314,0.118212890625,71.72813415527344,0.0003
,,,,,,,533,502,182.48,1926,1028096,1173.6699054,0.9406755417585373,5010,-22.032975816726683,0.015449578,0.2,519.4178405761719,161.8099822998047,-0.001969605212798342,0.162744140625,254.9850616455078,0.0003
,,,,,,,533,503,183.08,1930,1030144,1182.4706214799999,0.8014817833900452,5020,-22.027723789215088,0.005028068,0.2,1531.7902770996093,161.87098693847656,-0.0028005683911032976,0.0923828125,565.1173095703125,0.0003
,,,,,,,533,504,184.5,1933,1032192,1191.90277559,0.8909250125288963,5030,-22.029963541030884,0.0046348516,0.2,1216.1019073486327,162.0467987060547,-0.0046088348957709965,0.05400390625,425.5247497558594,0.0003
,,,,,,,533,505,186.58,1937,1034240,1206.4959604799997,0.9339025318622589,5040,-22.039536952972412,0.045110412,0.2,45.8790647983551,162.9676513671875,-0.00018612248823046684,0.262158203125,12.585208892822266,0.0003
,,,,,,,533,506,186.98,1941,1036288,1193.7954223000002,0.9536906406283379,5050,-22.07178406715393,0.00967481,0.2,456.74132919311523,163.6649169921875,0.004527748405234888,0.286328125,103.8212661743164,0.0003
,,,,,,,533,507,183.79,1945,1038336,1167.85569431,0.9735008925199509,5060,-22.078469276428223,0.010828373,0.2,524.4524929046631,163.98565673828125,-0.006746962398756296,0.082177734375,191.91326904296875,0.0003
,,,,,,,533,508,185.6,1948,1040384,1170.9316896599998,0.9659179523587227,5070,-22.08002471923828,0.009798808,0.2,318.723556137085,164.01007080078125,-0.005236211721785367,0.06484375,72.14049530029297,0.0003
,,,,,,,533,509,187.12,1952,1042432,1182.2637712199999,0.9862710665911436,5080,-22.079486083984374,0.008162319,0.2,83.59703092575073,163.96238708496094,-0.006301313970470801,0.0947265625,20.93747329711914,0.0003
,,,,,,,533,510,188.08,1956,1044480,1193.61512382,0.8306400775909424,5090,-22.081725788116454,0.0102832075,0.2,688.143327331543,164.55125427246094,-0.002334535249974579,0.125048828125,388.3280944824219,0.0003
,,,,,,,533,511,187.33,1960,1046528,1206.55690317,0.8954322263598442,5100,-22.097440004348755,0.0126068555,0.2,1346.3475769042968,164.7600555419922,0.005785576137714088,0.1982421875,377.5679626464844,0.0003
,,,,,,,533,512,187.48,1963,1048576,1200.67223329,0.885778397321701,5110,-22.10151424407959,0.008565754,0.2,172.41856269836427,165.19398498535156,-0.00668214363977313,0.1181640625,43.33052062988281,0.0003
,,,,,,,533,513,187.48,1967,1050624,1200.3365995,0.9286375045776367,5120,-22.10693736076355,0.0089366855,0.2,363.1630172729492,165.3852081298828,0.00349893705570139,0.18271484375,105.36073303222656,0.0003
,,,,,,,533,514,188.97,1971,1052672,1205.57515049,0.9390898458659649,5130,-22.10974249839783,0.024047006,0.2,396.53097496032717,165.70372009277344,-0.0007645536388736218,0.16904296875,162.76834106445312,0.0003
,,,,,,,533,515,185.85,1975,1054720,1172.79047584,0.8561514317989349,5140,-22.120573472976684,0.0072940807,0.2,542.3481903076172,165.84962463378906,-0.003417526255361736,0.112890625,194.5049591064453,0.0003
,,,,,,,533,516,190.63,1979,1056768,1210.2071294199998,0.9729439616203308,5150,-22.121717357635497,0.011968342,0.2,262.35032749176025,166.275634765625,-0.009438580594724045,0.121923828125,104.80215454101562,0.0003
,,,,,,,533,517,189.17,1983,1058816,1224.12028724,0.9558057524263859,5160,-22.123482513427735,0.010687448,0.2,271.33350467681885,166.3677215576172,-0.005626389896497131,0.079296875,51.60036087036133,0.0003
,,,,,,,533,518,189.17,1986,1060864,1221.59825772,0.9616628214716911,5170,-22.117635869979857,0.011382981,0.2,624.1411121368408,166.39842224121094,0.0014223767298972233,0.151611328125,132.38723754882812,0.0003
,,,,,,,533,519,190.83,1990,1062912,1213.70025857,0.7100186049938202,5180,-22.118612861633302,0.012539928,0.2,436.0535060882568,167.41424560546875,-0.0038678542419802397,0.133544921875,216.93394470214844,0.0003
,,,,,,,533,520,192.8,1994,1064960,1205.86490533,0.9549844078719616,5190,-22.134013843536376,0.02051907,0.2,567.0861114501953,167.96450805664062,0.01872558263130486,0.380419921875,216.82350158691406,0.0003
,,,,,,,533,521,191.63,1998,1067008,1197.7454611,0.9701818097382784,5200,-22.137713193893433,0.0088367,0.2,506.58525390625,167.92172241210938,-0.006555867590941488,0.115625,180.62039184570312,0.0003
,,,,,,,533,522,191.63,2002,1069056,1197.11753006,0.9461738876998425,5210,-22.13375840187073,0.0072872094,0.2,566.3602531433105,167.6280059814453,-0.007010539417387917,0.071630859375,246.73745727539062,0.0003
,,,,,,,533,523,190.13,2006,1071104,1198.7770815800002,0.9451444000005722,5220,-22.11613001823425,0.014195656,0.2,55.96957697868347,166.21583557128906,-0.005117050802800805,0.1224609375,13.569389343261719,0.0003
,,,,,,,533,524,193.25,2009,1073152,1223.86172149,0.7531491667032242,5230,-22.087300157547,0.009160389,0.2,1163.3630157470702,165.8861846923828,0.012174140103161335,0.33759765625,313.65692138671875,0.0003
,,,,,,,533,525,193.25,2013,1075200,1225.57311266,0.8485763520002365,5240,-22.08380742073059,0.012835573,0.2,540.3974731445312,166.35475158691406,-0.005426022392930463,0.1279296875,203.0280303955078,0.0003
,,,,,,,534,526,194.4,2017,1077248,1232.6637115600001,0.8861666172742844,5250,-22.08660078048706,0.02413124,0.2,646.6396606445312,166.6579132080078,-0.0048533073742873965,0.13994140625,269.85284423828125,0.0003
,,,,,,,534,527,192.95,2021,1079296,1204.73697912,0.7170435190200806,5260,-22.0966166973114,0.019746806,0.2,313.6500270843506,166.62814331054688,-0.004087485419586301,0.149169921875,80.12161254882812,0.0003
,,,,,,,534,528,191.86,2024,1081344,1202.3348219499999,0.9285413026809692,5270,-22.100819635391236,0.009328562,0.2,182.13079051971437,166.73123168945312,0.00048557326663285495,0.19580078125,21.041370391845703,0.0003
,,,,,,,534,529,192.3,2028,1083392,1207.86563619,0.8051496297121048,5280,-22.10223231315613,0.0069085825,0.2,1300.6768142700196,166.9424591064453,0.0013015697913942859,0.17880859375,603.50146484375,0.0003
,,,,,,,534,530,195.19,2032,1085440,1232.1554464899998,0.9341248646378517,5290,-22.10498571395874,0.0074818134,0.2,357.15511054992675,166.9815216064453,-0.0031297727837227285,0.05048828125,110.78697967529297,0.0003
,,,,,,,534,531,194.08,2036,1087488,1219.6558877200002,0.8277056068181992,5300,-22.103542470932005,0.014172589,0.2,193.7398069381714,166.78671264648438,-0.00474673300050199,0.11513671875,32.455116271972656,0.0003
,,,,,,,534,532,195.74,2039,1089536,1233.4293876099998,0.7412212789058685,5310,-22.10035161972046,0.014343668,0.2,735.0222728729248,166.7705535888672,0.011956321483012289,0.415625,237.44906616210938,0.0003
,,,,,,,534,533,195.74,2043,1091584,1237.4929388499997,0.8967109844088554,5320,-22.103337574005128,0.011293505,0.2,412.65610389709474,167.3651580810547,-0.0036595289362594484,0.131298828125,99.14901733398438,0.0003
,,,,,,,534,534,195.74,2047,1093632,1245.71082122,0.9020480513572693,5330,-22.106213092803955,0.02530347,0.2,358.36867446899413,167.2695770263672,-0.00023433854803442956,0.14267578125,102.62845611572266,0.0003
,,,,,,,534,535,195.74,2051,1095680,1242.72024579,0.8946818932890892,5340,-22.097484159469605,0.010176912,0.2,357.4276123046875,167.0802001953125,-0.0009737270826008171,0.18125,111.38630676269531,0.0003
,,,,,,,534,536,195.01,2055,1097728,1246.56518452,0.8090750724077225,5350,-22.098665523529053,0.018082594,0.2,233.5305290222168,167.0554656982422,-0.0004876335442531854,0.23076171875,62.93805694580078,0.0003
,,,,,,,534,537,195.11,2058,1099776,1249.30794632,0.6455289125442505,5360,-22.107047653198244,0.008025961,0.2,1290.1570068359374,167.10362243652344,0.01487549055600539,0.365576171875,392.92144775390625,0.0003
,,,,,,,534,538,194.67,2062,1101824,1253.4422962899998,0.9548698514699936,5370,-22.109181499481203,0.013337284,0.2,487.9739990234375,167.3531036376953,-0.0034169754711911083,0.11201171875,239.84490966796875,0.0003
,,,,,,,534,539,194.67,2066,1103872,1239.40231841,0.8683865368366241,5380,-22.113591957092286,0.011199861,0.2,510.19105834960936,167.42015075683594,-0.00410058475099504,0.102880859375,173.60638427734375,0.0003
,,,,,,,534,540,193.51,2070,1105920,1228.5820578399998,0.8874157518148422,5390,-22.127354383468628,0.016831044,0.2,302.66480140686036,169.27455139160156,-0.002365122945047915,0.170703125,74.18594360351562,0.0003
,,,,,,,534,541,190.04,2074,1107968,1198.32114869,0.7802459597587585,5400,-22.152722358703613,0.013119226,0.2,2259.9810791015625,170.2756805419922,0.01615605613333173,0.411376953125,740.6759643554688,0.0003
,,,,,,,534,542,190.04,2077,1110016,1188.92428909,0.9061596766114235,5410,-22.16302466392517,0.0078892885,0.2,1045.5522079467773,170.3622283935547,-0.004937290656380355,0.0775390625,406.33465576171875,0.0003
,,,,,,,534,543,185.09,2082,1112064,1144.61239241,0.9566142223775387,5420,-22.165630912780763,0.018282376,0.2,201.75965709686278,170.58116149902344,-0.00416648379759863,0.13837890625,51.915771484375,0.0003
,,,,,,,534,544,185.09,2085,1114112,1135.8149360199998,0.9161942228674889,5430,-22.174991512298583,0.09723277,0.2,1000.0718452453614,170.82371520996094,0.08656591495964676,0.682861328125,191.27688598632812,0.0003
,,,,,,,534,545,185.82,2089,1116160,1125.4284555599997,0.9666446000337601,5440,-22.179507350921632,0.032768853,0.2,84.54052295684815,170.22483825683594,-0.0020700958964880558,0.1576171875,19.149568557739258,0.0003
,,,,,,,534,546,184.49,2093,1118208,1097.20021275,0.9374427050352097,5450,-22.180244493484498,0.015537389,0.2,234.4850221633911,170.4135284423828,0.053945273510180414,0.57841796875,22.517032623291016,0.0003
,,,,,,,534,547,184.22,2097,1120256,1076.99561446,0.9042548984289169,5460,-22.19022402763367,0.011742661,0.2,837.6018726348877,170.26951599121094,-0.0021460095536895095,0.110595703125,186.2401885986328,0.0003
,,,,,,,534,548,178.95,2101,1122304,1030.6334400699998,0.8375011533498764,5470,-22.1865647315979,0.011774156,0.2,1404.5576049804688,170.0620880126953,-0.006058344559278339,0.16455078125,371.7549133300781,0.0003
,,,,,,,534,549,181.52,2104,1124352,1052.27647461,0.9364887550473213,5480,-22.186786270141603,0.006456255,0.2,858.0122215270997,169.86729431152344,-0.006544452361413278,0.08056640625,132.64353942871094,0.0003
,,,,,,,534,550,182.48,2108,1126400,1055.4598257100001,0.952215064316988,5490,-22.182686281204223,0.010494944,0.2,618.7325668334961,169.9779510498047,-0.006161129148676991,0.107177734375,251.0584259033203,0.0003
,,,,,,,534,551,182.48,2112,1128448,1061.6615302199998,0.973959993571043,5500,-22.180797624588013,0.008346733,0.2,481.82927322387695,170.22225952148438,-0.006699225353077054,0.0884765625,166.26475524902344,0.0003
,,,,,,,534,552,181.87,2116,1130496,1080.3802682,0.7783021032810211,5510,-22.181790781021117,0.0064400416,0.2,578.8963905334473,170.52955627441406,-0.0034649956913199277,0.096435546875,143.87615966796875,0.0003
,,,,,,,534,553,181.87,2120,1132544,1081.8158622199999,0.9399543888866901,5520,-22.182415533065797,0.009601296,0.2,444.2498405456543,170.39512634277344,-0.004391209900495597,0.0880859375,106.02787780761719,0.0003
,,,,,,,534,554,178.74,2124,1134592,1087.1211009200001,0.9169176742434502,5530,-22.18490719795227,0.013101907,0.2,206.15889511108398,171.39891052246094,-0.00619918926677201,0.15078125,66.65007019042969,0.0003
,,,,,,,534,555,179.45,2128,1136640,1084.56500656,0.8098260313272476,5540,-22.192986965179443,0.012126774,0.2,766.5885841369629,171.80543518066406,0.001219362556003034,0.22978515625,135.75621032714844,0.0003
,,,,,,,534,556,181.07,2131,1138688,1102.0077223900003,0.9719890858978033,5550,-22.196278619766236,0.015952159,0.2,290.2020290374756,171.69190979003906,-0.004275766780483537,0.12158203125,82.91464233398438,0.0003
,,,,,,,534,557,184.64,2135,1140736,1129.75384538,0.7921891063451767,5560,-22.18541865348816,0.00861697,0.2,891.0491050720215,171.70904541015625,0.005016579368384555,0.176953125,217.7684783935547,0.0003
,,,,,,,534,558,183.03,2139,1142784,1121.95274301,0.9470348209142685,5570,-22.183668231964113,0.0064399107,0.2,466.9686340332031,171.61468505859375,-0.004628375015454367,0.072119140625,154.6700439453125,0.0003
,,,,,,,534,559,180.11,2143,1144832,1101.28916477,0.9163414910435677,5580,-22.179068279266357,0.0062297136,0.2,625.9626564025879,172.05169677734375,-0.003515430394327268,0.058837890625,231.88475036621094,0.0003
,,,,,,,533,560,177.73,2147,1146880,1074.0518884,0.9143604561686516,5590,-22.181799459457398,0.008421862,0.2,1364.194627380371,172.41026306152344,-0.004720080108381808,0.14736328125,355.3194274902344,0.0003
,,,,,,,533,561,181.76,2151,1148928,1080.0650586900001,0.8847499191761017,5600,-22.18421893119812,0.009655579,0.2,745.4518901824952,172.51206970214844,-0.0020223186060320587,0.0453125,76.02455139160156,0.0003
,,,,,,,533,562,183.22,2155,1150976,1090.78723035,0.9139501377940178,5610,-22.180750370025635,0.0060133873,0.2,1079.9391967773438,172.5931854248047,-0.004233659961028024,0.063525390625,408.6999816894531,0.0003
,,,,,,,533,563,183.62,2159,1153024,1089.63435717,0.9754175506532192,5620,-22.183603763580322,0.011319942,0.2,61.3570680141449,172.4629669189453,-0.006333624245598912,0.111767578125,14.886724472045898,0.0003
,,,,,,,533,564,181.47,2163,1155072,1084.2746587699999,0.9625804051756859,5630,-22.188669538497926,0.009720564,0.2,273.6411560058594,172.28968811035156,-0.004162058955989778,0.1080078125,76.28386688232422,0.0003
,,,,,,,533,565,181.45,2167,1157120,1088.92723239,0.9715724494308233,5640,-22.18571424484253,0.014957562,0.2,362.2712829589844,172.42539978027344,-0.007869015308097005,0.1220703125,146.35202026367188,0.0003
,,,,,,,533,566,179.79,2170,1159168,1071.3573426399998,0.9137059897184372,5650,-22.187386226654052,0.007868281,0.2,1375.371272277832,172.5679473876953,0.004428562161047011,0.210107421875,551.2579345703125,0.0003
,,,,,,,533,567,182.29,2174,1161216,1104.15448351,0.9373428598046303,5660,-22.18458046913147,0.0057996227,0.2,602.7190776824951,172.3715362548828,-0.004277749790344387,0.04033203125,195.9490966796875,0.0003
,,,,,,,533,568,185.49,2178,1163264,1140.46653088,0.7538646906614304,5670,-22.179130697250365,0.010642759,0.2,728.7197807312011,172.34332275390625,-0.0057894785597454755,0.1005859375,285.0405578613281,0.0003
,,,,,,,533,569,184.43,2182,1165312,1130.23887222,0.979917848482728,5680,-22.187635087966918,0.007982143,0.2,185.0402738571167,172.8791046142578,-0.006828323815716431,0.08671875,49.39379119873047,0.0003
,,,,,,,533,570,187.57,2186,1167360,1158.24259909,0.961728148162365,5690,-22.202690267562865,0.0079869395,0.2,349.9774736404419,173.36558532714844,-0.002739205688703805,0.067529296875,44.53765869140625,0.0003
,,,,,,,534,571,187.57,2189,1169408,1174.8324644499999,0.9621095731854439,5700,-22.212362003326415,0.011446463,0.2,643.252532196045,173.2445068359375,-0.000298212532652542,0.112890625,170.7505645751953,0.0003
,,,,,,,534,572,188.84,2193,1171456,1191.6417429399999,0.9553788267076015,5710,-22.209791660308838,0.010506075,0.2,632.5707801818847,173.38682556152344,0.0018275572394486517,0.1466796875,196.91636657714844,0.0003
,,,,,,,534,573,190.7,2197,1173504,1219.7452410700002,0.8694522678852081,5720,-22.21796598434448,0.012125156,0.2,812.4427223205566,173.160400390625,-0.003532142547192052,0.138330078125,254.1384735107422,0.0003
,,,,,,,534,574,189.8,2201,1175552,1195.95430426,0.8773145377635956,5730,-22.219847536087038,0.0089779785,0.2,712.2902748107911,172.9360809326172,-0.005731565592577681,0.116748046875,194.0697479248047,0.0003
,,,,,,,534,575,192.98,2204,1177600,1232.18898065,0.8121203780174255,5740,-22.215749311447144,0.0071517285,0.2,1746.0547103881836,172.87115478515625,-0.004976785299368203,0.080517578125,970.5210571289062,0.0003
,,,,,,,534,576,192.98,2208,1179648,1240.7168035,0.8850457221269608,5750,-22.214459276199342,0.0075604427,0.2,424.72631378173827,172.6251220703125,-0.004409628268331289,0.0556640625,106.39095306396484,0.0003
,,,,,,,534,577,196.02,2212,1181696,1253.85474042,0.9556164033710957,5760,-22.216618871688844,0.014126032,0.2,254.21781997680665,173.137451171875,-0.004771697253454476,0.106494140625,148.34881591796875,0.0003
,,,,,,,534,578,196.66,2215,1183744,1251.11815432,0.8095433264970779,5770,-22.222821092605592,0.015274381,0.2,483.11414070129393,172.4412384033203,-0.0012033176375553013,0.12255859375,209.02664184570312,0.0003
,,,,,,,534,579,196.66,2219,1185792,1257.5715600899998,0.6939465999603271,5780,-22.207152462005617,0.0072258157,0.2,1031.563429260254,172.4288787841797,-0.0016249067382887005,0.18359375,188.6952362060547,0.0003
,,,,,,,534,580,196.66,2223,1187840,1257.90366677,0.8837062940001488,5790,-22.20684175491333,0.009685923,0.2,461.84877700805663,171.90802001953125,-0.005151879112236202,0.117138671875,229.76466369628906,0.0003
,,,,,,,534,581,195.57,2227,1189888,1237.6200801700002,0.8925773054361343,5800,-22.19127173423767,0.017400045,0.2,289.8381507873535,170.6749725341797,-0.0007086965255439281,0.149365234375,111.51033782958984,0.0003
,,,,,,,534,582,194.21,2230,1191936,1220.9227801099998,0.9270528629422188,5810,-22.1546160697937,0.008789265,0.2,514.9918247222901,170.53919982910156,0.005599286337383091,0.194775390625,271.0951232910156,0.0003
,,,,,,,534,583,196.18,2234,1193984,1238.52236717,0.8553513139486313,5820,-22.15424509048462,0.011644069,0.2,511.3848453521729,170.4080352783203,-0.0012875185697339476,0.07529296875,158.66775512695312,0.0003
,,,,,,,534,584,194.65,2238,1196032,1213.08696069,0.882683277130127,5830,-22.15436186790466,0.0105975075,0.2,829.2983612060547,170.4004669189453,-1.590350875630975e-05,0.164501953125,212.47564697265625,0.0003
,,,,,,,534,585,191.97,2242,1198080,1191.6370224500001,0.9682138860225677,5840,-22.155060911178587,0.009320136,0.2,395.8346519470215,170.64076232910156,-0.0034879402024671434,0.0669921875,117.92996215820312,0.0003
,,,,,,,534,586,191.97,2245,1200128,1184.50331829,0.9762747213244438,5850,-22.159201049804686,0.00832729,0.2,839.347826385498,170.8130340576172,-0.004083876009099185,0.08056640625,268.6083679199219,0.0003
,,,,,,,534,587,190.33,2249,1202176,1189.4895155299998,0.9335913360118866,5860,-22.170367813110353,0.011603636,0.2,803.7453254699707,170.915771484375,-0.0032690439227735625,0.065380859375,268.5344543457031,0.0003
,,,,,,,534,588,187.69,2253,1204224,1180.4816677000001,0.9035327881574631,5870,-22.172125387191773,0.00792644,0.2,757.6139739990234,170.93544006347656,-0.002833642845507711,0.08173828125,232.3372039794922,0.0003
,,,,,,,534,589,184.28,2257,1206272,1156.5250823299998,0.9533432424068451,5880,-22.176586961746217,0.0424186,0.2,797.4139739990235,170.81797790527344,-0.0036752516840351745,0.139990234375,196.4858856201172,0.0003
,,,,,,,534,590,185.37,2261,1208320,1170.53229985,0.9697351735085249,5890,-22.17568383216858,0.008158637,0.2,597.8304431915283,170.8722381591797,-0.0015199672779999673,0.129345703125,154.32907104492188,0.0003
,,,,,,,534,591,183.15,2264,1210368,1156.7527393999999,0.9332944229245186,5900,-22.178239011764525,0.01196436,0.2,551.8259529113769,171.14707946777344,-0.004801712417975068,0.0958984375,278.2373352050781,0.0003
,,,,,,,534,592,183.33,2268,1212416,1163.31562021,0.769895926117897,5910,-22.180260562896727,0.007956539,0.2,3183.9067291259767,171.34307861328125,-0.005790344189153984,0.066796875,1515.1895751953125,0.0003
,,,,,,,534,593,184.86,2272,1214464,1192.0796481800003,0.9070764034986496,5920,-22.187612962722778,0.006718492,0.2,164.81567554473878,171.66697692871094,-0.008870924028451554,0.084130859375,60.2779541015625,0.0003
,,,,,,,534,594,185.66,2276,1216512,1192.2085148899998,0.8875628486275673,5930,-22.19712700843811,0.011187822,0.2,304.1925476074219,172.53282165527344,-0.0032790449913591146,0.104150390625,158.4112091064453,0.0003
,,,,,,,534,595,182.42,2280,1218560,1178.9503464599998,0.9402363300323486,5940,-22.20551824569702,0.009593746,0.2,718.1858001708985,172.64060974121094,-0.00017049135640263559,0.185595703125,242.60897827148438,0.0003
,,,,,,,534,596,184.06,2283,1220608,1170.99747945,0.9260867610573769,5950,-22.202192783355713,0.0053354213,0.2,832.365217590332,172.7332000732422,-0.0031804289668798448,0.078662109375,218.77186584472656,0.0003
,,,,,,,534,597,185.38,2287,1222656,1157.35270971,0.9520208425819874,5960,-22.20071940422058,0.009777103,0.2,240.9883773803711,172.91026306152344,-0.0033114813471911476,0.119140625,114.92259216308594,0.0003
,,,,,,,534,598,187.23,2291,1224704,1168.75744976,0.9706249088048935,5970,-22.20239543914795,0.007571962,0.2,556.4978790283203,173.02503967285156,-0.0035308148828335105,0.109765625,200.78500366210938,0.0003
,,,,,,,534,599,187.23,2295,1226752,1158.29976872,0.9532978534698486,5980,-22.203154611587525,0.0076024514,0.2,521.5344665527343,173.45640563964844,-0.007467467070091516,0.105126953125,250.5732879638672,0.0003
,,,,,,,534,600,189.24,2299,1228800,1163.23042277,0.9786910526454449,5990,-22.20990753173828,0.006528223,0.2,105.4423849105835,173.4646453857422,-0.0007048113504424692,0.111279296875,26.38105010986328,0.0003
,,,,,,,534,601,187.95,2303,1230848,1143.3838079999998,0.9699131119996309,6000,-22.20836114883423,0.010052229,0.2,181.78048095703124,173.67323303222656,-0.0015092443354660645,0.11669921875,22.947755813598633,0.0003
,,,,,,,534,602,186.31,2306,1232896,1122.4452136700002,0.8971016332507133,6010,-22.210649824142457,0.016969664,0.2,710.9785369873047,173.82334899902344,-0.0006670341826975346,0.25390625,156.66041564941406,0.0003
,,,,,,,534,603,188.19,2310,1234944,1127.63038506,0.9818737488240004,6020,-22.216289854049684,0.02055706,0.2,51.510319805145265,172.8035888671875,-0.001058376074070111,0.20751953125,10.321227073669434,0.0003
,,,,,,,534,604,191.43,2314,1236992,1143.77262376,0.9503428712487221,6030,-22.22830696105957,0.031056361,0.2,345.9077487945557,172.91326904296875,0.03162660870002583,0.49541015625,121.95948028564453,0.0003
,,,,,,,534,605,191.43,2317,1239040,1136.9123167,0.9521886743605137,6040,-22.247966909408568,0.039945867,0.2,163.21106252670288,173.58631896972656,0.009204135686741211,0.26259765625,62.0716667175293,0.0003
,,,,,,,534,606,192.5,2321,1241088,1156.59226306,0.9600920118391514,6050,-22.261364889144897,0.01313122,0.2,213.3026433944702,173.8216094970703,-0.0033412919845432045,0.1646484375,63.85197830200195,0.0003
,,,,,,,534,607,195.5,2325,1243136,1171.48302928,0.9466296434402466,6060,-22.255984163284303,0.02636008,0.2,149.53267030715944,174.7881317138672,0.0003840350080281496,0.26982421875,29.51212501525879,0.0003
,,,,,,,534,608,195.5,2328,1245184,1165.91019581,0.9867978543043137,6070,-22.269146299362184,0.025405182,0.2,54.33687553405762,175.85948181152344,0.002099481935147196,0.25029296875,12.940914154052734,0.0003
,,,,,,,534,609,194.16,2332,1247232,1142.8612827799998,0.8673104345798492,6080,-22.28983211517334,0.018396705,0.2,402.6981826782227,176.2696533203125,0.015582360443659127,0.298095703125,149.17295837402344,0.0003
,,,,,,,534,610,197.02,2336,1249280,1168.05562642,0.9578431136906147,6090,-22.2940975189209,0.008730091,0.2,322.7082317352295,176.4346923828125,-0.007591714954469353,0.09208984375,122.42225646972656,0.0003
,,,,,,,534,611,197.02,2340,1251328,1166.08848069,0.9320385605096817,6100,-22.29732241630554,0.0118474215,0.2,178.9843626022339,176.2205352783203,-0.00548406268353574,0.120263671875,103.75662994384766,0.0003
,,,,,,,534,612,198.66,2343,1253376,1176.25143097,0.9773871395736933,6110,-22.29873661994934,0.016867075,0.2,43.03053121566772,177.7220916748047,-0.0023109796864446254,0.1615234375,11.82294750213623,0.0003
,,,,,,,534,613,198.66,2347,1255424,1173.72969743,0.9408803209662437,6120,-22.317091989517213,0.016801748,0.2,192.2180488586426,178.71067810058594,-0.0013687008467968553,0.2470703125,43.55462646484375,0.0003
,,,,,,,534,614,198.66,2351,1257472,1181.43076584,0.9751407615840435,6130,-22.326596593856813,0.0063037756,0.2,304.7131156921387,178.9310302734375,0.00037780923885293304,0.098486328125,164.0274200439453,0.0003
,,,,,,,534,615,197.43,2355,1259520,1178.2389988500001,0.9534043818712234,6140,-22.32793550491333,0.032330453,0.2,49.97000818252563,179.16481018066406,-0.004000081651611254,0.190234375,15.093772888183594,0.0003
,,,,,,,534,616,194.2,2359,1261568,1160.35550246,0.8401818424463272,6150,-22.32844920158386,0.034781687,0.2,1241.3048233032227,179.1816864013672,0.022106334380805493,0.520849609375,605.5552368164062,0.0003
,,,,,,,534,617,194.2,2362,1263616,1163.7459531700001,0.9260618090629578,6160,-22.3284658908844,0.008481183,0.2,612.6965942382812,179.3214111328125,-0.0034578133665490894,0.054248046875,136.7288055419922,0.0003
,,,,,,,534,618,194.2,2366,1265664,1157.58387622,0.9794724825769663,6170,-22.337665700912474,0.017651353,0.2,42.329572677612305,179.89556884765625,-0.004810527455992997,0.18837890625,10.556529998779297,0.0003
,,,,,,,534,619,195.54,2370,1267712,1168.45319465,0.8281529992818832,6180,-22.352339458465575,0.01895482,0.2,341.1961238861084,179.69541931152344,-0.003761642536846921,0.1623046875,128.82211303710938,0.0003
,,,,,,,534,620,194.14,2374,1269760,1153.79657286,0.9114741459488869,6190,-22.344023275375367,0.012700448,0.2,212.1430513381958,179.7872314453125,-0.0057134902919642626,0.096630859375,44.183921813964844,0.0003
,,,,,,,534,621,194.14,2378,1271808,1154.6489022099997,0.9268333911895752,6200,-22.3420494556427,0.0048226747,0.2,373.2309621810913,179.9596405029297,-0.0012465114472433926,0.107080078125,37.473854064941406,0.0003
,,,,,,,534,622,193.15,2381,1273856,1147.7304169300003,0.972769558429718,6210,-22.344064569473268,0.008522332,0.2,52.73037815093994,180.052001953125,-0.008050643239403143,0.096533203125,12.526824951171875,0.0003
,,,,,,,534,623,193.15,2385,1275904,1155.78909061,0.8279431909322739,6220,-22.34473114013672,0.0065437704,0.2,2001.3025268554688,180.02256774902344,-0.0033330706239212303,0.09501953125,594.35888671875,0.0003
,,,,,,,534,624,192.05,2389,1277952,1142.6910165800002,0.9312357977032661,6230,-22.343271827697755,0.008997461,0.2,193.29920711517335,179.99171447753906,-0.004772751656128093,0.0673828125,68.32837677001953,0.0003
,,,,,,,534,625,193.84,2393,1280000,1179.07714242,0.8003319799900055,6240,-22.333289909362794,0.007513689,0.2,1453.6651985168457,179.73878479003906,-0.0011535905534401536,0.101611328125,779.7886962890625,0.0003
,,,,,,,534,626,194.63,2396,1282048,1173.10911021,0.8037828058004379,6250,-22.3256206035614,0.008770408,0.2,606.9349334716796,180.6839599609375,-0.004928966343868524,0.09521484375,257.7396240234375,0.0003
,,,,,,,534,627,189.27,2401,1284096,1176.71145577,0.8140282332897186,6260,-22.31851472854614,0.0076868064,0.2,898.864778137207,180.9920196533203,-0.005615371046587825,0.109765625,418.7650451660156,0.0003
,,,,,,,534,628,184.73,2404,1286144,1170.4759786799998,0.7881045490503311,6270,-22.32263879776001,0.011534028,0.2,360.2971605300903,180.9662322998047,-0.007914199090737383,0.120361328125,118.27754974365234,0.0003
,,,,,,,534,629,186.13,2408,1288192,1191.3187077999999,0.7877640426158905,6280,-22.327971410751342,0.010216722,0.2,712.0056694030761,181.18531799316406,-0.0074438889569137245,0.107080078125,234.31715393066406,0.0003
,,,,,,,534,630,186.13,2412,1290240,1205.7888886,0.9378702454268932,6290,-22.33490147590637,0.0098335575,0.2,705.842189025879,181.55772399902344,-0.0032784422393888233,0.0470703125,235.737060546875,0.0003
,,,,,,,534,631,184.98,2416,1292288,1188.94292346,0.9634915441274643,6300,-22.345504999160767,0.019630808,0.2,60.24903864860535,181.9062957763672,-0.008518417284358292,0.14833984375,16.731246948242188,0.0003
,,,,,,,534,632,185.24,2419,1294336,1190.5646199,0.8839653730392456,6310,-22.346734237670898,0.011971913,0.2,600.6335174560547,182.24017333984375,0.006009995355270803,0.2693359375,153.17027282714844,0.0003
,,,,,,,534,633,187.57,2423,1296384,1212.21185793,0.8645889908075333,6320,-22.350809955596922,0.009611713,0.2,504.4206539154053,182.40802001953125,-0.0036701733130030333,0.133056640625,228.02371215820312,0.0003
,,,,,,,534,634,183.59,2427,1298432,1167.2907821500003,0.9574452415108681,6330,-22.34806056022644,0.031666204,0.2,49.69492554664612,181.5648651123047,-0.0031740083242766557,0.207763671875,14.212488174438477,0.0003
,,,,,,,534,635,183.74,2431,1300480,1172.4053028800001,0.7918052971363068,6340,-22.341437101364136,0.012657603,0.2,1570.2661689758302,181.29298400878906,0.021719753241632132,0.4876953125,403.9573974609375,0.0003
,,,,,,,534,636,186.16,2435,1302528,1179.78649287,0.9134018421173096,6350,-22.34140601158142,0.004323552,0.2,1353.6556198120118,181.3492889404297,-0.0020044773467816413,0.062890625,595.242919921875,0.0003
,,,,,,,534,637,190.91,2438,1304576,1199.2095738599999,0.90424445271492,6360,-22.342776107788087,0.007711006,0.2,466.99678268432615,181.76353454589844,-0.003842954715946689,0.074951171875,262.21929931640625,0.0003
,,,,,,,534,638,192.29,2442,1306624,1189.5150571800002,0.8952307477593422,6370,-22.34619026184082,0.012963211,0.2,618.5050186157226,182.1988525390625,-0.0017269823991227895,0.12021484375,224.8255615234375,0.0003
,,,,,,,534,639,190.63,2446,1308672,1164.44195657,0.7938118129968643,6380,-22.341714525222777,0.00886128,0.2,1887.4743995666504,182.47193908691406,-0.002314097806811333,0.105078125,637.2059936523438,0.0003
,,,,,,,534,640,192.51,2450,1310720,1177.02534489,0.9691869728267193,6390,-22.339128065109254,0.00798316,0.2,89.19585905075073,182.27210998535156,-0.005592880700714886,0.112255859375,18.31377410888672,0.0003
,,,,,,,534,641,190.89,2454,1312768,1165.1679602200002,0.8963364139199257,6400,-22.340202856063843,0.01387785,0.2,538.6114780426026,181.9622039794922,-0.00486720307962969,0.11796875,204.55780029296875,0.0003
,,,,,,,534,642,189.3,2458,1314816,1152.70595374,0.8231930136680603,6410,-22.334509515762328,0.009606306,0.2,1585.8592849731444,181.948974609375,-0.005767105094855651,0.165087890625,368.20220947265625,0.0003
,,,,,,,534,643,190.8,2462,1316864,1166.07453945,0.7988629043102264,6420,-22.336813020706177,0.008050782,0.2,1188.321897125244,182.3084259033203,-0.0040444676531478764,0.074755859375,99.22808074951172,0.0003
,,,,,,,534,644,191.64,2466,1318912,1167.57122465,0.9586685001850128,6430,-22.341670799255372,0.009105714,0.2,266.86943168640136,182.6898956298828,-0.005424055294133723,0.052734375,48.011314392089844,0.0003
,,,,,,,534,645,190.41,2471,1320960,1154.39219438,0.9598040282726288,6440,-22.34439516067505,0.009003424,0.2,351.93114585876464,182.36962890625,-0.0033367147960234435,0.06611328125,133.25836181640625,0.0003
,,,,,,,534,646,189.12,2475,1323008,1126.2217234400002,0.9463992901146412,6450,-22.347362279891968,0.010900392,0.2,437.5031742095947,182.3797607421875,-0.0047512717690551655,0.1294921875,129.43577575683594,0.0003
,,,,,,,534,647,188.77,2479,1325056,1130.65178278,0.6494480967521667,6460,-22.351106929779053,0.0064200656,0.2,2445.7955932617188,182.49334716796875,0.0010217133502010256,0.126416015625,958.582275390625,0.0003
,,,,,,,534,648,185.53,2483,1327104,1126.64093469,0.9703550189733505,6470,-22.356029319763184,0.0067343283,0.2,259.3547435760498,182.4899139404297,-0.006170440540881827,0.09306640625,32.454193115234375,0.0003
,,,,,,,534,649,187.19,2487,1329152,1152.13533261,0.8842666819691658,6480,-22.365232515335084,0.012029255,0.2,1168.2783340454102,182.5408477783203,-0.003725978505099192,0.08271484375,345.81732177734375,0.0003
,,,,,,,534,650,187.74,2491,1331200,1153.43648705,0.9487025365233421,6490,-22.369157361984254,0.0074734027,0.2,556.9397262573242,182.71836853027344,-0.004575220949482173,0.05,192.67938232421875,0.0003
,,,,,,,534,651,187.63,2495,1333248,1154.1212974999999,0.9721628166735172,6500,-22.370846366882326,0.012037679,0.2,213.19055395126344,183.0888671875,-0.007827064173761755,0.10283203125,56.36162567138672,0.0003
,,,,,,,534,652,189.05,2499,1335296,1155.6456333499998,0.9463831149041653,6510,-22.377215909957886,0.008286928,0.2,851.4744651794433,183.42662048339844,-0.005428697547176853,0.09716796875,294.5182800292969,0.0003
,,,,,,,534,653,189.05,2503,1337344,1151.6273429399998,0.9494490139186382,6520,-22.379229259490966,0.006620041,0.2,597.0536861419678,183.6309814453125,-0.0029023892362602054,0.05732421875,293.6024169921875,0.0003
,,,,,,,534,654,189.05,2507,1339392,1155.1785875199998,0.8864493444561958,6530,-22.373193407058714,0.026939848,0.2,216.0624568939209,183.49169921875,-0.002853891788981855,0.184765625,113.1001968383789,0.0003
,,,,,,,533,655,191.98,2512,1341440,1175.5189110800002,0.9452029019594193,6540,-22.356113958358765,0.013777336,0.2,414.3853860855103,183.94435119628906,0.01710425493947696,0.323095703125,79.40330505371094,0.0003
,,,,,,,533,656,193.77,2516,1343488,1192.7859166599999,0.9467768259346485,6550,-22.356984233856203,0.011443313,0.2,362.0993984222412,184.37071228027344,-0.00454290107009001,0.090869140625,153.8621368408203,0.0003
,,,,,,,533,657,197.01,2520,1345536,1234.37809731,0.8165521919727325,6560,-22.363459968566893,0.031089116,0.2,631.5454681396484,184.21925354003906,0.00595861830515787,0.264306640625,212.08705139160156,0.0003
,,,,,,,533,658,195.72,2525,1347584,1209.87247482,0.8138896375894547,6570,-22.36105704307556,0.011298681,0.2,575.1066986083985,183.66119384765625,0.0025834708707407118,0.21044921875,154.53053283691406,0.0003
,,,,,,,533,659,194.68,2529,1349632,1203.56586093,0.9190435335040092,6580,-22.358390474319457,0.015071155,0.2,424.04552841186523,183.4707489013672,-0.0065176400705240665,0.10263671875,116.72872161865234,0.0003
,,,,,,,533,660,197.21,2533,1351680,1214.72434174,0.9495212100446224,6590,-22.3589928150177,0.012118279,0.2,246.46062831878663,183.37779235839844,-0.0015717119764303788,0.0826171875,68.19166564941406,0.0003
,,,,,,,533,661,194.27,2538,1353728,1199.05761686,0.8421718180179596,6600,-22.36118264198303,0.01290972,0.2,781.4502555847168,183.6038360595703,-0.000702536606695503,0.12861328125,294.5386962890625,0.0003
,,,,,,,533,662,191.81,2542,1355776,1185.46446154,0.9574986547231674,6610,-22.3680832862854,0.019238027,0.2,269.1462329864502,183.58897399902344,-0.003290954354451969,0.1384765625,73.9100341796875,0.0003
,,,,,,,533,663,191.81,2547,1357824,1183.86335154,0.9269595220685005,6620,-22.367858171463013,0.011233006,0.2,1124.3754676818849,183.56629943847656,0.006755709723802283,0.2654296875,218.7321319580078,0.0003
,,,,,,,532,664,187.45,2551,1359872,1140.16015081,0.9436234198510647,6630,-22.363697242736816,0.027303658,0.2,187.91862421035768,183.91314697265625,-0.00417732676723972,0.145068359375,56.62785339355469,0.0003
,,,,,,,532,665,186.53,2557,1361920,1128.63682172,0.8819625005126,6640,-22.355742311477663,0.010187768,0.2,1467.4431701660155,184.20054626464844,0.003160814556758851,0.28359375,359.35089111328125,0.0003
,,,,,,,532,666,181.98,2563,1363968,1069.15445131,0.9701217785477638,6650,-22.35508804321289,0.011414083,0.2,520.1370735168457,184.25115966796875,-0.0034212739556096494,0.09638671875,207.286865234375,0.0003
,,,,,,,531,667,180.39,2570,1366016,1044.81354787,0.9603782221674919,6660,-22.35316128730774,0.008931935,0.2,333.14515409469607,184.35755920410156,-0.012719699926674367,0.131494140625,43.23237228393555,0.0003
,,,,,,,531,668,181.43,2575,1368064,1055.0154486200001,0.9815885405987501,6670,-22.359794902801514,0.015214609,0.2,188.14990015029906,184.6114501953125,-0.002685036580078304,0.087158203125,32.10232162475586,0.0003
,,,,,,,530,669,181.43,2582,1370112,1053.30055859,0.9543498903512955,6680,-22.35981616973877,0.01600328,0.2,122.44102582931518,184.54652404785156,-0.005073587939841672,0.099755859375,26.983198165893555,0.0003
,,,,,,,530,670,181.8,2588,1372160,1064.0709848899999,0.9633881598711014,6690,-22.351747369766237,0.016452001,0.2,80.80669660568238,184.38893127441406,0.0020323515695054085,0.227197265625,17.28804588317871,0.0003
,,,,,,,529,671,183.43,2594,1374208,1074.3222549800003,0.9259074628353119,6700,-22.362410926818846,0.009227674,0.2,895.5824676513672,184.3163604736328,0.00972386880312115,0.28349609375,318.5274353027344,0.0003
,,,,,,,529,672,182.86,2600,1376256,1076.38730769,0.9673368334770203,6710,-22.372159719467163,0.024827255,0.2,164.7011727333069,184.74851989746094,-0.004417134568211622,0.098974609375,25.155893325805664,0.0003
,,,,,,,528,673,185.63,2606,1378304,1113.78684705,0.8011311292648315,6720,-22.380904483795167,0.010073915,0.2,2256.885302734375,184.92236328125,0.007347249484155327,0.341748046875,942.3749389648438,0.0003
,,,,,,,528,674,186.55,2613,1380352,1120.64852557,0.9666300155222416,6730,-22.38516311645508,0.013997609,0.2,229.43529529571532,184.5314483642578,-0.0019927916844608264,0.10908203125,106.92765045166016,0.0003
,,,,,,,528,675,188.91,2617,1382400,1141.3222588699998,0.9358827248215675,6740,-22.395284414291382,0.007113871,0.2,401.9781349182129,184.653564453125,0.00572057327372022,0.190283203125,76.07732391357422,0.0003
,,,,,,,528,676,191.31,2621,1384448,1181.18568119,0.8569380342960358,6750,-22.39795341491699,0.005940253,0.2,2080.0261993408203,184.8358612060547,0.0005815215234179049,0.079296875,726.2774047851562,0.0003
,,,,,,,528,677,190.08,2625,1386496,1187.38501063,0.6824504137039185,6760,-22.400017023086548,0.007604204,0.2,1486.3161178588866,184.83551025390625,-0.007417217968031764,0.077001953125,329.9197998046875,0.0003
,,,,,,,528,678,188.92,2629,1388544,1196.3076971599999,0.9466185681521893,6770,-22.401127290725707,0.005441357,0.2,891.2462745666504,184.97010803222656,-0.006559891847427934,0.04541015625,371.966064453125,0.0003
,,,,,,,528,679,191.95,2633,1390592,1223.69564524,0.9634523615241051,6780,-22.40136284828186,0.029794782,0.2,409.44713973999023,185.32972717285156,-0.004435531503986567,0.130859375,126.29426574707031,0.0003
,,,,,,,527,680,189.58,2637,1392640,1209.6728834500002,0.9268451035022736,6790,-22.413490343093873,0.009291019,0.2,698.2744255065918,185.70494079589844,0.019341894146054982,0.310205078125,177.06785583496094,0.0003
,,,,,,,527,681,190.54,2641,1394688,1207.43836755,0.8707184195518494,6800,-22.42375683784485,0.008854548,0.2,1455.7007705688477,185.8922119140625,-0.0064496403792873025,0.0890625,561.9734497070312,0.0003
,,,,,,,527,682,190.98,2645,1396736,1223.03825219,0.9288382083177567,6810,-22.42388548851013,0.009104771,0.2,393.6312259674072,185.66119384765625,-0.004380045243306085,0.060302734375,68.44154357910156,0.0003
,,,,,,,527,683,190.24,2649,1398784,1229.77054079,0.8980644419789314,6820,-22.421428537368776,0.012534123,0.2,429.45434379577637,185.2878875732422,-0.0029014876345172524,0.0744140625,172.66671752929688,0.0003
,,,,,,,527,684,192.0,2653,1400832,1241.7832337399998,0.8801864609122276,6830,-22.41725435256958,0.009402718,0.2,1426.8600006103516,185.2643585205078,-0.0026838519086595626,0.163232421875,865.2733764648438,0.0003
,,,,,,,527,685,192.43,2657,1402880,1250.44263458,0.8793406784534454,6840,-22.42130789756775,0.009346717,0.2,280.0572162628174,185.2890167236328,-0.004961869749240577,0.082421875,149.80746459960938,0.0003
,,,,,,,527,686,194.14,2661,1404928,1259.1478681799997,0.8929287791252136,6850,-22.4210985660553,0.011070695,0.2,270.79354639053344,186.41590881347656,-0.005789579008705914,0.1826171875,147.96966552734375,0.0003
,,,,,,,527,687,195.3,2665,1406976,1235.50807741,0.8564754128456116,6860,-22.411306524276732,0.013509053,0.2,464.8852928161621,187.3858184814453,-0.008018375618848949,0.171435546875,253.10850524902344,0.0003
,,,,,,,527,688,192.89,2668,1409024,1215.2504953199998,0.9718092922121286,6870,-22.41157660484314,0.0066294195,0.2,253.66957778930663,187.8734130859375,-0.002937174990074709,0.05751953125,65.01470184326172,0.0003
,,,,,,,527,689,191.53,2673,1411072,1195.4315599,0.7907780706882477,6880,-22.40801935195923,0.008952939,0.2,1057.106105041504,188.05682373046875,-4.320789594203234e-05,0.106298828125,257.97564697265625,0.0003
,,,,,,,527,690,191.24,2676,1413120,1190.4566991899999,0.922070674598217,6890,-22.412026166915894,0.008614403,0.2,887.3863388061524,188.11207580566406,-0.008796115533914416,0.10537109375,318.01641845703125,0.0003
,,,,,,,527,691,191.24,2680,1415168,1183.9960298899998,0.9736233744770288,6900,-22.419605875015257,0.027246023,0.2,100.2891788482666,188.7040557861328,-0.006987752759596333,0.156298828125,19.748836517333984,0.0003
,,,,,,,527,692,193.57,2684,1417216,1183.3512885599998,0.9296691343188286,6910,-22.440238380432127,0.06709098,0.2,274.4240270614624,188.86354064941406,0.021797518513631077,0.365966796875,114.31932830810547,0.0003
,,,,,,,527,693,193.57,2688,1419264,1197.78064566,0.9709530677646399,6920,-22.442294216156007,0.013127897,0.2,218.43361835479737,189.2225799560547,-0.006034699163865298,0.1255859375,44.003570556640625,0.0003
,,,,,,,527,694,189.97,2693,1421312,1165.9727687,0.8876001909375191,6930,-22.44793243408203,0.008808587,0.2,738.8851341247558,189.3453826904297,-0.0026726279611466452,0.112109375,277.6375732421875,0.0003
,,,,,,,527,695,189.97,2697,1423360,1164.3858256300002,0.9108503088355064,6940,-22.45370020866394,0.011434145,0.2,1427.6805419921875,189.24017333984375,-0.0010597973479889334,0.25146484375,637.2946166992188,0.0003
,,,,,,,527,696,189.39,2700,1425408,1155.6905721499998,0.9097912684082985,6950,-22.456532430648803,0.009021152,0.2,306.83146343231203,189.74822998046875,-0.004621472931466997,0.096533203125,65.38317108154297,0.0003
,,,,,,,527,697,187.17,2704,1427456,1148.4422846900002,0.918001338839531,6960,-22.462235498428345,0.0053507024,0.2,608.4356010437011,189.8160400390625,-0.0041639363276772205,0.06015625,181.32618713378906,0.0003
,,,,,,,527,698,190.86,2708,1429504,1182.6876908299998,0.9550116024911404,6970,-22.463720941543578,0.008144022,0.2,712.8371849060059,189.9822540283203,-0.004577396446256899,0.07412109375,332.6787414550781,0.0003
,,,,,,,527,699,190.86,2713,1431552,1176.92176884,0.9499129578471184,6980,-22.467400455474852,0.009416506,0.2,525.9145614624024,190.0637664794922,-0.002486965514253825,0.05126953125,159.55470275878906,0.0003
,,,,,,,527,700,190.61,2717,1433600,1186.3318791299998,0.9124376326799393,6990,-22.464985132217407,0.014212263,0.2,227.64257755279542,189.84954833984375,-0.0013412024534773081,0.10732421875,91.36290740966797,0.0003
,,,,,,,527,701,189.48,2721,1435648,1180.4690861499998,0.8521565198898315,7000,-22.460128498077392,0.0069289627,0.2,1795.424479675293,189.48292541503906,0.009221300575882196,0.284423828125,436.8224182128906,0.0003
,,,,,,,527,702,189.48,2725,1437696,1168.9853526299999,0.9354760572314262,7010,-22.45850214958191,0.009558316,0.2,591.6019279479981,189.7721405029297,-0.003936161365709267,0.087060546875,205.63035583496094,0.0003
,,,,,,,527,703,189.4,2729,1439744,1168.21700352,0.8906888142228127,7020,-22.453960990905763,0.017014975,0.2,181.25782451629638,189.06402587890625,-0.0058375202963361515,0.1259765625,39.148738861083984,0.0003
,,,,,,,527,704,189.16,2733,1441792,1151.4392923399996,0.8052769750356674,7030,-22.42924313545227,0.048832994,0.2,1088.2232833862304,188.6769561767578,0.047280328266788275,0.600341796875,396.48602294921875,0.0003
,,,,,,,527,705,189.02,2737,1443840,1138.59534962,0.9645556919276714,7040,-22.42776656150818,0.0112178605,0.2,373.5706367492676,188.5863800048828,-0.006345189415151253,0.098095703125,169.36978149414062,0.0003
,,,,,,,527,706,188.87,2742,1445888,1144.8832084,0.9483373612165451,7050,-22.425611782073975,0.00888761,0.2,727.6511428833007,188.5389862060547,-0.007326225435826927,0.078466796875,273.6877136230469,0.0003
,,,,,,,527,707,188.21,2746,1447936,1139.48513751,0.8059662580490112,7060,-22.42312960624695,0.005480768,0.2,1335.8168670654297,188.68128967285156,-0.005298397823935375,0.066015625,658.6497802734375,0.0003
,,,,,,,527,708,185.05,2750,1449984,1118.5517323,0.7702909111976624,7070,-22.42670955657959,0.0089052655,0.2,2820.566198730469,188.87548828125,-0.006833304942119867,0.0919921875,792.5460815429688,0.0003
,,,,,,,527,709,183.38,2754,1452032,1126.6085535999998,0.8969810530543327,7080,-22.431244325637817,0.010855323,0.2,758.3939636230468,188.79107666015625,-0.005783797160256654,0.090234375,208.146484375,0.0003
,,,,,,,527,710,181.24,2758,1454080,1133.9899819099999,0.9132835194468498,7090,-22.428497552871704,0.024907127,0.2,389.03258781433107,188.39927673339844,3.1276507070288065e-05,0.201708984375,150.98695373535156,0.0003
,,,,,,,527,711,181.2,2762,1456128,1129.7151528099998,0.6032543778419495,7100,-22.424024295806884,0.009268172,0.2,1425.0892215728759,188.50830078125,0.0035616054432466627,0.262158203125,494.29876708984375,0.0003
,,,,,,,526,712,181.57,2767,1458176,1125.12766023,0.9724836256355047,7110,-22.424885702133178,0.012730848,0.2,157.12448177337646,188.651123046875,-0.005658076063264161,0.122265625,54.19815444946289,0.0003
,,,,,,,526,713,182.91,2771,1460224,1158.19777917,0.9562663845717907,7120,-22.432324504852296,0.011812501,0.2,1091.875828552246,188.80848693847656,-0.0029692031399463303,0.093017578125,359.1702880859375,0.0003
,,,,,,,526,714,184.3,2774,1462272,1175.40209558,0.9274397492408752,7130,-22.4341730594635,0.010452062,0.2,1032.6165344238282,189.199462890625,-0.004419210937339812,0.078173828125,368.2270202636719,0.0003
,,,,,,,526,715,185.09,2778,1464320,1165.7397509700002,0.9573141075670719,7140,-22.429737615585328,0.0131473,0.2,533.8464645385742,188.87840270996094,-0.004399109614314512,0.096826171875,118.90868377685547,0.0003
,,,,,,,526,716,183.22,2782,1466368,1162.26796893,0.9609636068344116,7150,-22.423048973083496,0.014358127,0.2,123.45337791442871,188.9406280517578,-0.006131998373894021,0.14169921875,15.04316234588623,0.0003
,,,,,,,526,717,185.43,2786,1468416,1172.61131532,0.9243606775999069,7160,-22.421396350860597,0.086322896,0.2,798.176947402954,189.4290313720703,0.0529874708969146,0.647998046875,124.73974609375,0.0003
,,,,,,,526,718,187.1,2790,1470464,1154.3773116900002,0.804798886179924,7170,-22.423304796218872,0.00540117,0.2,901.3084854125976,189.6478729248047,-0.003708726674085483,0.089404296875,189.88864135742188,0.0003
,,,,,,,526,719,184.4,2794,1472512,1122.27222909,0.9158645942807198,7180,-22.42394366264343,0.009218534,0.2,1195.7172637939452,189.8656463623047,-0.010111782548483461,0.103515625,273.11419677734375,0.0003
,,,,,,,526,720,180.97,2799,1474560,1100.09276769,0.8135396987199783,7190,-22.424426555633545,0.004403497,0.2,1407.779187774658,189.97828674316406,-0.0025316203129477797,0.03095703125,265.8183898925781,0.0003
,,,,,,,526,721,181.17,2802,1476608,1128.27005027,0.9284674897789955,7200,-22.426095962524414,0.004715468,0.2,1388.0469253540039,190.10272216796875,-0.0058375401538796725,0.04814453125,238.0915069580078,0.0003
,,,,,,,526,722,181.17,2806,1478656,1123.8184190900001,0.9611558429896832,7210,-22.426735591888427,0.011614543,0.2,704.3511238098145,190.4044647216797,-0.004448333932668902,0.073828125,209.048828125,0.0003
,,,,,,,526,723,182.08,2810,1480704,1139.23225885,0.9262247234582901,7220,-22.43039765357971,0.0072609913,0.2,272.19194889068604,190.73939514160156,-0.0038902236614376307,0.101416015625,38.979278564453125,0.0003
,,,,,,,526,724,177.68,2814,1482752,1118.84135901,0.9737773854285479,7230,-22.429710483551027,0.008588432,0.2,485.41414108276365,190.82366943359375,-0.0025704426108859478,0.103125,256.63543701171875,0.0003
,,,,,,,526,725,174.96,2819,1484800,1106.22279192,0.9492423348128796,7240,-22.428528356552125,0.007066764,0.2,826.3495391845703,191.0225067138672,-0.004339284548768774,0.07685546875,218.45571899414062,0.0003
,,,,,,,526,726,171.83,2823,1486848,1079.37887169,0.9300461262464523,7250,-22.428819847106933,0.010997818,0.2,1063.4060562133789,190.9873046875,-0.005816367827355862,0.116455078125,303.3388366699219,0.0003
,,,,,,,526,727,173.94,2827,1488896,1093.57648208,0.9790778942406178,7260,-22.428867387771607,0.007844328,0.2,287.68901920318604,191.4310760498047,-0.005390034755691886,0.0759765625,63.88718795776367,0.0003
,,,,,,,526,728,172.46,2831,1490944,1074.24342529,0.9461375139653683,7270,-22.431836986541747,0.010395788,0.2,907.5155387878418,191.8121337890625,-0.0030810364842182025,0.083251953125,420.9310607910156,0.0003
,,,,,,,526,729,174.73,2835,1492992,1070.3900443200002,0.9842542093247175,7280,-22.43341326713562,0.009252365,0.2,199.7117166519165,192.1605224609375,-0.005256342911161482,0.068798828125,39.42055892944336,0.0003
,,,,,,,526,730,174.73,2839,1495040,1080.661625,0.9750270042568445,7290,-22.43907437324524,0.0064464007,0.2,347.9647975921631,192.4165496826172,-0.0033438838232541456,0.060595703125,86.71145629882812,0.0003
,,,,,,,526,731,172.05,2843,1497088,1047.9481571,0.9448893703520298,7300,-22.446374893188477,0.022677148,0.2,331.7297508239746,194.52972412109375,-0.0034523772541433574,0.14169921875,119.35873413085938,0.0003
,,,,,,,526,732,173.39,2847,1499136,1059.93844258,0.9482684098184109,7310,-22.458730125427245,0.012025725,0.2,733.1753547668457,195.37664794921875,-0.006233759416500106,0.19189453125,240.82965087890625,0.0003
,,,,,,,526,733,177.95,2852,1501184,1079.8394624399998,0.8861463740468025,7320,-22.461649084091185,0.020183971,0.2,525.1797950744628,195.76890563964844,0.0006785742822103203,0.119921875,246.61163330078125,0.0003
,,,,,,,526,734,179.98,2856,1503232,1097.0394383899998,0.9446883797645569,7330,-22.466847705841065,0.00953339,0.2,311.8744781494141,196.34910583496094,0.013753515406278893,0.25966796875,63.61991882324219,0.0003
,,,,,,,526,735,183.11,2860,1505280,1126.4196797900001,0.9367410838603973,7340,-22.471270704269408,0.008198053,0.2,788.8231491088867,196.7860565185547,-0.006117855908814818,0.07861328125,248.1269073486328,0.0003
,,,,,,,526,736,185.46,2864,1507328,1146.80993911,0.9478485770523548,7350,-22.47145652770996,0.015117658,0.2,202.152126121521,197.30235290527344,-0.0043781711661722515,0.122998046875,93.00187683105469,0.0003
,,,,,,,526,737,185.62,2868,1509376,1150.7718741400001,0.945770800113678,7360,-22.468412494659425,0.009370426,0.2,410.42964153289796,197.64227294921875,0.00212858997983858,0.19716796875,136.93582153320312,0.0003
,,,,,,,526,738,186.98,2872,1511424,1162.4286376399998,0.8271894156932831,7370,-22.46747989654541,0.010407036,0.2,1384.4084266662599,197.96734619140625,-0.002955495490459725,0.1056640625,280.196533203125,0.0003
,,,,,,,526,739,186.98,2876,1513472,1160.48031269,0.9464230723679066,7380,-22.467713117599487,0.029885612,0.2,250.30530281066893,197.31854248046875,-0.001290340966079384,0.1298828125,89.15955352783203,0.0003
,,,,,,,526,740,187.23,2880,1515520,1173.6922516599998,0.9205033257603645,7390,-22.462526512145995,0.00979414,0.2,682.6259178161621,197.53369140625,0.039326893811812626,0.392822265625,200.62686157226562,0.0003
,,,,,,,526,741,185.77,2884,1517568,1149.97083579,0.9357746317982674,7400,-22.474564409255983,0.009151761,0.2,727.6181495666503,197.8716583251953,-0.0033277619106229393,0.07529296875,206.9695281982422,0.0003
,,,,,,,526,742,188.88,2888,1519616,1181.0774634399997,0.866764709353447,7410,-22.47925443649292,0.008704172,0.2,627.98763961792,198.17649841308594,-0.00481124147772789,0.101318359375,110.58767700195312,0.0003
,,,,,,,526,743,187.05,2892,1521664,1175.25133309,0.8989394530653954,7420,-22.48649091720581,0.01885683,0.2,144.56417274475098,199.8869171142578,-0.0018031701794825495,0.135595703125,28.43964958190918,0.0003
,,,,,,,525,744,185.43,2896,1523712,1155.79998695,0.7706252187490463,7430,-22.49764747619629,0.0109336395,0.2,2732.2897918701174,200.6691436767578,0.0036010166397318242,0.253076171875,1056.525634765625,0.0003
,,,,,,,525,745,186.13,2900,1525760,1148.84548905,0.9638705514371395,7440,-22.501139545440672,0.008451887,0.2,484.701362991333,201.1209716796875,-0.00448479744954966,0.0619140625,77.2912368774414,0.0003
,,,,,,,525,746,189.63,2904,1527808,1173.59650343,0.974081614986062,7450,-22.507172441482545,0.011854213,0.2,426.44146156311035,201.7284393310547,-0.0034311434195842595,0.0796875,81.32054901123047,0.0003
,,,,,,,525,747,185.22,2909,1529856,1138.61621042,0.9716381933540106,7460,-22.510700845718382,0.013194477,0.2,423.50359840393065,202.04547119140625,-0.001912125525996089,0.09423828125,103.29147338867188,0.0003
,,,,,,,525,748,183.48,2913,1531904,1125.0128285,0.7604453712701797,7470,-22.512744760513307,0.0079913195,0.2,2876.9403030395506,202.31414794921875,-0.003120429354021326,0.107421875,1183.324951171875,0.0003
,,,,,,,525,749,184.22,2917,1533952,1115.36387136,0.9335644841194153,7480,-22.515656185150146,0.024929877,0.2,276.34289264678955,202.6540985107422,-0.004235692543443292,0.127099609375,88.7264175415039,0.0003
,,,,,,,525,750,183.94,2921,1536000,1112.95668955,0.9748616553843021,7490,-22.525109434127806,0.010360121,0.2,399.4208381652832,202.5887908935547,-0.003380190236202907,0.13603515625,91.54132843017578,0.0003
,,,,,,,525,751,182.52,2925,1538048,1083.8105983,0.9791103135794401,7500,-22.526914405822755,0.027163412,0.2,97.77350330352783,202.255859375,6.139391916804016e-05,0.159326171875,21.651371002197266,0.0003
,,,,,,,525,752,183.65,2929,1540096,1083.87774599,0.9819350577890873,7510,-22.532205247879027,0.019798221,0.2,72.58003878593445,201.47314453125,-0.00032130489125847816,0.160400390625,12.43232536315918,0.0003
,,,,,,,525,753,185.27,2933,1542144,1112.79546267,0.9704965949058533,7520,-22.5517333984375,0.011538234,0.2,239.0936195373535,201.9121856689453,0.0004001314169727266,0.20126953125,46.72624206542969,0.0003
,,,,,,,525,754,183.34,2937,1544192,1101.75153307,0.7811268121004105,7530,-22.56185393333435,0.019540321,0.2,341.31932373046874,203.0276336669922,-0.003024543833453208,0.161669921875,109.68385314941406,0.0003
,,,,,,,525,755,182.26,2941,1546240,1078.56427788,0.9700406510382891,7540,-22.56196346282959,0.0068394216,0.2,558.4241653442383,203.44386291503906,0.005421788740204647,0.236474609375,114.1249771118164,0.0003
,,,,,,,525,756,186.67,2945,1548288,1104.8500599699998,0.9431564547121525,7550,-22.562277173995973,0.006419392,0.2,434.02466468811036,203.62060546875,-0.0074360160797368735,0.097119140625,67.22278594970703,0.0003
,,,,,,,525,757,185.16,2949,1550336,1092.0949832899998,0.9694528672844172,7560,-22.561829566955566,0.01688526,0.2,131.80674362182617,204.2114715576172,-0.0071797891519963745,0.1220703125,28.154735565185547,0.0003
,,,,,,,525,758,184.32,2953,1552384,1101.9910683199998,0.9550243467092514,7570,-22.561854982376097,0.022373363,0.2,443.03461875915525,204.67320251464844,-0.002343743604433257,0.139599609375,191.78582763671875,0.0003
,,,,,,,525,759,186.06,2957,1554432,1115.6326099,0.7742999941110611,7580,-22.561013412475585,0.01310722,0.2,2037.9444732666016,205.17991638183594,-0.006059138278942555,0.1951171875,432.1070556640625,0.0003
,,,,,,,525,760,184.95,2961,1556480,1127.33485426,0.9320315420627594,7590,-22.570577335357665,0.013809205,0.2,234.12364902496338,206.02183532714844,-0.0038469698803965,0.123046875,59.881492614746094,0.0003
,,,,,,,525,761,184.89,2965,1558528,1121.12254659,0.9417038820683956,7600,-22.568996810913085,0.010582582,0.2,640.0522422790527,206.97802734375,0.006856521905865521,0.25419921875,211.1328887939453,0.0003
,,,,,,,525,762,181.93,2969,1560576,1089.0686153800002,0.9415337555110455,7610,-22.575681924819946,0.007702063,0.2,285.483437538147,207.34814453125,-0.004472542891744524,0.089599609375,61.44972229003906,0.0003
,,,,,,,525,763,184.82,2973,1562624,1114.2851638799998,0.9726618528366089,7620,-22.575265836715698,0.0064183036,0.2,310.3046241760254,207.4195556640625,-0.007993752922629938,0.094091796875,72.31129455566406,0.0003
,,,,,,,525,764,187.17,2977,1564672,1149.6500564199998,0.9623671472072601,7630,-22.573909568786622,0.010936243,0.2,357.58161754608153,207.64707946777344,-0.004749242647085339,0.09013671875,52.810726165771484,0.0003
,,,,,,,525,765,185.67,2981,1566720,1150.39752969,0.9486579336225986,7640,-22.57535219192505,0.012132652,0.2,305.052161026001,208.42864990234375,-0.004198403330519795,0.17763671875,118.67941284179688,0.0003
,,,,,,,525,766,187.46,2985,1568768,1162.8410201899999,0.960540845990181,7650,-22.56917314529419,0.009777479,0.2,284.7265537261963,209.0206756591797,-0.004916438320651651,0.0939453125,63.32033920288086,0.0003
,,,,,,,525,767,190.13,2989,1570816,1179.01452445,0.9474078863859177,7660,-22.5697603225708,0.019049462,0.2,578.7707908630371,209.3483428955078,-0.0028650767402723432,0.132958984375,224.66159057617188,0.0003
,,,,,,,525,768,189.79,2993,1572864,1180.30396073,0.8987923413515091,7670,-22.581524515151976,0.05324046,0.2,75.28065667152404,208.8969268798828,0.006801792318583466,0.256884765625,15.773468017578125,0.0003
,,,,,,,525,769,190.36,2997,1574912,1164.6846923100002,0.9508488513529301,7680,-22.607427501678465,0.018618014,0.2,364.6235889434814,208.86474609375,0.021959980938117952,0.416162109375,157.20611572265625,0.0003
,,,,,,,525,770,190.26,3001,1576960,1166.9937086099999,0.8677971363067627,7690,-22.61480493545532,0.0057646525,0.2,990.6989295959472,208.75872802734375,-0.0012095560319721698,0.1294921875,239.0951690673828,0.0003
,,,,,,,525,771,191.53,3005,1579008,1177.22764706,0.944873470813036,7700,-22.618722105026244,0.009357602,0.2,537.735050201416,209.82659912109375,-0.005386915511917323,0.0978515625,287.41253662109375,0.0003
,,,,,,,525,772,191.53,3009,1581056,1184.12212791,0.965065885335207,7710,-22.631245470047,0.011423697,0.2,254.31429557800294,210.3448028564453,-0.005156795622315258,0.16142578125,67.35202026367188,0.0003
,,,,,,,525,773,185.38,3013,1583104,1141.19987345,0.9487065933644772,7720,-22.62859697341919,0.016322039,0.2,313.22305221557616,210.8214111328125,-0.0016861354815773666,0.12421875,95.33341979980469,0.0003
,,,,,,,525,774,183.64,3017,1585152,1125.93571226,0.7913545668125153,7730,-22.635562038421632,0.015087344,0.2,2541.5998718261717,210.94541931152344,0.011357460427097977,0.39921875,1119.168701171875,0.0003
,,,,,,,525,775,178.98,3021,1587200,1097.7352608699998,0.8602481037378311,7740,-22.637289810180665,0.009628262,0.2,1207.5067779541016,210.99334716796875,-0.005036574561381712,0.1193359375,373.45550537109375,0.0003
,,,,,,,525,776,176.36,3026,1589248,1077.90350526,0.9652621001005173,7750,-22.640305042266846,0.007305432,0.2,485.07738304138184,211.07408142089844,-0.003476612945087254,0.04501953125,139.06796264648438,0.0003
,,,,,,,525,777,177.52,3030,1591296,1089.7723055600002,0.9377898909151554,7760,-22.639959621429444,0.009658292,0.2,474.18749771118166,211.34425354003906,-0.006477691733743995,0.114208984375,193.7770233154297,0.0003
,,,,,,,525,778,173.62,3034,1593344,1078.14699369,0.7027621269226074,7770,-22.638056325912476,0.010037713,0.2,1239.0292129516602,211.3816375732422,-0.0033569313935004176,0.050830078125,546.7769775390625,0.0003
,,,,,,,525,779,175.18,3038,1595392,1085.36675433,0.9763360749930143,7780,-22.63898596763611,0.008808226,0.2,298.292714881897,211.56129455566406,-0.004960229492280632,0.0662109375,65.53256225585938,0.0003
,,,,,,,525,780,175.52,3042,1597440,1091.87726684,0.9609641842544079,7790,-22.648094654083252,0.007336555,0.2,329.06273994445803,211.60472106933594,-0.00019128777785226703,0.085009765625,96.95513153076172,0.0003
,,,,,,,525,781,174.49,3046,1599488,1066.6642363999997,0.9507570154964924,7800,-22.648925590515137,0.008214798,0.2,729.1711082458496,211.6494903564453,-0.005507383728399873,0.080615234375,182.321044921875,0.0003
,,,,,,,525,782,182.08,3050,1601536,1122.5952130399999,0.9776147231459618,7810,-22.648454570770262,0.008238992,0.2,431.1101448059082,211.62709045410156,-0.005340943916235119,0.055908203125,82.3387451171875,0.0003
,,,,,,,525,783,180.58,3054,1603584,1118.5163916299998,0.968393836170435,7820,-22.643780136108397,0.008659589,0.2,471.02544555664065,211.651611328125,-0.003209737630095333,0.126513671875,202.915771484375,0.0003
,,,,,,,525,784,182.53,3058,1605632,1124.4916395499997,0.9545079283416271,7830,-22.644165515899658,0.0073346533,0.2,951.3457382202148,211.76991271972656,-0.0035339628026122226,0.082958984375,265.2192077636719,0.0003
,,,,,,,524,785,184.36,3062,1607680,1138.8246576,0.9774218294769526,7840,-22.645916175842284,0.017379526,0.2,249.3270362854004,212.2883758544922,-0.0009963992633856833,0.127099609375,45.356807708740234,0.0003
,,,,,,,525,786,184.5,3066,1609728,1126.56881634,0.9700405392795801,7850,-22.65374164581299,0.1610682,0.2,843.110317993164,212.5030517578125,0.029621702921576797,0.589599609375,311.7154846191406,0.0003
,,,,,,,524,787,184.64,3070,1611776,1119.76505882,0.9744323454797268,7860,-22.655243396759033,0.015697792,0.2,231.83910064697267,212.79139709472656,-0.005562026443658397,0.1599609375,53.59791564941406,0.0003
,,,,,,,524,788,187.82,3074,1613824,1156.65228219,0.9626134522259235,7870,-22.653877544403077,0.025850764,0.2,276.6843587875366,213.4500274658203,0.004101042106049136,0.18623046875,72.05213928222656,0.0003
,,,,,,,524,789,188.82,3078,1615872,1157.2514530400001,0.9409056417644024,7880,-22.646758365631104,0.029647416,0.2,871.1251693725586,214.1446075439453,0.03574517209199257,0.39990234375,328.7143859863281,0.0003
,,,,,,,524,790,191.03,3082,1617920,1170.6461045699998,0.9635972790420055,7890,-22.654781103134155,0.004301535,0.2,620.4127075195313,214.49818420410156,0.00479777612054022,0.189599609375,263.12921142578125,0.0003
,,,,,,,524,791,191.33,3086,1619968,1159.3465588,0.9394957460463047,7900,-22.658231353759767,0.011758551,0.2,452.7347385406494,214.3013153076172,-0.0022486184141598644,0.0986328125,185.01809692382812,0.0003
,,,,,,,524,792,190.03,3090,1622016,1126.8528957500002,0.9640705734491348,7910,-22.663109016418456,0.008485005,0.2,825.7624076843261,214.29620361328125,-0.0025220527313649654,0.118310546875,263.8230895996094,0.0003
,,,,,,,524,793,194.14,3094,1624064,1167.8858448199999,0.9724578484892845,7920,-22.66469407081604,0.006561014,0.2,225.35042448043822,214.9041290283203,-0.00438648443960119,0.064990234375,33.18655014038086,0.0003
,,,,,,,524,794,194.14,3098,1626112,1166.7907444799998,0.9623394645750523,7930,-22.670633363723756,0.007887734,0.2,303.0630680084229,215.1241455078125,0.00014533483772538602,0.082080078125,85.48114776611328,0.0003
,,,,,,,524,795,194.93,3102,1628160,1188.0660645899998,0.9209488108754158,7940,-22.68348183631897,0.018777868,0.2,316.5158321380615,216.61595153808594,-0.0015791347075719386,0.183544921875,156.34132385253906,0.0003
,,,,,,,524,796,196.8,3107,1630208,1202.3977065799997,0.9704427756369114,7950,-22.714769887924195,0.0077885184,0.2,191.93598470687866,217.54185485839844,-0.004492372926324606,0.119384765625,139.93789672851562,0.0003
,,,,,,,524,797,193.62,3111,1632256,1182.7422886000002,0.9717117063701153,7960,-22.72189564704895,0.0067523713,0.2,197.1835174560547,217.8917999267578,-0.00026423644740134475,0.113525390625,46.17209243774414,0.0003
,,,,,,,524,798,190.91,3115,1634304,1165.18774537,0.907695047557354,7970,-22.72486834526062,0.006301898,0.2,741.8592262268066,218.0388946533203,-0.0057610090618254615,0.0755859375,347.84661865234375,0.0003
,,,,,,,524,799,190.72,3119,1636352,1184.7520378500003,0.8788367807865143,7980,-22.725648975372316,0.0047120536,0.2,1113.1888191223145,218.2058868408203,-0.0038539794448297473,0.043408203125,336.6601257324219,0.0003
,,,,,,,524,800,190.72,3123,1638400,1208.12209193,0.9568598382174969,7990,-22.724358367919923,0.015098734,0.2,285.6617141723633,217.7399139404297,-0.0029156151809729635,0.08974609375,86.06111145019531,0.0003
,,,,,,,524,801,191.3,3127,1640448,1225.74445973,0.9183791875839233,8000,-22.717775678634645,0.015002451,0.2,441.04785575866697,217.70176696777344,0.001644811755977571,0.17294921875,208.08016967773438,0.0003
,,,,,,,524,802,190.15,3131,1642496,1214.39205032,0.9093774706125259,8010,-22.71714243888855,0.008155176,0.2,551.2995098114013,217.80860900878906,-0.0025809909275267273,0.1640625,192.82278442382812,0.0003
,,,,,,,524,803,190.15,3135,1644544,1205.76898514,0.9484330751001835,8020,-22.717345809936525,0.008768864,0.2,758.8780563354492,217.86744689941406,-0.005662512418348342,0.06826171875,62.28568649291992,0.0003
,,,,,,,524,804,188.6,3140,1646592,1182.0990938500001,0.973632013425231,8030,-22.71358871459961,0.0109965,0.2,253.8008834838867,217.23170471191406,-0.0032431214582175016,0.08251953125,95.68688201904297,0.0003
,,,,,,,524,805,187.96,3144,1648640,1175.18783062,0.9819553587585688,8040,-22.70498857498169,0.011946088,0.2,295.40762882232667,216.81263732910156,-0.006726181716658175,0.1607421875,43.6090202331543,0.0003
,,,,,,,524,806,188.33,3148,1650688,1169.35831744,0.9788969065994024,8050,-22.702327060699464,0.013231898,0.2,359.1056251525879,216.3736114501953,-0.00246467204997316,0.17412109375,61.47639846801758,0.0003
,,,,,,,524,807,191.3,3152,1652736,1185.41462527,0.9385456740856171,8060,-22.69850869178772,0.009325394,0.2,555.2270774841309,216.2217559814453,-0.0055472685839049515,0.104443359375,184.7347412109375,0.0003
,,,,,,,524,808,188.44,3156,1654784,1153.6757383200002,0.9230409935116768,8070,-22.69746799468994,0.009445753,0.2,431.1802124023437,216.5101776123047,-0.0044395992415957155,0.07421875,117.37968444824219,0.0003
,,,,,,,524,809,186.69,3160,1656832,1137.4658756099998,0.9012691080570221,8080,-22.697524642944337,0.005345131,0.2,845.721354675293,216.6759033203125,-0.0010857741988729685,0.1068359375,207.76025390625,0.0003
,,,,,,,524,810,187.53,3164,1658880,1149.3847835299998,0.9410008750855923,8090,-22.698173189163207,0.011187944,0.2,538.6705284118652,217.04078674316406,-0.008149366092402488,0.11240234375,248.32974243164062,0.0003
,,,,,,,524,811,187.35,3168,1660928,1157.2923414,0.9028479754924774,8100,-22.697538089752197,0.027193129,0.2,150.78163862228394,217.00335693359375,-0.0032637637574225663,0.195263671875,65.81459045410156,0.0003
,,,,,,,524,812,187.3,3172,1662976,1177.09715778,0.9697120022028685,8110,-22.686208057403565,0.0453356,0.2,298.10867538452146,217.86891174316406,0.013401941675692797,0.344287109375,111.48014068603516,0.0003
,,,,,,,524,813,187.7,3176,1665024,1188.27125161,0.8904989063739777,8120,-22.69596138000488,0.016267136,0.2,502.60781021118163,218.4126739501953,0.019769945577718318,0.3189453125,145.05429077148438,0.0003
,,,,,,,524,814,185.47,3180,1667072,1164.3764836199998,0.955862682312727,8130,-22.69898862838745,0.013230542,0.2,675.1164428710938,218.9042510986328,-0.006220964039675892,0.1033203125,194.8654327392578,0.0003
,,,,,,,524,815,183.59,3184,1669120,1156.7087894699998,0.9383857250213623,8140,-22.700232315063477,0.010730343,0.2,596.4319107055665,219.4039306640625,0.0028658789757173508,0.2423828125,84.5449447631836,0.0003
,,,,,,,524,816,183.81,3188,1671168,1156.94836607,0.9396171979606152,8150,-22.70195574760437,0.009442305,0.2,1762.2444213867188,219.60382080078125,-0.006482381757814437,0.090771484375,695.9473876953125,0.0003
,,,,,,,524,817,187.16,3192,1673216,1195.16800716,0.8852815106511116,8160,-22.705131101608277,0.008425236,0.2,379.7718696594238,219.46160888671875,-0.007517463690601289,0.097314453125,183.70582580566406,0.0003
,,,,,,,524,818,187.61,3196,1675264,1197.14875915,0.9523152261972427,8170,-22.711516237258913,0.0048336512,0.2,1377.4584671020507,219.44407653808594,-0.0006228183454368263,0.022314453125,349.8117980957031,0.0003
,,,,,,,524,819,184.77,3200,1677312,1169.5088993199997,0.9182532429695129,8180,-22.70833706855774,0.010459475,0.2,1187.8749099731444,219.42724609375,-0.0038140117074362935,0.064501953125,486.173828125,0.0003
,,,,,,,524,820,186.1,3204,1679360,1186.42457227,0.9727229066193104,8190,-22.708186054229735,0.0054931846,0.2,601.8146286010742,219.37896728515625,-0.006238955841399729,0.05576171875,162.59718322753906,0.0003
,,,,,,,524,821,186.15,3208,1681408,1190.0917749700002,0.9202748909592628,8200,-22.71280755996704,0.008375507,0.2,577.5432174682617,219.3668212890625,-0.0026496626553125678,0.075,278.4508361816406,0.0003
,,,,,,,524,822,186.66,3212,1683456,1193.53029999,0.9019083380699158,8210,-22.723303842544556,0.013812659,0.2,515.0882034301758,220.18153381347656,-0.003243699518498033,0.127294921875,252.98849487304688,0.0003
,,,,,,,524,823,188.42,3216,1685504,1210.43967928,0.9502953961491585,8220,-22.73404517173767,0.022011112,0.2,787.2214294433594,221.150146484375,0.0006528880796395243,0.12041015625,510.6470031738281,0.0003
,,,,,,,524,824,192.07,3220,1687552,1235.51949047,0.9575980566442013,8230,-22.74472951889038,0.011915339,0.2,379.19411697387693,221.8452911376953,-0.0020484159293118866,0.09638671875,149.9388427734375,0.0003
,,,,,,,524,825,193.8,3224,1689600,1254.70463599,0.9526839219033718,8240,-22.750939273834227,0.027413664,0.2,181.52404193878175,221.47825622558594,0.0010156306903809308,0.205419921875,64.59075164794922,0.0003
,,,,,,,524,826,192.32,3228,1691648,1235.4098821799998,0.8601718842983246,8250,-22.753779935836793,0.7556112,0.2,1620.3148162841796,221.52882385253906,0.09132204649504275,0.769140625,532.7933959960938,0.0003
,,,,,,,524,827,193.62,3232,1693696,1225.0550080399998,0.9242905750870705,8260,-22.760611867904665,0.009690264,0.2,447.63647003173827,222.39488220214844,-0.004092007840517909,0.078271484375,138.7747802734375,0.0003
,,,,,,,523,828,191.93,3236,1695744,1192.19637574,0.9805000144988298,8270,-22.770573377609253,0.011831533,0.2,72.2657470703125,223.04139709472656,-0.004519684074330144,0.1248046875,17.628803253173828,0.0003
,,,,,,,523,829,192.1,3240,1697792,1175.12019906,0.9626212678849697,8280,-22.783378696441652,0.016398424,0.2,387.1858448028564,223.16770935058594,0.009231285279383883,0.325390625,42.60979461669922,0.0003
,,,,,,,523,830,192.1,3244,1699840,1163.6288106499999,0.994307522661984,8290,-22.789496994018556,0.014681546,0.2,52.00108947753906,224.0239715576172,-0.0046573821920901535,0.157666015625,13.5944185256958,0.0003
,,,,,,,523,831,190.58,3248,1701888,1158.30970797,0.7066243886947632,8300,-22.792940521240233,0.036552932,0.2,455.2989418029785,223.806884765625,0.001561515318462625,0.24228515625,247.37855529785156,0.0003
,,,,,,,523,832,188.0,3252,1703936,1143.07348802,0.862827718257904,8310,-22.80231213569641,0.012690017,0.2,437.8877124786377,224.08445739746094,-0.002453789848368615,0.205419921875,189.39016723632812,0.0003
,,,,,,,523,833,185.55,3256,1705984,1118.0840196800002,0.90250114351511,8320,-22.810790014266967,0.01078712,0.2,1027.323036956787,224.36143493652344,-0.0012244863493833691,0.154736328125,371.791748046875,0.0003
,,,,,,,523,834,184.28,3260,1708032,1101.71215428,0.9334032833576202,8330,-22.810165691375733,0.0118453605,0.2,855.2802532196044,224.3456573486328,-0.0030152746534440667,0.07509765625,160.79039001464844,0.0003
,,,,,,,523,835,182.96,3264,1710080,1097.25097513,0.9768146835267544,8340,-22.812301635742188,0.016133621,0.2,227.2616916656494,225.2598114013672,-0.012324875572812744,0.145703125,78.72650909423828,0.0003
,,,,,,,523,836,181.85,3268,1712128,1100.5058230000002,0.876259870827198,8350,-22.824958848953248,0.008285257,0.2,879.3039047241211,226.0252685546875,-0.006150490444269963,0.110302734375,280.6004943847656,0.0003
,,,,,,,523,837,185.03,3272,1714176,1138.41201182,0.7172021865844727,8360,-22.832108402252196,0.009096004,0.2,1828.794729614258,226.03196716308594,-0.0021107509441208095,0.051611328125,547.7802124023438,0.0003
,,,,,,,523,838,184.39,3276,1716224,1150.1441237299998,0.6642636954784393,8370,-22.826546382904052,0.019492153,0.2,305.299308013916,224.9915008544922,-0.0023881215311121196,0.151123046875,67.24711608886719,0.0003
,,,,,,,523,839,183.86,3280,1718272,1149.31591889,0.7401791214942932,8380,-22.818980550765993,0.0041329823,0.2,2411.3370346069337,224.74781799316406,0.0015899834223091602,0.17734375,1181.8580322265625,0.0003
,,,,,,,523,840,185.38,3284,1720320,1145.05462841,0.8930719047784805,8390,-22.818651056289674,0.012205066,0.2,806.9254997253418,224.7758026123047,-0.005963271140353754,0.1052734375,223.86940002441406,0.0003
,,,,,,,523,841,187.31,3288,1722368,1161.65351536,0.9654123075306416,8400,-22.82295503616333,0.1268842,0.2,246.8195831298828,225.7008819580078,0.0002463069482473657,0.21337890625,109.34868621826172,0.0003
,,,,,,,523,842,189.76,3292,1724416,1178.6333277600002,0.9712760467082262,8410,-22.835773038864136,0.014578499,0.2,266.16979560852053,225.94921875,0.005914167850278318,0.23212890625,95.98158264160156,0.0003
,,,,,,,523,843,189.76,3296,1726464,1186.9155378,0.9602164104580879,8420,-22.845659446716308,0.009050993,0.2,254.9070037841797,225.7613067626953,-0.0015972566267009824,0.086669921875,106.14503479003906,0.0003
,,,,,,,523,844,194.91,3300,1728512,1225.4755347300002,0.9559458643198013,8430,-22.84901943206787,0.009477548,0.2,511.13310546875,225.8517303466797,-0.002975102566415444,0.0638671875,143.5351104736328,0.0003
,,,,,,,523,845,194.91,3304,1730560,1216.23435465,0.7282721102237701,8440,-22.851103019714355,0.00814938,0.2,1159.7798835754395,226.32701110839844,0.0043826547218486665,0.2763671875,836.7383422851562,0.0003
,,,,,,,523,846,192.77,3308,1732608,1202.1247139500001,0.9677397795021534,8450,-22.861488819122314,0.009132013,0.2,312.04976348876954,226.4716796875,-0.0037226232758257537,0.060498046875,125.16849517822266,0.0003
,,,,,,,523,847,191.7,3312,1734656,1202.512501,0.9595356620848179,8460,-22.866885471343995,0.010686992,0.2,302.29151763916013,226.68780517578125,-0.002758425526553765,0.1291015625,35.252197265625,0.0003
,,,,,,,523,848,193.9,3316,1736704,1230.3942777,0.945925660431385,8470,-22.87385239601135,0.008066971,0.2,742.7861038208008,226.7110595703125,-0.0025553458166541533,0.069580078125,327.2422180175781,0.0003
,,,,,,,523,849,192.41,3320,1738752,1215.3834511799998,0.8636072725057602,8480,-22.87848014831543,0.010143965,0.2,648.2263076782226,227.2334442138672,-0.004707375587895512,0.078271484375,164.7131805419922,0.0003
,,,,,,,523,850,192.27,3324,1740800,1206.58128173,0.8461348861455917,8490,-22.885062408447265,0.02071915,0.2,1598.1957458496095,227.5226593017578,-0.003220825782045722,0.202294921875,549.5764770507812,0.0003
,,,,,,,523,851,192.27,3328,1742848,1226.4140045899999,0.9729665797203779,8500,-22.879301261901855,0.009956297,0.2,200.54245290756225,227.8900146484375,-0.0016143696091603487,0.126171875,72.37074279785156,0.0003
,,,,,,,523,852,192.27,3332,1744896,1226.09990747,0.7212737500667572,8510,-22.875557374954223,0.014191113,0.2,950.9346069335937,229.11622619628906,-0.0005576293624471873,0.180224609375,322.4513244628906,0.0003
,,,,,,,523,853,191.77,3336,1746944,1224.6315894900001,0.951357576996088,8520,-22.88083086013794,0.010244288,0.2,370.57995834350584,229.19432067871094,-0.00393152057658881,0.10048828125,155.6050262451172,0.0003
,,,,,,,523,854,190.79,3340,1748992,1224.4585799599997,0.9635415263473988,8530,-22.887726545333862,0.017153338,0.2,374.0717060089111,229.2349090576172,-0.000622181489598006,0.179833984375,110.73217010498047,0.0003
,,,,,,,523,855,191.03,3344,1751040,1226.08186486,0.9838526453822851,8540,-22.889840364456177,0.0086379815,0.2,130.99475765228271,229.097900390625,-0.005951937215286307,0.10869140625,28.362640380859375,0.0003
,,,,,,,523,856,192.25,3348,1753088,1228.22889644,0.7790028899908066,8550,-22.891617393493654,0.009665831,0.2,2274.928360748291,229.08787536621094,-0.0032564857217948886,0.13203125,1311.75830078125,0.0003
,,,,,,,523,857,190.69,3352,1755136,1217.2802408300001,0.9788160268217325,8560,-22.891107034683227,0.02138496,0.2,72.89139490127563,228.62159729003906,-0.003941056921030394,0.16181640625,19.99371910095215,0.0003
,,,,,,,523,858,189.75,3356,1757184,1221.3129233400002,0.7835354059934616,8570,-22.891823387145998,0.01391344,0.2,819.0672302246094,228.93626403808594,-0.004992552800104022,0.179541015625,233.95547485351562,0.0003
,,,,,,,523,859,189.01,3360,1759232,1221.5258659400001,0.9303422272205353,8580,-22.890735960006715,0.009281549,0.2,839.7028427124023,229.0743865966797,-0.005693364317994565,0.07373046875,239.18170166015625,0.0003
,,,,,,,523,860,189.01,3364,1761280,1216.63988728,0.9705752450972795,8590,-22.890570735931398,0.015179181,0.2,210.21867332458496,229.4910125732422,-0.005979175888933241,0.138916015625,45.82948684692383,0.0003
,,,,,,,523,861,187.46,3368,1763328,1206.69597317,0.9615119993686676,8600,-22.886997509002686,0.0056883153,0.2,687.0792823791504,229.6187744140625,-0.0027378054044675084,0.09306640625,202.79693603515625,0.0003
,,,,,,,523,862,184.96,3373,1765376,1212.05209394,0.9268490672111511,8610,-22.888581418991087,0.011281581,0.2,586.3721527099609,230.3379669189453,-0.004746849238290452,0.08447265625,198.2281951904297,0.0003
,,,,,,,523,863,186.14,3377,1767424,1225.57467582,0.8638022541999817,8620,-22.903770017623902,0.00869796,0.2,842.6372207641601,230.53407287597656,-0.0041884572128765285,0.11201171875,402.47454833984375,0.0003
,,,,,,,523,864,186.13,3381,1769472,1217.9121693199997,0.9558719731867313,8630,-22.907021284103394,0.014870983,0.2,235.53475666046143,230.88819885253906,-0.0006697856064420193,0.171240234375,34.98577117919922,0.0003
,,,,,,,523,865,186.41,3385,1771520,1219.30998688,0.9488595798611641,8640,-22.905722236633302,0.010250857,0.2,147.85877408981324,231.19366455078125,0.0008042906934861094,0.19794921875,21.038616180419922,0.0003
,,,,,,,523,866,187.97,3389,1773568,1214.78056613,0.9367508739233017,8650,-22.90598282814026,0.015256166,0.2,464.96642265319826,232.0436248779297,-0.0018588327657198533,0.148828125,191.41030883789062,0.0003
,,,,,,,523,867,190.4,3393,1775616,1222.15480724,0.9660625904798508,8660,-22.917465019226075,0.020377534,0.2,147.51533002853392,233.72218322753906,-0.0049402857490349564,0.205908203125,66.98760986328125,0.0003
,,,,,,,523,868,192.57,3397,1777664,1226.7238647300003,0.9386599361896515,8670,-22.940129232406616,0.01918574,0.2,155.8096118927002,233.791015625,-0.0008222534612286836,0.160888671875,49.44136047363281,0.0003
,,,,,,,523,869,192.57,3401,1779712,1227.37443893,0.9768957328051329,8680,-22.95506434440613,0.076275244,0.2,53.7361261844635,232.9872589111328,0.007585430424660445,0.3087890625,15.988458633422852,0.0003
,,,,,,,523,870,192.57,3405,1781760,1233.6515304000002,0.7592000216245651,8690,-22.968850708007814,0.017187197,0.2,460.6994087219238,233.6084747314453,-0.0022675342857837676,0.2177734375,117.91976928710938,0.0003
,,,,,,,523,871,196.66,3409,1783808,1252.9892574,0.854412391781807,8700,-22.97535357475281,0.011196284,0.2,526.3554824829101,234.22889709472656,-0.004825334018096328,0.121142578125,227.31240844726562,0.0003
,,,,,,,523,872,197.26,3412,1785856,1247.55762329,0.860849529504776,8710,-22.97747278213501,0.019006649,0.2,436.06107063293456,234.6270751953125,-0.0039743273780914025,0.12177734375,159.2091827392578,0.0003
,,,,,,,523,873,198.97,3416,1787904,1278.25352128,0.8622450977563858,8720,-22.98092746734619,0.011629375,0.2,300.83886528015137,236.16253662109375,-0.004212218819884583,0.116015625,64.41657257080078,0.0003
,,,,,,,523,874,197.77,3420,1789952,1262.49425485,0.9112991616129875,8730,-22.990344429016112,0.020165775,0.2,477.55288352966306,236.72999572753906,-0.001476869935868308,0.1853515625,190.28829956054688,0.0003
,,,,,,,523,875,197.77,3425,1792000,1257.5458075499998,0.8626638203859329,8740,-22.992836046218873,0.010226138,0.2,869.3818948745727,236.6687469482422,-0.003393964364659041,0.085400390625,212.1405792236328,0.0003
,,,,,,,523,876,196.97,3430,1794048,1256.71607833,0.9317671433091164,8750,-22.995405387878417,0.006416731,0.2,366.47729110717773,237.77191162109375,-0.004566256672842428,0.107275390625,155.8411407470703,0.0003
,,,,,,,522,877,193.5,3434,1796096,1228.88809629,0.8305708765983582,8760,-23.000752115249632,0.0083777085,0.2,2504.4237670898438,238.22154235839844,-0.00020828652777709066,0.171923828125,1129.3104248046875,0.0003
,,,,,,,522,878,193.33,3438,1798144,1214.35757665,0.9077397212386131,8770,-23.00248694419861,0.006008335,0.2,1396.3279586791991,238.46136474609375,-0.0065832222229801115,0.0525390625,331.0830383300781,0.0003
,,,,,,,522,879,189.48,3443,1800192,1178.0558206,0.9155585244297981,8780,-23.005259704589843,0.008621436,0.2,704.8389060974121,238.88841247558594,-0.00211484125466086,0.05634765625,106.24427032470703,0.0003
,,,,,,,522,880,189.48,3447,1802240,1177.16224296,0.8682425767183304,8790,-23.013231372833253,0.009624226,0.2,1620.0879943847656,238.8932647705078,-0.007584587304154411,0.08173828125,416.06317138671875,0.0003
,,,,,,,522,881,188.5,3452,1804288,1166.2988444999999,0.8769760280847549,8800,-23.007875776290895,0.011877399,0.2,557.1155632019043,238.5111541748047,-0.0068998435279354455,0.123388671875,231.89080810546875,0.0003
,,,,,,,522,882,187.05,3456,1806336,1156.5074020200002,0.9722901601344347,8810,-22.998337697982787,0.010266426,0.2,558.1662857055665,238.35400390625,-0.00800423453329131,0.133740234375,264.8985290527344,0.0003
,,,,,,,522,883,185.93,3462,1808384,1145.4180880200001,0.9026249572634697,8820,-22.997571516036988,0.008300253,0.2,1096.5527801513672,238.4317169189453,-0.002316158002940938,0.136279296875,304.9964599609375,0.0003
,,,,,,,522,884,185.93,3467,1810432,1154.85648713,0.8979441076517105,8830,-23.002937364578248,0.009109536,0.2,894.3138465881348,238.38136291503906,-0.008340129756834357,0.07412109375,278.9803771972656,0.0003
,,,,,,,522,885,183.62,3471,1812480,1114.9801971900001,0.9767928253859282,8840,-23.003653860092165,0.01404723,0.2,335.19017295837403,238.8097686767578,-0.006020495505072177,0.096142578125,118.84817504882812,0.0003
,,,,,,,521,886,187.09,3476,1814528,1143.37674755,0.9462777562439442,8850,-23.002909851074218,0.013039043,0.2,761.6647125244141,238.8154754638672,0.01804550167871639,0.3330078125,166.94204711914062,0.0003
,,,,,,,521,887,186.39,3481,1816576,1145.44921117,0.9110993593931198,8860,-23.000102758407593,0.009119142,0.2,208.86080417633056,238.98809814453125,-0.0027231109561398625,0.0912109375,132.2267303466797,0.0003
,,,,,,,521,888,189.42,3485,1818624,1159.56387904,0.9829938523471355,8870,-22.999435663223267,0.008487254,0.2,125.35250682830811,239.4969940185547,-0.000744649811531417,0.134326171875,40.28263473510742,0.0003
,,,,,,,521,889,189.42,3490,1820672,1154.53808992,0.9168106615543365,8880,-23.006083250045776,0.009819865,0.2,538.7945964813232,239.91905212402344,0.0008198407653253525,0.1279296875,169.04833984375,0.0003
,,,,,,,521,890,190.4,3494,1822720,1169.65526999,0.9255888313055038,8890,-23.012903928756714,0.017330248,0.2,313.9286029815674,241.4145965576172,-0.00656097061582841,0.176220703125,90.0867691040039,0.0003
,,,,,,,521,891,189.98,3499,1824768,1168.1303509799998,0.7738400548696518,8900,-23.037847471237182,0.047346257,0.2,337.4615112304688,242.4047393798828,0.0008616963983513415,0.25595703125,271.01544189453125,0.0003
,,,,,,,521,892,191.67,3503,1826816,1170.77832599,0.519769936800003,8910,-23.044178915023803,0.019017948,0.2,1261.9972198486328,242.68418884277344,0.003975140929105692,0.34326171875,378.3440246582031,0.0003
,,,,,,,521,893,193.26,3507,1828864,1184.90462284,0.9801819641143084,8920,-23.041520071029662,0.0067988615,0.2,146.14848766326904,242.6997528076172,-0.004137125291163102,0.05498046875,23.990768432617188,0.0003
,,,,,,,521,894,194.2,3512,1830912,1212.62273738,0.90984957665205,8930,-23.037553215026854,0.009032483,0.2,1051.076675415039,242.3875274658203,0.010098581400234253,0.3322265625,231.3624725341797,0.0003
,,,,,,,521,895,194.2,3516,1832960,1212.1006371400001,0.8791541159152985,8940,-23.040458488464356,0.0074847755,0.2,1651.8100845336915,242.60577392578125,-0.00464375593001023,0.073974609375,400.74493408203125,0.0003
,,,,,,,521,896,192.26,3520,1835008,1196.1040968300001,0.9465429969131947,8950,-23.04729895591736,0.007292324,0.2,387.3827732086182,242.6585693359375,-0.006924016494303941,0.101318359375,169.3538360595703,0.0003
,,,,,,,521,897,193.08,3524,1837056,1206.13551643,0.9273906499147415,8960,-23.050841522216796,0.013333747,0.2,702.3685256958008,243.0106201171875,-0.0052542911987984555,0.133740234375,197.53128051757812,0.0003
,,,,,,,521,898,191.0,3529,1839104,1195.56444527,0.9650410376489162,8970,-23.04410262107849,0.014620993,0.2,343.26356239318847,242.646484375,-0.004695125995203853,0.135791015625,157.3905487060547,0.0003
,,,,,,,521,899,188.15,3533,1841152,1158.5427872500002,0.9328158646821976,8980,-23.028045463562012,0.014726398,0.2,829.8192405700684,243.2236328125,0.007127124164253473,0.28212890625,248.81724548339844,0.0003
,,,,,,,521,900,188.11,3537,1843200,1154.8791427699998,0.9628974385559559,8990,-23.038852500915528,0.009470919,0.2,293.9887447357178,243.5623321533203,-0.005443959694821388,0.104931640625,34.012149810791016,0.0003
,,,,,,,520,901,186.79,3541,1845248,1146.00586475,0.9618566259741783,9000,-23.04362807273865,0.008242421,0.2,470.9550662994385,243.7140655517578,-0.0051808144431561235,0.091064453125,70.67585754394531,0.0003
,,,,,,,520,902,186.99,3546,1847296,1144.51823045,0.9013443663716316,9010,-23.055149221420287,0.006645279,0.2,1323.3555229187011,244.15476989746094,-0.0020577763483743184,0.06025390625,456.1915283203125,0.0003
,,,,,,,520,903,188.6,3550,1849344,1173.50426277,0.9488922581076622,9020,-23.05704779624939,0.014304373,0.2,241.27293720245362,244.32374572753906,-0.0024181390414014458,0.108349609375,37.08525466918945,0.0003
,,,,,,,520,904,187.87,3554,1851392,1156.85781251,0.9440333694219589,9030,-23.055764770507814,0.0062966123,0.2,1183.0979446411134,244.2978973388672,0.0008132734335958957,0.11474609375,392.0903015136719,0.0003
,,,,,,,520,905,188.17,3558,1853440,1155.64773783,0.9697302058339119,9040,-23.05389013290405,0.010450344,0.2,533.8819812774658,243.86468505859375,-0.0013362566649448126,0.0654296875,217.43405151367188,0.0003
,,,,,,,520,906,188.05,3563,1855488,1156.7769319699999,0.957169022411108,9050,-23.051629400253297,0.008479441,0.2,621.1684745788574,243.80999755859375,-0.0042557143664453175,0.0982421875,123.20313262939453,0.0003
,,,,,,,520,907,188.07,3567,1857536,1161.9419342499998,0.8343406170606613,9060,-23.053920316696168,0.011414567,0.2,1354.1156616210938,243.68511962890625,-0.003271925452281721,0.1400390625,626.1093139648438,0.0003
,,,,,,,520,908,191.27,3571,1859584,1191.89631938,0.9172317013144493,9070,-23.05263223648071,0.0091915745,0.2,938.973664855957,243.5521697998047,-0.004417053353972733,0.04853515625,289.79583740234375,0.0003
,,,,,,,520,909,191.33,3575,1861632,1191.79338024,0.8767223656177521,9080,-23.06072940826416,0.046171047,0.2,202.10958042144776,244.3238525390625,0.002427344408351928,0.199951171875,84.36778259277344,0.0003
,,,,,,,520,910,189.41,3579,1863680,1177.9830754799998,0.8549879789352417,9090,-23.079826211929323,0.0135828,0.2,657.7268524169922,244.8146209716797,-0.006215121684363112,0.168701171875,149.66098022460938,0.0003
,,,,,,,520,911,188.93,3583,1865728,1182.8170976899999,0.9637504108250141,9100,-23.07915472984314,0.016879339,0.2,273.6786237716675,243.79437255859375,-0.0072410918364766985,0.123388671875,85.50458526611328,0.0003
,,,,,,,520,912,188.93,3587,1867776,1177.70206263,0.9812481720000505,9110,-23.06663599014282,0.0061524427,0.2,314.56536960601807,243.9425506591797,-0.0028097242815420032,0.090673828125,62.61880111694336,0.0003
,,,,,,,520,913,188.49,3591,1869824,1166.45183086,0.9611921682953835,9120,-23.071002578735353,0.021750472,0.2,660.2497543334961,244.4418487548828,0.001150121190585196,0.11767578125,133.99331665039062,0.0003
,,,,,,,520,914,189.91,3595,1871872,1180.6886287400002,0.965495627373457,9130,-23.07974977493286,0.01084231,0.2,206.0882692337036,245.45155334472656,-0.006459819333394989,0.142236328125,33.461910247802734,0.0003
,,,,,,,520,915,191.12,3599,1873920,1180.9761411299999,0.9668924994766712,9140,-23.088106775283812,0.014672288,0.2,293.46143531799316,245.67193603515625,-0.0019247488467954098,0.119287109375,92.82862854003906,0.0003
,,,,,,,520,916,191.7,3603,1875968,1172.50636269,0.9690679553896189,9150,-23.09326481819153,0.009886933,0.2,359.15085792541504,245.6586151123047,0.0030328932974953205,0.22841796875,108.25218963623047,0.0003
,,,,,,,520,917,191.7,3607,1878016,1184.5755875,0.7883837670087814,9160,-23.094514751434325,0.006804028,0.2,811.9302970886231,246.1846923828125,-0.004316404508426785,0.08740234375,138.7044219970703,0.0003
,,,,,,,520,918,188.39,3611,1880064,1159.2112849199998,0.7858456373214722,9170,-23.094681835174562,0.01008304,0.2,601.3277854919434,246.15196228027344,-0.003178638030658476,0.082080078125,298.19464111328125,0.0003
,,,,,,,520,919,188.38,3616,1882112,1152.21527645,0.9136905074119568,9180,-23.092655754089357,0.005914294,0.2,662.1146545410156,246.12139892578125,-0.0022007278457749635,0.081396484375,182.81202697753906,0.0003
,,,,,,,520,920,188.86,3620,1884160,1149.41160155,0.9346333518624306,9190,-23.089472150802614,0.007836875,0.2,521.0846517562866,246.2191619873047,-0.0035683304304257035,0.0984375,78.30057525634766,0.0003
,,,,,,,520,921,188.86,3624,1886208,1149.55389388,0.9686341620981693,9200,-23.089687728881835,0.0074114306,0.2,294.8102518081665,246.10850524902344,-0.0028872722992673515,0.0697265625,104.81645202636719,0.0003
,,,,,,,520,922,189.11,3628,1888256,1159.0189842,0.957426268607378,9210,-23.080419397354127,0.03269123,0.2,181.82690887451173,246.052978515625,-0.0022409142809920015,0.217919921875,67.75677490234375,0.0003
,,,,,,,520,923,188.64,3632,1890304,1162.2178757899999,0.9124271720647812,9220,-23.075240898132325,0.097910866,0.2,222.86118936538696,246.4562225341797,0.029249201895436273,0.401123046875,21.07035255432129,0.0003
,,,,,,,520,924,185.36,3636,1892352,1144.8276661300001,0.7530480772256851,9230,-23.09261736869812,0.012828138,0.2,1034.8738677978515,246.71067810058594,-0.001187149906763807,0.200537109375,449.9745788574219,0.0003
,,,,,,,520,925,184.8,3641,1894400,1150.94425055,0.8604307323694229,9240,-23.095736074447633,0.006989518,0.2,1852.8972061157226,246.81968688964844,-0.006405237183207646,0.050048828125,587.3623657226562,0.0003
,,,,,,,520,926,182.63,3645,1896448,1117.57822071,0.9538167491555214,9250,-23.09770574569702,0.010947137,0.2,393.6997974395752,247.23899841308594,-0.004196157160913571,0.07705078125,89.2961654663086,0.0003
,,,,,,,520,927,184.28,3649,1898496,1133.1893843699997,0.8969388902187347,9260,-23.107559061050416,0.009703674,0.2,991.6675010681153,247.73974609375,-0.007437048014253378,0.1189453125,184.250244140625,0.0003
,,,,,,,520,928,187.53,3652,1900544,1157.9585513399998,0.9553980231285095,9270,-23.112184858322145,0.0152297765,0.2,567.3887237548828,247.9493408203125,-0.00530287339061033,0.097412109375,261.3935546875,0.0003
,,,,,,,520,929,189.25,3656,1902592,1179.45775664,0.9681911915540695,9280,-23.109768438339234,0.018871926,0.2,96.75772399902344,247.12181091308594,-0.0011959161085542292,0.1087890625,25.383481979370117,0.0003
,,,,,,,520,930,189.25,3660,1904640,1191.45732619,0.9714122209697962,9290,-23.098760080337524,0.009459768,0.2,451.3089195251465,246.63812255859375,-0.0016744805965572596,0.17607421875,170.1931915283203,0.0003
,,,,,,,520,931,185.53,3665,1906688,1174.0626247100001,0.8752495869994164,9300,-23.091732454299926,0.008643435,0.2,760.4502182006836,246.19248962402344,-0.0038572241726797076,0.15634765625,352.22552490234375,0.0003
,,,,,,,520,932,183.72,3669,1908736,1161.11996103,0.834935262799263,9310,-23.092032146453857,0.005984283,0.2,817.0693115234375,245.76385498046875,-0.005100199894513935,0.100732421875,121.34532165527344,0.0003
,,,,,,,520,933,182.35,3673,1910784,1159.25024683,0.9750540181994438,9320,-23.092610311508178,0.011507299,0.2,244.33062133789062,246.0246124267578,-0.007726577314315364,0.07138671875,92.8705825805664,0.0003
,,,,,,,520,934,182.38,3677,1912832,1152.56173679,0.940341416746378,9330,-23.101091718673707,0.005155766,0.2,1054.7723197937012,246.3995819091797,0.00019330012728460133,0.11533203125,201.60250854492188,0.0003
,,,,,,,520,935,182.54,3681,1914880,1166.21964061,0.9666858837008476,9340,-23.10688486099243,0.008831447,0.2,203.28800449371337,247.17161560058594,-0.005651986476732418,0.067724609375,63.05500411987305,0.0003
,,,,,,,520,936,183.58,3685,1916928,1174.41242866,0.9662660881876945,9350,-23.126769828796387,0.0083248075,0.2,322.39552917480466,248.313232421875,-0.003398749837651849,0.082666015625,48.18404006958008,0.0003
,,,,,,,520,937,182.76,3689,1918976,1169.97234324,0.9401962198317051,9360,-23.13890838623047,0.0081379,0.2,943.1440017700195,248.85618591308594,-0.005156217998592183,0.083154296875,383.54266357421875,0.0003
,,,,,,,520,938,181.68,3693,1921024,1162.3647865300002,0.950113732367754,9370,-23.139844369888305,0.0073993118,0.2,386.88220100402833,249.0252227783203,-0.0023115589458029715,0.086669921875,149.19869995117188,0.0003
,,,,,,,520,939,180.11,3697,1923072,1144.1511249,0.9562610685825348,9380,-23.136395072937013,0.006670867,0.2,734.5545791625976,248.964111328125,-0.004810965433716774,0.08037109375,279.27410888671875,0.0003
,,,,,,,520,940,181.44,3702,1925120,1145.8688852999999,0.8944220915436745,9390,-23.125498390197755,0.0061580064,0.2,1077.411897277832,248.9317626953125,-0.0016142544045578688,0.0287109375,350.2179870605469,0.0003
,,,,,,,520,941,182.8,3706,1927168,1145.4348235199998,0.928645446896553,9400,-23.12381229400635,0.012534575,0.2,515.848611831665,249.6653289794922,-0.004593719565309584,0.124072265625,151.8640594482422,0.0003
,,,,,,,520,942,184.94,3709,1929216,1156.0264774299999,0.940280620008707,9410,-23.115620374679565,0.009858261,0.2,989.2347061157227,249.89186096191406,-0.0038304936897475272,0.1197265625,234.788818359375,0.0003
,,,,,,,520,943,186.6,3713,1931264,1174.7389907900001,0.9911019429564476,9420,-23.114065647125244,0.025188485,0.2,45.473720979690555,251.73260498046875,-0.007915192446671427,0.16650390625,10.912739753723145,0.0003
,,,,,,,520,944,188.61,3717,1933312,1187.52749054,0.9665274284780025,9430,-23.105675077438356,0.0133004645,0.2,510.6060525894165,252.395263671875,0.054477327421773226,0.478955078125,188.25303649902344,0.0003
,,,,,,,520,945,189.23,3721,1935360,1185.5244814799998,0.9709772486239672,9440,-23.108425188064576,0.018171735,0.2,73.09943952560425,252.42884826660156,-0.0033061699417885394,0.180224609375,19.858217239379883,0.0003
,,,,,,,520,946,187.39,3725,1937408,1157.4006117200004,0.961217388510704,9450,-23.109451389312746,0.017367616,0.2,350.30631790161135,253.23175048828125,-0.006512119842227548,0.161328125,123.53009796142578,0.0003
,,,,,,,520,947,188.47,3729,1939456,1166.70694284,0.8355307430028915,9460,-23.105475997924806,0.012161596,0.2,1864.182749938965,253.6884765625,0.004864885110873729,0.2689453125,1220.9354248046875,0.0003
,,,,,,,520,948,190.64,3733,1941504,1184.9282573700002,0.9389455392956734,9470,-23.10797986984253,0.0059610903,0.2,275.83380527496337,254.4634246826172,-0.005095293081831187,0.078759765625,116.69792175292969,0.0003
,,,,,,,519,949,189.12,3737,1943552,1166.94940401,0.9664378315210342,9480,-23.111051750183105,0.00947859,0.2,304.85040321350095,254.939208984375,-0.003326534852385521,0.089501953125,132.1553497314453,0.0003
,,,,,,,520,950,193.58,3741,1945600,1182.93262705,0.8801262304186821,9490,-23.112446641922,0.010836601,0.2,571.2850482940673,254.89830017089844,-0.002490384175325744,0.112890625,273.6781311035156,0.0003
,,,,,,,520,951,193.29,3745,1947648,1196.4560383100002,0.9764359071850777,9500,-23.107026958465575,0.018411903,0.2,210.62970027923583,255.47406005859375,-0.005057077115634456,0.1236328125,75.69805908203125,0.0003
,,,,,,,519,952,193.92,3749,1949696,1210.25902058,0.5427121818065643,9510,-23.091858243942262,0.014814221,0.2,1537.4764083862306,256.0024108886719,-0.0022252203896641733,0.287939453125,763.802978515625,0.0003
,,,,,,,519,953,193.92,3753,1951744,1216.36867972,0.7580759674310684,9520,-23.094166946411132,0.011298798,0.2,697.1734252929688,257.0365905761719,-0.005026058413204737,0.107275390625,276.1782531738281,0.0003
,,,,,,,519,954,191.37,3757,1953792,1216.2944556,0.9081544652581215,9530,-23.103510427474976,0.01952542,0.2,431.8817897796631,259.7591247558594,-0.004159209295175969,0.196533203125,164.308837890625,0.0003
,,,,,,,519,955,191.07,3761,1955840,1224.03751383,0.830249235033989,9540,-23.107269859313966,0.0229082,0.2,369.36907081604005,259.412353515625,0.0004444762482307851,0.244189453125,149.40695190429688,0.0003
,,,,,,,519,956,192.29,3765,1957888,1243.33696159,0.9545733220875263,9550,-23.102494287490845,0.029490482,0.2,284.42818183898925,259.3281555175781,-0.005825912405271083,0.217626953125,118.19193267822266,0.0003
,,,,,,,519,957,192.29,3769,1959936,1248.73191417,0.9394870363175869,9560,-23.118342542648314,0.016026609,0.2,371.6662967681885,260.4964294433594,-0.003889974014600739,0.16767578125,108.69530487060547,0.0003
,,,,,,,519,958,192.16,3773,1961984,1244.6231443700003,0.8514136224985123,9570,-23.1290602684021,0.00795484,0.2,639.2058540344239,260.52740478515625,-0.004594104329589755,0.127001953125,337.71868896484375,0.0003
,,,,,,,519,959,188.7,3778,1964032,1241.27419813,0.9556122794747353,9580,-23.131815481185914,0.021656781,0.2,325.0102293014526,261.1755676269531,-0.0027273281011730433,0.117333984375,147.3927001953125,0.0003
,,,,,,,519,960,187.93,3782,1966080,1240.0504026,0.8350025564432144,9590,-23.148552656173706,0.010837553,0.2,740.9616214752198,261.54010009765625,-0.0038309888972435147,0.120947265625,155.74111938476562,0.0003
,,,,,,,519,961,188.98,3786,1968128,1230.85776468,0.916803352534771,9600,-23.14965181350708,0.0059321197,0.2,1609.970378112793,261.48065185546875,-0.002909394627204165,0.049609375,458.4967956542969,0.0003
,,,,,,,519,962,188.98,3790,1970176,1223.4949241099998,0.9520527459681034,9610,-23.1487539768219,0.010520865,0.2,719.7697525024414,261.41375732421875,-0.0027505750069394706,0.0388671875,257.0114440917969,0.0003
,,,,,,,519,963,188.98,3794,1972224,1220.6098473200002,0.8310484886169434,9620,-23.1488205909729,0.007932736,0.2,740.4525901794434,261.3250732421875,-0.007989469671156258,0.118115234375,185.98509216308594,0.0003
,,,,,,,519,964,193.26,3798,1974272,1254.7395558399999,0.9461017549037933,9630,-23.14789237976074,0.011038164,0.2,567.938321685791,261.8518981933594,0.0012650207616388797,0.12861328125,213.41331481933594,0.0003
,,,,,,,519,965,189.9,3802,1976320,1217.33540935,0.9362417683005333,9640,-23.15039587020874,0.01995692,0.2,410.0982622146606,261.98431396484375,-0.0032122484757564963,0.1275390625,138.34652709960938,0.0003
,,,,,,,519,966,189.9,3806,1978368,1219.92315287,0.9682004228234291,9650,-23.153915643692017,0.008112687,0.2,664.6325172424316,262.3544921875,-0.0006733688118401915,0.189990234375,246.4020233154297,0.0003
,,,,,,,519,967,188.19,3810,1980416,1191.96933095,0.9721380546689034,9660,-23.162046098709105,0.012573051,0.2,232.64035835266114,262.15240478515625,-0.005330453283386305,0.09267578125,67.05123138427734,0.0003
,,,,,,,519,968,191.65,3814,1982464,1211.1491393099998,0.9804611057043076,9670,-23.16343641281128,0.016122242,0.2,136.5192165374756,261.6859436035156,-0.0018528189335484057,0.207275390625,24.545053482055664,0.0003
,,,,,,,519,969,191.65,3818,1984512,1208.34924529,0.9372565150260925,9680,-23.171796560287476,0.010769123,0.2,196.88811359405517,262.5486145019531,-0.0068962902296334505,0.129541015625,64.9178695678711,0.0003
,,,,,,,519,970,193.27,3822,1986560,1221.0829292499998,0.9763623885810375,9690,-23.18478183746338,0.038174808,0.2,72.0054178237915,262.92962646484375,-0.0006295715080341324,0.208642578125,19.57584571838379,0.0003
,,,,,,,519,971,191.66,3826,1988608,1214.4800341500002,0.9622055999934673,9700,-23.191375064849854,0.011643862,0.2,176.50178909301758,262.5934143066406,-0.0009957069472875447,0.282861328125,55.281795501708984,0.0003
,,,,,,,519,972,190.86,3830,1990656,1196.1913590000001,0.9732668306678534,9710,-23.183765506744386,0.02055718,0.2,294.53879222869875,262.4087829589844,0.03532287449925207,0.383056640625,44.89832305908203,0.0003
,,,,,,,519,973,189.39,3834,1992704,1174.5750947999998,0.8669790774583817,9720,-23.188409519195556,0.010665208,0.2,1055.6750114440918,262.85455322265625,-0.005368707177694887,0.1521484375,350.1260986328125,0.0003
,,,,,,,519,974,192.76,3838,1994752,1192.91606522,0.8687154650688171,9730,-23.191780281066894,0.0066863573,0.2,744.6430541992188,262.9083251953125,-0.003497249528300017,0.053369140625,241.42808532714844,0.0003
,,,,,,,519,975,192.76,3842,1996800,1206.38643406,0.9582278542220592,9740,-23.195839595794677,0.018235559,0.2,324.73510627746583,263.7466125488281,-0.0017987768340390175,0.1357421875,177.74655151367188,0.0003
,,,,,,,519,976,192.76,3846,1998848,1199.78623921,0.8784376978874207,9750,-23.21101861000061,0.014117567,0.2,542.2614456176758,263.9667663574219,0.00812780784908682,0.238232421875,244.52001953125,0.0003
,,,,,,,519,977,196.12,3850,2000896,1223.46355283,0.9245015904307365,9760,-23.21206464767456,0.012876258,0.2,486.5503269195557,263.9539489746094,-0.002318335755262524,0.13486328125,185.85536193847656,0.0003
